﻿word,letterColor,corrAns,congruent,imageTrain,true_shaps,corrAnsLeft,corrAnsRight,common,experiment,stroop_loop.thisRepN,stroop_loop.thisTrialN,stroop_loop.thisN,stroop_loop.thisIndex,trail_certaninty.thisRepN,trail_certaninty.thisTrialN,trail_certaninty.thisN,trail_certaninty.thisIndex,test_certaincy.thisRepN,test_certaincy.thisTrialN,test_certaincy.thisN,test_certaincy.thisIndex,stroop_text.started,stroop_text.stopped,stroop_anser.keys,stroop_anser.corr,stroop_anser.rt,stroop_anser.started,stroop_anser.stopped,test_fixability_certity.x,test_fixability_certity.y,test_fixability_certity.leftButton,test_fixability_certity.midButton,test_fixability_certity.rightButton,test_fixability_certity.time,test_fixability_certity.clicked_name,test_fixability_certity.started,test_fixability_certity.stopped,test_certainty_anser_currect,test_certainty_mouse.x,test_certainty_mouse.y,test_certainty_mouse.leftButton,test_certainty_mouse.midButton,test_certainty_mouse.rightButton,test_certainty_anser_time,test_certainty_mouse.clicked_name,test_certainty_mouse.started,test_certainty_mouse.stopped,participant,session,date,expName,psychopyVersion,frameRate
אדום,green,x,0,,,,,,,0,0,0,1,,,,,,,,,65.9990802,66.197945,x,1,0.7686678,65.9990802,None,,,,,,,,,,,,,,,,,,,,12,1,2021_Nov_23_0836,untitled_1,2020.2.6,None
ירוק,blue,c,0,,,,,,,0,1,1,3,,,,,,,,,71.4145095,71.6145089,c,1,1.0981232,71.4145095,None,,,,,,,,,,,,,,,,,,,,12,1,2021_Nov_23_0836,untitled_1,2020.2.6,None
כחול,red,z,0,,,,,,,0,2,2,5,,,,,,,,,77.1143989,77.3136043,z,1,0.5517633,77.1143989,None,,,,,,,,,,,,,,,,,,,,12,1,2021_Nov_23_0836,untitled_1,2020.2.6,None
כחול,blue,c,1,,,,,,,0,3,3,4,,,,,,,,,82.2426877,82.4424397,c,1,0.4667582,82.2426877,None,,,,,,,,,,,,,,,,,,,,12,1,2021_Nov_23_0836,untitled_1,2020.2.6,None
אדום,red,z,1,,,,,,,0,4,4,0,,,,,,,,,87.2750034,87.4751144,z,1,0.4133545,87.2750034,None,,,,,,,,,,,,,,,,,,,,12,1,2021_Nov_23_0836,untitled_1,2020.2.6,None
ירוק,green,x,1,,,,,,,0,5,5,2,,,,,,,,,92.2413249,92.4411102,c,0,1.0418392,92.2413249,None,,,,,,,,,,,,,,,,,,,,12,1,2021_Nov_23_0836,untitled_1,2020.2.6,None
ירוק,red,z,0,train_Image_certainty//image2_alemnt2.jpg,2.jpg,two_down_left,three_middle_right,widespread,train_certainty,,,,,0,0,0,1,,,,,104.9232067,105.1228427,z,1,0.4123227,104.9232067,None,0.005555556,0.017592593,1,0,0,2.2489181,polygon,99.520768,None,TRUE,0.756481481,0.073148148,1,0,0,2.1201366,three_middle_right,107.5116879,None,12,1,2021_Nov_23_0836,untitled_1,2020.2.6,None
אדום,blue,c,0,train_Image_certainty//image1_alemnt1.jpg,1.jpg,two_middle_left,one_down_right,widespread,train_certainty,,,,,0,1,1,0,,,,,114.2718923,114.471138,c,1,0.6123827,114.2718923,None,-0.001851852,-0.002777778,1,0,0,0.7301084,polygon,112.0552785,None,TRUE,,,,,,,,117.0046048,None,12,1,2021_Nov_23_0836,untitled_1,2020.2.6,None
ירוק,green,x,1,Image_certainty//image100_alemnt4.jpg,4.jpg,two_down_left,one_middle_right,infrequent,certainty,,,,,,,,,0,0,0,100,129.0865389,129.2864112,c,0,0.8421352,129.0865389,None,0.010185185,0.005555556,1,0,0,2.2341813,polygon,123.493416,None,TRUE,0.381481481,-0.02037037,1,0,0,2.5691129,one_middle_right,131.0294047,None,12,1,2021_Nov_23_0836,untitled_1,2020.2.6,None
אדום,red,z,1,Image_certainty//image195_alemnt10.jpg,10.jpg,one_down_left,two_middle_right,widespread,certainty,,,,,,,,,0,1,1,195,136.7851988,136.9854331,z,1,0.606417,136.7851988,None,0,0.00462963,1,0,0,1.2647503,polygon,134.0189409,None,,,,,,,,,138.478653,147.4704706,12,1,2021_Nov_23_0836,untitled_1,2020.2.6,None
כחול,red,z,0,Image_certainty//image82_alemnt14.jpg,14.jpg,three_middle_left,two_down_right,widespread,certainty,,,,,,,,,0,2,2,82,152.6833637,152.8833983,z,1,0.4603751,152.6833637,None,0.027777778,0.006481481,1,0,0,1.8648433,polygon,147.9837868,None,TRUE,0.736111111,-0.268518519,1,0,0,5.4349882,two_down_right,154.2323566,None,12,1,2021_Nov_23_0836,untitled_1,2020.2.6,None
אדום,red,z,1,Image_certainty//image141_alemnt11.jpg,11.jpg,two_down_left,three_middle_right,widespread,certainty,,,,,,,,,0,3,3,141,164.231815,164.4318125,z,1,0.5377651,164.231815,None,-0.000925926,0.002777778,1,0,0,2.6313521,polygon,160.0986713,None,,,,,,,,,165.8420236,174.8171948,12,1,2021_Nov_23_0836,untitled_1,2020.2.6,None
כחול,blue,c,1,Image_certainty//image104_alemnt3.jpg,3.jpg,three_middle_left,two_down_right,infrequent,certainty,,,,,,,,,0,4,4,104,178.2634272,178.4633459,c,1,0.9297487,178.2634272,None,-0.001851852,0.00462963,1,0,0,1.4148507,polygon,175.347063,None,,,,,,,,,180.2567072,189.2492933,12,1,2021_Nov_23_0836,untitled_1,2020.2.6,None
כחול,red,z,0,Image_certainty//image10_alemnt6.jpg,6.jpg,two_middle_left,three_middle_right,infrequent,certainty,,,,,,,,,0,5,5,10,192.4951041,192.6945304,None,0,,192.4951041,None,-0.001851852,0.009259259,1,0,0,1.2315401,polygon,189.7616647,None,TRUE,0.715740741,0.015740741,1,0,0,8.2744011,three_middle_right,194.7524331,None,12,1,2021_Nov_23_0836,untitled_1,2020.2.6,None
אדום,red,z,1,Image_certainty//image174_alemnt10.jpg,10.jpg,one_down_left,three_middle_right,widespread,certainty,,,,,,,,,0,6,6,174,206.2431294,206.4430171,z,1,0.4459827,206.2431294,None,-0.00462963,0.011111111,1,0,0,1.2827739,polygon,203.4762767,None,TRUE,0.757407407,0.062037037,1,0,0,8.2196265,three_middle_right,207.7679214,None,12,1,2021_Nov_23_0836,untitled_1,2020.2.6,None
כחול,red,z,0,Image_certainty//image52_alemnt13.jpg,13.jpg,one_middle_left,two_middle_right,widespread,certainty,,,,,,,,,0,7,7,52,220.4580759,220.6577932,z,1,0.6672038,220.4580759,None,-0.008333333,0.008333333,1,0,0,1.5455629,polygon,216.4249572,None,TRUE,0.556481481,-0.050925926,1,0,0,6.4395237,two_middle_right,222.2102215,None,12,1,2021_Nov_23_0836,untitled_1,2020.2.6,None
אדום,red,z,1,Image_certainty//image114_alemnt2.jpg,2.jpg,one_middle_left,one_middle_right,infrequent,certainty,,,,,,,,,0,8,8,114,233.1399849,233.3396433,z,1,0.4886709,233.1399849,None,-0.003703704,0.002777778,1,0,0,2.5473412,polygon,229.090064,None,TRUE,0.352777778,-0.057407407,1,0,0,2.1367966,one_middle_right,234.7127406,None,12,1,2021_Nov_23_0836,untitled_1,2020.2.6,None
כחול,blue,c,1,Image_certainty//image167_alemnt8.jpg,8.jpg,two_down_left,one_middle_right,widespread,certainty,,,,,,,,,0,9,9,167,240.0052891,240.2047644,c,1,0.5252958,240.0052891,None,0.001851852,0.011111111,1,0,0,1.2191219,polygon,237.2889666,None,,,,,,,,,241.61854,250.6078174,12,1,2021_Nov_23_0836,untitled_1,2020.2.6,None
כחול,green,x,0,Image_certainty//image5_alemnt2.jpg,2.jpg,two_down_left,two_down_right,infrequent,certainty,,,,,,,,,0,10,10,5,254.3696632,254.5693098,x,1,0.5194267,254.3696632,None,0.003703704,0.007407407,1,0,0,1.7652582,polygon,251.1198402,None,TRUE,0.718518519,-0.215740741,1,0,0,4.5881913,two_down_right,255.9719249,None,12,1,2021_Nov_23_0836,untitled_1,2020.2.6,None
אדום,red,z,1,Image_certainty//image129_alemnt8.jpg,8.jpg,one_middle_left,three_middle_right,widespread,certainty,,,,,,,,,0,11,11,129,265.6689487,265.868634,z,1,0.6306494,265.6689487,None,-0.006481481,0.011111111,1,0,0,1.1163537,polygon,261.0190013,None,TRUE,0.709259259,0.037962963,1,0,0,4.768993,three_middle_right,267.3779741,None,12,1,2021_Nov_23_0836,untitled_1,2020.2.6,None
כחול,green,x,0,Image_certainty//image95_alemnt9.jpg,9.jpg,two_up_left,two_down_right,widespread,certainty,,,,,,,,,0,12,12,95,276.4842519,276.683386,x,1,0.4212893,276.4842519,None,0.008333333,0.012962963,1,0,0,1.2154777,polygon,272.5842657,None,,,,,,,,,277.9822692,286.9703073,12,1,2021_Nov_23_0836,untitled_1,2020.2.6,None
אדום,green,x,0,Image_certainty//image90_alemnt12.jpg,12.jpg,three_middle_left,two_up_right,widespread,certainty,,,,,,,,,0,13,13,90,290.532501,290.7321581,x,1,0.7409139,290.532501,None,0.002777778,0.000925926,1,0,0,1.5476345,polygon,287.482155,None,TRUE,0.536111111,0.221296296,1,0,0,5.4042845,two_up_right,292.3682092,None,12,1,2021_Nov_23_0836,untitled_1,2020.2.6,None
כחול,blue,c,1,Image_certainty//image119_alemnt6.jpg,6.jpg,two_middle_left,one_down_right,infrequent,certainty,,,,,,,,,0,14,14,119,301.2474903,301.4474332,c,1,0.9443968,301.2474903,None,0,0.008333333,1,0,0,1.5620117,polygon,298.1977299,None,TRUE,0.447222222,-0.193518519,1,0,0,4.1212464,one_down_right,303.3014225,None,12,1,2021_Nov_23_0836,untitled_1,2020.2.6,None
כחול,blue,c,1,Image_certainty//image146_alemnt12.jpg,12.jpg,one_up_left,two_middle_right,widespread,certainty,,,,,,,,,0,15,15,146,310.4461378,310.6461748,c,1,0.8545554,310.4461378,None,0.002777778,-0.001851852,1,0,0,1.1011346,polygon,307.846412,None,TRUE,0.559259259,-0.07962963,1,0,0,4.2086453,two_middle_right,312.3718329,None,12,1,2021_Nov_23_0836,untitled_1,2020.2.6,None
אדום,red,z,1,Image_certainty//image150_alemnt13.jpg,13.jpg,one_down_left,two_down_right,widespread,certainty,,,,,,,,,0,16,16,150,319.8951958,320.0950749,z,1,0.4750935,319.8951958,None,-0.000925926,0.002777778,1,0,0,1.3479436,polygon,317.0450244,None,,,,,,,,,321.4639181,330.4473012,12,1,2021_Nov_23_0836,untitled_1,2020.2.6,None
ירוק,red,z,0,Image_certainty//image86_alemnt13.jpg,13.jpg,two_middle_left,one_up_right,widespread,certainty,,,,,,,,,0,17,17,86,334.260054,334.4598682,c,0,0.8228134,334.260054,None,0.002777778,-0.000925926,1,0,0,1.7970806,polygon,330.959771,None,TRUE,0.37037037,0.185185185,1,0,0,3.3046369,one_up_right,336.1681601,None,12,1,2021_Nov_23_0836,untitled_1,2020.2.6,None
ירוק,green,x,1,Image_certainty//image124_alemnt10.jpg,10.jpg,one_up_left,two_middle_right,widespread,certainty,,,,,,,,,0,18,18,124,344.1754141,344.3751131,x,1,0.6896893,344.1754141,None,-0.010185185,0.008333333,1,0,0,1.3476084,polygon,339.9087563,None,TRUE,0.596296296,-0.065740741,1,0,0,2.2549849,two_middle_right,345.963606,None,12,1,2021_Nov_23_0836,untitled_1,2020.2.6,None
ירוק,green,x,1,Image_certainty//image109_alemnt5.jpg,5.jpg,one_down_left,two_middle_right,infrequent,certainty,,,,,,,,,0,19,19,109,351.10788,351.307629,x,1,0.7623609,351.10788,None,-0.000925926,0.016666667,1,0,0,0.9642628,polygon,348.6576354,None,TRUE,0.574074074,-0.047222222,1,0,0,3.1207403,two_middle_right,352.9516996,None,12,1,2021_Nov_23_0836,untitled_1,2020.2.6,None
ירוק,red,z,0,Image_certainty//image26_alemnt11.jpg,11.jpg,one_middle_left,two_down_right,widespread,certainty,,,,,,,,,0,20,20,26,359.2731098,359.4732209,z,1,0.708242,359.2731098,None,0.001851852,0.009259259,1,0,0,1.2793087,polygon,356.5066092,None,TRUE,0.718518519,-0.27037037,1,0,0,6.6569992,two_down_right,361.0745927,None,12,1,2021_Nov_23_0836,untitled_1,2020.2.6,None
כחול,red,z,0,Image_certainty//image70_alemnt14.jpg,14.jpg,two_down_left,one_middle_right,widespread,certainty,,,,,,,,,0,21,21,70,371.2716376,371.4716524,z,1,0.4154302,371.2716376,None,0.002777778,0.001851852,1,0,0,1.6124435,polygon,368.1719773,None,TRUE,0.403703704,0.001851852,1,0,0,8.037618,one_middle_right,372.7738109,None,12,1,2021_Nov_23_0836,untitled_1,2020.2.6,None
כחול,blue,c,1,Image_certainty//image197_alemnt11.jpg,11.jpg,two_down_left,two_middle_right,widespread,certainty,,,,,,,,,0,22,22,197,386.9698678,387.1696852,x,0,0.5511268,386.9698678,None,-0.010185185,0.007407407,1,0,0,1.1997069,polygon,381.236902,None,TRUE,0.597222222,-0.075,1,0,0,5.2890048,two_middle_right,388.5989613,None,12,1,2021_Nov_23_0836,untitled_1,2020.2.6,None
אדום,red,z,1,Image_certainty//image105_alemnt7.jpg,7.jpg,one_middle_left,one_up_right,infrequent,certainty,,,,,,,,,0,23,23,105,398.1685028,398.3680263,z,1,0.3837708,398.1685028,None,0.00462963,0,1,0,0,2.3336153,polygon,394.3347369,None,TRUE,0.375925926,0.183333333,1,0,0,4.8010408,one_up_right,399.6518027,None,12,1,2021_Nov_23_0836,untitled_1,2020.2.6,None
ירוק,green,x,1,Image_certainty//image193_alemnt12.jpg,12.jpg,three_middle_left,three_middle_right,widespread,certainty,,,,,,,,,0,24,24,193,407.6505041,407.850343,x,1,0.6780521,407.6505041,None,-0.003703704,-0.005555556,1,0,0,1.2647469,polygon,404.8840005,None,TRUE,0.697222222,0.072222222,1,0,0,2.7220068,three_middle_right,409.4169579,None,12,1,2021_Nov_23_0836,untitled_1,2020.2.6,None
ירוק,green,x,1,Image_certainty//image154_alemnt9.jpg,9.jpg,one_middle_left,one_down_right,widespread,certainty,,,,,,,,,0,25,25,154,415.1326582,415.3326038,x,1,0.7394319,415.1326582,None,0.006481481,-0.003703704,1,0,0,1.0472163,polygon,412.5826665,None,FALSE,0.723148148,-0.22037037,1,0,0,6.4869351,two_down_right,416.9738941,None,12,1,2021_Nov_23_0836,untitled_1,2020.2.6,None
כחול,red,z,0,Image_certainty//image76_alemnt14.jpg,14.jpg,three_middle_left,two_middle_right,widespread,certainty,,,,,,,,,0,26,26,76,427.7813562,427.980508,z,1,0.6330366,427.7813562,None,0.001851852,0.003703704,1,0,0,2.3990208,polygon,423.8978898,None,TRUE,0.573148148,-0.044444444,1,0,0,3.8704714,two_middle_right,429.4993368,None,12,1,2021_Nov_23_0836,untitled_1,2020.2.6,None
ירוק,blue,c,0,Image_certainty//image3_alemnt4.jpg,4.jpg,one_middle_left,one_up_right,infrequent,certainty,,,,,,,,,0,27,27,3,437.0467501,437.2465374,c,1,0.6698666,437.0467501,None,-0.005555556,-0.003703704,1,0,0,1.7646353,polygon,433.7965877,None,TRUE,0.334259259,0.151851852,1,0,0,2.7395061,one_up_right,438.8045165,None,12,1,2021_Nov_23_0836,untitled_1,2020.2.6,None
ירוק,green,x,1,Image_certainty//image112_alemnt3.jpg,3.jpg,one_down_left,two_up_right,infrequent,certainty,,,,,,,,,0,28,28,112,444.3291469,444.5285296,x,1,0.4108683,444.3291469,None,-0.003703704,0.00462963,1,0,0,0.8476438,polygon,441.9791093,None,TRUE,0.60462963,0.201851852,1,0,0,4.287585,two_up_right,445.7995854,None,12,1,2021_Nov_23_0836,untitled_1,2020.2.6,None
ירוק,green,x,1,Image_certainty//image172_alemnt8.jpg,8.jpg,two_middle_left,two_down_right,widespread,certainty,,,,,,,,,0,29,29,172,454.5111408,454.710994,x,1,0.5915851,454.5111408,None,0.001851852,-0.003703704,1,0,0,2.4631053,polygon,450.5614074,None,TRUE,0.727777778,-0.202777778,1,0,0,4.572126,two_down_right,456.2020922,None,12,1,2021_Nov_23_0836,untitled_1,2020.2.6,None
ירוק,green,x,1,Image_certainty//image160_alemnt8.jpg,8.jpg,two_down_left,two_up_right,widespread,certainty,,,,,,,,,0,30,30,160,465.4262799,465.6261857,x,1,0.5626494,465.4262799,None,0.009259259,-0.006481481,1,0,0,0.9823462,polygon,461.2095805,None,TRUE,0.601851852,0.202777778,1,0,0,5.7686304,two_up_right,467.054374,None,12,1,2021_Nov_23_0836,untitled_1,2020.2.6,None
כחול,red,z,0,Image_certainty//image16_alemnt4.jpg,4.jpg,one_middle_left,two_up_right,infrequent,certainty,,,,,,,,,0,31,31,16,476.2080903,476.4079551,z,1,0.3829476,476.2080903,None,0.005555556,0.002777778,1,0,0,1.4304796,polygon,473.2749633,None,TRUE,0.574074074,0.224074074,1,0,0,7.7517868,two_up_right,477.6540821,None,12,1,2021_Nov_23_0836,untitled_1,2020.2.6,None
כחול,blue,c,1,Image_certainty//image152_alemnt14.jpg,14.jpg,one_middle_left,one_middle_right,widespread,certainty,,,,,,,,,0,32,32,152,488.4401387,488.6398521,c,1,0.5315788,488.4401387,None,-0.000925926,0.00462963,1,0,0,1.0815279,polygon,485.8565163,None,TRUE,0.408333333,-0.003703704,1,0,0,1.9572456,one_middle_right,490.0564178,None,12,1,2021_Nov_23_0836,untitled_1,2020.2.6,None
כחול,green,x,0,Image_certainty//image41_alemnt12.jpg,12.jpg,two_up_left,one_up_right,widespread,certainty,,,,,,,,,0,33,33,41,495.07264,495.2723411,x,1,0.4672412,495.07264,None,-0.002777778,0.013888889,1,0,0,1.1148331,polygon,492.4560911,None,TRUE,0.337037037,0.203703704,1,0,0,4.4373513,one_up_right,496.6197407,None,12,1,2021_Nov_23_0836,untitled_1,2020.2.6,None
אדום,blue,c,0,Image_certainty//image73_alemnt10.jpg,10.jpg,two_down_left,one_down_right,widespread,certainty,,,,,,,,,0,34,34,73,503.9881123,504.1873518,c,1,0.8941549,503.9881123,None,-0.010185185,-0.000925926,1,0,0,0.9986813,polygon,501.488088,None,,,,,,,,,505.9774674,514.973604,12,1,2021_Nov_23_0836,untitled_1,2020.2.6,None
ירוק,green,x,1,Image_certainty//image121_alemnt12.jpg,12.jpg,two_down_left,three_middle_right,widespread,certainty,,,,,,,,,0,35,35,121,519.4186166,519.6192508,x,1,0.4694772,519.4186166,None,0.008333333,0.009259259,1,0,0,1.2674777,polygon,515.4862302,None,TRUE,0.72037037,0.047222222,1,0,0,4.1204911,three_middle_right,520.9853092,None,12,1,2021_Nov_23_0836,untitled_1,2020.2.6,None
אדום,blue,c,0,Image_certainty//image1_alemnt6.jpg,6.jpg,two_down_left,one_up_right,infrequent,certainty,,,,,,,,,0,36,36,1,528.0851018,528.2844531,c,1,0.6031793,528.0851018,None,-0.005555556,-0.000925926,1,0,0,1.0518503,polygon,525.5347043,None,TRUE,0.35,0.173148148,1,0,0,1.8049731,one_up_right,529.8083705,None,12,1,2021_Nov_23_0836,untitled_1,2020.2.6,None
אדום,red,z,1,Image_certainty//image192_alemnt11.jpg,11.jpg,one_up_left,one_down_right,widespread,certainty,,,,,,,,,0,37,37,192,535.4840575,535.6832096,z,1,0.5770601,535.4840575,None,0.012962963,0.019444444,1,0,0,0.8128188,polygon,532.0341661,None,TRUE,0.446296296,-0.234259259,1,0,0,1.8235104,one_down_right,537.1472504,None,12,1,2021_Nov_23_0836,untitled_1,2020.2.6,None
אדום,green,x,0,Image_certainty//image18_alemnt4.jpg,4.jpg,three_middle_left,one_down_right,infrequent,certainty,,,,,,,,,0,38,38,18,542.1165899,542.316075,x,1,0.628568,542.1165899,None,0.001851852,0.006481481,1,0,0,1.197475,polygon,539.4161249,None,TRUE,,,,,,,,543.8387847,None,12,1,2021_Nov_23_0836,untitled_1,2020.2.6,None
ירוק,green,x,1,Image_certainty//image106_alemnt5.jpg,5.jpg,one_down_left,three_middle_right,infrequent,certainty,,,,,,,,,0,39,39,106,555.4647156,555.6645263,x,1,0.9108825,555.4647156,None,-0.001851852,0.005555556,1,0,0,0.963126,polygon,553.0144693,None,TRUE,0.713888889,0.02962963,1,0,0,6.8551766,three_middle_right,557.4408988,None,12,1,2021_Nov_23_0836,untitled_1,2020.2.6,None
כחול,blue,c,1,Image_certainty//image140_alemnt11.jpg,11.jpg,one_up_left,two_up_right,widespread,certainty,,,,,,,,,0,40,40,140,568.4464727,568.6462076,c,1,0.7103416,568.4464727,None,-0.005555556,0.015740741,1,0,0,1.2150824,polygon,564.7631904,None,TRUE,0.583333333,0.205555556,1,0,0,4.5541235,two_up_right,570.2292475,None,12,1,2021_Nov_23_0836,untitled_1,2020.2.6,None
אדום,blue,c,0,Image_certainty//image7_alemnt7.jpg,7.jpg,one_down_left,one_down_right,infrequent,certainty,,,,,,,,,0,41,41,7,577.8950966,578.0948816,c,1,0.8034452,577.8950966,None,-0.003703704,0.001851852,1,0,0,1.1644423,polygon,575.2285226,None,TRUE,,,,,,,,579.794076,None,12,1,2021_Nov_23_0836,untitled_1,2020.2.6,None
ירוק,blue,c,0,Image_certainty//image33_alemnt13.jpg,13.jpg,three_middle_left,two_middle_right,widespread,certainty,,,,,,,,,0,42,42,33,587.2273058,587.4267573,c,1,0.5153241,587.2273058,None,0.00462963,0.002777778,1,0,0,1.1829097,polygon,584.54355,None,TRUE,0.541666667,-0.064814815,1,0,0,2.6196681,two_middle_right,588.8186413,None,12,1,2021_Nov_23_0836,untitled_1,2020.2.6,None
ירוק,red,z,0,Image_certainty//image68_alemnt14.jpg,14.jpg,one_down_left,two_down_right,widespread,certainty,,,,,,,,,0,43,43,68,595.2263418,595.4260158,z,1,0.5815605,595.2263418,None,0,0,1,0,0,1.8305897,polygon,591.8929887,None,TRUE,0.72962963,-0.227777778,1,0,0,4.8531899,two_down_right,596.8885179,None,12,1,2021_Nov_23_0836,untitled_1,2020.2.6,None
ירוק,red,z,0,Image_certainty//image92_alemnt10.jpg,10.jpg,one_down_left,two_middle_right,widespread,certainty,,,,,,,,,0,44,44,92,604.9915584,605.1912442,z,1,0.7624129,604.9915584,None,0.000925926,-0.003703704,1,0,0,1.2985647,polygon,602.1915166,None,FALSE,0.325925926,-0.080555556,1,0,0,1.8767387,,606.819495,None,12,1,2021_Nov_23_0836,untitled_1,2020.2.6,None
ירוק,blue,c,0,Image_certainty//image9_alemnt2.jpg,2.jpg,one_up_left,two_down_right,infrequent,certainty,,,,,,,,,0,45,45,9,612.2067694,612.4062184,c,1,0.568067,612.2067694,None,0.011111111,0.00462963,1,0,0,1.3299062,polygon,609.3903031,None,TRUE,0.723148148,-0.226851852,1,0,0,3.2687878,two_down_right,613.8652958,None,12,1,2021_Nov_23_0836,untitled_1,2020.2.6,None
אדום,red,z,1,Image_certainty//image135_alemnt12.jpg,12.jpg,two_middle_left,one_middle_right,widespread,certainty,,,,,,,,,0,46,46,135,621.5905752,621.7892396,z,1,0.5202471,621.5905752,None,0.005555556,0.005555556,1,0,0,1.1158252,polygon,617.5727733,None,TRUE,0.384259259,-0.017592593,1,0,0,1.6367539,one_middle_right,623.1978528,None,12,1,2021_Nov_23_0836,untitled_1,2020.2.6,None
כחול,green,x,0,Image_certainty//image11_alemnt7.jpg,7.jpg,two_middle_left,one_middle_right,infrequent,certainty,,,,,,,,,0,47,47,11,629.1387238,629.3383354,x,1,0.759132,629.1387238,None,0.006481481,-0.010185185,1,0,0,0.813229,polygon,625.2718967,None,TRUE,0.391666667,-0.011111111,1,0,0,1.6581455,one_middle_right,630.9971375,None,12,1,2021_Nov_23_0836,untitled_1,2020.2.6,None
אדום,green,x,0,Image_certainty//image36_alemnt10.jpg,10.jpg,three_middle_left,three_middle_right,widespread,certainty,,,,,,,,,0,48,48,36,635.5708919,635.7708053,x,1,0.460339,635.5708919,None,0.003703704,-0.000925926,1,0,0,0.995629,polygon,633.087667,None,TRUE,0.70462963,0.043518519,1,0,0,2.4562169,three_middle_right,637.0959352,None,12,1,2021_Nov_23_0836,untitled_1,2020.2.6,None
ירוק,green,x,1,Image_certainty//image139_alemnt10.jpg,10.jpg,two_up_left,one_middle_right,widespread,certainty,,,,,,,,,0,49,49,139,643.2194957,643.4032216,x,1,0.922433,643.2194957,None,-0.002777778,0,1,0,0,1.6974708,polygon,640.0201213,None,TRUE,0.425,-0.010185185,1,0,0,1.822593,one_middle_right,645.2282082,None,12,1,2021_Nov_23_0836,untitled_1,2020.2.6,None
אדום,blue,c,0,Image_certainty//image97_alemnt8.jpg,8.jpg,one_middle_left,three_middle_right,widespread,certainty,,,,,,,,,0,50,50,97,650.3025292,650.5022982,c,1,0.4791851,650.3025292,None,-0.002777778,0.003703704,1,0,0,1.3142827,polygon,647.4856917,None,TRUE,0.724074074,0.051851852,1,0,0,4.0895935,three_middle_right,651.8368461,None,12,1,2021_Nov_23_0836,untitled_1,2020.2.6,None
ירוק,blue,c,0,Image_certainty//image57_alemnt13.jpg,13.jpg,two_down_left,two_middle_right,widespread,certainty,,,,,,,,,0,51,51,57,660.9509352,661.1508915,c,1,0.7166715,660.9509352,None,0.013888889,0.000925926,1,0,0,3.0649529,polygon,656.3844321,None,TRUE,0.55462963,-0.056481481,1,0,0,3.672788,two_middle_right,662.7587759,None,12,1,2021_Nov_23_0836,untitled_1,2020.2.6,None
ירוק,green,x,1,Image_certainty//image148_alemnt13.jpg,13.jpg,one_middle_left,two_up_right,widespread,certainty,,,,,,,,,0,52,52,148,669.7327454,669.9330004,x,1,0.8997589,669.7327454,None,-0.000925926,0.002777778,1,0,0,1.3688096,polygon,666.8661749,None,TRUE,0.603703704,0.241666667,1,0,0,5.2363688,two_up_right,671.723771,None,12,1,2021_Nov_23_0836,untitled_1,2020.2.6,None
אדום,blue,c,0,Image_certainty//image55_alemnt12.jpg,12.jpg,three_middle_left,one_middle_right,widespread,certainty,,,,,,,,,0,53,53,55,680.581781,680.7811811,c,1,0.4913764,680.581781,None,0,0,1,0,0,1.6997584,polygon,677.3812424,None,TRUE,0.393518519,-0.012962963,1,0,0,3.0074672,one_middle_right,682.161253,None,12,1,2021_Nov_23_0836,untitled_1,2020.2.6,None
אדום,blue,c,0,Image_certainty//image19_alemnt4.jpg,4.jpg,one_middle_left,two_middle_right,infrequent,certainty,,,,,,,,,0,54,54,19,689.4807868,689.6799733,c,1,0.7982808,689.4807868,None,-0.009259259,0.009259259,1,0,0,1.3508788,polygon,685.6142374,None,TRUE,0.557407407,-0.032407407,1,0,0,4.0861425,two_middle_right,691.3530036,None,12,1,2021_Nov_23_0836,untitled_1,2020.2.6,None
אדום,red,z,1,Image_certainty//image177_alemnt11.jpg,11.jpg,two_down_left,three_middle_right,widespread,certainty,,,,,,,,,0,55,55,177,699.07954,699.2792365,z,1,0.6790125,699.07954,None,0.003703704,0.001851852,1,0,0,1.6981513,polygon,695.8792931,None,,,,,,,,,700.8546215,709.848296,12,1,2021_Nov_23_0836,untitled_1,2020.2.6,None
כחול,blue,c,1,Image_certainty//image101_alemnt6.jpg,6.jpg,one_down_left,two_middle_right,infrequent,certainty,,,,,,,,,0,56,56,101,713.1442835,713.3440678,c,1,0.7178654,713.1442835,None,0.00462963,-0.007407407,1,0,0,1.2957686,polygon,710.3610395,None,TRUE,0.551851852,-0.030555556,1,0,0,3.8718264,two_middle_right,714.9420059,None,12,1,2021_Nov_23_0836,untitled_1,2020.2.6,None
אדום,red,z,1,Image_certainty//image168_alemnt10.jpg,10.jpg,two_middle_left,two_down_right,widespread,certainty,,,,,,,,,0,57,57,168,721.7263175,721.9256322,z,1,0.574528,721.7263175,None,0,0.001851852,1,0,0,0.9624894,polygon,719.2765327,None,TRUE,0.723148148,-0.236111111,1,0,0,3.2352991,two_down_right,723.3705649,None,12,1,2021_Nov_23_0836,untitled_1,2020.2.6,None
אדום,red,z,1,Image_certainty//image198_alemnt9.jpg,9.jpg,one_up_left,one_middle_right,widespread,certainty,,,,,,,,,0,58,58,198,730.0587328,730.2584128,z,1,0.3921587,730.0587328,None,0.00462963,0.009259259,1,0,0,1.4972256,polygon,727.0587234,None,TRUE,0.37037037,-0.006481481,1,0,0,3.5528352,one_middle_right,731.5481807,None,12,1,2021_Nov_23_0836,untitled_1,2020.2.6,None
כחול,red,z,0,Image_certainty//image58_alemnt8.jpg,8.jpg,two_middle_left,two_up_right,widespread,certainty,,,,,,,,,0,59,59,58,738.0077588,738.2074051,z,1,0.3492144,738.0077588,None,0,-0.006481481,1,0,0,0.9823161,polygon,735.5245083,None,,,,,,,,,739.4367633,748.4263198,12,1,2021_Nov_23_0836,untitled_1,2020.2.6,None
אדום,blue,c,0,Image_certainty//image37_alemnt13.jpg,13.jpg,two_down_left,one_up_right,widespread,certainty,,,,,,,,,0,60,60,37,753.170631,753.3704558,c,1,0.6629733,753.170631,None,0,0.005555556,1,0,0,2.7479195,polygon,748.9385551,None,TRUE,0.387037037,0.173148148,1,0,0,7.2869057,one_up_right,754.8808197,None,12,1,2021_Nov_23_0836,untitled_1,2020.2.6,None
ירוק,blue,c,0,Image_certainty//image15_alemnt3.jpg,3.jpg,three_middle_left,two_down_right,infrequent,certainty,,,,,,,,,0,61,61,15,766.3366764,766.5363327,c,1,1.0000428,766.3366764,None,0,0.005555556,1,0,0,2.212266,polygon,762.6376152,None,TRUE,0.731481481,-0.214814815,1,0,0,2.8206744,two_down_right,768.3944262,None,12,1,2021_Nov_23_0836,untitled_1,2020.2.6,None
אדום,red,z,1,Image_certainty//image165_alemnt8.jpg,8.jpg,one_middle_left,one_up_right,widespread,certainty,,,,,,,,,0,62,62,165,774.536018,774.7354541,z,1,0.5472857,774.536018,None,0.001851852,0.006481481,1,0,0,1.3658078,polygon,771.6691903,None,TRUE,0.371296296,0.199074074,1,0,0,4.3690948,one_up_right,776.156598,None,12,1,2021_Nov_23_0836,untitled_1,2020.2.6,None
ירוק,green,x,1,Image_certainty//image163_alemnt12.jpg,12.jpg,two_middle_left,three_middle_right,widespread,certainty,,,,,,,,,0,63,63,163,783.7387042,783.9341157,x,1,0.8586475,783.7387042,None,0,-0.002777778,1,0,0,1.2815115,polygon,780.9679594,None,TRUE,,,,,,,,785.6756728,None,12,1,2021_Nov_23_0836,untitled_1,2020.2.6,None
כחול,blue,c,1,Image_certainty//image185_alemnt14.jpg,14.jpg,three_middle_left,three_middle_right,widespread,certainty,,,,,,,,,0,64,64,185,791.8174734,792.0168042,c,1,0.5901222,791.8174734,None,0.00462963,0.00462963,1,0,0,1.1481262,polygon,789.1671537,None,TRUE,0.723148148,0.052777778,1,0,0,3.985304,three_middle_right,793.4982767,None,12,1,2021_Nov_23_0836,untitled_1,2020.2.6,None
ירוק,green,x,1,Image_certainty//image130_alemnt11.jpg,11.jpg,three_middle_left,two_down_right,widespread,certainty,,,,,,,,,0,65,65,130,800.8161674,801.0153322,x,1,0.5090717,800.8161674,None,-0.001851852,0.006481481,1,0,0,1.4154946,polygon,797.9156809,None,TRUE,0.72962963,-0.193518519,1,0,0,8.1700588,two_down_right,802.3734228,None,12,1,2021_Nov_23_0836,untitled_1,2020.2.6,None
ירוק,blue,c,0,Image_certainty//image69_alemnt14.jpg,14.jpg,one_middle_left,two_down_right,widespread,certainty,,,,,,,,,0,66,66,69,813.6478608,813.8476734,c,1,0.5049214,813.6478608,None,0.001851852,0.003703704,1,0,0,1.1351046,polygon,811.0146196,None,TRUE,,,,,,,,815.2340673,None,12,1,2021_Nov_23_0836,untitled_1,2020.2.6,None
ירוק,red,z,0,Image_certainty//image44_alemnt11.jpg,11.jpg,two_middle_left,one_up_right,widespread,certainty,,,,,,,,,0,67,67,44,824.4634058,824.6624803,z,1,0.6459419,824.4634058,None,0.001851852,-0.008333333,1,0,0,1.414381,polygon,821.5465832,None,TRUE,0.377777778,0.173148148,1,0,0,4.5730408,one_up_right,826.169101,None,12,1,2021_Nov_23_0836,untitled_1,2020.2.6,None
אדום,green,x,0,Image_certainty//image60_alemnt13.jpg,13.jpg,one_middle_left,two_up_right,widespread,certainty,,,,,,,,,0,68,68,60,833.5620399,833.7618139,x,1,0.7462049,833.5620399,None,-0.001851852,-0.000925926,1,0,0,0.8676719,polygon,831.1949299,None,TRUE,0.574074074,0.216666667,1,0,0,2.3058278,two_up_right,835.3853742,None,12,1,2021_Nov_23_0836,untitled_1,2020.2.6,None
אדום,green,x,0,Image_certainty//image6_alemnt7.jpg,7.jpg,three_middle_left,three_middle_right,infrequent,certainty,,,,,,,,,0,69,69,6,840.4777143,840.6772593,x,1,0.4897629,840.4777143,None,-0.000925926,0.000925926,1,0,0,0.831049,polygon,838.1444973,None,TRUE,0.72962963,0.050925926,1,0,0,2.6709706,three_middle_right,842.0396689,None,12,1,2021_Nov_23_0836,untitled_1,2020.2.6,None
ירוק,red,z,0,Image_certainty//image62_alemnt11.jpg,11.jpg,two_down_left,two_middle_right,widespread,certainty,,,,,,,,,0,70,70,62,847.8765722,848.0766012,z,1,0.6710749,847.8765722,None,-0.002777778,-0.002777778,1,0,0,1.1980942,polygon,845.1766204,None,TRUE,0.578703704,-0.050925926,1,0,0,3.9390515,two_middle_right,849.6506864,None,12,1,2021_Nov_23_0836,untitled_1,2020.2.6,None
כחול,blue,c,1,Image_certainty//image149_alemnt11.jpg,11.jpg,one_middle_left,three_middle_right,widespread,certainty,,,,,,,,,0,71,71,149,858.1090021,858.3085813,c,1,0.5775914,858.1090021,None,0.006481481,0.006481481,1,0,0,1.1127609,polygon,854.0253611,None,TRUE,0.753703704,0.047222222,1,0,0,3.4367401,three_middle_right,859.7834711,None,12,1,2021_Nov_23_0836,untitled_1,2020.2.6,None
אדום,red,z,1,Image_certainty//image162_alemnt10.jpg,10.jpg,two_down_left,two_middle_right,widespread,certainty,,,,,,,,,0,72,72,162,866.3245819,866.5238851,z,1,0.6264997,866.3245819,None,0.006481481,-0.000925926,1,0,0,1.1834028,polygon,863.6409245,None,TRUE,0.543518519,-0.057407407,1,0,0,5.6075019,two_middle_right,868.0438463,None,12,1,2021_Nov_23_0836,untitled_1,2020.2.6,None
כחול,red,z,0,Image_certainty//image22_alemnt11.jpg,11.jpg,two_up_left,one_down_right,widespread,certainty,,,,,,,,,0,73,73,22,876.6396728,876.8390998,z,1,0.3895187,876.6396728,None,-0.000925926,0,1,0,0,1.0473098,polygon,874.0897325,None,FALSE,-0.000925926,0,1,0,0,1.2203012,,878.1111244,None,12,1,2021_Nov_23_0836,untitled_1,2020.2.6,None
אדום,red,z,1,Image_certainty//image102_alemnt1.jpg,1.jpg,three_middle_left,two_middle_right,infrequent,certainty,,,,,,,,,0,74,74,102,883.2225246,883.4215753,z,1,0.4356704,883.2225246,None,-0.003703704,-0.003703704,1,0,0,1.2480552,polygon,880.4723688,None,FALSE,0.587037037,0.211111111,1,0,0,6.8047406,two_up_right,884.7402411,None,12,1,2021_Nov_23_0836,untitled_1,2020.2.6,None
כחול,blue,c,1,Image_certainty//image170_alemnt13.jpg,13.jpg,one_down_left,two_middle_right,widespread,certainty,,,,,,,,,0,75,75,170,894.9376171,895.1371819,c,1,0.5329412,894.9376171,None,-0.000925926,0.00462963,1,0,0,1.4525353,polygon,891.9875103,None,TRUE,0.562037037,-0.060185185,1,0,0,2.7584203,two_middle_right,896.5464547,None,12,1,2021_Nov_23_0836,untitled_1,2020.2.6,None
אדום,green,x,0,Image_certainty//image84_alemnt12.jpg,12.jpg,one_up_left,one_up_right,widespread,certainty,,,,,,,,,0,76,76,84,903.1364346,903.336135,c,0,0.7399683,903.1364346,None,0.010185185,-0.006481481,1,0,0,0.8808966,polygon,899.7531538,None,TRUE,0.353703704,0.182407407,1,0,0,2.7557372,one_up_right,904.9490956,None,12,1,2021_Nov_23_0836,untitled_1,2020.2.6,None
ירוק,green,x,1,Image_certainty//image181_alemnt12.jpg,12.jpg,two_up_left,one_down_right,widespread,certainty,,,,,,,,,0,77,77,181,911.8351593,912.0350441,x,1,0.5331865,911.8351593,None,-0.005555556,0.012037037,1,0,0,0.8621582,polygon,908.1687803,None,TRUE,0.482407407,-0.201851852,1,0,0,4.8037561,one_down_right,913.4441346,None,12,1,2021_Nov_23_0836,untitled_1,2020.2.6,None
אדום,blue,c,0,Image_certainty//image31_alemnt9.jpg,9.jpg,one_up_left,one_down_right,widespread,certainty,,,,,,,,,0,78,78,31,921.483987,921.6838934,c,1,0.7046424,921.483987,None,-0.00462963,-0.003703704,1,0,0,1.2976377,polygon,918.6840633,None,TRUE,0.45462963,-0.226851852,1,0,0,3.9199415,one_down_right,923.2811227,None,12,1,2021_Nov_23_0836,untitled_1,2020.2.6,None
כחול,red,z,0,Image_certainty//image94_alemnt9.jpg,9.jpg,three_middle_left,two_down_right,widespread,certainty,,,,,,,,,0,79,79,94,930.5825523,930.7825411,z,1,0.4327011,930.5825523,None,0.008333333,0.001851852,1,0,0,1.4488434,polygon,927.6329608,None,TRUE,0.701851852,-0.231481481,1,0,0,5.785977,two_down_right,932.0723327,None,12,1,2021_Nov_23_0836,untitled_1,2020.2.6,None
כחול,blue,c,1,Image_certainty//image137_alemnt8.jpg,8.jpg,one_up_left,two_middle_right,widespread,certainty,,,,,,,,,0,80,80,137,946.7973853,946.9971544,c,1,0.4744699,946.7973853,None,-0.005555556,-0.009259259,1,0,0,5.2469903,polygon,938.331498,None,TRUE,0.555555556,-0.052777778,1,0,0,6.0901539,two_middle_right,948.357047,None,12,1,2021_Nov_23_0836,untitled_1,2020.2.6,None
כחול,blue,c,1,Image_certainty//image194_alemnt11.jpg,11.jpg,three_middle_left,two_down_right,widespread,certainty,,,,,,,,,0,81,81,194,957.8292696,958.0291177,c,1,0.6449816,957.8292696,None,-0.005555556,0.002777778,1,0,0,1.430383,polygon,954.8959252,None,TRUE,0.736111111,-0.225,1,0,0,4.4705925,two_down_right,959.5706947,None,12,1,2021_Nov_23_0836,untitled_1,2020.2.6,None
ירוק,green,x,1,Image_certainty//image142_alemnt14.jpg,14.jpg,three_middle_left,two_down_right,widespread,certainty,,,,,,,,,0,82,82,142,967.0114475,967.2108537,x,1,1.0015675,967.0114475,None,-0.005555556,0.003703704,1,0,0,1.0322494,polygon,964.4778864,None,TRUE,0.737962963,-0.232407407,1,0,0,6.2736384,two_down_right,969.0926236,None,12,1,2021_Nov_23_0836,untitled_1,2020.2.6,None
ירוק,red,z,0,Image_certainty//image50_alemnt11.jpg,11.jpg,three_middle_left,one_down_right,widespread,certainty,,,,,,,,,0,83,83,50,978.6430586,978.8430579,z,1,0.8505972,978.6430586,None,-0.003703704,0.015740741,1,0,0,1.3147107,polygon,975.8266534,None,TRUE,0.457407407,-0.205555556,1,0,0,5.2063922,one_down_right,980.5855616,None,12,1,2021_Nov_23_0836,untitled_1,2020.2.6,None
אדום,red,z,1,Image_certainty//image108_alemnt2.jpg,2.jpg,one_down_left,one_up_right,infrequent,certainty,,,,,,,,,0,84,84,108,988.6251201,988.8247498,z,1,0.3791993,988.6251201,None,0,-0.000925926,1,0,0,0.8812069,polygon,986.2420256,None,TRUE,0.340740741,0.208333333,1,0,0,2.3073898,one_up_right,990.0906769,None,12,1,2021_Nov_23_0836,untitled_1,2020.2.6,None
ירוק,red,z,0,Image_certainty//image80_alemnt9.jpg,9.jpg,one_middle_left,one_middle_right,widespread,certainty,,,,,,,,,0,85,85,80,995.174522,995.3742731,z,1,0.4113403,995.174522,None,-0.000925926,-0.001851852,1,0,0,0.8320287,polygon,992.8408726,None,TRUE,0.366666667,-0.017592593,1,0,0,2.0202931,one_middle_right,996.6577108,None,12,1,2021_Nov_23_0836,untitled_1,2020.2.6,None
אדום,blue,c,0,Image_certainty//image79_alemnt13.jpg,13.jpg,one_down_left,one_up_right,widespread,certainty,,,,,,,,,0,86,86,79,1003.189969,1003.389473,c,1,0.5449511,1003.189969,None,-0.009259259,0.005555556,1,0,0,0.8337672,polygon,999.1399674,None,TRUE,0.357407407,0.194444444,1,0,0,4.6539841,one_up_right,1004.798486,None,12,1,2021_Nov_23_0836,untitled_1,2020.2.6,None
ירוק,blue,c,0,Image_certainty//image45_alemnt9.jpg,9.jpg,one_down_left,three_middle_right,widespread,certainty,,,,,,,,,0,87,87,45,1012.088973,1012.288718,c,1,0.5267359,1012.088973,None,0.013888889,0.002777778,1,0,0,0.6849987,polygon,1009.90533,None,,,,,,,,,1013.696466,1022.69085,12,1,2021_Nov_23_0836,untitled_1,2020.2.6,None
אדום,green,x,0,Image_certainty//image66_alemnt11.jpg,11.jpg,one_up_left,two_up_right,widespread,certainty,,,,,,,,,0,88,88,66,1026.303907,1026.503403,x,1,0.6188426,1026.303907,None,0.000925926,0.005555556,1,0,0,1.6013752,polygon,1023.203929,None,TRUE,0.582407407,0.216666667,1,0,0,4.1577476,two_up_right,1028.027942,None,12,1,2021_Nov_23_0836,untitled_1,2020.2.6,None
ירוק,blue,c,0,Image_certainty//image27_alemnt8.jpg,8.jpg,three_middle_left,two_middle_right,widespread,certainty,,,,,,,,,0,89,89,27,1035.186003,1035.385189,x,0,1.0341891,1035.186003,None,-0.012962963,0.001851852,1,0,0,1.0648253,polygon,1032.619287,None,FALSE,0.446296296,-0.20462963,1,0,0,6.991524,one_down_right,1037.300125,None,12,1,2021_Nov_23_0836,untitled_1,2020.2.6,None
אדום,red,z,1,Image_certainty//image156_alemnt11.jpg,11.jpg,two_down_left,one_down_right,widespread,certainty,,,,,,,,,0,90,90,156,1047.351223,1047.550661,z,1,0.3249904,1047.351223,None,-0.006481481,0.001851852,1,0,0,1.0999479,polygon,1044.750765,None,TRUE,0.465740741,-0.233333333,1,0,0,2.7567687,one_down_right,1048.760195,None,12,1,2021_Nov_23_0836,untitled_1,2020.2.6,None
אדום,red,z,1,Image_certainty//image123_alemnt13.jpg,13.jpg,one_up_left,one_down_right,widespread,certainty,,,,,,,,,0,91,91,123,1055.933435,1056.132562,z,1,0.5258136,1055.933435,None,0.005555556,0.005555556,1,0,0,1.1819621,polygon,1051.966853,None,TRUE,0.442592593,-0.262962963,1,0,0,3.4192004,one_down_right,1057.52568,None,12,1,2021_Nov_23_0836,untitled_1,2020.2.6,None
אדום,green,x,0,Image_certainty//image48_alemnt9.jpg,9.jpg,one_down_left,one_down_right,widespread,certainty,,,,,,,,,0,92,92,48,1063.948779,1064.148674,x,1,0.4475544,1063.948779,None,0.006481481,0.000925926,1,0,0,1.0663318,polygon,1061.399043,None,,,,,,,,,1065.459008,1074.434684,12,1,2021_Nov_23_0836,untitled_1,2020.2.6,None
כחול,green,x,0,Image_certainty//image53_alemnt12.jpg,12.jpg,two_down_left,two_middle_right,widespread,certainty,,,,,,,,,0,93,93,53,1078.830471,1079.030086,x,1,0.6230445,1078.830471,None,0.002777778,-0.007407407,1,0,0,2.3641309,polygon,1074.963839,None,TRUE,0.559259259,-0.067592593,1,0,0,4.1883734,two_middle_right,1080.531837,None,12,1,2021_Nov_23_0836,untitled_1,2020.2.6,None
ירוק,red,z,0,Image_certainty//image32_alemnt9.jpg,9.jpg,two_up_left,one_down_right,widespread,certainty,,,,,,,,,0,94,94,32,1089.295361,1089.495244,z,1,0.8025327,1089.295361,None,-0.005555556,0.005555556,1,0,0,1.4663904,polygon,1085.178713,None,TRUE,0.465740741,-0.188888889,1,0,0,4.4543472,one_down_right,1091.19175,None,12,1,2021_Nov_23_0836,untitled_1,2020.2.6,None
אדום,green,x,0,Image_certainty//image24_alemnt13.jpg,13.jpg,three_middle_left,one_middle_right,widespread,certainty,,,,,,,,,0,95,95,24,1099.577708,1099.777387,c,0,0.5540419,1099.577708,None,0.005555556,-0.006481481,1,0,0,0.7820697,polygon,1096.094428,None,TRUE,0.408333333,-0.00462963,1,0,0,2.0218783,one_middle_right,1101.226732,None,12,1,2021_Nov_23_0836,untitled_1,2020.2.6,None
כחול,blue,c,1,Image_certainty//image125_alemnt12.jpg,12.jpg,one_down_left,one_down_right,widespread,certainty,,,,,,,,,0,96,96,125,1106.143515,1106.343172,c,1,0.5233643,1106.143515,None,-0.001851852,-0.003703704,1,0,0,0.9484106,polygon,1103.693471,None,TRUE,0.424074074,-0.244444444,1,0,0,3.169409,one_down_right,1107.722396,None,12,1,2021_Nov_23_0836,untitled_1,2020.2.6,None
אדום,green,x,0,Image_certainty//image0_alemnt7.jpg,7.jpg,one_down_left,two_up_right,infrequent,certainty,,,,,,,,,0,97,97,0,1114.459178,1114.65886,x,1,0.9144671,1114.459178,None,-0.000925926,-0.002777778,1,0,0,1.5983444,polygon,1111.359243,None,TRUE,0.587962963,0.218518519,1,0,0,6.5352125,two_up_right,1116.436822,None,12,1,2021_Nov_23_0836,untitled_1,2020.2.6,None
אדום,green,x,0,Image_certainty//image96_alemnt14.jpg,14.jpg,one_up_left,two_down_right,widespread,certainty,,,,,,,,,0,98,98,96,1126.257536,1126.457296,x,1,0.5686781,1126.257536,None,-0.001851852,-0.000925926,1,0,0,1.3323203,polygon,1123.424425,None,TRUE,0.703703704,-0.241666667,1,0,0,6.2548802,two_down_right,1127.903323,None,12,1,2021_Nov_23_0836,untitled_1,2020.2.6,None
אדום,blue,c,0,Image_certainty//image43_alemnt11.jpg,11.jpg,two_down_left,one_up_right,widespread,certainty,,,,,,,,,0,99,99,43,1137.555902,1137.755315,c,1,0.5391393,1137.555902,None,-0.003703704,0.003703704,1,0,0,1.4303798,polygon,1134.622749,None,TRUE,0.357407407,0.152777778,1,0,0,2.8371341,one_up_right,1139.166281,None,12,1,2021_Nov_23_0836,untitled_1,2020.2.6,None
אדום,red,z,1,Image_certainty//image180_alemnt12.jpg,12.jpg,one_up_left,one_middle_right,widespread,certainty,,,,,,,,,0,100,100,180,1146.138081,1146.338066,z,1,0.6416112,1146.138081,None,0.009259259,0.009259259,1,0,0,1.0157924,polygon,1142.454798,None,,,,,,,,,1147.867233,1156.840213,12,1,2021_Nov_23_0836,untitled_1,2020.2.6,None
אדום,blue,c,0,Image_certainty//image25_alemnt8.jpg,8.jpg,two_middle_left,one_down_right,widespread,certainty,,,,,,,,,0,101,101,25,1160.402964,1160.602497,c,1,0.4658373,1160.402964,None,0.00462963,0.001851852,1,0,0,1.5314748,polygon,1157.369918,None,TRUE,0.441666667,-0.209259259,1,0,0,4.240196,one_down_right,1161.942627,None,12,1,2021_Nov_23_0836,untitled_1,2020.2.6,None
ירוק,blue,c,0,Image_certainty//image39_alemnt12.jpg,12.jpg,one_middle_left,one_middle_right,widespread,certainty,,,,,,,,,0,102,102,39,1169.235339,1169.435071,c,1,0.7255227,1169.235339,None,0.000925926,0.011111111,1,0,0,1.0981024,polygon,1166.635323,None,TRUE,0.367592593,-0.02037037,1,0,0,2.5022375,one_middle_right,1171.02174,None,12,1,2021_Nov_23_0836,untitled_1,2020.2.6,None
ירוק,red,z,0,Image_certainty//image74_alemnt8.jpg,8.jpg,two_up_left,three_middle_right,widespread,certainty,,,,,,,,,0,103,103,74,1177.367547,1177.567113,z,1,0.3457539,1177.367547,None,0.009259259,0.006481481,1,0,0,0.9132907,polygon,1173.984371,None,TRUE,0.726851852,0.064814815,1,0,0,5.2225088,three_middle_right,1178.794665,None,12,1,2021_Nov_23_0836,untitled_1,2020.2.6,None
ירוק,red,z,0,Image_certainty//image38_alemnt8.jpg,8.jpg,two_up_left,two_down_right,widespread,certainty,,,,,,,,,0,104,104,38,1186.883056,1187.08289,z,1,0.484321,1186.883056,None,-0.001851852,-0.001851852,1,0,0,0.9146215,polygon,1184.465975,None,TRUE,0.707407407,-0.235185185,1,0,0,5.706455,two_down_right,1188.428142,None,12,1,2021_Nov_23_0836,untitled_1,2020.2.6,None
ירוק,green,x,1,Image_certainty//image127_alemnt14.jpg,14.jpg,one_up_left,two_middle_right,widespread,certainty,,,,,,,,,0,105,105,127,1198.03118,1198.231237,x,1,0.5694205,1198.03118,None,-0.007407407,-0.010185185,1,0,0,1.0475138,polygon,1194.598333,None,TRUE,0.533333333,-0.066666667,1,0,0,7.1206107,two_middle_right,1199.680906,None,12,1,2021_Nov_23_0836,untitled_1,2020.2.6,None
ירוק,green,x,1,Image_certainty//image199_alemnt9.jpg,9.jpg,one_up_left,one_down_right,widespread,certainty,,,,,,,,,0,106,106,199,1210.463073,1210.662993,x,1,0.4396404,1210.463073,None,0,0.002777778,1,0,0,1.6986164,polygon,1207.263413,None,,,,,,,,,1211.975253,1220.96483,12,1,2021_Nov_23_0836,untitled_1,2020.2.6,None
אדום,blue,c,0,Image_certainty//image61_alemnt10.jpg,10.jpg,one_down_left,one_middle_right,widespread,certainty,,,,,,,,,0,107,107,61,1224.294698,1224.494643,c,1,0.6363587,1224.294698,None,0.003703704,0.005555556,1,0,0,1.3149919,polygon,1221.478277,None,TRUE,0.386111111,-0.001851852,1,0,0,2.5713688,one_middle_right,1226.023095,None,12,1,2021_Nov_23_0836,untitled_1,2020.2.6,None
ירוק,green,x,1,Image_certainty//image118_alemnt6.jpg,6.jpg,one_up_left,one_up_right,infrequent,certainty,,,,,,,,,0,108,108,118,1231.293939,1231.493654,x,1,0.5990071,1231.293939,None,0.005555556,0.002777778,1,0,0,0.7680289,polygon,1229.02679,None,TRUE,0.385185185,0.163888889,1,0,0,4.0705788,one_up_right,1232.952841,None,12,1,2021_Nov_23_0836,untitled_1,2020.2.6,None
אדום,red,z,1,Image_certainty//image153_alemnt9.jpg,9.jpg,three_middle_left,two_middle_right,widespread,certainty,,,,,,,,,0,109,109,153,1240.292726,1240.492573,z,1,0.8324032,1240.292726,None,-0.006481481,0.000925926,1,0,0,1.3149282,polygon,1237.475778,None,TRUE,0.57037037,-0.075925926,1,0,0,7.5870147,two_middle_right,1242.184434,None,12,1,2021_Nov_23_0836,untitled_1,2020.2.6,None
כחול,blue,c,1,Image_certainty//image176_alemnt9.jpg,9.jpg,two_middle_left,one_down_right,widespread,certainty,,,,,,,,,0,110,110,176,1252.757877,1252.957601,x,0,0.5702472,1252.757877,None,-0.000925926,0.005555556,1,0,0,1.0174383,polygon,1250.240884,None,,,,,,,,,1254.401584,1263.37627,12,1,2021_Nov_23_0836,untitled_1,2020.2.6,None
אדום,red,z,1,Image_certainty//image183_alemnt9.jpg,9.jpg,three_middle_left,two_down_right,widespread,certainty,,,,,,,,,0,111,111,183,1266.472693,1266.67241,z,1,0.6250887,1266.472693,None,-0.002777778,0.011111111,1,0,0,1.0641457,polygon,1263.906016,None,TRUE,0.709259259,-0.212962963,1,0,0,5.0721323,two_down_right,1268.182943,None,12,1,2021_Nov_23_0836,untitled_1,2020.2.6,None
אדום,blue,c,0,Image_certainty//image13_alemnt2.jpg,2.jpg,two_up_left,one_down_right,infrequent,certainty,,,,,,,,,0,112,112,13,1277.304759,1277.504403,c,1,0.4986063,1277.304759,None,0,0.00462963,1,0,0,2.0986993,polygon,1273.704809,None,,,,,,,,,1278.889554,1287.872935,12,1,2021_Nov_23_0836,untitled_1,2020.2.6,None
אדום,red,z,1,Image_certainty//image132_alemnt9.jpg,9.jpg,one_down_left,two_down_right,widespread,certainty,,,,,,,,,0,113,113,132,1291.319683,1291.519162,z,1,0.3587881,1291.319683,None,-0.006481481,0,1,0,0,1.4309399,polygon,1288.386067,None,TRUE,0.70462963,-0.241666667,1,0,0,5.1860657,two_down_right,1292.751876,None,12,1,2021_Nov_23_0836,untitled_1,2020.2.6,None
כחול,red,z,0,Image_certainty//image64_alemnt10.jpg,10.jpg,one_up_left,three_middle_right,widespread,certainty,,,,,,,,,0,114,114,64,1301.018337,1301.217962,z,1,0.8205124,1301.018337,None,-0.006481481,-0.001851852,1,0,0,1.1316236,polygon,1298.384927,None,TRUE,0.743518519,0.05,1,0,0,3.7685847,three_middle_right,1302.927022,None,12,1,2021_Nov_23_0836,untitled_1,2020.2.6,None
אדום,green,x,0,Image_certainty//image54_alemnt11.jpg,11.jpg,two_down_left,two_middle_right,widespread,certainty,,,,,,,,,0,115,115,54,1310.417046,1310.616841,x,1,0.6355589,1310.417046,None,0.000925926,0.008333333,1,0,0,1.7815315,polygon,1307.133848,None,TRUE,0.563888889,-0.065740741,1,0,0,1.7391236,two_middle_right,1312.14028,None,12,1,2021_Nov_23_0836,untitled_1,2020.2.6,None
כחול,blue,c,1,Image_certainty//image116_alemnt2.jpg,2.jpg,one_middle_left,two_down_right,infrequent,certainty,,,,,,,,,0,116,116,116,1316.849668,1317.048848,c,1,0.4955137,1316.849668,None,-0.002777778,0.002777778,1,0,0,1.0323425,polygon,1314.316147,None,TRUE,,,,,,,,1318.402636,None,12,1,2021_Nov_23_0836,untitled_1,2020.2.6,None
אדום,red,z,1,Image_certainty//image147_alemnt9.jpg,9.jpg,three_middle_left,two_up_right,widespread,certainty,,,,,,,,,0,117,117,147,1325.231784,1325.431513,z,1,0.5621258,1325.231784,None,0.002777778,-0.00462963,1,0,0,0.946755,polygon,1322.781755,None,,,,,,,,,1326.890085,1335.883459,12,1,2021_Nov_23_0836,untitled_1,2020.2.6,None
אדום,red,z,1,Image_certainty//image111_alemnt3.jpg,3.jpg,one_middle_left,two_up_right,infrequent,certainty,,,,,,,,,0,118,118,111,1339.429473,1339.629698,z,1,0.3520578,1339.429473,None,0.001851852,-0.005555556,1,0,0,1.5328642,polygon,1336.396705,None,TRUE,0.582407407,0.188888889,1,0,0,3.9371017,two_up_right,1340.854597,None,12,1,2021_Nov_23_0836,untitled_1,2020.2.6,None
כחול,blue,c,1,Image_certainty//image188_alemnt9.jpg,9.jpg,two_up_left,two_down_right,widespread,certainty,,,,,,,,,0,119,119,188,1347.912165,1348.111995,c,1,0.5727085,1347.912165,None,-0.008333333,0,1,0,0,1.1642572,polygon,1345.245525,None,FALSE,0.742592593,0.05462963,1,0,0,8.1696411,three_middle_right,1349.570521,None,12,1,2021_Nov_23_0836,untitled_1,2020.2.6,None
ירוק,blue,c,0,Image_certainty//image51_alemnt14.jpg,14.jpg,three_middle_left,one_down_right,widespread,certainty,,,,,,,,,0,120,120,51,1361.110154,1361.309621,c,1,0.8599193,1361.110154,None,-0.00462963,-0.00462963,1,0,0,1.4452812,polygon,1358.176972,None,TRUE,0.446296296,-0.191666667,1,0,0,5.2872122,one_down_right,1363.062042,None,12,1,2021_Nov_23_0836,untitled_1,2020.2.6,None
כחול,red,z,0,Image_certainty//image4_alemnt2.jpg,2.jpg,two_middle_left,two_middle_right,infrequent,certainty,,,,,,,,,0,121,121,4,1371.292541,1371.492147,z,1,0.6109266,1371.292541,None,-0.011111111,-0.001851852,1,0,0,0.9979806,polygon,1368.792197,None,TRUE,0.573148148,-0.051851852,1,0,0,4.9060747,two_middle_right,1372.987281,None,12,1,2021_Nov_23_0836,untitled_1,2020.2.6,None
אדום,green,x,0,Image_certainty//image42_alemnt12.jpg,12.jpg,two_up_left,one_up_right,widespread,certainty,,,,,,,,,0,122,122,42,1381.923921,1382.124153,x,1,0.5808593,1381.923921,None,0.001851852,0.00462963,1,0,0,2.0811796,polygon,1378.341265,None,TRUE,0.001851852,0.00462963,1,0,0,0.4693882,,1383.58651,None,12,1,2021_Nov_23_0836,untitled_1,2020.2.6,None
כחול,red,z,0,Image_certainty//image88_alemnt10.jpg,10.jpg,two_middle_left,two_up_right,widespread,certainty,,,,,,,,,0,123,123,88,1387.890046,1388.089926,z,1,0.5487994,1387.890046,None,0.359259259,0.191666667,1,0,0,0.2641681,polygon,1384.940227,None,TRUE,0.601851852,0.193518519,1,0,0,4.3554563,two_up_right,1389.495612,None,12,1,2021_Nov_23_0836,untitled_1,2020.2.6,None
ירוק,green,x,1,Image_certainty//image169_alemnt11.jpg,11.jpg,one_middle_left,one_up_right,widespread,certainty,,,,,,,,,0,124,124,169,1397.121948,1397.322304,x,1,0.8229992,1397.121948,None,-0.003703704,0.006481481,1,0,0,1.2998827,polygon,1394.322518,None,,,,,,,,,1399.03589,1408.024655,12,1,2021_Nov_23_0836,untitled_1,2020.2.6,None
כחול,green,x,0,Image_certainty//image89_alemnt13.jpg,13.jpg,two_up_left,three_middle_right,widespread,certainty,,,,,,,,,0,125,125,89,1411.670333,1411.870137,x,1,0.8690218,1411.670333,None,-0.005555556,-0.000925926,1,0,0,1.6192018,polygon,1408.554215,None,TRUE,,,,,,,,1413.615924,None,12,1,2021_Nov_23_0836,untitled_1,2020.2.6,None
כחול,green,x,0,Image_certainty//image83_alemnt14.jpg,14.jpg,one_down_left,one_middle_right,widespread,certainty,,,,,,,,,0,126,126,83,1419.236297,1419.436041,x,1,0.6111884,1419.236297,None,-0.00462963,0.010185185,1,0,0,1.4849667,polygon,1416.252971,None,TRUE,0.362037037,-0.001851852,1,0,0,2.9221637,one_middle_right,1420.91643,None,12,1,2021_Nov_23_0836,untitled_1,2020.2.6,None
כחול,blue,c,1,Image_certainty//image161_alemnt12.jpg,12.jpg,one_down_left,two_middle_right,widespread,certainty,,,,,,,,,0,127,127,161,1426.635256,1426.835033,c,1,0.6107923,1426.635256,None,0.000925926,-0.001851852,1,0,0,0.8308055,polygon,1424.301992,None,TRUE,0.558333333,-0.083333333,1,0,0,8.1020895,two_middle_right,1428.308643,None,12,1,2021_Nov_23_0836,untitled_1,2020.2.6,None
אדום,red,z,1,Image_certainty//image144_alemnt8.jpg,8.jpg,two_middle_left,two_down_right,widespread,certainty,,,,,,,,,0,128,128,144,1440.449592,1440.649509,z,1,0.4645013,1440.449592,None,0.007407407,-0.017592593,1,0,0,1.080819,polygon,1436.867043,None,TRUE,0.703703704,-0.219444444,1,0,0,7.1720385,two_down_right,1442.001193,None,12,1,2021_Nov_23_0836,untitled_1,2020.2.6,None
אדום,green,x,0,Image_certainty//image12_alemnt1.jpg,1.jpg,one_up_left,two_up_right,infrequent,certainty,,,,,,,,,0,129,129,12,1454.365152,1454.564262,x,1,0.6512624,1454.365152,None,-0.014814815,0.005555556,1,0,0,1.1310575,polygon,1449.615414,None,TRUE,0.592592593,0.19537037,1,0,0,6.119854,two_up_right,1456.091886,None,12,1,2021_Nov_23_0836,untitled_1,2020.2.6,None
אדום,red,z,1,Image_certainty//image138_alemnt9.jpg,9.jpg,one_down_left,two_down_right,widespread,certainty,,,,,,,,,0,130,130,138,1465.080407,1465.280141,z,1,0.6315954,1465.080407,None,-0.003703704,-0.006481481,1,0,0,0.9165462,polygon,1462.663359,None,,,,,,,,,1466.793757,1475.781746,12,1,2021_Nov_23_0836,untitled_1,2020.2.6,None
כחול,green,x,0,Image_certainty//image23_alemnt9.jpg,9.jpg,one_up_left,two_up_right,widespread,certainty,,,,,,,,,0,131,131,23,1479.428064,1479.628243,z,0,0.6182192,1479.428064,None,-0.00462963,-0.005555556,1,0,0,1.6303886,polygon,1476.295244,None,FALSE,0.426851852,-0.003703704,1,0,0,8.2871222,one_middle_right,1481.147684,None,12,1,2021_Nov_23_0836,untitled_1,2020.2.6,None
אדום,red,z,1,Image_certainty//image171_alemnt12.jpg,12.jpg,one_up_left,two_down_right,widespread,certainty,,,,,,,,,0,132,132,171,1495.226499,1495.42612,z,1,0.5412471,1495.226499,None,-0.001851852,-0.014814815,1,0,0,3.8511375,polygon,1489.87648,None,TRUE,0.728703704,-0.219444444,1,0,0,3.3220982,two_down_right,1496.861027,None,12,1,2021_Nov_23_0836,untitled_1,2020.2.6,None
אדום,blue,c,0,Image_certainty//image67_alemnt13.jpg,13.jpg,three_middle_left,one_middle_right,widespread,certainty,,,,,,,,,0,133,133,67,1504.041729,1504.241491,c,1,1.0416151,1504.041729,None,0.007407407,0.003703704,1,0,0,1.9144676,polygon,1500.625175,None,TRUE,,,,,,,,1506.178583,None,12,1,2021_Nov_23_0836,untitled_1,2020.2.6,None
ירוק,blue,c,0,Image_certainty//image21_alemnt14.jpg,14.jpg,one_down_left,one_middle_right,widespread,certainty,,,,,,,,,0,134,134,21,1510.974268,1511.173201,c,1,0.6275032,1510.974268,None,0.007407407,0.001851852,1,0,0,1.0802305,polygon,1508.407731,None,,,,,,,,,1512.673652,1521.659652,12,1,2021_Nov_23_0836,untitled_1,2020.2.6,None
ירוק,green,x,1,Image_certainty//image166_alemnt14.jpg,14.jpg,two_middle_left,one_middle_right,widespread,certainty,,,,,,,,,0,135,135,166,1524.955907,1525.155108,x,1,0.7088725,1524.955907,None,-0.007407407,-0.002777778,1,0,0,1.2836611,polygon,1522.172138,None,TRUE,0.385185185,0.001851852,1,0,0,1.7200634,one_middle_right,1526.754674,None,12,1,2021_Nov_23_0836,untitled_1,2020.2.6,None
כחול,blue,c,1,Image_certainty//image179_alemnt12.jpg,12.jpg,two_middle_left,one_down_right,widespread,certainty,,,,,,,,,0,136,136,179,1531.321446,1531.521194,c,1,0.5747491,1531.321446,None,0.010185185,-0.00462963,1,0,0,0.9187802,polygon,1528.905775,None,TRUE,0.451851852,-0.223148148,1,0,0,2.6398758,one_down_right,1532.952696,None,12,1,2021_Nov_23_0836,untitled_1,2020.2.6,None
אדום,blue,c,0,Image_certainty//image91_alemnt8.jpg,8.jpg,two_up_left,one_up_right,widespread,certainty,,,,,,,,,0,137,137,91,1538.604251,1538.803661,c,1,0.5766515,1538.604251,None,0.015740741,0.000925926,1,0,0,1.0463039,polygon,1536.054174,None,TRUE,0.39537037,0.168518519,1,0,0,8.2867378,one_up_right,1540.247132,None,12,1,2021_Nov_23_0836,untitled_1,2020.2.6,None
ירוק,green,x,1,Image_certainty//image151_alemnt13.jpg,13.jpg,two_middle_left,one_down_right,widespread,certainty,,,,,,,,,0,138,138,151,1551.485731,1551.685609,c,0,0.779822,1551.485731,None,-0.000925926,-0.00462963,1,0,0,0.9974767,polygon,1549.002495,None,FALSE,,,,,,,,1553.356451,None,12,1,2021_Nov_23_0836,untitled_1,2020.2.6,None
ירוק,green,x,1,Image_certainty//image184_alemnt14.jpg,14.jpg,one_up_left,two_middle_right,widespread,certainty,,,,,,,,,0,139,139,184,1558.818236,1559.017738,x,1,0.5530609,1558.818236,None,0.014814815,0.008333333,1,0,0,1.0645209,polygon,1554.951588,None,TRUE,0.568518519,-0.075925926,1,0,0,4.8220529,two_middle_right,1560.456907,None,12,1,2021_Nov_23_0836,untitled_1,2020.2.6,None
אדום,green,x,0,Image_certainty//image72_alemnt9.jpg,9.jpg,one_middle_left,two_down_right,widespread,certainty,,,,,,,,,0,140,140,72,1568.51676,1568.716547,x,1,0.6059833,1568.51676,None,0.002777778,-0.000925926,1,0,0,1.2978455,polygon,1565.716982,None,TRUE,0.743518519,-0.234259259,1,0,0,2.9556795,two_down_right,1570.212048,None,12,1,2021_Nov_23_0836,untitled_1,2020.2.6,None
כחול,green,x,0,Image_certainty//image59_alemnt14.jpg,14.jpg,two_down_left,one_down_right,widespread,certainty,,,,,,,,,0,141,141,59,1576.465908,1576.665556,x,1,0.7320739,1576.465908,None,0.008333333,-0.00462963,1,0,0,1.3621464,polygon,1573.615944,None,TRUE,0.462037037,-0.244444444,1,0,0,2.6698826,one_down_right,1578.26468,None,12,1,2021_Nov_23_0836,untitled_1,2020.2.6,None
כחול,red,z,0,Image_certainty//image34_alemnt8.jpg,8.jpg,one_middle_left,two_up_right,widespread,certainty,,,,,,,,,0,142,142,34,1586.107974,1586.297794,z,1,0.6414073,1586.107974,None,0.009259259,0.000925926,1,0,0,3.214761,polygon,1581.38144,None,TRUE,0.584259259,0.215740741,1,0,0,7.2848374,two_up_right,1587.832602,None,12,1,2021_Nov_23_0836,untitled_1,2020.2.6,None
כחול,green,x,0,Image_certainty//image17_alemnt5.jpg,5.jpg,two_up_left,two_down_right,infrequent,certainty,,,,,,,,,0,143,143,17,1598.113112,1598.312864,z,0,0.6006268,1598.113112,None,-0.009259259,-0.002777778,1,0,0,1.048441,polygon,1595.562826,None,,,,,,,,,1599.794722,1608.781247,12,1,2021_Nov_23_0836,untitled_1,2020.2.6,None
כחול,blue,c,1,Image_certainty//image191_alemnt12.jpg,12.jpg,two_middle_left,one_up_right,widespread,certainty,,,,,,,,,0,144,144,191,1612.494261,1612.694364,c,1,0.6514881,1612.494261,None,0,-0.009259259,1,0,0,1.6987855,polygon,1609.294697,None,TRUE,0.355555556,0.139814815,1,0,0,2.5078157,one_up_right,1614.227515,None,12,1,2021_Nov_23_0836,untitled_1,2020.2.6,None
אדום,red,z,1,Image_certainty//image186_alemnt11.jpg,11.jpg,one_down_left,two_up_right,widespread,certainty,,,,,,,,,0,145,145,186,1620.576974,1620.776664,z,1,0.7371528,1620.576974,None,0.007407407,0.011111111,1,0,0,0.8654394,polygon,1617.176809,None,TRUE,0.562962963,0.22037037,1,0,0,4.9022874,two_up_right,1622.411008,None,12,1,2021_Nov_23_0836,untitled_1,2020.2.6,None
ירוק,green,x,1,Image_certainty//image133_alemnt11.jpg,11.jpg,one_middle_left,two_up_right,widespread,certainty,,,,,,,,,0,146,146,133,1631.075539,1631.274993,x,1,0.9067962,1631.075539,None,0.005555556,-0.005555556,1,0,0,0.8135489,polygon,1627.742349,None,TRUE,0.576851852,0.22962963,1,0,0,1.8215347,two_up_right,1633.074065,None,12,1,2021_Nov_23_0836,untitled_1,2020.2.6,None
כחול,blue,c,1,Image_certainty//image113_alemnt2.jpg,2.jpg,one_up_left,two_up_right,infrequent,certainty,,,,,,,,,0,147,147,113,1637.724703,1637.924432,c,1,0.6531453,1637.724703,None,-0.003703704,0,1,0,0,0.8988818,polygon,1635.324729,None,TRUE,0.571296296,0.236111111,1,0,0,1.9702801,two_up_right,1639.451317,None,12,1,2021_Nov_23_0836,untitled_1,2020.2.6,None
ירוק,green,x,1,Image_certainty//image157_alemnt8.jpg,8.jpg,one_middle_left,three_middle_right,widespread,certainty,,,,,,,,,0,148,148,157,1646.123612,1646.323425,x,1,0.8674945,1646.123612,None,0.009259259,0.011111111,1,0,0,1.5166464,polygon,1641.873766,None,TRUE,0.755555556,0.067592593,1,0,0,7.2219302,three_middle_right,1648.0888,None,12,1,2021_Nov_23_0836,untitled_1,2020.2.6,None
ירוק,blue,c,0,Image_certainty//image87_alemnt11.jpg,11.jpg,three_middle_left,two_middle_right,widespread,certainty,,,,,,,,,0,149,149,87,1658.605312,1658.805014,c,1,0.9458213,1658.605312,None,-0.005555556,-0.002777778,1,0,0,1.3477737,polygon,1655.755292,None,TRUE,0.576851852,-0.026851852,1,0,0,5.187974,two_middle_right,1660.637074,None,12,1,2021_Nov_23_0836,untitled_1,2020.2.6,None
ירוק,green,x,1,Image_certainty//image103_alemnt1.jpg,1.jpg,two_down_left,one_middle_right,infrequent,certainty,,,,,,,,,0,150,150,103,1668.887313,1669.070398,x,1,0.8600231,1668.887313,None,0.002777778,-0.010185185,1,0,0,1.131349,polygon,1666.254009,None,TRUE,0.394444444,-0.002777778,1,0,0,4.7202683,one_middle_right,1670.841335,None,12,1,2021_Nov_23_0836,untitled_1,2020.2.6,None
ירוק,green,x,1,Image_certainty//image196_alemnt13.jpg,13.jpg,three_middle_left,one_down_right,widespread,certainty,,,,,,,,,0,151,151,196,1678.319052,1678.518944,x,1,0.5115672,1678.319052,None,0.000925926,-0.003703704,1,0,0,0.8295353,polygon,1675.986212,None,TRUE,0.449074074,-0.22962963,1,0,0,4.0882037,one_down_right,1679.922747,None,12,1,2021_Nov_23_0836,untitled_1,2020.2.6,None
ירוק,red,z,0,Image_certainty//image8_alemnt6.jpg,6.jpg,one_down_left,one_up_right,infrequent,certainty,,,,,,,,,0,152,152,8,1686.984917,1687.184676,z,1,0.456483,1686.984917,None,-0.002777778,0.003703704,1,0,0,1.0328014,polygon,1684.451688,None,,,,,,,,,1688.514376,1697.503885,12,1,2021_Nov_23_0836,untitled_1,2020.2.6,None
ירוק,red,z,0,Image_certainty//image14_alemnt6.jpg,6.jpg,two_up_left,one_up_right,infrequent,certainty,,,,,,,,,0,153,153,14,1700.683169,1700.882934,z,1,0.6506684,1700.683169,None,0.001851852,0.006481481,1,0,0,1.147256,polygon,1698.033004,None,TRUE,0.39537037,0.192592593,1,0,0,8.0885526,one_up_right,1702.410017,None,12,1,2021_Nov_23_0836,untitled_1,2020.2.6,None
ירוק,green,x,1,Image_certainty//image190_alemnt12.jpg,12.jpg,one_down_left,one_middle_right,widespread,certainty,,,,,,,,,0,154,154,190,1713.264887,1713.464511,z,0,0.5718764,1713.264887,None,0.012037037,0.002777778,1,0,0,0.7976399,polygon,1710.964871,None,TRUE,0.425925926,-0.022222222,1,0,0,2.553607,one_middle_right,1714.910938,None,12,1,2021_Nov_23_0836,untitled_1,2020.2.6,None
אדום,red,z,1,Image_certainty//image189_alemnt8.jpg,8.jpg,one_middle_left,one_middle_right,widespread,certainty,,,,,,,,,0,155,155,189,1720.414183,1720.613433,z,1,0.3685194,1720.414183,None,-0.015740741,0.001851852,1,0,0,1.0124907,polygon,1717.913979,None,TRUE,0.398148148,0.000925926,1,0,0,1.6868106,one_middle_right,1721.885924,None,12,1,2021_Nov_23_0836,untitled_1,2020.2.6,None
כחול,red,z,0,Image_certainty//image40_alemnt14.jpg,14.jpg,one_up_left,one_middle_right,widespread,certainty,,,,,,,,,0,156,156,40,1726.112964,1726.312989,z,1,0.5400739,1726.112964,None,-0.00462963,-0.00462963,1,0,0,0.6156598,polygon,1723.996509,None,,,,,,,,,1727.717116,1736.698728,12,1,2021_Nov_23_0836,untitled_1,2020.2.6,None
כחול,green,x,0,Image_certainty//image29_alemnt13.jpg,13.jpg,one_middle_left,one_up_right,widespread,certainty,,,,,,,,,0,157,157,29,1740.161438,1740.360571,x,1,0.7358868,1740.161438,None,-0.002777778,0.00462963,1,0,0,1.4323418,polygon,1737.227985,None,TRUE,0.372222222,0.189814815,1,0,0,3.3727988,one_up_right,1741.995104,None,12,1,2021_Nov_23_0836,untitled_1,2020.2.6,None
כחול,blue,c,1,Image_certainty//image131_alemnt13.jpg,13.jpg,one_middle_left,one_middle_right,widespread,certainty,,,,,,,,,0,158,158,131,1749.343602,1749.542921,x,0,0.724599,1749.343602,None,0.012962963,0.008333333,1,0,0,0.7818695,polygon,1745.810343,None,TRUE,0.397222222,-0.001851852,1,0,0,1.9845088,one_middle_right,1751.132243,None,12,1,2021_Nov_23_0836,untitled_1,2020.2.6,None
כחול,blue,c,1,Image_certainty//image107_alemnt6.jpg,6.jpg,two_middle_left,two_up_right,infrequent,certainty,,,,,,,,,0,159,159,107,1758.809062,1759.00882,c,1,0.4744804,1758.809062,None,0.009259259,0.022222222,1,0,0,1.9333496,polygon,1753.575825,None,,,,,,,,,1760.366507,1769.360921,12,1,2021_Nov_23_0836,untitled_1,2020.2.6,None
ירוק,green,x,1,Image_certainty//image175_alemnt11.jpg,11.jpg,one_middle_left,two_down_right,widespread,certainty,,,,,,,,,0,160,160,175,1774.44026,1774.640047,x,1,0.5431752,1774.44026,None,-0.001851852,0.008333333,1,0,0,3.0828202,polygon,1769.873758,None,TRUE,0.725,-0.217592593,1,0,0,3.071953,two_down_right,1776.081831,None,12,1,2021_Nov_23_0836,untitled_1,2020.2.6,None
כחול,blue,c,1,Image_certainty//image110_alemnt5.jpg,5.jpg,three_middle_left,one_up_right,infrequent,certainty,,,,,,,,,0,161,161,110,1782.172439,1782.371999,c,1,0.5710521,1782.172439,None,-0.00462963,-0.00462963,1,0,0,1.0820961,polygon,1779.589296,None,FALSE,,,,,,,,1783.813508,None,12,1,2021_Nov_23_0836,untitled_1,2020.2.6,None
כחול,red,z,0,Image_certainty//image28_alemnt10.jpg,10.jpg,one_down_left,two_down_right,widespread,certainty,,,,,,,,,0,162,162,28,1793.487236,1793.686892,z,1,0.6365813,1793.487236,None,0.001851852,0.008333333,1,0,0,1.1147702,polygon,1790.871205,None,FALSE,0.462962963,-0.110185185,1,0,0,2.9190801,,1795.219155,None,12,1,2021_Nov_23_0836,untitled_1,2020.2.6,None
ירוק,green,x,1,Image_certainty//image136_alemnt8.jpg,8.jpg,three_middle_left,two_down_right,widespread,certainty,,,,,,,,,0,163,163,136,1805.819561,1806.019349,x,1,0.6753367,1805.819561,None,0.006481481,-0.005555556,1,0,0,3.5627176,polygon,1799.036774,None,TRUE,0.710185185,-0.219444444,1,0,0,4.7041426,two_down_right,1807.562514,None,12,1,2021_Nov_23_0836,untitled_1,2020.2.6,None
ירוק,red,z,0,Image_certainty//image98_alemnt13.jpg,13.jpg,three_middle_left,two_down_right,widespread,certainty,,,,,,,,,0,164,164,98,1816.168179,1816.367981,None,0,,1816.168179,None,0.005555556,-0.003703704,1,0,0,1.9332097,polygon,1812.735047,None,TRUE,0.697222222,-0.24537037,1,0,0,5.4031737,two_down_right,1818.423276,None,12,1,2021_Nov_23_0836,untitled_1,2020.2.6,None
כחול,blue,c,1,Image_certainty//image158_alemnt11.jpg,11.jpg,one_up_left,two_down_right,widespread,certainty,,,,,,,,,0,165,165,158,1828.700037,1828.8997,c,1,0.6287271,1828.700037,None,-0.010185185,-0.007407407,1,0,0,1.0636004,polygon,1824.266867,None,TRUE,0.721296296,-0.215740741,1,0,0,4.8374371,two_down_right,1830.416842,None,12,1,2021_Nov_23_0836,untitled_1,2020.2.6,None
ירוק,green,x,1,Image_certainty//image145_alemnt12.jpg,12.jpg,two_down_left,two_down_right,widespread,certainty,,,,,,,,,0,166,166,145,1839.765222,1839.964862,x,1,0.5263608,1839.765222,None,-0.012037037,0.006481481,1,0,0,1.5815187,polygon,1835.698265,None,TRUE,0.711111111,-0.231481481,1,0,0,3.9014393,two_down_right,1841.358871,None,12,1,2021_Nov_23_0836,untitled_1,2020.2.6,None
ירוק,blue,c,0,Image_certainty//image81_alemnt14.jpg,14.jpg,three_middle_left,one_down_right,widespread,certainty,,,,,,,,,0,167,167,81,1849.646994,1849.846469,c,1,0.7521571,1849.646994,None,0.007407407,-0.005555556,1,0,0,0.9510235,polygon,1845.714112,None,,,,,,,,,1851.473185,1860.465537,12,1,2021_Nov_23_0836,untitled_1,2020.2.6,None
אדום,blue,c,0,Image_certainty//image85_alemnt14.jpg,14.jpg,two_down_left,three_middle_right,widespread,certainty,,,,,,,,,0,168,168,85,1863.978299,1864.161793,c,1,0.6727241,1863.978299,None,-0.002777778,0.000925926,1,0,0,1.5001121,polygon,1860.978828,None,,,,,,,,,1865.745406,1874.731043,12,1,2021_Nov_23_0836,untitled_1,2020.2.6,None
ירוק,blue,c,0,Image_certainty//image93_alemnt14.jpg,14.jpg,one_down_left,one_middle_right,widespread,certainty,,,,,,,,,0,169,169,93,1877.960182,1878.159709,c,1,0.5848184,1877.960182,None,0.423148148,-0.021296296,1,0,0,0.0161212,polygon,1875.243498,None,TRUE,0.394444444,-0.006481481,1,0,0,9.0191485,one_middle_right,1879.620046,None,12,1,2021_Nov_23_0836,untitled_1,2020.2.6,None
אדום,red,z,1,Image_certainty//image117_alemnt1.jpg,1.jpg,one_up_left,two_up_right,infrequent,certainty,,,,,,,,,0,170,170,117,1891.525162,1891.724683,z,1,0.6834031,1891.525162,None,0.000925926,0.010185185,1,0,0,0.9171418,polygon,1889.091606,None,TRUE,0.581481481,0.190740741,1,0,0,4.2097021,two_up_right,1893.267798,None,12,1,2021_Nov_23_0836,untitled_1,2020.2.6,None
אדום,green,x,0,Image_certainty//image78_alemnt10.jpg,10.jpg,one_middle_left,two_up_right,widespread,certainty,,,,,,,,,0,171,171,78,1902.340491,1902.54015,None,0,,1902.340491,None,0.006481481,0.006481481,1,0,0,0.9660504,polygon,1897.939972,None,TRUE,0.578703704,0.198148148,1,0,0,7.3187369,two_up_right,1904.610798,None,12,1,2021_Nov_23_0836,untitled_1,2020.2.6,None
כחול,blue,c,1,Image_certainty//image134_alemnt9.jpg,9.jpg,two_down_left,three_middle_right,widespread,certainty,,,,,,,,,0,172,172,134,1914.922143,1915.121583,c,1,0.6863809,1914.922143,None,0.010185185,0.002777778,1,0,0,1.0674213,polygon,1912.355067,None,TRUE,0.723148148,0.041666667,1,0,0,4.0074545,three_middle_right,1916.706453,None,12,1,2021_Nov_23_0836,untitled_1,2020.2.6,None
כחול,green,x,0,Image_certainty//image47_alemnt13.jpg,13.jpg,one_middle_left,one_middle_right,widespread,certainty,,,,,,,,,0,173,173,47,1923.371076,1923.570715,x,1,0.7726249,1923.371076,None,-0.008333333,-0.003703704,1,0,0,0.7299417,polygon,1921.154296,None,TRUE,0.397222222,-0.002777778,1,0,0,1.555296,one_middle_right,1925.229824,None,12,1,2021_Nov_23_0836,untitled_1,2020.2.6,None
אדום,red,z,1,Image_certainty//image159_alemnt13.jpg,13.jpg,one_middle_left,two_middle_right,widespread,certainty,,,,,,,,,0,174,174,159,1929.520143,1929.720049,z,1,0.4870983,1929.520143,None,-0.003703704,-0.012962963,1,0,0,0.7851723,polygon,1927.236907,None,TRUE,0.567592593,-0.041666667,1,0,0,2.4571781,two_middle_right,1931.095645,None,12,1,2021_Nov_23_0836,untitled_1,2020.2.6,None
ירוק,green,x,1,Image_certainty//image115_alemnt2.jpg,2.jpg,three_middle_left,one_down_right,infrequent,certainty,,,,,,,,,0,175,175,115,1936.935856,1937.135744,x,1,0.7701804,1936.935856,None,-0.002777778,0.003703704,1,0,0,1.4312861,polygon,1934.002429,None,FALSE,0.715740741,-0.212962963,1,0,0,6.4577327,two_down_right,1938.795748,None,12,1,2021_Nov_23_0836,untitled_1,2020.2.6,None
אדום,green,x,0,Image_certainty//image30_alemnt10.jpg,10.jpg,two_down_left,three_middle_right,widespread,certainty,,,,,,,,,0,176,176,30,1948.334189,1948.533981,x,1,0.4853826,1948.334189,None,-0.019444444,-0.001851852,1,0,0,1.1299742,polygon,1945.701147,None,TRUE,0.728703704,0.089814815,1,0,0,3.5398874,three_middle_right,1949.907498,None,12,1,2021_Nov_23_0836,untitled_1,2020.2.6,None
כחול,blue,c,1,Image_certainty//image173_alemnt12.jpg,12.jpg,two_up_left,three_middle_right,widespread,certainty,,,,,,,,,0,177,177,173,1956.183455,1956.383219,c,1,0.7507728,1956.183455,None,-0.000925926,-0.005555556,1,0,0,0.7953922,polygon,1953.900107,None,TRUE,0.710185185,0.058333333,1,0,0,2.6909581,three_middle_right,1957.99542,None,12,1,2021_Nov_23_0836,untitled_1,2020.2.6,None
כחול,red,z,0,Image_certainty//image46_alemnt8.jpg,8.jpg,two_middle_left,two_up_right,widespread,certainty,,,,,,,,,0,178,178,46,1963.599209,1963.798921,z,1,0.6896394,1963.599209,None,-0.000925926,-0.003703704,1,0,0,0.9459769,polygon,1961.149124,None,TRUE,0.587962963,0.186111111,1,0,0,7.9188626,two_up_right,1965.369876,None,12,1,2021_Nov_23_0836,untitled_1,2020.2.6,None
ירוק,blue,c,0,Image_certainty//image63_alemnt13.jpg,13.jpg,three_middle_left,one_down_right,widespread,certainty,,,,,,,,,0,179,179,63,1976.097463,1976.297317,c,1,0.8615257,1976.097463,None,0.006481481,0.000925926,1,0,0,0.8651075,polygon,1973.730713,None,TRUE,0.480555556,-0.218518519,1,0,0,3.1216621,one_down_right,1978.0496,None,12,1,2021_Nov_23_0836,untitled_1,2020.2.6,None
ירוק,red,z,0,Image_certainty//image20_alemnt10.jpg,10.jpg,two_up_left,two_up_right,widespread,certainty,,,,,,,,,0,180,180,20,1984.029868,1984.229599,z,1,0.7574908,1984.029868,None,0.000925926,0.006481481,1,0,0,0.9150834,polygon,1981.613036,None,FALSE,0.461111111,-0.035185185,1,0,0,2.3574705,one_middle_right,1985.865882,None,12,1,2021_Nov_23_0836,untitled_1,2020.2.6,None
כחול,green,x,0,Image_certainty//image65_alemnt9.jpg,9.jpg,two_middle_left,two_up_right,widespread,certainty,,,,,,,,,0,181,181,65,1991.362235,1991.562059,x,1,0.5776555,1991.362235,None,0.003703704,0.00462963,1,0,0,1.1802262,polygon,1988.67871,None,TRUE,0.584259259,0.221296296,1,0,0,2.3854098,two_up_right,1992.999605,None,12,1,2021_Nov_23_0836,untitled_1,2020.2.6,None
ירוק,green,x,1,Image_certainty//image187_alemnt10.jpg,10.jpg,two_up_left,three_middle_right,widespread,certainty,,,,,,,,,0,182,182,187,1998.278,1998.477715,x,1,0.4996644,1998.278,None,-0.000925926,0.005555556,1,0,0,0.9340565,polygon,1995.844372,None,TRUE,,,,,,,,1999.849136,None,12,1,2021_Nov_23_0836,untitled_1,2020.2.6,None
כחול,blue,c,1,Image_certainty//image164_alemnt9.jpg,9.jpg,one_middle_left,three_middle_right,widespread,certainty,,,,,,,,,0,183,183,164,2005.26032,2005.459698,c,1,0.7172771,2005.26032,None,-0.000925926,0.025,1,0,0,1.3279675,polygon,2002.443796,None,TRUE,0.72962963,0.065740741,1,0,0,6.6882631,three_middle_right,2007.055343,None,12,1,2021_Nov_23_0836,untitled_1,2020.2.6,None
כחול,green,x,0,Image_certainty//image35_alemnt8.jpg,8.jpg,two_down_left,one_up_right,widespread,certainty,,,,,,,,,0,184,184,35,2016.591935,2016.792003,x,1,0.4861944,2016.591935,None,0,0.006481481,1,0,0,0.88109,polygon,2014.20897,None,TRUE,0.341666667,0.174074074,1,0,0,8.3211765,one_up_right,2018.172085,None,12,1,2021_Nov_23_0836,untitled_1,2020.2.6,None
ירוק,blue,c,0,Image_certainty//image75_alemnt11.jpg,11.jpg,two_up_left,one_middle_right,widespread,certainty,,,,,,,,,0,185,185,75,2030.940385,2031.140195,c,1,0.7941676,2030.940385,None,0.012037037,-0.009259259,1,0,0,0.6981902,polygon,2026.940611,None,TRUE,0.392592593,-0.02037037,1,0,0,1.6200395,one_middle_right,2032.81143,None,12,1,2021_Nov_23_0836,untitled_1,2020.2.6,None
ירוק,blue,c,0,Image_certainty//image99_alemnt10.jpg,10.jpg,three_middle_left,one_middle_right,widespread,certainty,,,,,,,,,0,186,186,99,2037.506194,2037.705845,c,1,0.6699853,2037.506194,None,0.003703704,-0.011111111,1,0,0,1.1319869,polygon,2034.872918,None,TRUE,0.441666667,-0.019444444,1,0,0,1.4039864,one_middle_right,2039.258285,None,12,1,2021_Nov_23_0836,untitled_1,2020.2.6,None
ירוק,red,z,0,Image_certainty//image56_alemnt11.jpg,11.jpg,three_middle_left,two_up_right,widespread,certainty,,,,,,,,,0,187,187,56,2043.50547,2043.705156,z,1,0.7157286,2043.50547,None,-0.005555556,-0.002777778,1,0,0,0.8962068,polygon,2041.105468,None,TRUE,0.568518519,0.197222222,1,0,0,7.3041049,two_up_right,2045.305411,None,12,1,2021_Nov_23_0836,untitled_1,2020.2.6,None
כחול,blue,c,1,Image_certainty//image128_alemnt13.jpg,13.jpg,two_up_left,three_middle_right,widespread,certainty,,,,,,,,,0,188,188,128,2055.503919,2055.703501,c,1,0.5202692,2055.503919,None,-0.001851852,0.001851852,1,0,0,0.966024,polygon,2053.036771,None,TRUE,0.727777778,0.046296296,1,0,0,3.6059112,three_middle_right,2057.105344,None,12,1,2021_Nov_23_0836,untitled_1,2020.2.6,None
ירוק,green,x,1,Image_certainty//image178_alemnt8.jpg,8.jpg,two_up_left,one_up_right,widespread,certainty,,,,,,,,,0,189,189,178,2067.885579,2068.085473,x,1,0.6268888,2067.885579,None,0.013888889,-0.012037037,1,0,0,1.046248,polygon,2061.169197,None,TRUE,0.001851852,0.006481481,1,0,0,0.8050378,one_up_right,2069.581777,None,12,1,2021_Nov_23_0836,untitled_1,2020.2.6,None
כחול,blue,c,1,Image_certainty//image182_alemnt9.jpg,9.jpg,one_up_left,two_middle_right,widespread,certainty,,,,,,,,,0,190,190,182,2079.684145,2079.883314,c,1,0.6415597,2079.684145,None,0.001851852,0.012037037,1,0,0,2.9507956,polygon,2075.234345,None,TRUE,0.575,-0.042592593,1,0,0,2.7177659,two_middle_right,2081.42792,None,12,1,2021_Nov_23_0836,untitled_1,2020.2.6,None
כחול,green,x,0,Image_certainty//image77_alemnt10.jpg,10.jpg,one_middle_left,two_up_right,widespread,certainty,,,,,,,,,0,191,191,77,2087.366537,2087.566198,x,1,0.5724536,2087.366537,None,-0.000925926,0.006481481,1,0,0,1.2970776,polygon,2084.566468,None,TRUE,0.598148148,0.192592593,1,0,0,6.2060407,two_up_right,2089.040589,None,12,1,2021_Nov_23_0836,untitled_1,2020.2.6,None
אדום,red,z,1,Image_certainty//image120_alemnt12.jpg,12.jpg,two_up_left,two_up_right,widespread,certainty,,,,,,,,,0,192,192,120,2098.398165,2098.597828,z,1,0.5674347,2098.398165,None,0.001851852,0.005555556,1,0,0,1.2144222,polygon,2095.681764,None,TRUE,0.612037037,0.20462963,1,0,0,2.4554749,two_up_right,2100.040788,None,12,1,2021_Nov_23_0836,untitled_1,2020.2.6,None
אדום,blue,c,0,Image_certainty//image49_alemnt11.jpg,11.jpg,three_middle_left,two_middle_right,widespread,certainty,,,,,,,,,0,193,193,49,2105.664132,2105.863938,c,1,0.6286703,2105.664132,None,0.001851852,0.006481481,1,0,0,1.2146951,polygon,2102.947289,None,TRUE,0.55462963,-0.025,1,0,0,4.7700255,two_middle_right,2107.357325,None,12,1,2021_Nov_23_0836,untitled_1,2020.2.6,None
ירוק,red,z,0,Image_certainty//image2_alemnt4.jpg,4.jpg,one_down_left,two_down_right,infrequent,certainty,,,,,,,,,0,194,194,2,2115.32937,2115.529017,z,1,0.4065786,2115.32937,None,0.003703704,0.003703704,1,0,0,1.2300715,polygon,2112.596165,None,TRUE,0.781481481,-0.224074074,1,0,0,6.3870223,two_down_right,2116.806096,None,12,1,2021_Nov_23_0836,untitled_1,2020.2.6,None
כחול,green,x,0,Image_certainty//image71_alemnt12.jpg,12.jpg,three_middle_left,two_down_right,widespread,certainty,,,,,,,,,0,195,195,71,2126.028053,2126.227435,x,1,0.5603258,2126.028053,None,0,0.002777778,1,0,0,0.8676712,polygon,2123.661425,None,TRUE,0.733333333,-0.211111111,1,0,0,2.6865574,two_down_right,2127.670797,None,12,1,2021_Nov_23_0836,untitled_1,2020.2.6,None
כחול,blue,c,1,Image_certainty//image155_alemnt11.jpg,11.jpg,one_up_left,two_middle_right,widespread,certainty,,,,,,,,,0,196,196,155,2134.660439,2134.860123,c,1,0.7069786,2134.660439,None,-0.006481481,-0.010185185,1,0,0,1.2149169,polygon,2130.793607,None,TRUE,0.547222222,-0.07037037,1,0,0,4.3693852,two_middle_right,2136.42778,None,12,1,2021_Nov_23_0836,untitled_1,2020.2.6,None
אדום,red,z,1,Image_certainty//image126_alemnt9.jpg,9.jpg,two_down_left,one_middle_right,widespread,certainty,,,,,,,,,0,197,197,126,2144.424996,2144.624579,z,1,0.5171809,2144.424996,None,-0.012037037,0.012037037,1,0,0,0.9155568,polygon,2141.258319,None,TRUE,0.384259259,-0.019444444,1,0,0,1.8544222,one_middle_right,2145.980956,None,12,1,2021_Nov_23_0836,untitled_1,2020.2.6,None
כחול,blue,c,1,Image_certainty//image143_alemnt9.jpg,9.jpg,two_down_left,one_middle_right,widespread,certainty,,,,,,,,,0,198,198,143,2150.790744,2150.990433,c,1,0.6078232,2150.790744,None,-0.005555556,0.000925926,1,0,0,0.9976362,polygon,2148.307712,None,TRUE,0.422222222,-0.021296296,1,0,0,8.0362286,one_middle_right,2152.44311,None,12,1,2021_Nov_23_0836,untitled_1,2020.2.6,None
כחול,blue,c,1,Image_certainty//image122_alemnt14.jpg,14.jpg,one_down_left,two_up_right,widespread,certainty,,,,,,,,,0,199,199,122,2163.422518,2163.622268,c,1,0.5707366,2163.422518,None,0.00462963,0,1,0,0,0.9820767,polygon,2160.955816,None,TRUE,0.600925926,0.22037037,1,0,0,4.2035447,two_up_right,2165.047934,None,12,1,2021_Nov_23_0836,untitled_1,2020.2.6,None
