﻿word,letterColor,corrAns,congruent,imageTrain,true_shaps,corrAnsLeft,corrAnsRight,common,experiment,stroop_loop.thisRepN,stroop_loop.thisTrialN,stroop_loop.thisN,stroop_loop.thisIndex,trail_certaninty.thisRepN,trail_certaninty.thisTrialN,trail_certaninty.thisN,trail_certaninty.thisIndex,test_certaincy.thisRepN,test_certaincy.thisTrialN,test_certaincy.thisN,test_certaincy.thisIndex,stroop_text.started,stroop_text.stopped,stroop_anser.keys,stroop_anser.corr,stroop_anser.started,stroop_anser.stopped,stroop_anser.rt,test_fixability_certity.x,test_fixability_certity.y,test_fixability_certity.leftButton,test_fixability_certity.midButton,test_fixability_certity.rightButton,test_fixability_certity.time,test_fixability_certity.clicked_name,test_fixability_certity.started,test_fixability_certity.stopped,test_certainty_mouse.started,test_certainty_mouse.stopped,test_certainty_anser_currect,test_certainty_mouse.x,test_certainty_mouse.y,test_certainty_mouse.leftButton,test_certainty_mouse.midButton,test_certainty_mouse.rightButton,test_certainty_anser_time,test_certainty_mouse.clicked_name,participant,session,date,expName,psychopyVersion,frameRate
כחול,blue,c,1,,,,,,,0,0,0,4,,,,,,,,,65.5226739,65.7223935,None,0,65.5226739,None,,,,,,,,,,,,,,,,,,,,,13,1,2021_Nov_23_0832,untitled_1,2020.2.6,59.98613121
אדום,green,x,0,,,,,,,0,1,1,1,,,,,,,,,71.18847,71.3882633,x,1,71.18847,None,0.8561116,,,,,,,,,,,,,,,,,,,,13,1,2021_Nov_23_0832,untitled_1,2020.2.6,59.98613121
ירוק,blue,c,0,,,,,,,0,2,2,3,,,,,,,,,76.6375278,76.8373773,None,0,76.6375278,None,,,,,,,,,,,,,,,,,,,,,13,1,2021_Nov_23_0832,untitled_1,2020.2.6,59.98613121
כחול,red,z,0,,,,,,,0,3,3,5,,,,,,,,,82.3537448,82.5535446,z,1,82.3537448,None,0.6344775,,,,,,,,,,,,,,,,,,,,13,1,2021_Nov_23_0832,untitled_1,2020.2.6,59.98613121
ירוק,green,x,1,,,,,,,0,4,4,2,,,,,,,,,87.5692585,87.7692544,x,1,87.5692585,None,0.5468955,,,,,,,,,,,,,,,,,,,,13,1,2021_Nov_23_0832,untitled_1,2020.2.6,59.98613121
אדום,red,z,1,,,,,,,0,5,5,0,,,,,,,,,92.6856931,92.8851919,z,1,92.6856931,None,0.4332848,,,,,,,,,,,,,,,,,,,,13,1,2021_Nov_23_0832,untitled_1,2020.2.6,59.98613121
כחול,blue,c,1,,,,,,,1,0,6,4,,,,,,,,,97.7017614,97.9015733,c,1,97.7017614,None,0.4361474,,,,,,,,,,,,,,,,,,,,13,1,2021_Nov_23_0832,untitled_1,2020.2.6,59.98613121
ירוק,green,x,1,,,,,,,1,1,7,2,,,,,,,,,102.7177727,102.9174644,x,1,102.7177727,None,0.5261488,,,,,,,,,,,,,,,,,,,,13,1,2021_Nov_23_0832,untitled_1,2020.2.6,59.98613121
כחול,red,z,0,,,,,,,1,2,8,5,,,,,,,,,107.7837901,107.9834487,z,1,107.7837901,None,0.3597506,,,,,,,,,,,,,,,,,,,,13,1,2021_Nov_23_0832,untitled_1,2020.2.6,59.98613121
אדום,green,x,0,,,,,,,1,3,9,1,,,,,,,,,112.716457,112.9162942,x,1,112.716457,None,0.4288795,,,,,,,,,,,,,,,,,,,,13,1,2021_Nov_23_0832,untitled_1,2020.2.6,59.98613121
ירוק,blue,c,0,,,,,,,1,4,10,3,,,,,,,,,117.6824682,117.8818858,c,1,117.6824682,None,0.7732263,,,,,,,,,,,,,,,,,,,,13,1,2021_Nov_23_0832,untitled_1,2020.2.6,59.98613121
אדום,red,z,1,,,,,,,1,5,11,0,,,,,,,,,123.0151672,123.2150014,x,0,123.0151672,None,0.5428072,,,,,,,,,,,,,,,,,,,,13,1,2021_Nov_23_0832,untitled_1,2020.2.6,59.98613121
ירוק,blue,c,0,,,,,,,2,0,12,3,,,,,,,,,128.1311308,128.330917,c,1,128.1311308,None,0.8044418,,,,,,,,,,,,,,,,,,,,13,1,2021_Nov_23_0832,untitled_1,2020.2.6,59.98613121
אדום,green,x,0,,,,,,,2,1,13,1,,,,,,,,,133.5137817,133.713479,x,1,133.5137817,None,0.6024185,,,,,,,,,,,,,,,,,,,,13,1,2021_Nov_23_0832,untitled_1,2020.2.6,59.98613121
כחול,red,z,0,,,,,,,2,2,14,5,,,,,,,,,138.6798996,138.8796211,z,1,138.6798996,None,0.4776439,,,,,,,,,,,,,,,,,,,,13,1,2021_Nov_23_0832,untitled_1,2020.2.6,59.98613121
ירוק,green,x,1,,,,,,,2,3,15,2,,,,,,,,,143.7290516,143.9289044,c,0,143.7290516,None,0.7972363,,,,,,,,,,,,,,,,,,,,13,1,2021_Nov_23_0832,untitled_1,2020.2.6,59.98613121
אדום,red,z,1,,,,,,,2,4,16,0,,,,,,,,,149.0951614,149.2949543,z,1,149.0951614,None,0.5772411,,,,,,,,,,,,,,,,,,,,13,1,2021_Nov_23_0832,untitled_1,2020.2.6,59.98613121
כחול,blue,c,1,,,,,,,2,5,17,4,,,,,,,,,154.2279096,154.4276152,c,1,154.2279096,None,0.8323441,,,,,,,,,,,,,,,,,,,,13,1,2021_Nov_23_0832,untitled_1,2020.2.6,59.98613121
ירוק,red,z,0,train_Image_certainty//image8_alemnt8.jpg,8.jpg,two_down_left,two_middle_right,widespread,train_certainty,,,,,0,0,0,7,,,,,299.4922683,299.6918509,z,1,299.4922683,None,0.9916954,-0.011111111,0.012037037,1,0,0,2.0245691,polygon,294.680843,None,302.6360717,311.593541,,,,,,,,,13,1,2021_Nov_23_0832,untitled_1,2020.2.6,59.98613121
ירוק,blue,c,0,train_Image_certainty//image3_alemnt3.jpg,3.jpg,two_down_left,three_middle_right,widespread,train_certainty,,,,,0,1,1,2,,,,,318.6898135,318.8896768,c,1,318.6898135,None,0.562462,-0.000925926,0.000925926,1,0,0,3.0306974,polygon,314.1568359,None,321.3499421,None,TRUE,0.737962963,0.071296296,1,0,0,4.1524879,three_middle_right,13,1,2021_Nov_23_0832,untitled_1,2020.2.6,59.98613121
אדום,blue,c,0,train_Image_certainty//image7_alemnt7.jpg,7.jpg,one_middle_left,one_up_right,widespread,train_certainty,,,,,0,2,2,6,,,,,331.8216033,332.0212723,c,1,331.8216033,None,0.6153459,-0.001851852,0.001851852,1,0,0,2.3636401,polygon,327.9716779,None,334.5457675,None,TRUE,0.371296296,0.167592593,1,0,0,3.4536818,one_up_right,13,1,2021_Nov_23_0832,untitled_1,2020.2.6,59.98613121
ירוק,red,z,0,train_Image_certainty//image2_alemnt2.jpg,2.jpg,two_down_left,three_middle_right,widespread,train_certainty,,,,,0,3,3,1,,,,,342.6368545,342.8366113,z,1,342.6368545,None,0.7425018,-0.005555556,0.002777778,1,0,0,0.6690468,polygon,340.4699112,None,345.4808047,None,TRUE,0.756481481,0.07962963,1,0,0,4.837149,three_middle_right,13,1,2021_Nov_23_0832,untitled_1,2020.2.6,59.98613121
אדום,green,x,0,train_Image_certainty//image6_alemnt6.jpg,6.jpg,one_middle_left,two_up_right,widespread,train_certainty,,,,,0,4,4,5,,,,,357.6849587,357.8846366,x,1,357.6849587,None,0.5509932,0.005555556,0.008333333,1,0,0,1.2357525,polygon,352.8018605,None,360.3407877,369.3356055,,,,,,,,,13,1,2021_Nov_23_0832,untitled_1,2020.2.6,59.98613121
אדום,red,z,1,train_Image_certainty//image15_alemnt1.jpg,1.jpg,one_up_left,one_middle_right,infrequent,train_certainty,,,,,0,5,5,14,,,,,376.865782,377.0654632,z,1,376.865782,None,0.4649994,0.003703704,0.001851852,1,0,0,3.5172151,polygon,371.8486,None,379.4373888,None,TRUE,,,,,,,,13,1,2021_Nov_23_0832,untitled_1,2020.2.6,59.98613121
ירוק,green,x,1,train_Image_certainty//image13_alemnt13.jpg,13.jpg,two_up_left,one_up_right,widespread,train_certainty,,,,,0,6,6,12,,,,,388.647571,388.8473153,x,1,388.647571,None,0.4919462,0,0.00462963,1,0,0,1.8489877,polygon,385.2976669,None,391.2284558,None,TRUE,0.356481481,0.199074074,1,0,0,2.4029706,one_up_right,13,1,2021_Nov_23_0832,untitled_1,2020.2.6,59.98613121
כחול,red,z,0,train_Image_certainty//image4_alemnt4.jpg,4.jpg,two_middle_left,two_up_right,widespread,train_certainty,,,,,0,7,7,3,,,,,399.2128206,399.4125326,z,1,399.2128206,None,0.5333526,0.005555556,0.00462963,1,0,0,1.6000129,polygon,396.1125251,None,401.8455502,None,TRUE,0.588888889,0.19537037,1,0,0,4.2709707,two_up_right,13,1,2021_Nov_23_0832,untitled_1,2020.2.6,59.98613121
ירוק,blue,c,0,train_Image_certainty//image9_alemnt9.jpg,9.jpg,two_up_left,one_middle_right,widespread,train_certainty,,,,,0,8,8,8,,,,,411.8945264,412.0945253,c,1,411.8945264,None,0.8969006,-0.008333333,0.011111111,1,0,0,0.6989327,polygon,408.5945834,None,414.8971559,423.8788229,,,,,,,,,13,1,2021_Nov_23_0832,untitled_1,2020.2.6,59.98613121
כחול,blue,c,1,train_Image_certainty//image14_alemnt14.jpg,14.jpg,three_middle_left,one_middle_right,widespread,train_certainty,,,,,0,9,9,13,,,,,429.5258208,429.725381,c,1,429.5258208,None,0.7920898,-0.003703704,0,1,0,0,1.5986025,polygon,426.4257102,None,432.4233881,None,TRUE,,,,,,,,13,1,2021_Nov_23_0832,untitled_1,2020.2.6,59.98613121
אדום,red,z,1,train_Image_certainty//image12_alemnt12.jpg,12.jpg,one_down_left,one_up_right,widespread,train_certainty,,,,,0,10,10,11,,,,,440.3410431,440.5403083,z,1,440.3410431,None,0.5119805,-0.002777778,0.002777778,1,0,0,0.9317885,polygon,437.9240618,None,442.9413776,None,TRUE,0.350925926,0.178703704,1,0,0,1.8700033,one_up_right,13,1,2021_Nov_23_0832,untitled_1,2020.2.6,59.98613121
ירוק,green,x,1,train_Image_certainty//image10_alemnt10.jpg,10.jpg,two_up_left,three_middle_right,widespread,train_certainty,,,,,0,11,11,9,,,,,449.4563191,449.6558549,x,1,449.4563191,None,0.8887475,-0.001851852,0.017592593,1,0,0,0.6671002,polygon,447.2895022,None,452.4434605,None,TRUE,0.736111111,0.05,1,0,0,2.0880107,three_middle_right,13,1,2021_Nov_23_0832,untitled_1,2020.2.6,59.98613121
כחול,green,x,0,train_Image_certainty//image5_alemnt5.jpg,5.jpg,one_middle_left,three_middle_right,widespread,train_certainty,,,,,0,12,12,4,,,,,459.7049327,459.9046143,x,1,459.7049327,None,0.5930819,0.001851852,-0.000925926,1,0,0,1.1814863,polygon,457.021371,None,462.4003437,None,TRUE,,,,,,,,13,1,2021_Nov_23_0832,untitled_1,2020.2.6,59.98613121
אדום,blue,c,0,train_Image_certainty//image1_alemnt1.jpg,1.jpg,two_middle_left,one_down_right,widespread,train_certainty,,,,,0,13,13,0,,,,,470.503482,470.7032818,c,1,470.503482,None,0.6029493,0.002777778,0.006481481,1,0,0,0.9358468,polygon,468.069623,None,473.2029401,None,TRUE,0.440740741,-0.224074074,1,0,0,2.9205724,one_down_right,13,1,2021_Nov_23_0832,untitled_1,2020.2.6,59.98613121
כחול,blue,c,1,train_Image_certainty//image11_alemnt11.jpg,11.jpg,two_down_left,one_down_right,widespread,train_certainty,,,,,0,14,14,10,,,,,481.7009607,481.900696,c,1,481.7009607,None,0.5986817,0,-0.000925926,1,0,0,1.6165515,polygon,478.600916,None,484.3595037,None,TRUE,0.434259259,-0.248148148,1,0,0,3.4694315,one_down_right,13,1,2021_Nov_23_0832,untitled_1,2020.2.6,59.98613121
ירוק,blue,c,0,Image_certainty//image93_alemnt14.jpg,14.jpg,one_down_left,one_middle_right,widespread,certainty,,,,,,,,,0,0,0,93,525.3630523,525.5628768,c,1,525.3630523,None,0.7387654,0,0.006481481,1,0,0,1.3469824,polygon,522.512331,None,527.1726335,536.1643163,,,,,,,,,13,1,2021_Nov_23_0832,untitled_1,2020.2.6,59.98613121
ירוק,blue,c,0,Image_certainty//image45_alemnt9.jpg,9.jpg,one_down_left,three_middle_right,widespread,certainty,,,,,,,,,0,1,1,45,539.6611367,539.8609,c,1,539.6611367,None,0.8546678,-0.001851852,0.001851852,1,0,0,1.4815971,polygon,536.677727,None,541.6023788,None,TRUE,0.726851852,0.076851852,1,0,0,7.0840252,three_middle_right,13,1,2021_Nov_23_0832,untitled_1,2020.2.6,59.98613121
ירוק,blue,c,0,Image_certainty//image75_alemnt11.jpg,11.jpg,two_up_left,one_middle_right,widespread,certainty,,,,,,,,,0,2,2,75,555.3756425,555.5757951,c,1,555.3756425,None,0.4907608,0.006481481,0.006481481,1,0,0,1.8314891,polygon,549.1261913,None,556.960494,None,TRUE,0.382407407,-0.02962963,1,0,0,7.4520672,one_middle_right,13,1,2021_Nov_23_0832,untitled_1,2020.2.6,59.98613121
אדום,blue,c,0,Image_certainty//image91_alemnt8.jpg,8.jpg,two_up_left,one_up_right,widespread,certainty,,,,,,,,,0,3,3,91,567.9908261,568.1906599,c,1,567.9908261,None,0.410927,0.002777778,-0.000925926,1,0,0,1.6506647,polygon,564.8411181,None,569.4839877,None,TRUE,0.375925926,0.2,1,0,0,2.2032502,one_up_right,13,1,2021_Nov_23_0832,untitled_1,2020.2.6,59.98613121
ירוק,green,x,1,Image_certainty//image151_alemnt13.jpg,13.jpg,two_middle_left,one_down_right,widespread,certainty,,,,,,,,,0,4,4,151,576.5733188,576.7729204,x,1,576.5733188,None,0.7650072,0.001851852,0.007407407,1,0,0,2.9488249,polygon,572.1234805,None,578.3972833,None,TRUE,0.435185185,-0.234259259,1,0,0,4.070046,one_down_right,13,1,2021_Nov_23_0832,untitled_1,2020.2.6,59.98613121
אדום,blue,c,0,Image_certainty//image97_alemnt8.jpg,8.jpg,one_middle_left,three_middle_right,widespread,certainty,,,,,,,,,0,5,5,97,586.1720166,586.3716903,c,1,586.1720166,None,0.9072097,0.005555556,0,1,0,0,1.7307371,polygon,582.938764,None,588.1697018,None,TRUE,0.723148148,0.051851852,1,0,0,6.1335966,three_middle_right,13,1,2021_Nov_23_0832,untitled_1,2020.2.6,59.98613121
כחול,green,x,0,Image_certainty//image29_alemnt13.jpg,13.jpg,one_middle_left,one_up_right,widespread,certainty,,,,,,,,,0,6,6,29,598.2871091,598.4868642,x,1,598.2871091,None,0.7731871,0.002777778,0.005555556,1,0,0,2.0504167,polygon,594.7369438,None,600.1254745,None,TRUE,0.344444444,0.183333333,1,0,0,2.5400374,one_up_right,13,1,2021_Nov_23_0832,untitled_1,2020.2.6,59.98613121
אדום,blue,c,0,Image_certainty//image13_alemnt2.jpg,2.jpg,two_up_left,one_down_right,infrequent,certainty,,,,,,,,,0,7,7,13,606.7027015,606.902412,c,1,606.7027015,None,0.4083808,0,0.006481481,1,0,0,2.0656804,polygon,603.1360895,None,608.1769025,None,TRUE,0.451851852,-0.212962963,1,0,0,4.0881923,one_down_right,13,1,2021_Nov_23_0832,untitled_1,2020.2.6,59.98613121
אדום,red,z,1,Image_certainty//image105_alemnt7.jpg,7.jpg,one_middle_left,one_up_right,infrequent,certainty,,,,,,,,,0,8,8,105,617.0680051,617.2677298,z,1,617.0680051,None,0.7209781,-0.006481481,0.007407407,1,0,0,1.2151044,polygon,612.7181871,None,618.8754067,None,TRUE,0.358333333,0.224074074,1,0,0,8.6852764,one_up_right,13,1,2021_Nov_23_0832,untitled_1,2020.2.6,59.98613121
אדום,red,z,1,Image_certainty//image153_alemnt9.jpg,9.jpg,three_middle_left,two_middle_right,widespread,certainty,,,,,,,,,0,9,9,153,631.3494056,631.5490805,z,1,631.3494056,None,0.6006321,0.000925926,0.002777778,1,0,0,1.8495021,polygon,627.9993787,None,633.0205863,None,TRUE,0.546296296,-0.038888889,1,0,0,2.6055659,two_middle_right,13,1,2021_Nov_23_0832,untitled_1,2020.2.6,59.98613121
אדום,red,z,1,Image_certainty//image123_alemnt13.jpg,13.jpg,one_up_left,one_down_right,widespread,certainty,,,,,,,,,0,10,10,123,639.398452,639.5977669,z,1,639.398452,None,0.6130447,0.008333333,0,1,0,0,1.8292499,polygon,636.0818838,None,641.0810278,650.0660424,,,,,,,,,13,1,2021_Nov_23_0832,untitled_1,2020.2.6,59.98613121
אדום,blue,c,0,Image_certainty//image55_alemnt12.jpg,12.jpg,three_middle_left,one_middle_right,widespread,certainty,,,,,,,,,0,11,11,55,653.9799467,654.1796163,c,1,653.9799467,None,0.5574263,-0.001851852,0.003703704,1,0,0,1.8989659,polygon,650.5797966,None,655.6120981,664.5975378,,,,,,,,,13,1,2021_Nov_23_0832,untitled_1,2020.2.6,59.98613121
אדום,green,x,0,Image_certainty//image60_alemnt13.jpg,13.jpg,one_middle_left,two_up_right,widespread,certainty,,,,,,,,,0,12,12,60,667.994704,668.1943494,x,1,667.994704,None,0.4192454,-0.000925926,0.002777778,1,0,0,1.381059,polygon,665.1112873,None,669.5131528,None,TRUE,0.580555556,0.205555556,1,0,0,3.7371162,two_up_right,13,1,2021_Nov_23_0832,untitled_1,2020.2.6,59.98613121
אדום,green,x,0,Image_certainty//image72_alemnt9.jpg,9.jpg,one_middle_left,two_down_right,widespread,certainty,,,,,,,,,0,13,13,72,677.6766314,677.8599244,x,1,677.6766314,None,0.5745967,-0.006481481,0.007407407,1,0,0,1.1810472,polygon,673.6768554,None,679.320271,None,TRUE,0.724074074,-0.225925926,1,0,0,3.4201609,two_down_right,13,1,2021_Nov_23_0832,untitled_1,2020.2.6,59.98613121
אדום,green,x,0,Image_certainty//image30_alemnt10.jpg,10.jpg,two_down_left,three_middle_right,widespread,certainty,,,,,,,,,0,14,14,30,686.6590509,686.8585445,x,1,686.6590509,None,0.5406483,0.000925926,0.001851852,1,0,0,1.9685741,polygon,683.1924758,None,688.2885048,697.2766703,,,,,,,,,13,1,2021_Nov_23_0832,untitled_1,2020.2.6,59.98613121
אדום,green,x,0,Image_certainty//image78_alemnt10.jpg,10.jpg,one_middle_left,two_up_right,widespread,certainty,,,,,,,,,0,15,15,78,700.7738735,700.9735376,x,1,700.7738735,None,0.5464916,-0.001851852,-0.005555556,1,0,0,1.485879,polygon,697.7902822,None,702.3814772,None,TRUE,0.586111111,0.196296296,1,0,0,3.0710541,two_up_right,13,1,2021_Nov_23_0832,untitled_1,2020.2.6,59.98613121
אדום,green,x,0,Image_certainty//image90_alemnt12.jpg,12.jpg,three_middle_left,two_up_right,widespread,certainty,,,,,,,,,0,16,16,90,708.5394156,708.7389478,x,1,708.5394156,None,0.6223372,-0.001851852,0.015740741,1,0,0,1.1361254,polygon,705.9061119,None,710.2291126,None,TRUE,0.584259259,0.200925926,1,0,0,2.1362556,two_up_right,13,1,2021_Nov_23_0832,untitled_1,2020.2.6,59.98613121
כחול,green,x,0,Image_certainty//image77_alemnt10.jpg,10.jpg,one_middle_left,two_up_right,widespread,certainty,,,,,,,,,0,17,17,77,716.0218929,716.2216291,x,1,716.0218929,None,0.805535,0.000925926,0.001851852,1,0,0,1.6988855,polygon,712.8218968,None,717.9208406,None,TRUE,-0.711111111,-0.025,1,0,0,7.5525158,one_middle_left,13,1,2021_Nov_23_0832,untitled_1,2020.2.6,59.98613121
כחול,green,x,0,Image_certainty//image41_alemnt12.jpg,12.jpg,two_up_left,one_up_right,widespread,certainty,,,,,,,,,0,18,18,41,729.436877,729.6366274,x,1,729.436877,None,0.4913449,-0.008333333,0.000925926,1,0,0,2.0311722,polygon,725.9032879,None,731.0116402,None,TRUE,0.359259259,0.199074074,1,0,0,3.0219125,one_up_right,13,1,2021_Nov_23_0832,untitled_1,2020.2.6,59.98613121
ירוק,blue,c,0,Image_certainty//image99_alemnt10.jpg,10.jpg,three_middle_left,one_middle_right,widespread,certainty,,,,,,,,,0,19,19,99,737.5024252,737.701967,c,1,737.5024252,None,0.6528135,-0.00462963,0.002777778,1,0,0,1.5158167,polygon,734.4858171,None,739.2366538,None,TRUE,0.432407407,-0.003703704,1,0,0,2.6559237,one_middle_right,13,1,2021_Nov_23_0832,untitled_1,2020.2.6,59.98613121
ירוק,green,x,1,Image_certainty//image172_alemnt8.jpg,8.jpg,two_middle_left,two_down_right,widespread,certainty,,,,,,,,,0,20,20,172,745.0012992,745.2011153,x,1,745.0012992,None,0.5550738,-0.000925926,0.009259259,1,0,0,1.1477373,polygon,742.3511563,None,746.6477201,None,TRUE,-0.543518519,-0.068518519,1,0,0,4.9346639,two_middle_left,13,1,2021_Nov_23_0832,untitled_1,2020.2.6,59.98613121
כחול,blue,c,1,Image_certainty//image167_alemnt8.jpg,8.jpg,two_down_left,one_middle_right,widespread,certainty,,,,,,,,,0,21,21,167,754.9500397,755.1496591,c,1,754.9500397,None,0.7286094,-0.009259259,-0.002777778,1,0,0,1.4312701,polygon,752.0169102,None,756.7625239,None,TRUE,-0.4,-0.213888889,1,0,0,7.0051467,two_down_left,13,1,2021_Nov_23_0832,untitled_1,2020.2.6,59.98613121
כחול,blue,c,1,Image_certainty//image158_alemnt11.jpg,11.jpg,one_up_left,two_down_right,widespread,certainty,,,,,,,,,0,22,22,158,767.3318158,767.5316567,c,1,767.3318158,None,0.6055224,-0.005555556,0.003703704,1,0,0,1.6145161,polygon,764.2153229,None,769.0208731,None,TRUE,-0.748148148,0.190740741,1,0,0,3.4192836,one_up_left,13,1,2021_Nov_23_0832,untitled_1,2020.2.6,59.98613121
אדום,red,z,1,Image_certainty//image141_alemnt11.jpg,11.jpg,two_down_left,three_middle_right,widespread,certainty,,,,,,,,,0,23,23,141,776.0474882,776.2469436,z,1,776.0474882,None,0.4101678,0.000925926,0.006481481,1,0,0,1.6633726,polygon,772.8807498,None,777.5381091,None,TRUE,-0.398148148,-0.237962963,1,0,0,7.2039302,two_down_left,13,1,2021_Nov_23_0832,untitled_1,2020.2.6,59.98613121
כחול,blue,c,1,Image_certainty//image188_alemnt9.jpg,9.jpg,two_up_left,two_down_right,widespread,certainty,,,,,,,,,0,24,24,188,787.9792199,788.1790257,c,1,787.9792199,None,0.7885871,0.000925926,-0.00462963,1,0,0,1.2811068,polygon,785.195968,None,789.8544145,None,TRUE,-0.510185185,0.225,1,0,0,4.6370841,two_up_left,13,1,2021_Nov_23_0832,untitled_1,2020.2.6,59.98613121
כחול,green,x,0,Image_certainty//image53_alemnt12.jpg,12.jpg,two_down_left,two_middle_right,widespread,certainty,,,,,,,,,0,25,25,53,797.4608053,797.6607278,x,1,797.4608053,None,0.7564898,-0.000925926,0.003703704,1,0,0,1.0295081,polygon,794.9443377,None,799.3120961,None,TRUE,-0.386111111,-0.216666667,1,0,0,8.3728991,two_down_left,13,1,2021_Nov_23_0832,untitled_1,2020.2.6,59.98613121
כחול,red,z,0,Image_certainty//image4_alemnt2.jpg,2.jpg,two_middle_left,two_middle_right,infrequent,certainty,,,,,,,,,0,26,26,4,810.9261138,811.1258396,z,1,810.9261138,None,0.5984069,0.001851852,0.001851852,1,0,0,1.2977303,polygon,808.1263157,None,812.5849379,None,TRUE,,,,,,,,13,1,2021_Nov_23_0832,untitled_1,2020.2.6,59.98613121
אדום,green,x,0,Image_certainty//image12_alemnt1.jpg,1.jpg,one_up_left,two_up_right,infrequent,certainty,,,,,,,,,0,27,27,12,820.0084644,820.2080636,x,1,820.0084644,None,0.6931544,-0.009259259,0.000925926,1,0,0,1.0633778,polygon,817.4414445,None,821.7684183,None,TRUE,-0.749074074,0.186111111,1,0,0,2.0384174,one_up_left,13,1,2021_Nov_23_0832,untitled_1,2020.2.6,59.98613121
כחול,green,x,0,Image_certainty//image35_alemnt8.jpg,8.jpg,two_down_left,one_up_right,widespread,certainty,,,,,,,,,0,28,28,35,826.7408701,826.940525,x,1,826.7408701,None,0.6424646,-0.000925926,0.013888889,1,0,0,0.9695531,polygon,824.2739221,None,828.448501,None,TRUE,-0.371296296,-0.250925926,1,0,0,7.6218383,two_down_left,13,1,2021_Nov_23_0832,untitled_1,2020.2.6,59.98613121
אדום,blue,c,0,Image_certainty//image67_alemnt13.jpg,13.jpg,three_middle_left,one_middle_right,widespread,certainty,,,,,,,,,0,29,29,67,839.1723732,839.3722694,c,1,839.1723732,None,0.8647425,0.001851852,0.008333333,1,0,0,1.130862,polygon,836.5389975,None,841.1087134,None,TRUE,-0.374074074,0.058333333,1,0,0,2.4388444,three_middle_left,13,1,2021_Nov_23_0832,untitled_1,2020.2.6,59.98613121
ירוק,red,z,0,Image_certainty//image74_alemnt8.jpg,8.jpg,two_up_left,three_middle_right,widespread,certainty,,,,,,,,,0,30,30,74,846.254967,846.4541564,z,1,846.254967,None,0.7984591,-0.012037037,0.00462963,1,0,0,0.7493426,polygon,844.0047795,None,848.1257703,None,TRUE,-0.513888889,0.193518519,1,0,0,1.9022245,two_up_left,13,1,2021_Nov_23_0832,untitled_1,2020.2.6,59.98613121
כחול,blue,c,1,Image_certainty//image197_alemnt11.jpg,11.jpg,two_down_left,two_middle_right,widespread,certainty,,,,,,,,,0,31,31,197,855.3038688,855.5035583,c,1,855.3038688,None,0.5804095,-0.010185185,0.006481481,1,0,0,1.3148303,polygon,850.4705978,None,856.9635388,None,TRUE,-0.373148148,-0.205555556,1,0,0,7.2050201,two_down_left,13,1,2021_Nov_23_0832,untitled_1,2020.2.6,59.98613121
אדום,blue,c,0,Image_certainty//image25_alemnt8.jpg,8.jpg,two_middle_left,one_down_right,widespread,certainty,,,,,,,,,0,32,32,25,867.2023132,867.4019914,c,1,867.2023132,None,0.7304495,0.001851852,0.007407407,1,0,0,1.0802502,polygon,864.6188162,None,868.9927366,None,TRUE,-0.562037037,-0.050925926,1,0,0,4.7886471,two_middle_left,13,1,2021_Nov_23_0832,untitled_1,2020.2.6,59.98613121
ירוק,green,x,1,Image_certainty//image193_alemnt12.jpg,12.jpg,three_middle_left,three_middle_right,widespread,certainty,,,,,,,,,0,33,33,193,876.5676519,876.767364,x,1,876.5676519,None,0.7606831,0.002777778,0.003703704,1,0,0,0.8148937,polygon,874.2511452,None,878.3908923,None,TRUE,-0.384259259,0.05,1,0,0,4.5877,three_middle_left,13,1,2021_Nov_23_0832,untitled_1,2020.2.6,59.98613121
אדום,red,z,1,Image_certainty//image186_alemnt11.jpg,11.jpg,one_down_left,two_up_right,widespread,certainty,,,,,,,,,0,34,34,186,885.7831743,885.9828448,z,1,885.7831743,None,0.7676775,-0.002777778,0.005555556,1,0,0,0.8483062,polygon,883.4333291,None,887.6075318,None,TRUE,-0.65462963,-0.219444444,1,0,0,6.8390025,one_down_left,13,1,2021_Nov_23_0832,untitled_1,2020.2.6,59.98613121
אדום,red,z,1,Image_certainty//image138_alemnt9.jpg,9.jpg,one_down_left,two_down_right,widespread,certainty,,,,,,,,,0,35,35,138,897.5479911,897.7481344,z,1,897.5479911,None,0.6125856,-0.006481481,0.000925926,1,0,0,1.1338747,polygon,894.9148245,None,899.2491162,908.2331614,,,,,,,,,13,1,2021_Nov_23_0832,untitled_1,2020.2.6,59.98613121
ירוק,green,x,1,Image_certainty//image139_alemnt10.jpg,10.jpg,two_up_left,one_middle_right,widespread,certainty,,,,,,,,,0,36,36,139,911.679745,911.8795663,x,1,911.679745,None,0.6533398,0.001851852,0.000925926,1,0,0,1.4320773,polygon,908.7466554,None,913.4010054,None,TRUE,-0.508333333,0.22037037,1,0,0,1.9559914,two_up_left,13,1,2021_Nov_23_0832,untitled_1,2020.2.6,59.98613121
ירוק,blue,c,0,Image_certainty//image57_alemnt13.jpg,13.jpg,two_down_left,two_middle_right,widespread,certainty,,,,,,,,,0,37,37,57,918.3456515,918.5453951,c,1,918.3456515,None,0.6254048,0.000925926,0.012962963,1,0,0,1.0451937,polygon,915.8120464,None,920.0493596,None,TRUE,-0.411111111,-0.227777778,1,0,0,6.6840716,two_down_left,13,1,2021_Nov_23_0832,untitled_1,2020.2.6,59.98613121
ירוק,red,z,0,Image_certainty//image32_alemnt9.jpg,9.jpg,two_up_left,one_down_right,widespread,certainty,,,,,,,,,0,38,38,32,929.5774642,929.7770732,z,1,929.5774642,None,0.6044927,-0.000925926,-0.002777778,1,0,0,0.8980477,polygon,927.1775979,None,931.2716068,None,TRUE,-0.512962963,0.205555556,1,0,0,2.0898229,two_up_left,13,1,2021_Nov_23_0832,untitled_1,2020.2.6,59.98613121
כחול,red,z,0,Image_certainty//image82_alemnt14.jpg,14.jpg,three_middle_left,two_down_right,widespread,certainty,,,,,,,,,0,39,39,82,937.6930128,937.8928487,z,1,937.6930128,None,0.6223897,0.005555556,0.012037037,1,0,0,0.8338993,polygon,933.8099537,None,939.3855446,None,TRUE,-0.37037037,0.057407407,1,0,0,3.7187262,three_middle_left,13,1,2021_Nov_23_0832,untitled_1,2020.2.6,59.98613121
אדום,green,x,0,Image_certainty//image18_alemnt4.jpg,4.jpg,three_middle_left,one_down_right,infrequent,certainty,,,,,,,,,0,40,40,18,946.1088585,946.3085467,x,1,946.1088585,None,0.83999,-0.007407407,-0.000925926,1,0,0,1.0476184,polygon,943.5586142,None,948.015919,None,TRUE,-0.351851852,0.064814815,1,0,0,3.6379988,three_middle_left,13,1,2021_Nov_23_0832,untitled_1,2020.2.6,59.98613121
ירוק,red,z,0,Image_certainty//image26_alemnt11.jpg,11.jpg,one_middle_left,two_down_right,widespread,certainty,,,,,,,,,0,41,41,26,954.623824,954.8074139,z,1,954.623824,None,0.8012941,-0.002777778,0.001851852,1,0,0,1.0164992,polygon,952.1077075,None,956.4909969,None,TRUE,-0.724074074,-0.009259259,1,0,0,4.5535718,one_middle_left,13,1,2021_Nov_23_0832,untitled_1,2020.2.6,59.98613121
ירוק,green,x,1,Image_certainty//image169_alemnt11.jpg,11.jpg,one_middle_left,one_up_right,widespread,certainty,,,,,,,,,0,42,42,169,964.1894717,964.3892214,x,1,964.1894717,None,0.6639463,-0.001851852,0.006481481,1,0,0,1.19874,polygon,961.4898412,None,965.9181227,None,TRUE,-0.712037037,-0.012962963,1,0,0,5.8408119,one_middle_left,13,1,2021_Nov_23_0832,untitled_1,2020.2.6,59.98613121
כחול,green,x,0,Image_certainty//image59_alemnt14.jpg,14.jpg,two_down_left,one_down_right,widespread,certainty,,,,,,,,,0,43,43,59,975.0717573,975.2711171,x,1,975.0717573,None,0.649643,-0.000925926,0.002777778,1,0,0,1.3489437,polygon,972.2216394,None,976.7770724,None,TRUE,,,,,,,,13,1,2021_Nov_23_0832,untitled_1,2020.2.6,59.98613121
כחול,red,z,0,Image_certainty//image10_alemnt6.jpg,6.jpg,two_middle_left,three_middle_right,infrequent,certainty,,,,,,,,,0,44,44,10,986.9035849,987.1032588,z,1,986.9035849,None,0.654506,-0.005555556,0.006481481,1,0,0,1.183532,polygon,982.2871443,None,988.6436868,None,TRUE,-0.551851852,-0.042592593,1,0,0,6.8034293,two_middle_left,13,1,2021_Nov_23_0832,untitled_1,2020.2.6,59.98613121
אדום,red,z,1,Image_certainty//image159_alemnt13.jpg,13.jpg,one_middle_left,two_middle_right,widespread,certainty,,,,,,,,,0,45,45,159,998.6518728,998.8515508,z,1,998.6518728,None,0.6142101,-0.002777778,0.003703704,1,0,0,1.2473997,polygon,995.9018012,None,1000.339375,None,TRUE,-0.72962963,-0.005555556,1,0,0,5.8709463,one_middle_left,13,1,2021_Nov_23_0832,untitled_1,2020.2.6,59.98613121
כחול,red,z,0,Image_certainty//image76_alemnt14.jpg,14.jpg,three_middle_left,two_middle_right,widespread,certainty,,,,,,,,,0,46,46,76,1009.650606,1009.850163,z,1,1009.650606,None,0.6971032,-0.002777778,0.009259259,1,0,0,1.4842245,polygon,1006.667252,None,1011.427393,None,TRUE,-0.359259259,0.060185185,1,0,0,3.5695985,three_middle_left,13,1,2021_Nov_23_0832,untitled_1,2020.2.6,59.98613121
כחול,red,z,0,Image_certainty//image70_alemnt14.jpg,14.jpg,two_down_left,one_middle_right,widespread,certainty,,,,,,,,,0,47,47,70,1018.015834,1018.215747,z,1,1018.015834,None,0.6344659,-0.001851852,0.000925926,1,0,0,1.0849796,polygon,1015.43291,None,1019.716304,None,TRUE,-0.376851852,-0.217592593,1,0,0,3.6882155,two_down_left,13,1,2021_Nov_23_0832,untitled_1,2020.2.6,59.98613121
כחול,blue,c,1,Image_certainty//image194_alemnt11.jpg,11.jpg,three_middle_left,two_down_right,widespread,certainty,,,,,,,,,0,48,48,194,1026.848385,1027.047996,c,1,1026.848385,None,0.6292975,0,0.000925926,1,0,0,1.4654595,polygon,1023.881558,None,1028.539401,None,TRUE,-0.366666667,0.061111111,1,0,0,1.8697992,three_middle_left,13,1,2021_Nov_23_0832,untitled_1,2020.2.6,59.98613121
כחול,blue,c,1,Image_certainty//image155_alemnt11.jpg,11.jpg,one_up_left,two_middle_right,widespread,certainty,,,,,,,,,0,49,49,155,1034.447037,1034.647118,c,1,1034.447037,None,0.5045362,-0.009259259,0.006481481,1,0,0,1.0006653,polygon,1030.86397,None,1036.020727,None,TRUE,-0.749074074,0.20462963,1,0,0,6.9861216,one_up_left,13,1,2021_Nov_23_0832,untitled_1,2020.2.6,59.98613121
ירוק,blue,c,0,Image_certainty//image39_alemnt12.jpg,12.jpg,one_middle_left,one_middle_right,widespread,certainty,,,,,,,,,0,50,50,39,1046.645432,1046.845576,c,1,1046.645432,None,0.832009,-0.000925926,0.000925926,1,0,0,1.685279,polygon,1043.462539,None,1048.536403,None,TRUE,-0.722222222,-0.014814815,1,0,0,5.9343337,one_middle_left,13,1,2021_Nov_23_0832,untitled_1,2020.2.6,59.98613121
ירוק,green,x,1,Image_certainty//image160_alemnt8.jpg,8.jpg,two_down_left,two_up_right,widespread,certainty,,,,,,,,,0,51,51,160,1057.760101,1057.959829,x,1,1057.760101,None,0.7343166,-0.00462963,0.006481481,1,0,0,1.3488823,polygon,1054.926938,None,1059.573862,None,TRUE,-0.387037037,-0.262962963,1,0,0,5.3691393,two_down_left,13,1,2021_Nov_23_0832,untitled_1,2020.2.6,59.98613121
ירוק,green,x,1,Image_certainty//image100_alemnt4.jpg,4.jpg,two_down_left,one_middle_right,infrequent,certainty,,,,,,,,,0,52,52,100,1068.659162,1068.859374,x,1,1068.659162,None,0.4761127,-0.000925926,0.003703704,1,0,0,1.7657284,polygon,1065.392572,None,1070.197275,None,TRUE,0.396296296,0.002777778,1,0,0,4.236709,one_middle_right,13,1,2021_Nov_23_0832,untitled_1,2020.2.6,59.98613121
כחול,blue,c,1,Image_certainty//image176_alemnt9.jpg,9.jpg,two_middle_left,one_down_right,widespread,certainty,,,,,,,,,0,53,53,176,1077.640898,1077.840707,c,1,1077.640898,None,0.6555765,-0.00462963,0.003703704,1,0,0,1.2640381,polygon,1074.89112,None,1079.352656,1088.343642,,-0.00462963,0.003703704,1,0,0,3.45415,,13,1,2021_Nov_23_0832,untitled_1,2020.2.6,59.98613121
אדום,green,x,0,Image_certainty//image66_alemnt11.jpg,11.jpg,one_up_left,two_up_right,widespread,certainty,,,,,,,,,0,54,54,66,1092.488956,1092.68863,x,1,1092.488956,None,0.8014429,0,0.002777778,1,0,0,2.1482044,polygon,1088.855898,None,1094.343652,None,TRUE,-0.734259259,0.19537037,1,0,0,3.451484,one_up_left,13,1,2021_Nov_23_0832,untitled_1,2020.2.6,59.98613121
כחול,blue,c,1,Image_certainty//image140_alemnt11.jpg,11.jpg,one_up_left,two_up_right,widespread,certainty,,,,,,,,,0,55,55,140,1100.771172,1100.970899,c,1,1100.771172,None,0.5608549,-0.000925926,0.002777778,1,0,0,1.0154866,polygon,1098.271265,None,1102.375129,None,TRUE,0.578703704,0.200925926,1,0,0,2.9531798,two_up_right,13,1,2021_Nov_23_0832,untitled_1,2020.2.6,59.98613121
אדום,blue,c,0,Image_certainty//image43_alemnt11.jpg,11.jpg,two_down_left,one_up_right,widespread,certainty,,,,,,,,,0,56,56,43,1109.153651,1109.353605,c,1,1109.153651,None,0.8555069,-0.000925926,-0.000925926,1,0,0,1.8648321,polygon,1105.803824,None,1111.066553,None,TRUE,0.37037037,0.215740741,1,0,0,8.3521549,one_up_right,13,1,2021_Nov_23_0832,untitled_1,2020.2.6,59.98613121
ירוק,blue,c,0,Image_certainty//image27_alemnt8.jpg,8.jpg,three_middle_left,two_middle_right,widespread,certainty,,,,,,,,,0,57,57,27,1123.351993,1123.551437,c,1,1123.351993,None,0.7073154,-0.002777778,0.008333333,1,0,0,1.9814406,polygon,1119.885295,None,1125.121316,None,TRUE,0.571296296,-0.05,1,0,0,4.2691096,two_middle_right,13,1,2021_Nov_23_0832,untitled_1,2020.2.6,59.98613121
ירוק,green,x,1,Image_certainty//image166_alemnt14.jpg,14.jpg,two_middle_left,one_middle_right,widespread,certainty,,,,,,,,,0,58,58,166,1132.767783,1132.967645,x,1,1132.767783,None,0.8339574,0,0.002777778,1,0,0,1.4138777,polygon,1129.851317,None,1134.684217,None,TRUE,0.382407407,0.008333333,1,0,0,3.2386551,one_middle_right,13,1,2021_Nov_23_0832,untitled_1,2020.2.6,59.98613121
כחול,blue,c,1,Image_certainty//image170_alemnt13.jpg,13.jpg,one_down_left,two_middle_right,widespread,certainty,,,,,,,,,0,59,59,170,1141.816737,1142.016444,c,1,1141.816737,None,0.9404604,0.001851852,0.003703704,1,0,0,1.9650234,polygon,1138.350201,None,1143.836235,None,TRUE,0.560185185,-0.051851852,1,0,0,3.5230962,two_middle_right,13,1,2021_Nov_23_0832,untitled_1,2020.2.6,59.98613121
אדום,green,x,0,Image_certainty//image0_alemnt7.jpg,7.jpg,one_down_left,two_up_right,infrequent,certainty,,,,,,,,,0,60,60,0,1150.731985,1150.931965,x,1,1150.731985,None,0.6389005,0,-0.000925926,1,0,0,1.4140898,polygon,1147.815554,None,1152.444667,None,TRUE,-0.672222222,-0.22037037,1,0,0,3.0230123,one_down_left,13,1,2021_Nov_23_0832,untitled_1,2020.2.6,59.98613121
ירוק,blue,c,0,Image_certainty//image87_alemnt11.jpg,11.jpg,three_middle_left,two_middle_right,widespread,certainty,,,,,,,,,0,61,61,87,1158.448134,1158.647588,c,1,1158.448134,None,0.8582627,0.001851852,0.007407407,1,0,0,1.0151536,polygon,1155.931334,None,1160.390484,None,TRUE,-0.359259259,0.061111111,1,0,0,1.8550413,three_middle_left,13,1,2021_Nov_23_0832,untitled_1,2020.2.6,59.98613121
אדום,blue,c,0,Image_certainty//image31_alemnt9.jpg,9.jpg,one_up_left,one_down_right,widespread,certainty,,,,,,,,,0,62,62,31,1165.447233,1165.646849,c,1,1165.447233,None,0.7960218,0.001851852,0.008333333,1,0,0,1.2512299,polygon,1162.697103,None,1167.329792,None,TRUE,-0.752777778,0.200925926,1,0,0,6.5536748,one_up_left,13,1,2021_Nov_23_0832,untitled_1,2020.2.6,59.98613121
ירוק,red,z,0,Image_certainty//image56_alemnt11.jpg,11.jpg,three_middle_left,two_up_right,widespread,certainty,,,,,,,,,0,63,63,56,1177.995323,1178.195249,z,1,1177.995323,None,0.7963703,-0.002777778,0,1,0,0,2.1820573,polygon,1174.312227,None,1179.872797,None,TRUE,-0.386111111,0.051851852,1,0,0,1.9863799,three_middle_left,13,1,2021_Nov_23_0832,untitled_1,2020.2.6,59.98613121
אדום,red,z,1,Image_certainty//image108_alemnt2.jpg,2.jpg,one_down_left,one_up_right,infrequent,certainty,,,,,,,,,0,64,64,108,1184.929092,1185.127505,z,1,1184.929092,None,0.5984179,0,0.006481481,1,0,0,1.1330287,polygon,1182.294301,None,1186.600112,None,TRUE,0.368518519,0.186111111,1,0,0,5.170944,one_up_right,13,1,2021_Nov_23_0832,untitled_1,2020.2.6,59.98613121
כחול,red,z,0,Image_certainty//image88_alemnt10.jpg,10.jpg,two_middle_left,two_up_right,widespread,certainty,,,,,,,,,0,65,65,88,1195.459657,1195.659363,z,1,1195.459657,None,0.8278313,-0.005555556,-0.003703704,1,0,0,1.7327697,polygon,1192.226261,None,1197.370804,None,TRUE,-0.54537037,-0.047222222,1,0,0,7.4189951,two_middle_left,13,1,2021_Nov_23_0832,untitled_1,2020.2.6,59.98613121
ירוק,blue,c,0,Image_certainty//image63_alemnt13.jpg,13.jpg,three_middle_left,one_down_right,widespread,certainty,,,,,,,,,0,66,66,63,1208.641407,1208.841257,c,1,1208.641407,None,0.8196687,0.000925926,-0.001851852,1,0,0,1.9177752,polygon,1205.224947,None,1210.556213,None,TRUE,-0.382407407,0.064814815,1,0,0,4.0885903,three_middle_left,13,1,2021_Nov_23_0832,untitled_1,2020.2.6,59.98613121
כחול,green,x,0,Image_certainty//image89_alemnt13.jpg,13.jpg,two_up_left,three_middle_right,widespread,certainty,,,,,,,,,0,67,67,89,1219.706549,1219.906543,x,1,1219.706549,None,0.6085599,-0.007407407,0.005555556,1,0,0,1.1133965,polygon,1215.090173,None,1221.407076,None,TRUE,-0.514814815,0.214814815,1,0,0,2.1372359,two_up_left,13,1,2021_Nov_23_0832,untitled_1,2020.2.6,59.98613121
ירוק,red,z,0,Image_certainty//image98_alemnt13.jpg,13.jpg,three_middle_left,two_down_right,widespread,certainty,,,,,,,,,0,68,68,98,1226.788798,1226.988907,z,1,1226.788798,None,0.7111568,-0.006481481,-0.003703704,1,0,0,1.2986783,polygon,1223.988915,None,1228.556281,None,TRUE,-0.380555556,0.051851852,1,0,0,5.1541707,three_middle_left,13,1,2021_Nov_23_0832,untitled_1,2020.2.6,59.98613121
כחול,blue,c,1,Image_certainty//image134_alemnt9.jpg,9.jpg,two_down_left,three_middle_right,widespread,certainty,,,,,,,,,0,69,69,134,1236.78773,1236.987403,c,1,1236.78773,None,0.8325525,-0.001851852,0.005555556,1,0,0,1.1156571,polygon,1234.170897,None,1238.700527,None,TRUE,-0.393518519,-0.234259259,1,0,0,5.1539064,two_down_left,13,1,2021_Nov_23_0832,untitled_1,2020.2.6,59.98613121
אדום,red,z,1,Image_certainty//image132_alemnt9.jpg,9.jpg,one_down_left,two_down_right,widespread,certainty,,,,,,,,,0,70,70,132,1247.653137,1247.852892,z,1,1247.653137,None,0.6063039,0,-0.001851852,1,0,0,1.8684713,polygon,1244.286199,None,1249.349154,None,TRUE,-0.665740741,-0.247222222,1,0,0,6.4371959,one_down_left,13,1,2021_Nov_23_0832,untitled_1,2020.2.6,59.98613121
ירוק,green,x,1,Image_certainty//image118_alemnt6.jpg,6.jpg,one_up_left,one_up_right,infrequent,certainty,,,,,,,,,0,71,71,118,1259.234909,1259.434707,x,1,1259.234909,None,0.5677606,-0.001851852,0.001851852,1,0,0,1.5023442,polygon,1256.234997,None,1260.889398,None,TRUE,-0.751851852,0.176851852,1,0,0,2.5925901,one_up_left,13,1,2021_Nov_23_0832,untitled_1,2020.2.6,59.98613121
אדום,blue,c,0,Image_certainty//image49_alemnt11.jpg,11.jpg,three_middle_left,two_middle_right,widespread,certainty,,,,,,,,,0,72,72,49,1266.783689,1266.983714,c,1,1266.783689,None,0.7639014,-0.005555556,0.001851852,1,0,0,1.3479272,polygon,1263.933841,None,1268.635536,None,TRUE,-0.359259259,0.040740741,1,0,0,2.8206705,three_middle_left,13,1,2021_Nov_23_0832,untitled_1,2020.2.6,59.98613121
ירוק,green,x,1,Image_certainty//image124_alemnt10.jpg,10.jpg,one_up_left,two_middle_right,widespread,certainty,,,,,,,,,0,73,73,124,1274.566255,1274.766007,x,1,1274.566255,None,0.6584135,-0.001851852,-0.007407407,1,0,0,1.1638601,polygon,1271.899642,None,1276.307582,None,TRUE,-0.716666667,0.194444444,1,0,0,4.7692007,one_up_left,13,1,2021_Nov_23_0832,untitled_1,2020.2.6,59.98613121
כחול,green,x,0,Image_certainty//image5_alemnt2.jpg,2.jpg,two_down_left,two_down_right,infrequent,certainty,,,,,,,,,0,74,74,5,1284.398322,1284.598045,x,1,1284.398322,None,0.6037992,-0.001851852,-0.001851852,1,0,0,1.3845289,polygon,1281.514807,None,1286.09955,None,TRUE,-0.360185185,-0.221296296,1,0,0,4.8022114,two_down_left,13,1,2021_Nov_23_0832,untitled_1,2020.2.6,59.98613121
כחול,blue,c,1,Image_certainty//image110_alemnt5.jpg,5.jpg,three_middle_left,one_up_right,infrequent,certainty,,,,,,,,,0,75,75,110,1294.096946,1294.296635,x,0,1294.096946,None,0.7701743,-0.005555556,0.001851852,1,0,0,1.2674473,polygon,1291.330485,None,1295.956142,None,TRUE,-0.377777778,0.059259259,1,0,0,2.7724493,three_middle_left,13,1,2021_Nov_23_0832,untitled_1,2020.2.6,59.98613121
אדום,red,z,1,Image_certainty//image165_alemnt8.jpg,8.jpg,one_middle_left,one_up_right,widespread,certainty,,,,,,,,,0,76,76,165,1302.162733,1302.362453,z,1,1302.162733,None,0.6844191,0.002777778,0.000925926,1,0,0,1.4816986,polygon,1299.179463,None,1303.901666,None,TRUE,-0.712037037,0.000925926,1,0,0,4.9040216,one_middle_left,13,1,2021_Nov_23_0832,untitled_1,2020.2.6,59.98613121
ירוק,green,x,1,Image_certainty//image127_alemnt14.jpg,14.jpg,one_up_left,two_middle_right,widespread,certainty,,,,,,,,,0,77,77,127,1312.727941,1312.927794,x,1,1312.727941,None,0.5840869,0.003703704,0.000925926,1,0,0,1.947817,polygon,1309.278116,None,1314.387955,None,TRUE,0.547222222,-0.046296296,1,0,0,4.9869043,two_middle_right,13,1,2021_Nov_23_0832,untitled_1,2020.2.6,59.98613121
ירוק,green,x,1,Image_certainty//image187_alemnt10.jpg,10.jpg,two_up_left,three_middle_right,widespread,certainty,,,,,,,,,0,78,78,187,1322.410039,1322.609849,x,1,1322.410039,None,0.5575423,-0.003703704,0.003703704,1,0,0,1.0987494,polygon,1319.810153,None,1324.053721,None,TRUE,0.774074074,0.065740741,1,0,0,5.1872728,three_middle_right,13,1,2021_Nov_23_0832,untitled_1,2020.2.6,59.98613121
ירוק,green,x,1,Image_certainty//image196_alemnt13.jpg,13.jpg,three_middle_left,one_down_right,widespread,certainty,,,,,,,,,0,79,79,196,1332.275211,1332.475277,x,1,1332.275211,None,0.6955163,-0.000925926,0.005555556,1,0,0,1.0824136,polygon,1329.69231,None,1334.053235,None,TRUE,0.435185185,-0.216666667,1,0,0,5.404084,one_down_right,13,1,2021_Nov_23_0832,untitled_1,2020.2.6,59.98613121
כחול,blue,c,1,Image_certainty//image104_alemnt3.jpg,3.jpg,three_middle_left,two_down_right,infrequent,certainty,,,,,,,,,0,80,80,104,1343.057547,1343.257257,c,1,1343.057547,None,0.7931631,0.000925926,0.000925926,1,0,0,1.6666754,polygon,1339.890895,None,1344.933916,None,TRUE,-0.416666667,0.063888889,1,0,0,2.3534362,three_middle_left,13,1,2021_Nov_23_0832,untitled_1,2020.2.6,59.98613121
אדום,red,z,1,Image_certainty//image150_alemnt13.jpg,13.jpg,one_down_left,two_down_right,widespread,certainty,,,,,,,,,0,81,81,150,1350.739648,1350.939511,z,1,1350.739648,None,0.9740297,-0.002777778,0,1,0,0,1.5146943,polygon,1347.723154,None,1352.800445,None,TRUE,-0.655555556,-0.225,1,0,0,3.6563956,one_down_left,13,1,2021_Nov_23_0832,untitled_1,2020.2.6,59.98613121
ירוק,green,x,1,Image_certainty//image103_alemnt1.jpg,1.jpg,two_down_left,one_middle_right,infrequent,certainty,,,,,,,,,0,82,82,103,1360.055246,1360.255048,x,1,1360.055246,None,0.8606979,0,0.001851852,1,0,0,1.6520616,polygon,1356.90534,None,1362.006084,1370.989698,,,,,,,,,13,1,2021_Nov_23_0832,untitled_1,2020.2.6,59.98613121
אדום,red,z,1,Image_certainty//image171_alemnt12.jpg,12.jpg,one_up_left,two_down_right,widespread,certainty,,,,,,,,,0,83,83,171,1375.036692,1375.236342,z,1,1375.036692,None,0.6562642,0.002777778,0.005555556,1,0,0,2.0363329,polygon,1371.503194,None,1376.774174,None,TRUE,0.725,-0.212037037,1,0,0,5.7675559,two_down_right,13,1,2021_Nov_23_0832,untitled_1,2020.2.6,59.98613121
כחול,red,z,0,Image_certainty//image64_alemnt10.jpg,10.jpg,one_up_left,three_middle_right,widespread,certainty,,,,,,,,,0,84,84,64,1386.934793,1387.134801,z,1,1386.934793,None,0.8485942,0,0.006481481,1,0,0,2.4483729,polygon,1382.985228,None,1388.867361,None,TRUE,0.733333333,0.056481481,1,0,0,5.2868043,three_middle_right,13,1,2021_Nov_23_0832,untitled_1,2020.2.6,59.98613121
כחול,red,z,0,Image_certainty//image34_alemnt8.jpg,8.jpg,one_middle_left,two_up_right,widespread,certainty,,,,,,,,,0,85,85,34,1397.766919,1397.966342,z,1,1397.766919,None,0.6552709,-0.000925926,0.00462963,1,0,0,1.6959346,polygon,1394.583746,None,1399.517689,None,TRUE,0.57962963,0.227777778,1,0,0,8.1368934,two_up_right,13,1,2021_Nov_23_0832,untitled_1,2020.2.6,59.98613121
כחול,blue,c,1,Image_certainty//image128_alemnt13.jpg,13.jpg,two_up_left,three_middle_right,widespread,certainty,,,,,,,,,0,86,86,128,1411.198318,1411.398352,c,1,1411.198318,None,0.823497,-0.006481481,0,1,0,0,1.5968976,polygon,1408.098632,None,1413.103983,None,TRUE,0.726851852,0.066666667,1,0,0,4.3028368,three_middle_right,13,1,2021_Nov_23_0832,untitled_1,2020.2.6,59.98613121
אדום,red,z,1,Image_certainty//image102_alemnt1.jpg,1.jpg,three_middle_left,two_middle_right,infrequent,certainty,,,,,,,,,0,87,87,102,1423.846914,1424.046507,z,1,1423.846914,None,0.5651405,-0.002777778,0.006481481,1,0,0,4.5125017,polygon,1417.847392,None,1425.469943,None,TRUE,,,,,,,,13,1,2021_Nov_23_0832,untitled_1,2020.2.6,59.98613121
אדום,blue,c,0,Image_certainty//image79_alemnt13.jpg,13.jpg,one_down_left,one_up_right,widespread,certainty,,,,,,,,,0,88,88,79,1435.26209,1435.461964,c,1,1435.26209,None,0.8341268,-0.001851852,0.001851852,1,0,0,1.0306509,polygon,1432.72869,None,1437.190686,None,TRUE,,,,,,,,13,1,2021_Nov_23_0832,untitled_1,2020.2.6,59.98613121
ירוק,blue,c,0,Image_certainty//image21_alemnt14.jpg,14.jpg,one_down_left,one_middle_right,widespread,certainty,,,,,,,,,0,89,89,21,1443.094533,1443.294267,c,1,1443.094533,None,0.8826788,-0.000925926,-0.001851852,1,0,0,1.7150016,polygon,1439.878013,None,1445.060223,None,TRUE,,,,,,,,13,1,2021_Nov_23_0832,untitled_1,2020.2.6,59.98613121
כחול,green,x,0,Image_certainty//image23_alemnt9.jpg,9.jpg,one_up_left,two_up_right,widespread,certainty,,,,,,,,,0,90,90,23,1454.359643,1454.559462,x,1,1454.359643,None,0.7821183,-0.00462963,0.001851852,1,0,0,1.1820426,polygon,1451.676231,None,1456.195478,None,TRUE,0.583333333,0.219444444,1,0,0,3.9870609,two_up_right,13,1,2021_Nov_23_0832,untitled_1,2020.2.6,59.98613121
כחול,blue,c,1,Image_certainty//image164_alemnt9.jpg,9.jpg,one_middle_left,three_middle_right,widespread,certainty,,,,,,,,,0,91,91,164,1463.375343,1463.574983,c,1,1463.375343,None,0.7422191,-0.002777778,-0.000925926,1,0,0,1.2321482,polygon,1460.64193,None,1465.179344,None,TRUE,0.719444444,0.055555556,1,0,0,7.1369751,three_middle_right,13,1,2021_Nov_23_0832,untitled_1,2020.2.6,59.98613121
אדום,green,x,0,Image_certainty//image48_alemnt9.jpg,9.jpg,one_down_left,one_down_right,widespread,certainty,,,,,,,,,0,92,92,48,1475.340453,1475.54011,x,1,1475.340453,None,0.8306268,0.000925926,0.002777778,1,0,0,1.0497778,polygon,1472.789925,None,1477.2474,None,TRUE,0.443518519,-0.216666667,1,0,0,7.6037599,one_down_right,13,1,2021_Nov_23_0832,untitled_1,2020.2.6,59.98613121
אדום,green,x,0,Image_certainty//image6_alemnt7.jpg,7.jpg,three_middle_left,three_middle_right,infrequent,certainty,,,,,,,,,0,93,93,6,1489.07181,1489.271505,x,1,1489.07181,None,0.5868861,-0.000925926,0.00462963,1,0,0,2.2837992,polygon,1485.305086,None,1490.757608,None,TRUE,-0.380555556,0.05462963,1,0,0,2.2207805,three_middle_left,13,1,2021_Nov_23_0832,untitled_1,2020.2.6,59.98613121
כחול,red,z,0,Image_certainty//image28_alemnt10.jpg,10.jpg,one_down_left,two_down_right,widespread,certainty,,,,,,,,,0,94,94,28,1496.354075,1496.554059,z,1,1496.354075,None,0.8810789,-0.002777778,0.002777778,1,0,0,1.4519227,polygon,1493.404197,None,1498.311242,None,TRUE,-0.657407407,-0.219444444,1,0,0,3.4866352,one_down_left,13,1,2021_Nov_23_0832,untitled_1,2020.2.6,59.98613121
אדום,red,z,1,Image_certainty//image180_alemnt12.jpg,12.jpg,one_up_left,one_middle_right,widespread,certainty,,,,,,,,,0,95,95,180,1505.486478,None,x,0,1505.486478,None,0.1006072,0.001851852,-0.001851852,1,0,0,1.7484172,polygon,1502.253234,None,1506.666333,None,TRUE,0.386111111,-0.021296296,1,0,0,8.6043937,one_middle_right,13,1,2021_Nov_23_0832,untitled_1,2020.2.6,59.98613121
ירוק,green,x,1,Image_certainty//image175_alemnt11.jpg,11.jpg,one_middle_left,two_down_right,widespread,certainty,,,,,,,,,0,96,96,175,1518.334776,1518.534528,x,1,1518.334776,None,0.5648602,-0.000925926,0.000925926,1,0,0,1.1152153,polygon,1515.718151,None,1519.986521,None,TRUE,0.726851852,-0.231481481,1,0,0,6.3193511,two_down_right,13,1,2021_Nov_23_0832,untitled_1,2020.2.6,59.98613121
כחול,blue,c,1,Image_certainty//image185_alemnt14.jpg,14.jpg,three_middle_left,three_middle_right,widespread,certainty,,,,,,,,,0,97,97,185,1529.950043,1530.14974,c,1,1529.950043,None,0.8939916,-0.002777778,0.005555556,1,0,0,1.6976384,polygon,1526.750076,None,1531.932386,None,TRUE,0.72037037,0.058333333,1,0,0,2.6180562,three_middle_right,13,1,2021_Nov_23_0832,untitled_1,2020.2.6,59.98613121
כחול,red,z,0,Image_certainty//image58_alemnt8.jpg,8.jpg,two_middle_left,two_up_right,widespread,certainty,,,,,,,,,0,98,98,58,1538.715495,1538.915306,z,1,1538.715495,None,0.6305334,-0.000925926,0,1,0,0,2.2348902,polygon,1534.982323,None,1540.420787,None,TRUE,0.586111111,0.215740741,1,0,0,4.6079345,two_up_right,13,1,2021_Nov_23_0832,untitled_1,2020.2.6,59.98613121
ירוק,red,z,0,Image_certainty//image92_alemnt10.jpg,10.jpg,one_down_left,two_middle_right,widespread,certainty,,,,,,,,,0,99,99,92,1548.114293,1548.313831,z,1,1548.114293,None,0.8490659,0.001851852,0.009259259,1,0,0,1.131495,polygon,1545.480954,None,1550.036829,None,TRUE,0.588888889,-0.037962963,1,0,0,7.5198943,two_middle_right,13,1,2021_Nov_23_0832,untitled_1,2020.2.6,59.98613121
כחול,green,x,0,Image_certainty//image17_alemnt5.jpg,5.jpg,two_up_left,two_down_right,infrequent,certainty,,,,,,,,,0,100,100,17,1560.629023,1560.829089,x,1,1560.629023,None,0.71264,-0.003703704,0.007407407,1,0,0,1.1306855,polygon,1557.995884,None,1562.421487,None,TRUE,0.706481481,-0.223148148,1,0,0,8.6876206,two_down_right,13,1,2021_Nov_23_0832,untitled_1,2020.2.6,59.98613121
ירוק,green,x,1,Image_certainty//image130_alemnt11.jpg,11.jpg,three_middle_left,two_down_right,widespread,certainty,,,,,,,,,0,101,101,130,1574.510765,1574.710549,x,1,1574.510765,None,0.6241118,-0.001851852,0.000925926,1,0,0,1.4624063,polygon,1571.560719,None,1576.220986,None,TRUE,-0.373148148,0.046296296,1,0,0,2.1885574,three_middle_left,13,1,2021_Nov_23_0832,untitled_1,2020.2.6,59.98613121
כחול,red,z,0,Image_certainty//image16_alemnt4.jpg,4.jpg,one_middle_left,two_up_right,infrequent,certainty,,,,,,,,,0,102,102,16,1581.259676,1581.459217,z,1,1581.259676,None,0.804112,0.002777778,0.009259259,1,0,0,0.9157098,polygon,1578.843319,None,1583.134947,None,TRUE,-0.710185185,0.000925926,1,0,0,3.3534775,one_middle_left,13,1,2021_Nov_23_0832,untitled_1,2020.2.6,59.98613121
אדום,red,z,1,Image_certainty//image129_alemnt8.jpg,8.jpg,one_middle_left,three_middle_right,widespread,certainty,,,,,,,,,0,103,103,129,1589.758964,1589.958649,z,1,1589.758964,None,0.5601315,0,0.005555556,1,0,0,1.329428,polygon,1586.94199,None,1591.383142,None,TRUE,0.723148148,0.051851852,1,0,0,4.6195414,three_middle_right,13,1,2021_Nov_23_0832,untitled_1,2020.2.6,59.98613121
ירוק,red,z,0,Image_certainty//image62_alemnt11.jpg,11.jpg,two_down_left,two_middle_right,widespread,certainty,,,,,,,,,0,104,104,62,1600.923948,1601.12387,z,1,1600.923948,None,0.7279442,-0.007407407,-0.000925926,1,0,0,2.9479183,polygon,1596.474374,None,1602.730631,None,TRUE,0.590740741,-0.039814815,1,0,0,6.455481,two_middle_right,13,1,2021_Nov_23_0832,untitled_1,2020.2.6,59.98613121
ירוק,green,x,1,Image_certainty//image136_alemnt8.jpg,8.jpg,three_middle_left,two_down_right,widespread,certainty,,,,,,,,,0,105,105,136,1612.639137,1612.838504,x,1,1612.639137,None,0.6988666,-0.001851852,0.002777778,1,0,0,1.5186822,polygon,1609.622594,None,1614.393019,None,TRUE,-0.373148148,0.046296296,1,0,0,2.0227937,three_middle_left,13,1,2021_Nov_23_0832,untitled_1,2020.2.6,59.98613121
אדום,red,z,1,Image_certainty//image156_alemnt11.jpg,11.jpg,two_down_left,one_down_right,widespread,certainty,,,,,,,,,0,106,106,156,1620.238393,1620.438019,z,1,1620.238393,None,0.5606112,-0.007407407,0,1,0,0,1.8535461,polygon,1616.888322,None,1621.890394,None,TRUE,-0.382407407,-0.239814815,1,0,0,3.6213886,two_down_left,13,1,2021_Nov_23_0832,untitled_1,2020.2.6,59.98613121
כחול,blue,c,1,Image_certainty//image131_alemnt13.jpg,13.jpg,one_middle_left,one_middle_right,widespread,certainty,,,,,,,,,0,107,107,131,1628.637178,1628.836924,c,1,1628.637178,None,0.8611449,0.001851852,0.007407407,1,0,0,1.1816217,polygon,1625.953616,None,1630.562525,None,TRUE,-0.727777778,-0.021296296,1,0,0,5.5680169,one_middle_left,13,1,2021_Nov_23_0832,untitled_1,2020.2.6,59.98613121
ירוק,green,x,1,Image_certainty//image133_alemnt11.jpg,11.jpg,one_middle_left,two_up_right,widespread,certainty,,,,,,,,,0,108,108,133,1654.100552,1654.30005,x,1,1654.100552,None,0.4750097,-0.000925926,0.001851852,1,0,0,16.0152002,polygon,1636.585395,None,1655.65997,None,TRUE,0.591666667,0.225925926,1,0,0,2.8871003,two_up_right,13,1,2021_Nov_23_0832,untitled_1,2020.2.6,59.98613121
אדום,green,x,0,Image_certainty//image36_alemnt10.jpg,10.jpg,three_middle_left,three_middle_right,widespread,certainty,,,,,,,,,0,109,109,36,1661.716388,1661.915992,x,1,1661.716388,None,0.6506549,-0.000925926,0.002777778,1,0,0,1.2359342,polygon,1658.982716,None,1663.460757,None,TRUE,0.72037037,0.064814815,1,0,0,8.7536323,three_middle_right,13,1,2021_Nov_23_0832,untitled_1,2020.2.6,59.98613121
כחול,green,x,0,Image_certainty//image71_alemnt12.jpg,12.jpg,three_middle_left,two_down_right,widespread,certainty,,,,,,,,,0,110,110,71,1675.330851,1675.530898,x,1,1675.330851,None,0.7678126,-0.005555556,0.00462963,1,0,0,1.1648814,polygon,1672.66446,None,1677.145693,None,TRUE,0.719444444,-0.210185185,1,0,0,4.9194478,two_down_right,13,1,2021_Nov_23_0832,untitled_1,2020.2.6,59.98613121
ירוק,green,x,1,Image_certainty//image154_alemnt9.jpg,9.jpg,one_middle_left,one_down_right,widespread,certainty,,,,,,,,,0,111,111,154,1685.446402,1685.64627,x,1,1685.446402,None,0.6355686,-0.002777778,0.005555556,1,0,0,1.4170361,polygon,1682.529833,None,1687.167349,None,TRUE,-0.753703704,-0.019444444,1,0,0,4.123031,one_middle_left,13,1,2021_Nov_23_0832,untitled_1,2020.2.6,59.98613121
ירוק,red,z,0,Image_certainty//image8_alemnt6.jpg,6.jpg,one_down_left,one_up_right,infrequent,certainty,,,,,,,,,0,112,112,8,1694.378317,1694.578168,z,1,1694.378317,None,0.6752163,0,0.001851852,1,0,0,1.1486369,polygon,1691.728356,None,1696.11904,1705.113433,,,,,,,,,13,1,2021_Nov_23_0832,untitled_1,2020.2.6,59.98613121
אדום,green,x,0,Image_certainty//image24_alemnt13.jpg,13.jpg,three_middle_left,one_middle_right,widespread,certainty,,,,,,,,,0,113,113,24,1708.576821,1708.776292,x,1,1708.576821,None,0.8942778,0.002777778,-0.002777778,1,0,0,1.4479904,polygon,1705.626581,None,1710.532479,None,TRUE,-0.385185185,0.061111111,1,0,0,1.8045982,three_middle_left,13,1,2021_Nov_23_0832,untitled_1,2020.2.6,59.98613121
כחול,red,z,0,Image_certainty//image52_alemnt13.jpg,13.jpg,one_middle_left,two_middle_right,widespread,certainty,,,,,,,,,0,114,114,52,1715.475883,1715.675703,z,1,1715.475883,None,0.579911,0.001851852,-0.000925926,1,0,0,1.1689914,polygon,1712.809122,None,1717.141453,1726.126915,,,,,,,,,13,1,2021_Nov_23_0832,untitled_1,2020.2.6,59.98613121
ירוק,red,z,0,Image_certainty//image20_alemnt10.jpg,10.jpg,two_up_left,two_up_right,widespread,certainty,,,,,,,,,0,115,115,20,1729.424105,1729.62392,z,1,1729.424105,None,0.7721903,0.001851852,0.00462963,1,0,0,1.2862781,polygon,1726.640798,None,1731.261091,None,TRUE,0.558333333,0.202777778,1,0,0,4.2376455,two_up_right,13,1,2021_Nov_23_0832,untitled_1,2020.2.6,59.98613121
ירוק,green,x,1,Image_certainty//image184_alemnt14.jpg,14.jpg,one_up_left,two_middle_right,widespread,certainty,,,,,,,,,0,116,116,184,1738.689642,1738.889406,x,1,1738.689642,None,0.5206625,-0.000925926,0,1,0,0,1.2453961,polygon,1735.956479,None,1740.296693,None,TRUE,0.57037037,-0.04537037,1,0,0,4.901543,two_middle_right,13,1,2021_Nov_23_0832,untitled_1,2020.2.6,59.98613121
ירוק,blue,c,0,Image_certainty//image33_alemnt13.jpg,13.jpg,three_middle_left,two_middle_right,widespread,certainty,,,,,,,,,0,117,117,33,1748.254922,1748.454698,c,1,1748.254922,None,0.8265863,-0.002777778,0.003703704,1,0,0,1.1140129,polygon,1745.63817,None,1750.146109,1759.140431,,,,,,,,,13,1,2021_Nov_23_0832,untitled_1,2020.2.6,59.98613121
ירוק,green,x,1,Image_certainty//image115_alemnt2.jpg,2.jpg,three_middle_left,one_down_right,infrequent,certainty,,,,,,,,,0,118,118,115,1762.253127,1762.453044,x,1,1762.253127,None,0.4826083,0.001851852,-0.002777778,1,0,0,1.1012665,polygon,1759.653316,None,1763.815633,1772.804769,,,,,,,,,13,1,2021_Nov_23_0832,untitled_1,2020.2.6,59.98613121
אדום,blue,c,0,Image_certainty//image85_alemnt14.jpg,14.jpg,two_down_left,three_middle_right,widespread,certainty,,,,,,,,,0,119,119,85,1776.251403,1776.451049,c,1,1776.251403,None,0.8218422,0.005555556,0.000925926,1,0,0,1.4321108,polygon,1773.31815,None,1778.162822,None,TRUE,0.737962963,0.064814815,1,0,0,7.8836707,three_middle_right,13,1,2021_Nov_23_0832,untitled_1,2020.2.6,59.98613121
ירוק,green,x,1,Image_certainty//image121_alemnt12.jpg,12.jpg,two_down_left,three_middle_right,widespread,certainty,,,,,,,,,0,120,120,121,1789.349827,1789.549538,x,1,1789.349827,None,0.7137528,-0.003703704,0.003703704,1,0,0,1.3664279,polygon,1786.48273,None,1791.137302,1800.134618,,,,,,,,,13,1,2021_Nov_23_0832,untitled_1,2020.2.6,59.98613121
כחול,blue,c,1,Image_certainty//image161_alemnt12.jpg,12.jpg,one_down_left,two_middle_right,widespread,certainty,,,,,,,,,0,121,121,161,1803.214217,1803.413938,c,1,1803.214217,None,0.6646866,0.001851852,0,1,0,0,1.0794272,polygon,1800.647977,None,1804.955733,None,TRUE,0.55,-0.051851852,1,0,0,6.0537798,two_middle_right,13,1,2021_Nov_23_0832,untitled_1,2020.2.6,59.98613121
אדום,red,z,1,Image_certainty//image189_alemnt8.jpg,8.jpg,one_middle_left,one_middle_right,widespread,certainty,,,,,,,,,0,122,122,189,1814.012993,1814.212969,z,1,1814.012993,None,0.5230738,-0.002777778,0.005555556,1,0,0,1.0477652,polygon,1811.463021,None,1815.629181,None,TRUE,0.37962963,0.001851852,1,0,0,4.441616,one_middle_right,13,1,2021_Nov_23_0832,untitled_1,2020.2.6,59.98613121
כחול,blue,c,1,Image_certainty//image191_alemnt12.jpg,12.jpg,two_middle_left,one_up_right,widespread,certainty,,,,,,,,,0,123,123,191,1823.195034,1823.395023,c,1,1823.195034,None,0.4512444,-0.000925926,0.002777778,1,0,0,1.1853607,polygon,1820.511876,None,1824.700424,None,TRUE,-0.563888889,-0.05,1,0,0,4.1881203,two_middle_left,13,1,2021_Nov_23_0832,untitled_1,2020.2.6,59.98613121
אדום,red,z,1,Image_certainty//image174_alemnt10.jpg,10.jpg,one_down_left,three_middle_right,widespread,certainty,,,,,,,,,0,124,124,174,1832.110601,1832.310666,z,1,1832.110601,None,0.7584557,-0.003703704,-0.000925926,1,0,0,1.2521667,polygon,1829.360896,None,1833.949483,None,TRUE,-0.653703704,-0.216666667,1,0,0,5.055625,one_down_left,13,1,2021_Nov_23_0832,untitled_1,2020.2.6,59.98613121
אדום,red,z,1,Image_certainty//image183_alemnt9.jpg,9.jpg,three_middle_left,two_down_right,widespread,certainty,,,,,,,,,0,125,125,183,1842.592583,1842.792656,z,1,1842.592583,None,0.5875194,-0.030555556,-0.006481481,1,0,0,0.6315081,polygon,1839.459636,None,1844.267819,None,TRUE,0.7,-0.25,1,0,0,8.9536416,two_down_right,13,1,2021_Nov_23_0832,untitled_1,2020.2.6,59.98613121
כחול,green,x,0,Image_certainty//image83_alemnt14.jpg,14.jpg,one_down_left,one_middle_right,widespread,certainty,,,,,,,,,0,126,126,83,1856.174116,1856.374184,x,1,1856.174116,None,0.6085622,0,-0.000925926,1,0,0,0.9976587,polygon,1853.674275,None,1857.87248,None,TRUE,0.401851852,-0.017592593,1,0,0,2.7221251,one_middle_right,13,1,2021_Nov_23_0832,untitled_1,2020.2.6,59.98613121
ירוק,red,z,0,Image_certainty//image50_alemnt11.jpg,11.jpg,three_middle_left,one_down_right,widespread,certainty,,,,,,,,,0,127,127,50,1863.606784,1863.806576,z,1,1863.606784,None,0.508943,0,0.002777778,1,0,0,1.0680386,polygon,1861.039879,None,1865.17927,None,TRUE,-0.384259259,0.05,1,0,0,6.1542094,three_middle_left,13,1,2021_Nov_23_0832,untitled_1,2020.2.6,59.98613121
אדום,blue,c,0,Image_certainty//image61_alemnt10.jpg,10.jpg,one_down_left,one_middle_right,widespread,certainty,,,,,,,,,0,128,128,61,1874.822134,1875.021125,x,0,1874.822134,None,0.6936692,0.007407407,0.002777778,1,0,0,1.5170751,polygon,1871.805436,None,1876.59653,None,TRUE,0.386111111,-0.023148148,1,0,0,3.1716085,one_middle_right,13,1,2021_Nov_23_0832,untitled_1,2020.2.6,59.98613121
אדום,red,z,1,Image_certainty//image192_alemnt11.jpg,11.jpg,one_up_left,one_down_right,widespread,certainty,,,,,,,,,0,129,129,192,1883.020997,1883.220623,z,1,1883.020997,None,0.7450258,-0.002777778,0.00462963,1,0,0,1.3018058,polygon,1880.221025,None,1884.860517,None,TRUE,0.466666667,-0.232407407,1,0,0,3.287618,one_down_right,13,1,2021_Nov_23_0832,untitled_1,2020.2.6,59.98613121
כחול,blue,c,1,Image_certainty//image107_alemnt6.jpg,6.jpg,two_middle_left,two_up_right,infrequent,certainty,,,,,,,,,0,130,130,107,1891.269657,1891.469743,c,1,1891.269657,None,0.6368609,-0.001851852,0.005555556,1,0,0,1.1843088,polygon,1888.586309,None,1892.996651,None,TRUE,0.612037037,0.187962963,1,0,0,6.9710898,two_up_right,13,1,2021_Nov_23_0832,untitled_1,2020.2.6,59.98613121
כחול,red,z,0,Image_certainty//image94_alemnt9.jpg,9.jpg,three_middle_left,two_down_right,widespread,certainty,,,,,,,,,0,131,131,94,1932.114638,1932.314313,z,1,1932.114638,None,0.7234758,-0.000925926,0.001851852,1,0,0,30.1953869,polygon,1900.418214,None,1933.930783,None,TRUE,0.737962963,-0.247222222,1,0,0,2.2056331,two_down_right,13,1,2021_Nov_23_0832,untitled_1,2020.2.6,59.98613121
ירוק,red,z,0,Image_certainty//image68_alemnt14.jpg,14.jpg,one_down_left,two_down_right,widespread,certainty,,,,,,,,,0,132,132,68,1940.180275,1940.379994,z,1,1940.180275,None,0.8414243,0.005555556,-0.000925926,1,0,0,2.1129336,polygon,1936.580336,None,1942.102579,None,TRUE,0.712962963,-0.219444444,1,0,0,4.5886159,two_down_right,13,1,2021_Nov_23_0832,untitled_1,2020.2.6,59.98613121
אדום,red,z,1,Image_certainty//image195_alemnt10.jpg,10.jpg,one_down_left,two_middle_right,widespread,certainty,,,,,,,,,0,133,133,195,1950.278535,1950.478127,z,1,1950.278535,None,0.8557338,0,0,1,0,0,1.6349459,polygon,1947.145613,None,1952.222781,None,TRUE,0.580555556,-0.05,1,0,0,2.653146,two_middle_right,13,1,2021_Nov_23_0832,untitled_1,2020.2.6,59.98613121
ירוק,green,x,1,Image_certainty//image178_alemnt8.jpg,8.jpg,two_up_left,one_up_right,widespread,certainty,,,,,,,,,0,134,134,178,1958.594529,1958.794244,x,1,1958.594529,None,0.9351863,0.003703704,0.002777778,1,0,0,1.7859771,polygon,1955.311288,None,1960.625937,None,TRUE,0.378703704,0.186111111,1,0,0,1.8890992,one_up_right,13,1,2021_Nov_23_0832,untitled_1,2020.2.6,59.98613121
אדום,red,z,1,Image_certainty//image126_alemnt9.jpg,9.jpg,two_down_left,one_middle_right,widespread,certainty,,,,,,,,,0,135,135,126,1965.426934,1965.626747,z,1,1965.426934,None,0.5803789,-0.009259259,0.000925926,1,0,0,0.9650021,polygon,1962.960057,None,1967.087832,None,TRUE,0.392592593,-0.014814815,1,0,0,2.5693091,one_middle_right,13,1,2021_Nov_23_0832,untitled_1,2020.2.6,59.98613121
ירוק,green,x,1,Image_certainty//image109_alemnt5.jpg,5.jpg,one_down_left,two_middle_right,infrequent,certainty,,,,,,,,,0,136,136,109,1973.309278,1973.508965,x,1,1973.309278,None,0.7482511,-0.002777778,0.001851852,1,0,0,1.7331985,polygon,1970.092745,None,1975.133347,None,TRUE,0.55,-0.041666667,1,0,0,7.9563545,two_middle_right,13,1,2021_Nov_23_0832,untitled_1,2020.2.6,59.98613121
ירוק,blue,c,0,Image_certainty//image81_alemnt14.jpg,14.jpg,three_middle_left,one_down_right,widespread,certainty,,,,,,,,,0,137,137,81,1990.939499,1991.13975,c,1,1990.939499,None,0.793668,0,-0.00462963,1,0,0,5.9146508,polygon,1983.524295,None,1992.816765,None,TRUE,,,,,,,,13,1,2021_Nov_23_0832,untitled_1,2020.2.6,59.98613121
ירוק,green,x,1,Image_certainty//image148_alemnt13.jpg,13.jpg,one_middle_left,two_up_right,widespread,certainty,,,,,,,,,0,138,138,148,1998.639216,1998.839125,x,1,1998.639216,None,0.5286503,-0.001851852,-0.001851852,1,0,0,1.6174106,polygon,1995.522696,None,2000.244967,None,TRUE,0.594444444,0.239814815,1,0,0,5.1540815,two_up_right,13,1,2021_Nov_23_0832,untitled_1,2020.2.6,59.98613121
ירוק,green,x,1,Image_certainty//image142_alemnt14.jpg,14.jpg,three_middle_left,two_down_right,widespread,certainty,,,,,,,,,0,139,139,142,2009.15478,2009.354416,x,1,2009.15478,None,0.6377533,0.000925926,0.002777778,1,0,0,1.8151545,polygon,2005.838095,None,2010.858756,None,TRUE,0.730555556,-0.225,1,0,0,3.8713959,two_down_right,13,1,2021_Nov_23_0832,untitled_1,2020.2.6,59.98613121
כחול,red,z,0,Image_certainty//image22_alemnt11.jpg,11.jpg,two_up_left,one_down_right,widespread,certainty,,,,,,,,,0,140,140,22,2019.269495,2019.469754,z,1,2019.269495,None,0.803587,-0.002777778,-0.000925926,1,0,0,2.5650247,polygon,2015.203536,None,2021.170308,None,TRUE,0.460185185,-0.237037037,1,0,0,1.7036214,one_down_right,13,1,2021_Nov_23_0832,untitled_1,2020.2.6,59.98613121
ירוק,red,z,0,Image_certainty//image80_alemnt9.jpg,9.jpg,one_middle_left,one_middle_right,widespread,certainty,,,,,,,,,0,141,141,80,2025.802394,2026.002249,z,1,2025.802394,None,0.6163422,0,0.00462963,1,0,0,0.9813404,polygon,2023.318992,None,2027.486524,None,TRUE,,,,,,,,13,1,2021_Nov_23_0832,untitled_1,2020.2.6,59.98613121
אדום,red,z,1,Image_certainty//image135_alemnt12.jpg,12.jpg,two_middle_left,one_middle_right,widespread,certainty,,,,,,,,,0,142,142,135,2035.401188,2035.60078,z,1,2035.401188,None,0.8029615,0.000925926,0.003703704,1,0,0,1.165295,polygon,2032.734364,None,2037.27316,None,TRUE,-0.541666667,-0.05462963,1,0,0,2.4210842,two_middle_left,13,1,2021_Nov_23_0832,untitled_1,2020.2.6,59.98613121
כחול,green,x,0,Image_certainty//image11_alemnt7.jpg,7.jpg,two_middle_left,one_middle_right,infrequent,certainty,,,,,,,,,0,143,143,11,2043.133229,2043.333304,x,1,2043.133229,None,0.6061423,0.003703704,0,1,0,0,1.4695211,polygon,2040.166691,None,2044.824239,None,TRUE,-0.555555556,-0.052777778,1,0,0,8.3224094,two_middle_left,13,1,2021_Nov_23_0832,untitled_1,2020.2.6,59.98613121
אדום,red,z,1,Image_certainty//image111_alemnt3.jpg,3.jpg,one_middle_left,two_up_right,infrequent,certainty,,,,,,,,,0,144,144,111,2057.581829,2057.78149,z,1,2057.581829,None,0.5558258,-0.008333333,0.006481481,1,0,0,1.2799144,polygon,2053.598615,None,2059.22243,2068.216098,,,,,,,,,13,1,2021_Nov_23_0832,untitled_1,2020.2.6,59.98613121
כחול,blue,c,1,Image_certainty//image116_alemnt2.jpg,2.jpg,one_middle_left,two_down_right,infrequent,certainty,,,,,,,,,0,145,145,116,2072.479627,2072.679456,c,1,2072.479627,None,0.7970856,0.003703704,0.000925926,1,0,0,2.2483268,polygon,2068.729876,None,2074.353722,None,TRUE,0.719444444,-0.20462963,1,0,0,5.3706856,two_down_right,13,1,2021_Nov_23_0832,untitled_1,2020.2.6,59.98613121
אדום,blue,c,0,Image_certainty//image19_alemnt4.jpg,4.jpg,one_middle_left,two_middle_right,infrequent,certainty,,,,,,,,,0,146,146,19,2083.628311,2083.827953,c,1,2083.628311,None,0.9768071,0.006481481,0.003703704,1,0,0,1.9484233,polygon,2080.178496,None,2085.687938,None,TRUE,0.552777778,-0.065740741,1,0,0,4.8543275,two_middle_right,13,1,2021_Nov_23_0832,untitled_1,2020.2.6,59.98613121
ירוק,red,z,0,Image_certainty//image86_alemnt13.jpg,13.jpg,two_middle_left,one_up_right,widespread,certainty,,,,,,,,,0,147,147,86,2093.860315,2094.059946,z,1,2093.860315,None,0.6841266,0.003703704,0.003703704,1,0,0,1.3633627,polygon,2090.993722,None,2095.642434,None,TRUE,0.356481481,0.180555556,1,0,0,2.2033204,one_up_right,13,1,2021_Nov_23_0832,untitled_1,2020.2.6,59.98613121
ירוק,green,x,1,Image_certainty//image181_alemnt12.jpg,12.jpg,two_up_left,one_down_right,widespread,certainty,,,,,,,,,0,148,148,181,2113.824509,2114.024159,x,1,2113.824509,None,0.5227051,-0.002777778,0.003703704,1,0,0,14.0608694,polygon,2098.276149,None,2115.43601,None,TRUE,0.428703704,-0.260185185,1,0,0,8.2731489,one_down_right,13,1,2021_Nov_23_0832,untitled_1,2020.2.6,59.98613121
ירוק,green,x,1,Image_certainty//image157_alemnt8.jpg,8.jpg,one_middle_left,three_middle_right,widespread,certainty,,,,,,,,,0,149,149,157,2127.105979,2127.305841,x,1,2127.105979,None,0.492202,-0.000925926,0.006481481,1,0,0,1.4473406,polygon,2124.155811,None,2128.669222,2137.657523,,-0.000925926,0.006481481,1,0,0,3.5040533,,13,1,2021_Nov_23_0832,untitled_1,2020.2.6,59.98613121
אדום,red,z,1,Image_certainty//image168_alemnt10.jpg,10.jpg,two_middle_left,two_down_right,widespread,certainty,,,,,,,,,0,150,150,168,2141.520879,2141.720642,z,1,2141.520879,None,0.7207218,-0.001851852,0.012962963,1,0,0,1.8483403,polygon,2138.171,None,2143.351958,None,TRUE,0.70462963,-0.20462963,1,0,0,6.918625,two_down_right,13,1,2021_Nov_23_0832,untitled_1,2020.2.6,59.98613121
ירוק,blue,c,0,Image_certainty//image3_alemnt4.jpg,4.jpg,one_middle_left,one_up_right,infrequent,certainty,,,,,,,,,0,151,151,3,2153.636005,2153.835737,c,1,2153.636005,None,0.7971317,-0.003703704,0.003703704,1,0,0,1.4511197,polygon,2150.685865,None,2155.51605,None,TRUE,0.362037037,0.191666667,1,0,0,5.4069552,one_up_right,13,1,2021_Nov_23_0832,untitled_1,2020.2.6,59.98613121
אדום,red,z,1,Image_certainty//image120_alemnt12.jpg,12.jpg,two_up_left,two_up_right,widespread,certainty,,,,,,,,,0,152,152,120,2163.934355,2164.1343,z,1,2163.934355,None,0.5294763,-0.006481481,0,1,0,0,1.0680195,polygon,2161.368017,None,2165.522279,None,TRUE,-0.517592593,0.230555556,1,0,0,4.7564261,two_up_left,13,1,2021_Nov_23_0832,untitled_1,2020.2.6,59.98613121
אדום,blue,c,0,Image_certainty//image73_alemnt10.jpg,10.jpg,two_down_left,one_down_right,widespread,certainty,,,,,,,,,0,153,153,73,2173.750049,2173.949444,c,1,2173.750049,None,0.5288579,0.002777778,0.006481481,1,0,0,1.4967579,polygon,2170.750092,None,2175.360206,None,TRUE,-0.366666667,-0.198148148,1,0,0,2.2705824,two_down_left,13,1,2021_Nov_23_0832,untitled_1,2020.2.6,59.98613121
ירוק,red,z,0,Image_certainty//image44_alemnt11.jpg,11.jpg,two_middle_left,one_up_right,widespread,certainty,,,,,,,,,0,154,154,44,2180.89913,2181.098812,z,1,2180.89913,None,0.9634782,-0.011111111,0.003703704,1,0,0,1.3340406,polygon,2178.06559,None,2182.935838,None,TRUE,-0.544444444,-0.066666667,1,0,0,2.3851164,two_middle_left,13,1,2021_Nov_23_0832,untitled_1,2020.2.6,59.98613121
אדום,red,z,1,Image_certainty//image162_alemnt10.jpg,10.jpg,two_down_left,two_middle_right,widespread,certainty,,,,,,,,,0,155,155,162,2188.397986,2188.597752,z,1,2188.397986,None,0.5325028,0.003703704,0.002777778,1,0,0,1.1314907,polygon,2185.764782,None,2189.987305,None,TRUE,-0.366666667,-0.22037037,1,0,0,3.004561,two_down_left,13,1,2021_Nov_23_0832,untitled_1,2020.2.6,59.98613121
ירוק,blue,c,0,Image_certainty//image9_alemnt2.jpg,2.jpg,one_up_left,two_down_right,infrequent,certainty,,,,,,,,,0,156,156,9,2196.080137,2196.280175,None,0,2196.080137,None,,-0.008333333,0.00462963,1,0,0,1.114558,polygon,2193.463601,None,2198.336515,None,TRUE,-0.747222222,0.206481481,1,0,0,8.1543587,one_up_left,13,1,2021_Nov_23_0832,untitled_1,2020.2.6,59.98613121
כחול,green,x,0,Image_certainty//image95_alemnt9.jpg,9.jpg,two_up_left,two_down_right,widespread,certainty,,,,,,,,,0,157,157,95,2209.528399,2209.728348,x,1,2209.528399,None,0.7459849,0.001851852,0.014814815,1,0,0,1.0842041,polygon,2206.945101,None,2211.350734,None,TRUE,-0.52037037,0.232407407,1,0,0,8.3867733,two_up_left,13,1,2021_Nov_23_0832,untitled_1,2020.2.6,59.98613121
כחול,blue,c,1,Image_certainty//image152_alemnt14.jpg,14.jpg,one_middle_left,one_middle_right,widespread,certainty,,,,,,,,,0,158,158,152,2223.02701,2223.226803,c,1,2223.02701,None,0.7247956,0.003703704,0,1,0,0,1.3314704,polygon,2220.193479,None,2224.838446,None,TRUE,0.389814815,-0.026851852,1,0,0,8.4358828,one_middle_right,13,1,2021_Nov_23_0832,untitled_1,2020.2.6,59.98613121
אדום,green,x,0,Image_certainty//image84_alemnt12.jpg,12.jpg,one_up_left,one_up_right,widespread,certainty,,,,,,,,,0,159,159,84,2241.991198,2242.190943,x,1,2241.991198,None,0.925037,-0.00462963,0.005555556,1,0,0,6.7973668,polygon,2233.708647,None,2243.998346,None,TRUE,0.377777778,0.200925926,1,0,0,4.1844708,one_up_right,13,1,2021_Nov_23_0832,untitled_1,2020.2.6,59.98613121
כחול,blue,c,1,Image_certainty//image173_alemnt12.jpg,12.jpg,two_up_left,three_middle_right,widespread,certainty,,,,,,,,,0,160,160,173,2251.573426,2251.772518,c,1,2251.573426,None,0.8595075,-0.003703704,0.003703704,1,0,0,1.4487255,polygon,2248.62296,None,2253.496984,None,TRUE,0.72037037,0.057407407,1,0,0,2.67075,three_middle_right,13,1,2021_Nov_23_0832,untitled_1,2020.2.6,59.98613121
ירוק,blue,c,0,Image_certainty//image15_alemnt3.jpg,3.jpg,three_middle_left,two_down_right,infrequent,certainty,,,,,,,,,0,161,161,15,2259.955557,2260.155303,c,1,2259.955557,None,0.8915698,0,-0.000925926,1,0,0,1.8149949,polygon,2256.639007,None,2261.928942,None,TRUE,0.72037037,-0.20462963,1,0,0,2.7066395,two_down_right,13,1,2021_Nov_23_0832,untitled_1,2020.2.6,59.98613121
כחול,blue,c,1,Image_certainty//image182_alemnt9.jpg,9.jpg,one_up_left,two_middle_right,widespread,certainty,,,,,,,,,0,162,162,182,2269.420765,2269.620558,c,1,2269.420765,None,0.6621075,-0.005555556,0.005555556,1,0,0,1.203197,polygon,2265.087647,None,2271.165012,None,TRUE,0.537962963,-0.060185185,1,0,0,4.8544515,two_middle_right,13,1,2021_Nov_23_0832,untitled_1,2020.2.6,59.98613121
אדום,red,z,1,Image_certainty//image147_alemnt9.jpg,9.jpg,three_middle_left,two_up_right,widespread,certainty,,,,,,,,,0,163,163,147,2279.203015,2279.402795,z,1,2279.203015,None,0.6642844,0.000925926,0,1,0,0,1.2489453,polygon,2276.453096,None,2280.923749,2289.921069,,,,,,,,,13,1,2021_Nov_23_0832,untitled_1,2020.2.6,59.98613121
כחול,blue,c,1,Image_certainty//image113_alemnt2.jpg,2.jpg,one_up_left,two_up_right,infrequent,certainty,,,,,,,,,0,164,164,113,2293.751105,2293.950827,c,1,2293.751105,None,0.6594383,0.000925926,0.000925926,1,0,0,1.8133587,polygon,2290.434636,None,2295.488953,None,TRUE,0.575925926,0.209259259,1,0,0,4.2009819,two_up_right,13,1,2021_Nov_23_0832,untitled_1,2020.2.6,59.98613121
ירוק,green,x,1,Image_certainty//image145_alemnt12.jpg,12.jpg,two_down_left,two_down_right,widespread,certainty,,,,,,,,,0,165,165,145,2302.933233,2303.13312,x,1,2302.933233,None,0.6284938,0.001851852,0.009259259,1,0,0,1.2980732,polygon,2300.133416,None,2304.640986,None,TRUE,,,,,,,,13,1,2021_Nov_23_0832,untitled_1,2020.2.6,59.98613121
כחול,blue,c,1,Image_certainty//image122_alemnt14.jpg,14.jpg,one_down_left,two_up_right,widespread,certainty,,,,,,,,,0,166,166,122,2312.66544,2312.865152,c,1,2312.66544,None,0.8893514,-0.006481481,-0.005555556,1,0,0,1.5491979,polygon,2307.948818,None,2314.63176,None,TRUE,0.62037037,0.239814815,1,0,0,3.6192214,two_up_right,13,1,2021_Nov_23_0832,untitled_1,2020.2.6,59.98613121
אדום,blue,c,0,Image_certainty//image1_alemnt6.jpg,6.jpg,two_down_left,one_up_right,infrequent,certainty,,,,,,,,,0,167,167,1,2321.997552,2322.197289,c,1,2321.997552,None,0.9580522,0,0.000925926,1,0,0,1.8002966,polygon,2318.697644,None,2324.042249,None,TRUE,0.368518519,0.200925926,1,0,0,5.2566057,one_up_right,13,1,2021_Nov_23_0832,untitled_1,2020.2.6,59.98613121
כחול,red,z,0,Image_certainty//image46_alemnt8.jpg,8.jpg,two_middle_left,two_up_right,widespread,certainty,,,,,,,,,0,168,168,46,2333.195983,2333.395798,z,1,2333.195983,None,0.8913712,-0.000925926,0.008333333,1,0,0,1.962312,polygon,2329.746107,None,2335.172127,None,TRUE,0.587037037,0.225,1,0,0,5.3173814,two_up_right,13,1,2021_Nov_23_0832,untitled_1,2020.2.6,59.98613121
כחול,blue,c,1,Image_certainty//image125_alemnt12.jpg,12.jpg,one_down_left,one_down_right,widespread,certainty,,,,,,,,,0,169,169,125,2343.794786,2343.994376,c,1,2343.794786,None,0.8148153,0.002777778,0.010185185,1,0,0,1.3652899,polygon,2340.927959,None,2345.667809,None,TRUE,0.453703704,-0.235185185,1,0,0,2.5372641,one_down_right,13,1,2021_Nov_23_0832,untitled_1,2020.2.6,59.98613121
ירוק,green,x,1,Image_certainty//image163_alemnt12.jpg,12.jpg,two_middle_left,three_middle_right,widespread,certainty,,,,,,,,,0,170,170,163,2351.593669,2351.793506,x,1,2351.593669,None,0.5040418,-0.000925926,0.009259259,1,0,0,1.4288001,polygon,2348.677084,None,2353.191475,None,TRUE,0.735185185,0.062037037,1,0,0,4.8207509,three_middle_right,13,1,2021_Nov_23_0832,untitled_1,2020.2.6,59.98613121
כחול,blue,c,1,Image_certainty//image149_alemnt11.jpg,11.jpg,one_middle_left,three_middle_right,widespread,certainty,,,,,,,,,0,171,171,149,2361.459006,2361.6585,c,1,2361.459006,None,0.5888101,-0.003703704,0.008333333,1,0,0,1.4998215,polygon,2358.458703,None,2363.132302,None,TRUE,0.742592593,0.05,1,0,0,3.4211045,three_middle_right,13,1,2021_Nov_23_0832,untitled_1,2020.2.6,59.98613121
כחול,blue,c,1,Image_certainty//image101_alemnt6.jpg,6.jpg,one_down_left,two_middle_right,infrequent,certainty,,,,,,,,,0,172,172,101,2369.858008,2370.057783,c,1,2369.858008,None,0.6932134,-0.000925926,-0.005555556,1,0,0,1.3480028,polygon,2367.008255,None,2371.633286,None,TRUE,0.569444444,-0.057407407,1,0,0,2.5039727,two_middle_right,13,1,2021_Nov_23_0832,untitled_1,2020.2.6,59.98613121
כחול,green,x,0,Image_certainty//image47_alemnt13.jpg,13.jpg,one_middle_left,one_middle_right,widespread,certainty,,,,,,,,,0,173,173,47,2377.44047,2377.640077,x,1,2377.44047,None,0.7549153,0.002777778,0.00462963,1,0,0,1.3491893,polygon,2374.590088,None,2379.28086,None,TRUE,0.384259259,-0.008333333,1,0,0,2.1100983,one_middle_right,13,1,2021_Nov_23_0832,untitled_1,2020.2.6,59.98613121
אדום,red,z,1,Image_certainty//image117_alemnt1.jpg,1.jpg,one_up_left,two_up_right,infrequent,certainty,,,,,,,,,0,174,174,117,2385.22251,2385.422508,z,1,2385.22251,None,0.6677444,-0.001851852,0.006481481,1,0,0,1.881725,polygon,2381.839485,None,2386.98888,None,TRUE,0.601851852,0.243518519,1,0,0,4.6510088,two_up_right,13,1,2021_Nov_23_0832,untitled_1,2020.2.6,59.98613121
אדום,red,z,1,Image_certainty//image144_alemnt8.jpg,8.jpg,two_middle_left,two_down_right,widespread,certainty,,,,,,,,,0,175,175,144,2394.854789,2395.054575,z,1,2394.854789,None,1.0726022,0,0.006481481,1,0,0,1.2849425,polygon,2392.071486,None,2397.020264,None,TRUE,0.715740741,-0.22037037,1,0,0,6.6213621,two_down_right,13,1,2021_Nov_23_0832,untitled_1,2020.2.6,59.98613121
כחול,blue,c,1,Image_certainty//image146_alemnt12.jpg,12.jpg,one_up_left,two_middle_right,widespread,certainty,,,,,,,,,0,176,176,146,2406.869992,2407.069632,None,0,2406.869992,None,,-0.001851852,-0.000925926,1,0,0,1.2817417,polygon,2404.086387,None,2409.108897,None,TRUE,0.571296296,-0.052777778,1,0,0,5.820521,two_middle_right,13,1,2021_Nov_23_0832,untitled_1,2020.2.6,59.98613121
אדום,red,z,1,Image_certainty//image177_alemnt11.jpg,11.jpg,two_down_left,three_middle_right,widespread,certainty,,,,,,,,,0,177,177,177,2419.034851,2419.234428,z,1,2419.034851,None,1.0126047,-0.00462963,0.009259259,1,0,0,2.1477932,polygon,2415.385159,None,2421.14911,None,TRUE,0.725,0.048148148,1,0,0,5.6043955,three_middle_right,13,1,2021_Nov_23_0832,untitled_1,2020.2.6,59.98613121
אדום,blue,c,0,Image_certainty//image37_alemnt13.jpg,13.jpg,two_down_left,one_up_right,widespread,certainty,,,,,,,,,0,178,178,37,2430.333612,2430.533315,c,1,2430.333612,None,0.9769261,0.001851852,0.001851852,1,0,0,1.6471379,polygon,2427.183613,None,2432.393026,None,TRUE,0.349074074,0.178703704,1,0,0,1.9552045,one_up_right,13,1,2021_Nov_23_0832,untitled_1,2020.2.6,59.98613121
ירוק,green,x,1,Image_certainty//image199_alemnt9.jpg,9.jpg,one_up_left,one_down_right,widespread,certainty,,,,,,,,,0,179,179,199,2437.782547,2437.982298,x,1,2437.782547,None,0.7601017,0.002777778,0.008333333,1,0,0,1.4987513,polygon,2434.782635,None,2439.631651,2448.617112,,,,,,,,,13,1,2021_Nov_23_0832,untitled_1,2020.2.6,59.98613121
ירוק,red,z,0,Image_certainty//image38_alemnt8.jpg,8.jpg,two_up_left,two_down_right,widespread,certainty,,,,,,,,,0,180,180,38,2452.09711,2452.297151,z,1,2452.09711,None,0.7524767,0.007407407,0.003703704,1,0,0,1.4666915,polygon,2449.130524,None,2453.920957,2462.915742,,,,,,,,,13,1,2021_Nov_23_0832,untitled_1,2020.2.6,59.98613121
כחול,blue,c,1,Image_certainty//image119_alemnt6.jpg,6.jpg,two_middle_left,one_down_right,infrequent,certainty,,,,,,,,,0,181,181,119,2466.345561,2466.545012,c,1,2466.345561,None,0.6658731,-0.00462963,0.002777778,1,0,0,1.4153945,polygon,2463.429122,None,2468.094715,None,TRUE,0.428703704,-0.200925926,1,0,0,2.3365883,one_down_right,13,1,2021_Nov_23_0832,untitled_1,2020.2.6,59.98613121
כחול,blue,c,1,Image_certainty//image143_alemnt9.jpg,9.jpg,two_down_left,one_middle_right,widespread,certainty,,,,,,,,,0,182,182,143,2473.460859,2473.660845,c,1,2473.460859,None,0.6209614,0,0.011111111,1,0,0,1.0978424,polygon,2470.86135,None,2475.159013,None,TRUE,0.382407407,-0.011111111,1,0,0,3.9376198,one_middle_right,13,1,2021_Nov_23_0832,untitled_1,2020.2.6,59.98613121
ירוק,blue,c,0,Image_certainty//image69_alemnt14.jpg,14.jpg,one_middle_left,two_down_right,widespread,certainty,,,,,,,,,0,183,183,69,2484.076657,2484.276313,c,1,2484.076657,None,0.8135088,-0.006481481,0.010185185,1,0,0,1.5513368,polygon,2479.559814,None,2485.949822,None,TRUE,0.732407407,-0.225,1,0,0,6.4061616,two_down_right,13,1,2021_Nov_23_0832,untitled_1,2020.2.6,59.98613121
כחול,red,z,0,Image_certainty//image40_alemnt14.jpg,14.jpg,one_up_left,one_middle_right,widespread,certainty,,,,,,,,,0,184,184,40,2495.741601,2495.941356,z,1,2495.741601,None,0.5934254,-0.009259259,0.002777778,1,0,0,1.4191009,polygon,2492.824888,None,2497.423861,None,TRUE,0.392592593,-0.025925926,1,0,0,2.6371776,one_middle_right,13,1,2021_Nov_23_0832,untitled_1,2020.2.6,59.98613121
ירוק,green,x,1,Image_certainty//image112_alemnt3.jpg,3.jpg,one_down_left,two_up_right,infrequent,certainty,,,,,,,,,0,185,185,112,2503.540547,2503.74007,x,1,2503.540547,None,0.6163,0.000925926,0.009259259,1,0,0,1.5463212,polygon,2500.507433,None,2505.236432,None,TRUE,0.612037037,0.243518519,1,0,0,9.0213335,two_up_right,13,1,2021_Nov_23_0832,untitled_1,2020.2.6,59.98613121
אדום,green,x,0,Image_certainty//image42_alemnt12.jpg,12.jpg,two_up_left,one_up_right,widespread,certainty,,,,,,,,,0,186,186,42,2517.755279,2517.955351,x,1,2517.755279,None,0.6392003,-0.003703704,0.007407407,1,0,0,1.5651019,polygon,2514.688909,None,2519.470128,None,TRUE,0.367592593,0.186111111,1,0,0,5.0870442,one_up_right,13,1,2021_Nov_23_0832,untitled_1,2020.2.6,59.98613121
אדום,green,x,0,Image_certainty//image96_alemnt14.jpg,14.jpg,one_up_left,two_down_right,widespread,certainty,,,,,,,,,0,187,187,96,2540.602717,2540.80237,x,1,2540.602717,None,0.7105567,0.002777778,0.00462963,1,0,0,14.1128521,polygon,2525.00433,None,2542.392482,2551.386779,,,,,,,,,13,1,2021_Nov_23_0832,untitled_1,2020.2.6,59.98613121
כחול,blue,c,1,Image_certainty//image179_alemnt12.jpg,12.jpg,two_middle_left,one_down_right,widespread,certainty,,,,,,,,,0,188,188,179,2557.583499,2557.783475,c,1,2557.583499,None,0.6553352,0.005555556,0.008333333,1,0,0,1.1164183,polygon,2551.900449,None,2559.331976,None,TRUE,0.462037037,-0.239814815,1,0,0,4.8220289,one_down_right,13,1,2021_Nov_23_0832,untitled_1,2020.2.6,59.98613121
כחול,blue,c,1,Image_certainty//image137_alemnt8.jpg,8.jpg,one_up_left,two_middle_right,widespread,certainty,,,,,,,,,0,189,189,137,2569.06553,2569.265216,c,1,2569.06553,None,0.6015159,0.006481481,0.007407407,1,0,0,1.7315904,polygon,2564.582555,None,2570.780088,None,TRUE,0.564814815,-0.042592593,1,0,0,5.7368337,two_middle_right,13,1,2021_Nov_23_0832,untitled_1,2020.2.6,59.98613121
אדום,green,x,0,Image_certainty//image54_alemnt11.jpg,11.jpg,two_down_left,two_middle_right,widespread,certainty,,,,,,,,,0,190,190,54,2579.480983,2579.68062,x,1,2579.480983,None,0.5951846,-0.00462963,-0.001851852,1,0,0,1.0349624,polygon,2576.947611,None,2581.153112,None,TRUE,-0.389814815,-0.221296296,1,0,0,3.9533668,two_down_left,13,1,2021_Nov_23_0832,untitled_1,2020.2.6,59.98613121
אדום,blue,c,0,Image_certainty//image7_alemnt7.jpg,7.jpg,one_down_left,one_down_right,infrequent,certainty,,,,,,,,,0,191,191,7,2588.213171,2588.41281,c,1,2588.213171,None,0.710416,0,0.002777778,1,0,0,1.1480816,polygon,2585.563003,None,2590.001927,None,TRUE,0.424074074,-0.22962963,1,0,0,5.1850934,one_down_right,13,1,2021_Nov_23_0832,untitled_1,2020.2.6,59.98613121
ירוק,red,z,0,Image_certainty//image14_alemnt6.jpg,6.jpg,two_up_left,one_up_right,infrequent,certainty,,,,,,,,,0,192,192,14,2598.311696,2598.511255,z,1,2598.311696,None,0.6647541,-0.001851852,0.000925926,1,0,0,1.1807285,polygon,2595.628289,None,2600.035205,None,TRUE,-0.500925926,0.206481481,1,0,0,6.1533005,two_up_left,13,1,2021_Nov_23_0832,untitled_1,2020.2.6,59.98613121
ירוק,green,x,1,Image_certainty//image190_alemnt12.jpg,12.jpg,one_down_left,one_middle_right,widespread,certainty,,,,,,,,,0,193,193,190,2609.293386,2609.493475,x,1,2609.293386,None,0.4967578,0.000925926,-0.002777778,1,0,0,1.1494485,polygon,2606.643465,None,2610.867695,None,TRUE,0.40462963,-0.026851852,1,0,0,4.7037154,one_middle_right,13,1,2021_Nov_23_0832,untitled_1,2020.2.6,59.98613121
כחול,green,x,0,Image_certainty//image65_alemnt9.jpg,9.jpg,two_middle_left,two_up_right,widespread,certainty,,,,,,,,,0,194,194,65,2618.54253,2618.742298,x,1,2618.54253,None,0.7722162,-0.007407407,0,1,0,0,1.0314829,polygon,2616.009146,None,2620.380098,None,TRUE,0.552777778,0.234259259,1,0,0,4.7403825,two_up_right,13,1,2021_Nov_23_0832,untitled_1,2020.2.6,59.98613121
ירוק,blue,c,0,Image_certainty//image51_alemnt14.jpg,14.jpg,three_middle_left,one_down_right,widespread,certainty,,,,,,,,,0,195,195,51,2628.290618,2628.490875,c,1,2628.290618,None,0.7228033,-0.007407407,0.003703704,1,0,0,1.2022526,polygon,2625.590964,None,2630.080117,None,TRUE,0.428703704,-0.219444444,1,0,0,2.0508932,one_down_right,13,1,2021_Nov_23_0832,untitled_1,2020.2.6,59.98613121
אדום,red,z,1,Image_certainty//image114_alemnt2.jpg,2.jpg,one_middle_left,one_middle_right,infrequent,certainty,,,,,,,,,0,196,196,114,2635.007055,2635.206839,z,1,2635.007055,None,0.8535725,-0.003703704,-0.002777778,1,0,0,0.9149269,polygon,2632.590204,None,2636.924757,2645.907878,,,,,,,,,13,1,2021_Nov_23_0832,untitled_1,2020.2.6,59.98613121
ירוק,green,x,1,Image_certainty//image106_alemnt5.jpg,5.jpg,one_down_left,three_middle_right,infrequent,certainty,,,,,,,,,0,197,197,106,2649.421771,2649.621248,x,1,2649.421771,None,0.5492803,-0.007407407,-0.003703704,1,0,0,1.5004872,polygon,2646.42198,None,2651.027621,None,TRUE,0.766666667,0.051851852,1,0,0,8.8869559,three_middle_right,13,1,2021_Nov_23_0832,untitled_1,2020.2.6,59.98613121
אדום,red,z,1,Image_certainty//image198_alemnt9.jpg,9.jpg,one_up_left,one_middle_right,widespread,certainty,,,,,,,,,0,198,198,198,2664.219997,2664.419691,None,0,2664.219997,None,,-0.005555556,0.006481481,1,0,0,0.8488657,polygon,2660.386695,None,2666.4831,None,TRUE,0.397222222,-0.037037037,1,0,0,4.1848301,one_middle_right,13,1,2021_Nov_23_0832,untitled_1,2020.2.6,59.98613121
ירוק,red,z,0,Image_certainty//image2_alemnt4.jpg,4.jpg,one_down_left,two_down_right,infrequent,certainty,,,,,,,,,0,199,199,2,2673.518613,2673.71824,z,1,2673.518613,None,0.8435526,-0.007407407,0.00462963,1,0,0,0.9144951,polygon,2671.102251,None,2675.422691,2684.420194,,,,,,,,,13,1,2021_Nov_23_0832,untitled_1,2020.2.6,59.98613121
