﻿word,letterColor,corrAns,congruent,imageTrain,true_shaps,corrAnsLeft,corrAnsRight,common,experiment,stroop_loop.thisRepN,stroop_loop.thisTrialN,stroop_loop.thisN,stroop_loop.thisIndex,trail_certaninty.thisRepN,trail_certaninty.thisTrialN,trail_certaninty.thisN,trail_certaninty.thisIndex,test_certaincy.thisRepN,test_certaincy.thisTrialN,test_certaincy.thisN,test_certaincy.thisIndex,stroop_text.started,stroop_text.stopped,stroop_anser.keys,stroop_anser.corr,stroop_anser.started,stroop_anser.stopped,stroop_anser.rt,test_fixability_certity.x,test_fixability_certity.y,test_fixability_certity.leftButton,test_fixability_certity.midButton,test_fixability_certity.rightButton,test_fixability_certity.time,test_fixability_certity.clicked_name,test_fixability_certity.started,test_fixability_certity.stopped,test_certainty_mouse.started,test_certainty_mouse.stopped,text_5.started,text_5.stopped,test_certainty_anser_currect,finalClickTime,test_certainty_anser_time,test_certainty_mouse.x,test_certainty_mouse.y,test_certainty_mouse.leftButton,test_certainty_mouse.midButton,test_certainty_mouse.rightButton,test_certainty_mouse.time,test_certainty_mouse.clicked_name,participant,session,date,expName,psychopyVersion,frameRate
אדום,green,x,0,,,,,,,0,0,0,1,,,,,,,,,161.7714648,161.9711589,None,0,161.7714648,None,,,,,,,,,,,,,,,,,,,,,,,,,16,1,2021_Dec_29_1040,untitled_1,2020.2.6,59.87091827
אדום,red,z,1,,,,,,,0,1,1,0,,,,,,,,,167.2534789,167.4532502,z,1,167.2534789,None,0.6107155,,,,,,,,,,,,,,,,,,,,,,,,16,1,2021_Dec_29_1040,untitled_1,2020.2.6,59.87091827
ירוק,blue,c,0,,,,,,,0,2,2,3,,,,,,,,,172.4531911,172.6527716,c,1,172.4531911,None,0.5654414,,,,,,,,,,,,,,,,,,,,,,,,16,1,2021_Dec_29_1040,untitled_1,2020.2.6,59.87091827
כחול,blue,c,1,,,,,,,0,3,3,4,,,,,,,,,177.5854526,177.7856667,None,0,177.5854526,None,,,,,,,,,,,,,,,,,,,,,,,,,16,1,2021_Dec_29_1040,untitled_1,2020.2.6,59.87091827
ירוק,green,x,1,,,,,,,0,4,4,2,,,,,,,,,183.3184107,183.517828,x,1,183.3184107,None,1.0063848,,,,,,,,,,,,,,,,,,,,,,,,16,1,2021_Dec_29_1040,untitled_1,2020.2.6,59.87091827
כחול,red,z,0,,,,,,,0,5,5,5,,,,,,,,,188.9011995,189.1008813,z,1,188.9011995,None,0.7223597,,,,,,,,,,,,,,,,,,,,,,,,16,1,2021_Dec_29_1040,untitled_1,2020.2.6,59.87091827
ירוק,green,x,1,,,,,,,1,0,6,2,,,,,,,,,194.1998846,194.4001915,x,1,194.1998846,None,0.7527157,,,,,,,,,,,,,,,,,,,,,,,,16,1,2021_Dec_29_1040,untitled_1,2020.2.6,59.87091827
אדום,green,x,0,,,,,,,1,1,7,1,,,,,,,,,199.5163895,199.7158269,x,1,199.5163895,None,1.0108496,,,,,,,,,,,,,,,,,,,,,,,,16,1,2021_Dec_29_1040,untitled_1,2020.2.6,59.87091827
אדום,red,z,1,,,,,,,1,2,8,0,,,,,,,,,205.082352,205.2820547,z,1,205.082352,None,0.4811412,,,,,,,,,,,,,,,,,,,,,,,,16,1,2021_Dec_29_1040,untitled_1,2020.2.6,59.87091827
כחול,blue,c,1,,,,,,,1,3,9,4,,,,,,,,,210.1149711,210.3142206,c,1,210.1149711,None,0.6530262,,,,,,,,,,,,,,,,,,,,,,,,16,1,2021_Dec_29_1040,untitled_1,2020.2.6,59.87091827
ירוק,blue,c,0,,,,,,,1,4,10,3,,,,,,,,,215.3476788,215.5474405,c,1,215.3476788,None,0.7703239,,,,,,,,,,,,,,,,,,,,,,,,16,1,2021_Dec_29_1040,untitled_1,2020.2.6,59.87091827
כחול,red,z,0,,,,,,,1,5,11,5,,,,,,,,,220.6965032,220.8962478,z,1,220.6965032,None,0.7089558,,,,,,,,,,,,,,,,,,,,,,,,16,1,2021_Dec_29_1040,untitled_1,2020.2.6,59.87091827
ירוק,green,x,1,,,,,,,2,0,12,2,,,,,,,,,225.9796362,226.1793888,x,1,225.9796362,None,0.4477211,,,,,,,,,,,,,,,,,,,,,,,,16,1,2021_Dec_29_1040,untitled_1,2020.2.6,59.87091827
אדום,red,z,1,,,,,,,2,1,13,0,,,,,,,,,230.9952714,231.1950643,z,1,230.9952714,None,0.5188424,,,,,,,,,,,,,,,,,,,,,,,,16,1,2021_Dec_29_1040,untitled_1,2020.2.6,59.87091827
כחול,red,z,0,,,,,,,2,2,14,5,,,,,,,,,236.0609633,236.2600404,z,1,236.0609633,None,0.5625195,,,,,,,,,,,,,,,,,,,,,,,,16,1,2021_Dec_29_1040,untitled_1,2020.2.6,59.87091827
אדום,green,x,0,,,,,,,2,3,15,1,,,,,,,,,241.1929289,241.3936043,None,0,241.1929289,None,,,,,,,,,,,,,,,,,,,,,,,,,16,1,2021_Dec_29_1040,untitled_1,2020.2.6,59.87091827
ירוק,blue,c,0,,,,,,,2,4,16,3,,,,,,,,,246.9264208,247.1261878,c,1,246.9264208,None,0.5907707,,,,,,,,,,,,,,,,,,,,,,,,16,1,2021_Dec_29_1040,untitled_1,2020.2.6,59.87091827
כחול,blue,c,1,,,,,,,2,5,17,4,,,,,,,,,252.1085966,252.3084421,c,1,252.1085966,None,0.6337455,,,,,,,,,,,,,,,,,,,,,,,,16,1,2021_Dec_29_1040,untitled_1,2020.2.6,59.87091827
אדום,green,x,0,train_Image_certainty//image6_alemnt6.jpg,6.jpg,one_middle_left,two_up_right,widespread,train_certainty,,,,,0,0,0,5,,,,,337.2976565,337.4973243,x,1,337.2976565,None,0.8254907,0,0,1,0,0,1.6884339,polygon,334.1178492,None,340.2591454,349.2165212,351.2954093,None,,,,,,,,,,,16,1,2021_Dec_29_1040,untitled_1,2020.2.6,59.87091827
אדום,red,z,1,train_Image_certainty//image15_alemnt1.jpg,1.jpg,one_up_left,one_middle_right,infrequent,train_certainty,,,,,0,1,1,14,,,,,361.9276037,362.1274993,z,1,361.9276037,None,0.5894931,0,0,1,0,0,8.6476266,polygon,351.7955736,None,364.5958342,None,369.6765471,None,TRUE,3.1042589,3.1051312,0.374074074,-0.011111111,1,0,0,3.1042589,one_middle_right,16,1,2021_Dec_29_1040,untitled_1,2020.2.6,59.87091827
ירוק,green,x,1,train_Image_certainty//image13_alemnt13.jpg,13.jpg,two_up_left,one_up_right,widespread,train_certainty,,,,,0,2,2,12,,,,,372.4095649,372.6095403,x,1,372.4095649,None,0.6760494,0,0,1,0,0,0.7486432,polygon,370.1765153,None,375.1596292,None,379.0085185,None,TRUE,1.8691308,1.8694699,0.387962963,0.182407407,1,0,0,1.8691308,one_up_right,16,1,2021_Dec_29_1040,untitled_1,2020.2.6,59.87091827
אדום,blue,c,0,train_Image_certainty//image7_alemnt7.jpg,7.jpg,one_middle_left,one_up_right,widespread,train_certainty,,,,,0,3,3,6,,,,,384.3914129,384.591145,c,1,384.3914129,None,1.0075283,0.003703704,0.005555556,1,0,0,3.3982542,polygon,379.5086152,None,387.4704733,None,391.4910534,None,TRUE,2.0197477,2.0214354,0.357407407,0.197222222,1,0,0,2.0197477,one_up_right,16,1,2021_Dec_29_1040,untitled_1,2020.2.6,59.87091827
כחול,blue,c,1,train_Image_certainty//image14_alemnt14.jpg,14.jpg,three_middle_left,one_middle_right,widespread,train_certainty,,,,,0,4,4,13,,,,,394.3076433,394.5071277,c,1,394.3076433,None,0.6227354,0,0,1,0,0,0.8144135,polygon,391.9909334,None,397.0652381,None,406.5724952,None,TRUE,7.5383855,7.5419525,0.353703704,-0.005555556,1,0,0,7.5383855,one_middle_right,16,1,2021_Dec_29_1040,untitled_1,2020.2.6,59.87091827
כחול,red,z,0,train_Image_certainty//image4_alemnt4.jpg,4.jpg,two_middle_left,two_up_right,widespread,train_certainty,,,,,0,5,5,3,,,,,409.3223533,409.5216256,z,1,409.3223533,None,0.5219091,0,0,1,0,0,0.7490117,polygon,407.0722958,None,411.999608,None,420.5538651,None,TRUE,6.6019552,6.6044127,0.558333333,0.207407407,1,0,0,6.6019552,two_up_right,16,1,2021_Dec_29_1040,untitled_1,2020.2.6,59.87091827
ירוק,blue,c,0,train_Image_certainty//image3_alemnt3.jpg,3.jpg,two_down_left,three_middle_right,widespread,train_certainty,,,,,0,6,6,2,,,,,423.8704806,424.0700577,c,1,423.8704806,None,0.5932685,0,0,1,0,0,1.3188463,polygon,421.0539509,None,426.6042258,None,433.6686508,None,TRUE,5.102469,5.1050445,0.721296296,0.027777778,1,0,0,5.102469,three_middle_right,16,1,2021_Dec_29_1040,untitled_1,2020.2.6,59.87091827
אדום,blue,c,0,train_Image_certainty//image1_alemnt1.jpg,1.jpg,two_middle_left,one_down_right,widespread,train_certainty,,,,,0,7,7,0,,,,,436.8187488,437.0185066,c,1,436.8187488,None,0.8108863,0,0,1,0,0,1.15013,polygon,434.1688115,None,439.7356357,None,445.8340059,None,TRUE,4.13652,4.141588,0.422222222,-0.230555556,1,0,0,4.13652,one_down_right,16,1,2021_Dec_29_1040,untitled_1,2020.2.6,59.87091827
ירוק,blue,c,0,train_Image_certainty//image9_alemnt9.jpg,9.jpg,two_up_left,one_middle_right,widespread,train_certainty,,,,,0,8,8,8,,,,,448.8838414,449.0836167,c,1,448.8838414,None,0.7651387,0,0,1,0,0,1.046641,polygon,446.3340959,None,451.7821983,None,459.4322315,None,TRUE,5.7011957,5.7020254,0.362037037,-0.002777778,1,0,0,5.7011957,one_middle_right,16,1,2021_Dec_29_1040,untitled_1,2020.2.6,59.87091827
ירוק,red,z,0,train_Image_certainty//image8_alemnt8.jpg,8.jpg,two_down_left,two_middle_right,widespread,train_certainty,,,,,0,9,9,7,,,,,462.1154133,462.3151276,z,1,462.1154133,None,0.741884,0,0,1,0,0,0.694409,polygon,459.932164,None,464.9690077,None,474.6632172,None,TRUE,7.7184191,7.7205043,0.583333333,-0.047222222,1,0,0,7.7184191,two_middle_right,16,1,2021_Dec_29_1040,untitled_1,2020.2.6,59.87091827
אדום,red,z,1,train_Image_certainty//image12_alemnt12.jpg,12.jpg,one_down_left,one_up_right,widespread,train_certainty,,,,,0,10,10,11,,,,,477.6297516,477.8296014,z,1,477.6297516,None,0.4887994,0,0,1,0,0,0.9640721,polygon,475.1634784,None,480.2601979,489.2484049,491.2943334,None,,,,,,,,,,,16,1,2021_Dec_29_1040,untitled_1,2020.2.6,59.87091827
כחול,blue,c,1,train_Image_certainty//image11_alemnt11.jpg,11.jpg,two_down_left,one_down_right,widespread,train_certainty,,,,,0,11,11,10,,,,,496.7610186,496.9601256,c,1,496.7610186,None,0.9288005,0,0,1,0,0,3.4789777,polygon,491.7942897,None,499.812829,None,506.1758716,None,TRUE,4.4047041,4.4063763,0.414814815,-0.250925926,1,0,0,4.4047041,one_down_right,16,1,2021_Dec_29_1040,untitled_1,2020.2.6,59.87091827
ירוק,red,z,0,train_Image_certainty//image2_alemnt2.jpg,2.jpg,two_down_left,three_middle_right,widespread,train_certainty,,,,,0,12,12,1,,,,,510.1591157,510.3589399,z,1,510.1591157,None,0.7870952,-0.002777778,0.005555556,1,0,0,1.9800662,polygon,506.6760256,None,513.089773,None,519.5910975,None,TRUE,4.537521,4.5401108,0.722222222,0.025925926,1,0,0,4.537521,three_middle_right,16,1,2021_Dec_29_1040,untitled_1,2020.2.6,59.87091827
ירוק,green,x,1,train_Image_certainty//image10_alemnt10.jpg,10.jpg,two_up_left,three_middle_right,widespread,train_certainty,,,,,0,13,13,9,,,,,522.3906207,522.5907029,x,1,522.3906207,None,0.5757516,0,0,1,0,0,0.8007379,polygon,520.090502,None,525.1017074,None,529.7228052,None,TRUE,2.6727805,2.6741546,0.738888889,0.05462963,1,0,0,2.6727805,three_middle_right,16,1,2021_Dec_29_1040,untitled_1,2020.2.6,59.87091827
כחול,green,x,0,train_Image_certainty//image5_alemnt5.jpg,5.jpg,one_middle_left,three_middle_right,widespread,train_certainty,,,,,0,14,14,4,,,,,532.4061004,532.6060036,x,1,532.4061004,None,0.8113512,0,0,1,0,0,0.685478,polygon,530.2223711,None,535.3549215,None,545.1044119,None,TRUE,7.7885301,7.7917533,0.726851852,0.042592593,1,0,0,7.7885301,three_middle_right,16,1,2021_Dec_29_1040,untitled_1,2020.2.6,59.87091827
אדום,green,x,0,Image_certainty//image0_alemnt7.jpg,7.jpg,one_down_left,two_up_right,infrequent,certainty,,,,,,,,,0,0,0,0,569.6848452,569.8845653,x,1,569.6848452,None,0.7354675,0,0,1,0,0,1.101452,polygon,567.0742243,None,571.5142437,None,577.2161572,None,TRUE,5.7678912,5.7681183,0.619444444,0.22962963,1,0,0,5.7678912,two_up_right,16,1,2021_Dec_29_1040,untitled_1,2020.2.6,59.87091827
ירוק,blue,c,0,Image_certainty//image39_alemnt12.jpg,12.jpg,one_middle_left,one_middle_right,widespread,certainty,,,,,,,,,0,1,1,39,581.1499237,581.3497477,c,1,581.1499237,None,0.5609165,0,0,1,0,0,1.9299695,polygon,577.7167373,None,582.7966227,None,585.314959,None,TRUE,2.5854773,2.5864368,0.353703704,0,1,0,0,2.5854773,one_middle_right,16,1,2021_Dec_29_1040,untitled_1,2020.2.6,59.87091827
כחול,blue,c,1,Image_certainty//image104_alemnt3.jpg,3.jpg,three_middle_left,two_down_right,infrequent,certainty,,,,,,,,,0,2,2,104,589.1323213,589.3319773,c,1,589.1323213,None,0.5675411,0,0,1,0,0,1.8142028,polygon,585.8152542,None,590.7950113,None,597.2146052,None,TRUE,6.486744,6.4899534,0.701851852,-0.238888889,1,0,0,6.486744,two_down_right,16,1,2021_Dec_29_1040,untitled_1,2020.2.6,59.87091827
אדום,red,z,1,Image_certainty//image129_alemnt8.jpg,8.jpg,one_middle_left,three_middle_right,widespread,certainty,,,,,,,,,0,3,3,129,600.5640411,600.7634434,z,1,600.5640411,None,0.4233477,0,0,1,0,0,1.3497588,polygon,597.7141108,None,602.0688345,None,607.6292739,None,TRUE,5.6202641,5.6225761,0.713888889,0.062962963,1,0,0,5.6202641,three_middle_right,16,1,2021_Dec_29_1040,untitled_1,2020.2.6,59.87091827
כחול,green,x,0,Image_certainty//image29_alemnt13.jpg,13.jpg,one_middle_left,one_up_right,widespread,certainty,,,,,,,,,0,4,4,29,610.6623505,610.8624547,x,1,610.6623505,None,0.7627494,0,0,1,0,0,1.0307304,polygon,608.1294457,None,612.49362,None,614.4145258,None,TRUE,1.9762321,1.9765848,0.365740741,0.166666667,1,0,0,1.9762321,one_up_right,16,1,2021_Dec_29_1040,untitled_1,2020.2.6,59.87091827
ירוק,green,x,1,Image_certainty//image160_alemnt8.jpg,8.jpg,two_down_left,two_up_right,widespread,certainty,,,,,,,,,0,5,5,160,617.5784165,617.7783259,x,1,617.5784165,None,0.508748,0,0,1,0,0,1.1519286,polygon,614.9280063,None,619.1669573,None,625.2777258,None,TRUE,6.1709715,6.1714178,0.585185185,0.187962963,1,0,0,6.1709715,two_up_right,16,1,2021_Dec_29_1040,untitled_1,2020.2.6,59.87091827
ירוק,red,z,0,Image_certainty//image92_alemnt10.jpg,10.jpg,one_down_left,two_middle_right,widespread,certainty,,,,,,,,,0,6,6,92,628.2104618,628.4101844,z,1,628.2104618,None,0.6943902,0,0,1,0,0,0.9451757,polygon,625.777098,None,629.9904757,None,635.3784247,None,TRUE,5.4539631,5.4573284,0.539814815,-0.081481481,1,0,0,5.4539631,two_middle_right,16,1,2021_Dec_29_1040,untitled_1,2020.2.6,59.87091827
ירוק,red,z,0,Image_certainty//image8_alemnt6.jpg,6.jpg,one_down_left,one_up_right,infrequent,certainty,,,,,,,,,0,7,7,8,638.2091402,638.4089113,z,1,638.2091402,None,0.5381247,0,0,1,0,0,0.8145141,polygon,635.8924515,None,639.839261,None,646.9770869,None,FALSE,7.2036912,7.2075689,0.731481481,-0.214814815,1,0,0,7.2036912,two_down_right,16,1,2021_Dec_29_1040,untitled_1,2020.2.6,59.87091827
אדום,blue,c,0,Image_certainty//image7_alemnt7.jpg,7.jpg,one_down_left,one_down_right,infrequent,certainty,,,,,,,,,0,8,8,7,655.1735717,655.3734035,c,1,655.1735717,None,1.0157227,0,0,1,0,0,6.1878933,polygon,647.4909362,None,657.2745837,None,661.0418922,None,TRUE,3.8384713,3.8419339,0.446296296,-0.230555556,1,0,0,3.8384713,one_down_right,16,1,2021_Dec_29_1040,untitled_1,2020.2.6,59.87091827
ירוק,red,z,0,Image_certainty//image26_alemnt11.jpg,11.jpg,one_middle_left,two_down_right,widespread,certainty,,,,,,,,,0,9,9,26,664.0388787,664.2388777,x,0,664.0388787,None,0.5558772,0,0,1,0,0,0.9812644,polygon,661.5557563,None,665.6923314,None,671.4747043,None,TRUE,5.8533967,5.8576119,0.711111111,-0.196296296,1,0,0,5.8533967,two_down_right,16,1,2021_Dec_29_1040,untitled_1,2020.2.6,59.87091827
כחול,blue,c,1,Image_certainty//image134_alemnt9.jpg,9.jpg,two_down_left,three_middle_right,widespread,certainty,,,,,,,,,0,10,10,134,674.3376612,674.537649,x,0,674.3376612,None,0.8607793,0,0,1,0,0,0.8552489,polygon,671.9871039,None,676.280394,None,679.658543,None,TRUE,3.4397537,3.442892,0.706481481,0.055555556,1,0,0,3.4397537,three_middle_right,16,1,2021_Dec_29_1040,untitled_1,2020.2.6,59.87091827
ירוק,green,x,1,Image_certainty//image100_alemnt4.jpg,4.jpg,two_down_left,one_middle_right,infrequent,certainty,,,,,,,,,0,11,11,100,682.4193723,682.6189159,c,0,682.4193723,None,1.0392225,0,0,1,0,0,0.7478087,polygon,680.1700466,None,684.5556518,None,691.2523845,None,TRUE,6.7725637,6.773635,0.417592593,0.016666667,1,0,0,6.7725637,one_middle_right,16,1,2021_Dec_29_1040,untitled_1,2020.2.6,59.87091827
כחול,red,z,0,Image_certainty//image22_alemnt11.jpg,11.jpg,two_up_left,one_down_right,widespread,certainty,,,,,,,,,0,12,12,22,693.9683452,694.1681934,z,1,693.9683452,None,0.5774612,0,0,1,0,0,0.729779,polygon,691.7513853,None,695.6283584,None,702.139968,None,TRUE,6.5741401,6.5782197,0.453703704,-0.20462963,1,0,0,6.5741401,one_down_right,16,1,2021_Dec_29_1040,untitled_1,2020.2.6,59.87091827
אדום,red,z,1,Image_certainty//image162_alemnt10.jpg,10.jpg,two_down_left,two_middle_right,widespread,certainty,,,,,,,,,0,13,13,162,704.6839598,704.8834724,z,1,704.6839598,None,0.5515233,0,0,1,0,0,0.5314124,polygon,702.6503475,None,706.3223323,None,709.9322399,None,TRUE,3.6710228,3.6720885,0.606481481,-0.040740741,1,0,0,3.6710228,two_middle_right,16,1,2021_Dec_29_1040,untitled_1,2020.2.6,59.87091827
כחול,green,x,0,Image_certainty//image71_alemnt12.jpg,12.jpg,three_middle_left,two_down_right,widespread,certainty,,,,,,,,,0,14,14,71,712.9660783,713.1658234,c,0,712.9660783,None,0.7697394,0,0,1,0,0,1.0459925,polygon,710.4322759,None,714.840886,None,717.2676225,None,TRUE,2.5057876,2.5088873,0.740740741,-0.241666667,1,0,0,2.5057876,two_down_right,16,1,2021_Dec_29_1040,untitled_1,2020.2.6,59.87091827
כחול,blue,c,1,Image_certainty//image161_alemnt12.jpg,12.jpg,one_down_left,two_middle_right,widespread,certainty,,,,,,,,,0,15,15,161,719.9484825,720.1482445,x,0,719.9484825,None,1.0279564,0,0,1,0,0,0.6634378,polygon,717.7819482,None,722.0538781,None,724.881428,None,TRUE,2.88935,2.890496,0.52962963,-0.062037037,1,0,0,2.88935,two_middle_right,16,1,2021_Dec_29_1040,untitled_1,2020.2.6,59.87091827
כחול,red,z,0,Image_certainty//image34_alemnt8.jpg,8.jpg,one_middle_left,two_up_right,widespread,certainty,,,,,,,,,0,16,16,34,727.4642521,727.6636943,z,1,727.4642521,None,0.4792567,0,0,1,0,0,0.5950832,polygon,725.3808168,None,729.0172721,None,735.4623095,None,TRUE,6.5028635,6.5032513,0.592592593,0.207407407,1,0,0,6.5028635,two_up_right,16,1,2021_Dec_29_1040,untitled_1,2020.2.6,59.87091827
אדום,red,z,1,Image_certainty//image189_alemnt8.jpg,8.jpg,one_middle_left,one_middle_right,widespread,certainty,,,,,,,,,0,17,17,189,738.1127567,738.3124623,z,1,738.1127567,None,0.5825091,0,0,1,0,0,0.6621317,polygon,735.9627184,None,739.7722379,None,746.0459092,None,TRUE,6.3372439,6.3395516,0.35,0.003703704,1,0,0,6.3372439,one_middle_right,16,1,2021_Dec_29_1040,untitled_1,2020.2.6,59.87091827
כחול,green,x,0,Image_certainty//image5_alemnt2.jpg,2.jpg,two_down_left,two_down_right,infrequent,certainty,,,,,,,,,0,18,18,5,748.6114854,748.8109343,c,0,748.6114854,None,0.9537803,0,0,1,0,0,0.5476552,polygon,746.5613165,None,750.6580739,759.6460154,759.6596506,None,,,,,,,,,,,16,1,2021_Dec_29_1040,untitled_1,2020.2.6,59.87091827
ירוק,green,x,1,Image_certainty//image196_alemnt13.jpg,13.jpg,three_middle_left,one_down_right,widespread,certainty,,,,,,,,,0,19,19,196,762.3590589,762.5593113,c,0,762.3590589,None,0.5892266,0,-0.001851852,1,0,0,0.7114845,polygon,760.1595835,None,764.0368003,None,765.8610998,None,TRUE,1.8904591,1.8920158,0.421296296,-0.214814815,1,0,0,1.8904591,one_down_right,16,1,2021_Dec_29_1040,untitled_1,2020.2.6,59.87091827
אדום,green,x,0,Image_certainty//image18_alemnt4.jpg,4.jpg,three_middle_left,one_down_right,infrequent,certainty,,,,,,,,,0,20,20,18,768.5921574,768.791273,x,1,768.5921574,None,0.7064919,0,0,1,0,0,0.7141072,polygon,766.3754639,None,770.3877734,None,772.5407736,None,TRUE,2.2186581,2.2205229,0.489814815,-0.230555556,1,0,0,2.2186581,one_down_right,16,1,2021_Dec_29_1040,untitled_1,2020.2.6,59.87091827
כחול,blue,c,1,Image_certainty//image152_alemnt14.jpg,14.jpg,one_middle_left,one_middle_right,widespread,certainty,,,,,,,,,0,21,21,152,775.1746846,775.3739906,x,0,775.1746846,None,0.5915964,0,0,1,0,0,0.6308047,polygon,773.041103,None,776.8500708,None,785.155517,None,TRUE,8.3692077,8.370154,0.416666667,0.011111111,1,0,0,8.3692077,one_middle_right,16,1,2021_Dec_29_1040,untitled_1,2020.2.6,59.87091827
ירוק,blue,c,0,Image_certainty//image45_alemnt9.jpg,9.jpg,one_down_left,three_middle_right,widespread,certainty,,,,,,,,,0,22,22,45,787.5728317,787.7727083,x,0,787.5728317,None,1.0744851,0,0,1,0,0,0.4153861,polygon,785.6562116,None,789.7288582,798.72467,798.7374404,None,,,,,,,,,,,16,1,2021_Dec_29_1040,untitled_1,2020.2.6,59.87091827
כחול,green,x,0,Image_certainty//image53_alemnt12.jpg,12.jpg,two_down_left,two_middle_right,widespread,certainty,,,,,,,,,0,23,23,53,801.5212642,801.7205054,c,0,801.5212642,None,1.0315587,0,0,1,0,0,0.7811981,polygon,799.237509,None,803.6322831,None,810.5706457,None,TRUE,,7.0083595,,,,,,,,16,1,2021_Dec_29_1040,untitled_1,2020.2.6,59.87091827
ירוק,blue,c,0,Image_certainty//image69_alemnt14.jpg,14.jpg,one_middle_left,two_down_right,widespread,certainty,,,,,,,,,0,24,24,69,813.3693799,813.5695393,x,0,813.3693799,None,0.7868092,0,0,1,0,0,0.7811075,polygon,811.0863014,None,815.2518308,None,819.2698121,None,TRUE,4.086359,4.0894372,0.726851852,-0.234259259,1,0,0,4.086359,two_down_right,16,1,2021_Dec_29_1040,untitled_1,2020.2.6,59.87091827
ירוק,red,z,0,Image_certainty//image50_alemnt11.jpg,11.jpg,three_middle_left,one_down_right,widespread,certainty,,,,,,,,,0,25,25,50,821.8516151,822.0515884,z,1,821.8516151,None,0.6703428,0,0,1,0,0,0.5652565,polygon,819.7851298,None,823.5940532,None,827.6342551,None,TRUE,4.0862158,4.0891931,0.456481481,-0.239814815,1,0,0,4.0862158,one_down_right,16,1,2021_Dec_29_1040,untitled_1,2020.2.6,59.87091827
ירוק,red,z,0,Image_certainty//image38_alemnt8.jpg,8.jpg,two_up_left,two_down_right,widespread,certainty,,,,,,,,,0,26,26,38,830.5507312,830.7503803,z,1,830.5507312,None,0.6756378,0,0,1,0,0,0.9143755,polygon,828.1339034,None,832.3236246,841.3194457,841.3315883,None,,,,,,,,,,,16,1,2021_Dec_29_1040,untitled_1,2020.2.6,59.87091827
אדום,red,z,1,Image_certainty//image123_alemnt13.jpg,13.jpg,one_up_left,one_down_right,widespread,certainty,,,,,,,,,0,27,27,123,846.5821079,846.7818143,z,1,846.5821079,None,0.5524939,-0.002777778,0.003703704,1,0,0,3.2497395,polygon,841.8316322,None,848.2291516,857.216989,857.2301421,None,,,,,,,,,,,16,1,2021_Dec_29_1040,untitled_1,2020.2.6,59.87091827
כחול,red,z,0,Image_certainty//image28_alemnt10.jpg,10.jpg,one_down_left,two_down_right,widespread,certainty,,,,,,,,,0,28,28,28,862.0959375,862.2961429,z,1,862.0959375,None,0.5989341,0,0.003703704,1,0,0,2.8642617,polygon,857.7297862,None,863.7776191,None,868.4951352,None,TRUE,4.7875227,4.7891249,0.677777778,-0.230555556,1,0,0,4.7875227,two_down_right,16,1,2021_Dec_29_1040,untitled_1,2020.2.6,59.87091827
ירוק,green,x,1,Image_certainty//image193_alemnt12.jpg,12.jpg,three_middle_left,three_middle_right,widespread,certainty,,,,,,,,,0,29,29,193,871.1117229,871.3118487,c,0,871.1117229,None,0.9935891,0,0,1,0,0,0.6147591,polygon,868.995287,None,873.190403,None,880.0785241,None,TRUE,6.9532799,6.9562927,0.719444444,0.042592593,1,0,0,6.9532799,three_middle_right,16,1,2021_Dec_29_1040,untitled_1,2020.2.6,59.87091827
אדום,green,x,0,Image_certainty//image24_alemnt13.jpg,13.jpg,three_middle_left,one_middle_right,widespread,certainty,,,,,,,,,0,30,30,24,882.4773328,882.6768367,c,0,882.4773328,None,0.9828447,0,0,1,0,0,0.3836671,polygon,880.593694,None,884.5375391,None,886.3785029,None,TRUE,1.9046772,1.9075343,0.362037037,-0.027777778,1,0,0,1.9046772,one_middle_right,16,1,2021_Dec_29_1040,untitled_1,2020.2.6,59.87091827
ירוק,green,x,1,Image_certainty//image190_alemnt12.jpg,12.jpg,one_down_left,one_middle_right,widespread,certainty,,,,,,,,,0,31,31,190,889.0930749,889.2925781,c,0,889.0930749,None,0.4658688,0,0,1,0,0,0.7017387,polygon,886.8927451,None,890.6345285,None,896.0925381,None,TRUE,5.5210351,5.5229027,0.374074074,0.02037037,1,0,0,5.5210351,one_middle_right,16,1,2021_Dec_29_1040,untitled_1,2020.2.6,59.87091827
כחול,blue,c,1,Image_certainty//image188_alemnt9.jpg,9.jpg,two_up_left,two_down_right,widespread,certainty,,,,,,,,,0,32,32,188,898.924804,899.1247392,x,0,898.924804,None,0.6843451,0,0,1,0,0,0.8146271,polygon,896.6084394,None,900.6884904,None,905.3092371,None,TRUE,4.672099,4.6738349,0.723148148,-0.207407407,1,0,0,4.672099,two_down_right,16,1,2021_Dec_29_1040,untitled_1,2020.2.6,59.87091827
ירוק,green,x,1,Image_certainty//image187_alemnt10.jpg,10.jpg,two_up_left,three_middle_right,widespread,certainty,,,,,,,,,0,33,33,187,907.8572921,908.0570084,c,0,907.8572921,None,0.8586166,0,0,1,0,0,0.5317346,polygon,905.8235081,None,909.8050986,None,912.2403848,None,TRUE,2.5041985,2.5065303,0.743518519,0.050925926,1,0,0,2.5041985,three_middle_right,16,1,2021_Dec_29_1040,untitled_1,2020.2.6,59.87091827
ירוק,blue,c,0,Image_certainty//image51_alemnt14.jpg,14.jpg,three_middle_left,one_down_right,widespread,certainty,,,,,,,,,0,34,34,51,914.6230919,914.8224154,x,0,914.6230919,None,0.5722969,0,0,1,0,0,0.3810321,polygon,912.7397708,None,916.2684512,None,925.1416555,None,TRUE,8.9210138,8.9247048,0.457407407,-0.231481481,1,0,0,8.9210138,one_down_right,16,1,2021_Dec_29_1040,untitled_1,2020.2.6,59.87091827
כחול,green,x,0,Image_certainty//image65_alemnt9.jpg,9.jpg,two_middle_left,two_up_right,widespread,certainty,,,,,,,,,0,35,35,65,927.5380247,927.7378403,c,0,927.5380247,None,0.9510498,0,0,1,0,0,0.381444,polygon,925.6545712,None,929.5864243,None,934.6711257,None,TRUE,5.1543202,5.1548599,0.572222222,0.227777778,1,0,0,5.1543202,two_up_right,16,1,2021_Dec_29_1040,untitled_1,2020.2.6,59.87091827
כחול,blue,c,1,Image_certainty//image185_alemnt14.jpg,14.jpg,three_middle_left,three_middle_right,widespread,certainty,,,,,,,,,0,36,36,185,937.2535395,937.4525525,x,0,937.2535395,None,0.7515154,0,0,1,0,0,0.5661531,polygon,935.1867459,None,939.0802141,None,940.9582361,None,TRUE,1.922595,1.926804,0.721296296,0.056481481,1,0,0,1.922595,three_middle_right,16,1,2021_Dec_29_1040,untitled_1,2020.2.6,59.87091827
אדום,red,z,1,Image_certainty//image120_alemnt12.jpg,12.jpg,two_up_left,two_up_right,widespread,certainty,,,,,,,,,0,37,37,120,943.5525477,943.7524022,z,1,943.5525477,None,0.477335,0,0,1,0,0,0.5799306,polygon,941.469283,None,945.0947033,None,947.1220979,None,TRUE,2.0729112,2.0737861,0.576851852,0.202777778,1,0,0,2.0729112,two_up_right,16,1,2021_Dec_29_1040,untitled_1,2020.2.6,59.87091827
אדום,red,z,1,Image_certainty//image180_alemnt12.jpg,12.jpg,one_up_left,one_middle_right,widespread,certainty,,,,,,,,,0,38,38,180,949.7349092,949.9349233,z,1,949.7349092,None,0.5203285,0,0,1,0,0,0.6159208,polygon,947.6348961,None,951.350567,None,954.0718648,None,TRUE,2.7899088,2.7924944,0.374074074,-0.036111111,1,0,0,2.7899088,one_middle_right,16,1,2021_Dec_29_1040,untitled_1,2020.2.6,59.87091827
ירוק,red,z,0,Image_certainty//image32_alemnt9.jpg,9.jpg,two_up_left,one_down_right,widespread,certainty,,,,,,,,,0,39,39,32,956.4009141,956.6007064,z,1,956.4009141,None,0.4992144,0,0,1,0,0,0.3142383,polygon,954.5841529,None,957.988236,None,961.8265291,None,TRUE,3.9066527,3.9128449,0.438888889,-0.216666667,1,0,0,3.9066527,one_down_right,16,1,2021_Dec_29_1040,untitled_1,2020.2.6,59.87091827
ירוק,green,x,1,Image_certainty//image145_alemnt12.jpg,12.jpg,two_down_left,two_down_right,widespread,certainty,,,,,,,,,0,40,40,145,964.3827936,964.5826351,c,0,964.3827936,None,0.7799946,0,0,1,0,0,0.5497488,polygon,962.3331783,None,966.2208882,None,969.050419,None,TRUE,2.8733896,2.8751279,0.741666667,-0.237962963,1,0,0,2.8733896,two_down_right,16,1,2021_Dec_29_1040,untitled_1,2020.2.6,59.87091827
אדום,red,z,1,Image_certainty//image144_alemnt8.jpg,8.jpg,two_middle_left,two_down_right,widespread,certainty,,,,,,,,,0,41,41,144,971.3823495,971.5819235,z,1,971.3823495,None,0.6032977,0,0,1,0,0,0.3284657,polygon,969.5655302,None,973.0539334,None,975.3488721,None,TRUE,2.3368704,2.3400105,0.716666667,-0.200925926,1,0,0,2.3368704,two_down_right,16,1,2021_Dec_29_1040,untitled_1,2020.2.6,59.87091827
כחול,blue,c,1,Image_certainty//image110_alemnt5.jpg,5.jpg,three_middle_left,one_up_right,infrequent,certainty,,,,,,,,,0,42,42,110,977.6479215,977.8479035,x,0,977.6479215,None,0.788873,0,0,1,0,0,0.3136994,polygon,975.8478327,None,979.5089238,None,984.3296428,None,TRUE,4.8715927,4.8719636,0.353703704,0.180555556,1,0,0,4.8715927,one_up_right,16,1,2021_Dec_29_1040,untitled_1,2020.2.6,59.87091827
כחול,red,z,0,Image_certainty//image16_alemnt4.jpg,4.jpg,one_middle_left,two_up_right,infrequent,certainty,,,,,,,,,0,43,43,16,987.4136526,987.613249,z,1,987.4136526,None,0.7359235,0,0,1,0,0,1.0820061,polygon,984.8298936,None,989.2456307,None,993.9284127,None,TRUE,4.7535617,4.7539309,0.577777778,0.227777778,1,0,0,4.7535617,two_up_right,16,1,2021_Dec_29_1040,untitled_1,2020.2.6,59.87091827
כחול,red,z,0,Image_certainty//image10_alemnt6.jpg,6.jpg,two_middle_left,three_middle_right,infrequent,certainty,,,,,,,,,0,44,44,10,996.6121078,996.8121016,z,1,996.6121078,None,0.5447872,0,0,1,0,0,0.6813714,polygon,994.4289988,None,998.2430318,None,1007.093272,None,TRUE,8.9212949,8.9224293,0.703703704,0.037037037,1,0,0,8.9212949,three_middle_right,16,1,2021_Dec_29_1040,untitled_1,2020.2.6,59.87091827
כחול,green,x,0,Image_certainty//image95_alemnt9.jpg,9.jpg,two_up_left,two_down_right,widespread,certainty,,,,,,,,,0,45,45,95,1009.676798,1009.876689,c,0,1009.676798,None,0.7938083,0,0,1,0,0,0.5808965,polygon,1007.593942,None,1011.536076,None,1015.816596,None,TRUE,4.3235805,4.329245,0.718518519,-0.216666667,1,0,0,4.3235805,two_down_right,16,1,2021_Dec_29_1040,untitled_1,2020.2.6,59.87091827
ירוק,green,x,1,Image_certainty//image124_alemnt10.jpg,10.jpg,one_up_left,two_middle_right,widespread,certainty,,,,,,,,,0,46,46,124,1018.17568,1018.375876,c,0,1018.17568,None,0.405503,0,0,1,0,0,0.3496632,polygon,1016.326081,None,1019.655937,None,1022.528369,None,TRUE,2.9209771,2.9242134,0.553703704,-0.073148148,1,0,0,2.9209771,two_middle_right,16,1,2021_Dec_29_1040,untitled_1,2020.2.6,59.87091827
ירוק,green,x,1,Image_certainty//image169_alemnt11.jpg,11.jpg,one_middle_left,one_up_right,widespread,certainty,,,,,,,,,0,47,47,169,1024.808332,1025.008301,c,0,1024.808332,None,0.555613,0,0,1,0,0,0.2635927,polygon,1023.041852,None,1026.430957,None,1033.406798,None,TRUE,7.0213738,7.0217756,0.396296296,0.168518519,1,0,0,7.0213738,one_up_right,16,1,2021_Dec_29_1040,untitled_1,2020.2.6,59.87091827
אדום,blue,c,0,Image_certainty//image19_alemnt4.jpg,4.jpg,one_middle_left,two_middle_right,infrequent,certainty,,,,,,,,,0,48,48,19,1035.757319,1035.95669,x,0,1035.757319,None,0.7626186,0,0,1,0,0,0.3516674,polygon,1033.907125,None,1037.607205,None,1039.522865,None,TRUE,,1.9901543,,,,,,,,16,1,2021_Dec_29_1040,untitled_1,2020.2.6,59.87091827
כחול,green,x,0,Image_certainty//image17_alemnt5.jpg,5.jpg,two_up_left,two_down_right,infrequent,certainty,,,,,,,,,0,49,49,17,1041.773057,1041.972695,c,0,1041.773057,None,0.6374747,0,0,1,0,0,0.2656728,polygon,1040.023019,None,1043.478549,None,1048.721347,None,TRUE,5.2871004,5.2894447,0.72962963,-0.231481481,1,0,0,5.2871004,two_down_right,16,1,2021_Dec_29_1040,untitled_1,2020.2.6,59.87091827
כחול,blue,c,1,Image_certainty//image182_alemnt9.jpg,9.jpg,one_up_left,two_middle_right,widespread,certainty,,,,,,,,,0,50,50,182,1050.955402,1051.154961,x,0,1050.955402,None,0.6927001,0,0,1,0,0,0.2344546,polygon,1049.221374,None,1052.741815,None,1056.640698,None,TRUE,3.9751672,3.9762606,0.571296296,-0.071296296,1,0,0,3.9751672,two_middle_right,16,1,2021_Dec_29_1040,untitled_1,2020.2.6,59.87091827
ירוק,green,x,1,Image_certainty//image121_alemnt12.jpg,12.jpg,two_down_left,three_middle_right,widespread,certainty,,,,,,,,,0,51,51,121,1058.920733,1059.120495,x,1,1058.920733,None,0.6822125,0,0,1,0,0,0.2644509,polygon,1057.154065,None,1060.685046,None,1066.522714,None,TRUE,5.9041404,5.9072985,0.712962963,0.055555556,1,0,0,5.9041404,three_middle_right,16,1,2021_Dec_29_1040,untitled_1,2020.2.6,59.87091827
אדום,blue,c,0,Image_certainty//image13_alemnt2.jpg,2.jpg,two_up_left,one_down_right,infrequent,certainty,,,,,,,,,0,52,52,13,1070.202669,1070.402349,x,0,1070.202669,None,0.8641795,0,0,1,0,0,1.6691536,polygon,1067.036203,None,1072.150934,1081.137895,1081.150962,None,,,,,,,,,,,16,1,2021_Dec_29_1040,untitled_1,2020.2.6,59.87091827
אדום,red,z,1,Image_certainty//image108_alemnt2.jpg,2.jpg,one_down_left,one_up_right,infrequent,certainty,,,,,,,,,0,53,53,108,1085.000808,1085.200403,z,1,1085.000808,None,0.5482388,-0.001851852,0.006481481,1,0,0,1.8531791,polygon,1081.650485,None,1086.614505,None,1094.204252,None,TRUE,7.6389488,7.6402123,0.387037037,0.15,1,0,0,7.6389488,one_up_right,16,1,2021_Dec_29_1040,untitled_1,2020.2.6,59.87091827
כחול,red,z,0,Image_certainty//image64_alemnt10.jpg,10.jpg,one_up_left,three_middle_right,widespread,certainty,,,,,,,,,0,54,54,64,1097.899118,1098.098839,z,1,1097.899118,None,0.7244899,0.001851852,0.002777778,1,0,0,1.6952813,polygon,1094.715691,None,1099.723328,None,1106.333616,None,TRUE,6.6908991,6.6921691,0.735185185,0.065740741,1,0,0,6.6908991,three_middle_right,16,1,2021_Dec_29_1040,untitled_1,2020.2.6,59.87091827
אדום,green,x,0,Image_certainty//image96_alemnt14.jpg,14.jpg,one_up_left,two_down_right,widespread,certainty,,,,,,,,,0,55,55,96,1109.081033,1109.28077,c,0,1109.081033,None,0.5650992,0,0,1,0,0,0.731733,polygon,1106.84767,None,1110.72944,None,1114.024486,None,TRUE,3.3570874,3.3629545,0.689814815,-0.216666667,1,0,0,3.3570874,two_down_right,16,1,2021_Dec_29_1040,untitled_1,2020.2.6,59.87091827
אדום,green,x,0,Image_certainty//image60_alemnt13.jpg,13.jpg,one_middle_left,two_up_right,widespread,certainty,,,,,,,,,0,56,56,60,1116.61325,1116.812952,c,0,1116.61325,None,0.5602544,0,0,1,0,0,0.5947614,polygon,1114.530002,None,1118.241182,None,1120.198136,None,TRUE,2.0080775,2.0083014,0.60462963,0.222222222,1,0,0,2.0080775,two_up_right,16,1,2021_Dec_29_1040,untitled_1,2020.2.6,59.87091827
אדום,red,z,1,Image_certainty//image114_alemnt2.jpg,2.jpg,one_middle_left,one_middle_right,infrequent,certainty,,,,,,,,,0,57,57,114,1122.695993,1122.895594,z,1,1122.695993,None,0.6150843,0,0,1,0,0,0.4960917,polygon,1120.712332,None,1124.38818,None,1129.020226,None,TRUE,4.6911402,4.6951381,0.37962963,-0.035185185,1,0,0,4.6911402,one_middle_right,16,1,2021_Dec_29_1040,untitled_1,2020.2.6,59.87091827
כחול,blue,c,1,Image_certainty//image191_alemnt12.jpg,12.jpg,two_middle_left,one_up_right,widespread,certainty,,,,,,,,,0,58,58,191,1131.827237,1132.027813,x,0,1131.827237,None,0.6100731,0,0,1,0,0,0.7992408,polygon,1129.528015,None,1133.521303,None,1135.210081,None,TRUE,1.7537741,1.7545296,0.384259259,0.185185185,1,0,0,1.7537741,one_up_right,16,1,2021_Dec_29_1040,untitled_1,2020.2.6,59.87091827
אדום,red,z,1,Image_certainty//image192_alemnt11.jpg,11.jpg,one_up_left,one_down_right,widespread,certainty,,,,,,,,,0,59,59,192,1137.527323,1137.726787,z,1,1137.527323,None,0.5793177,0,0,1,0,0,0.3287068,polygon,1135.710567,None,1139.187619,None,1144.709804,None,TRUE,5.5888649,5.5905066,0.428703704,-0.211111111,1,0,0,5.5888649,one_down_right,16,1,2021_Dec_29_1040,untitled_1,2020.2.6,59.87091827
כחול,red,z,0,Image_certainty//image82_alemnt14.jpg,14.jpg,three_middle_left,two_down_right,widespread,certainty,,,,,,,,,0,60,60,82,1147.492605,1147.692392,z,1,1147.492605,None,0.5053681,0,0,1,0,0,0.7813333,polygon,1145.208864,None,1149.092373,None,1151.726037,None,TRUE,2.7032663,2.7064326,0.718518519,-0.242592593,1,0,0,2.7032663,two_down_right,16,1,2021_Dec_29_1040,untitled_1,2020.2.6,59.87091827
אדום,green,x,0,Image_certainty//image12_alemnt1.jpg,1.jpg,one_up_left,two_up_right,infrequent,certainty,,,,,,,,,0,61,61,12,1154.04172,1154.240972,c,0,1154.04172,None,0.9812899,0,0,1,0,0,0.2982678,polygon,1152.24141,None,1156.100812,1165.093836,1165.106312,None,,,,,,,,,,,16,1,2021_Dec_29_1040,untitled_1,2020.2.6,59.87091827
כחול,blue,c,1,Image_certainty//image176_alemnt9.jpg,9.jpg,two_middle_left,one_down_right,widespread,certainty,,,,,,,,,0,62,62,176,1167.856738,1168.056395,x,0,1167.856738,None,0.7048022,0,0,1,0,0,0.7479549,polygon,1165.606511,None,1169.635286,None,1173.659046,None,TRUE,4.0711331,4.0751304,0.474074074,-0.231481481,1,0,0,4.0711331,one_down_right,16,1,2021_Dec_29_1040,untitled_1,2020.2.6,59.87091827
ירוק,blue,c,0,Image_certainty//image99_alemnt10.jpg,10.jpg,three_middle_left,one_middle_right,widespread,certainty,,,,,,,,,0,63,63,99,1176.005171,1176.205421,x,0,1176.005171,None,0.7374829,0,0,1,0,0,0.3327188,polygon,1174.172219,None,1177.843995,None,1178.987476,None,TRUE,1.2187763,1.2198181,0.367592593,-0.030555556,1,0,0,1.2187763,one_middle_right,16,1,2021_Dec_29_1040,untitled_1,2020.2.6,59.87091827
אדום,red,z,1,Image_certainty//image168_alemnt10.jpg,10.jpg,two_middle_left,two_down_right,widespread,certainty,,,,,,,,,0,64,64,168,1181.238116,1181.437857,z,1,1181.238116,None,0.597926,0,0,1,0,0,0.2463794,polygon,1179.487908,None,1182.885966,None,1188.302949,None,TRUE,5.4547179,5.4566339,0.701851852,-0.233333333,1,0,0,5.4547179,two_down_right,16,1,2021_Dec_29_1040,untitled_1,2020.2.6,59.87091827
ירוק,green,x,1,Image_certainty//image142_alemnt14.jpg,14.jpg,three_middle_left,two_down_right,widespread,certainty,,,,,,,,,0,65,65,142,1190.570258,1190.770116,c,0,1190.570258,None,0.8798088,0,0,1,0,0,0.267267,polygon,1188.803109,None,1192.526922,None,1199.50155,None,TRUE,7.038697,7.0402874,0.755555556,-0.25,1,0,0,7.038697,two_down_right,16,1,2021_Dec_29_1040,untitled_1,2020.2.6,59.87091827
כחול,blue,c,1,Image_certainty//image155_alemnt11.jpg,11.jpg,one_up_left,two_middle_right,widespread,certainty,,,,,,,,,0,66,66,155,1201.818576,1202.018588,x,0,1201.818576,None,0.6679184,0,0,1,0,0,0.3175385,polygon,1200.001888,None,1203.562019,None,1209.204726,None,TRUE,5.7050583,5.7079001,0.549074074,-0.073148148,1,0,0,5.7050583,two_middle_right,16,1,2021_Dec_29_1040,untitled_1,2020.2.6,59.87091827
ירוק,green,x,1,Image_certainty//image163_alemnt12.jpg,12.jpg,two_middle_left,three_middle_right,widespread,certainty,,,,,,,,,0,67,67,163,1211.484141,1211.684059,c,0,1211.484141,None,0.9469399,0,0,1,0,0,0.2642919,polygon,1209.717583,None,1213.497106,None,1216.016191,None,TRUE,2.5695001,2.5712963,0.752777778,0.05,1,0,0,2.5695001,three_middle_right,16,1,2021_Dec_29_1040,untitled_1,2020.2.6,59.87091827
כחול,red,z,0,Image_certainty//image88_alemnt10.jpg,10.jpg,two_middle_left,two_up_right,widespread,certainty,,,,,,,,,0,68,68,88,1218.483017,1218.68312,z,1,1218.483017,None,0.5893214,0,0,1,0,0,0.4650072,polygon,1216.516712,None,1220.142447,None,1222.01745,None,TRUE,1.9222731,1.923541,0.590740741,0.202777778,1,0,0,1.9222731,two_up_right,16,1,2021_Dec_29_1040,untitled_1,2020.2.6,59.87091827
ירוק,blue,c,0,Image_certainty//image33_alemnt13.jpg,13.jpg,three_middle_left,two_middle_right,widespread,certainty,,,,,,,,,0,69,69,33,1224.199275,1224.399053,x,0,1224.199275,None,0.819458,0,0,1,0,0,0.1787298,polygon,1222.532578,None,1226.103599,None,1227.934127,None,TRUE,1.8871209,1.8900665,0.55,-0.065740741,1,0,0,1.8871209,two_middle_right,16,1,2021_Dec_29_1040,untitled_1,2020.2.6,59.87091827
כחול,red,z,0,Image_certainty//image4_alemnt2.jpg,2.jpg,two_middle_left,two_middle_right,infrequent,certainty,,,,,,,,,0,70,70,4,1230.048466,1230.248318,z,1,1230.048466,None,0.5274358,0,0,1,0,0,0.0977927,polygon,1228.448437,None,1231.661396,None,1233.847183,None,TRUE,2.2521546,2.2532534,0.564814815,-0.039814815,1,0,0,2.2521546,two_middle_right,16,1,2021_Dec_29_1040,untitled_1,2020.2.6,59.87091827
אדום,red,z,1,Image_certainty//image105_alemnt7.jpg,7.jpg,one_middle_left,one_up_right,infrequent,certainty,,,,,,,,,0,71,71,105,1235.930835,1236.130121,z,1,1235.930835,None,0.5292075,0,0,1,0,0,0.0807845,polygon,1234.347702,None,1237.540773,None,1244.495808,None,TRUE,7.0208772,7.0212536,0.367592593,0.17962963,1,0,0,7.0208772,one_up_right,16,1,2021_Dec_29_1040,untitled_1,2020.2.6,59.87091827
אדום,blue,c,0,Image_certainty//image67_alemnt13.jpg,13.jpg,three_middle_left,one_middle_right,widespread,certainty,,,,,,,,,0,72,72,67,1246.779536,1246.978872,c,1,1246.779536,None,0.7117279,0,0,1,0,0,0.2801944,polygon,1244.996099,None,1248.561723,None,1250.597667,None,TRUE,2.0885501,2.0908434,0.398148148,-0.010185185,1,0,0,2.0885501,one_middle_right,16,1,2021_Dec_29_1040,untitled_1,2020.2.6,59.87091827
ירוק,blue,c,0,Image_certainty//image27_alemnt8.jpg,8.jpg,three_middle_left,two_middle_right,widespread,certainty,,,,,,,,,0,73,73,27,1253.32882,1253.528237,x,0,1253.32882,None,1.1456485,0,0,1,0,0,0.7183403,polygon,1251.112178,None,1255.534109,None,1257.251828,None,TRUE,1.7590358,1.7618042,0.532407407,-0.075925926,1,0,0,1.7590358,two_middle_right,16,1,2021_Dec_29_1040,untitled_1,2020.2.6,59.87091827
כחול,green,x,0,Image_certainty//image77_alemnt10.jpg,10.jpg,one_middle_left,two_up_right,widespread,certainty,,,,,,,,,0,74,74,77,1259.428066,1259.627816,c,0,1259.428066,None,0.8592385,0,0,1,0,0,0.1788327,polygon,1257.761081,None,1261.363842,None,1266.843479,None,TRUE,5.5375681,5.5380301,0.612037037,0.181481481,1,0,0,5.5375681,two_up_right,16,1,2021_Dec_29_1040,untitled_1,2020.2.6,59.87091827
אדום,red,z,1,Image_certainty//image198_alemnt9.jpg,9.jpg,one_up_left,one_middle_right,widespread,certainty,,,,,,,,,0,75,75,198,1269.076743,1269.276062,z,1,1269.076743,None,0.5132309,0,0,1,0,0,0.2465097,polygon,1267.343466,None,1270.653784,None,1275.225351,None,TRUE,4.6196017,4.6214804,0.372222222,-0.013888889,1,0,0,4.6196017,one_middle_right,16,1,2021_Dec_29_1040,untitled_1,2020.2.6,59.87091827
כחול,red,z,0,Image_certainty//image46_alemnt8.jpg,8.jpg,two_middle_left,two_up_right,widespread,certainty,,,,,,,,,0,76,76,46,1277.291537,1277.491869,z,1,1277.291537,None,0.6552459,0,0,1,0,0,0.0642397,polygon,1275.725194,None,1279.048372,None,1285.023692,None,TRUE,6.0546006,6.0550309,0.571296296,0.216666667,1,0,0,6.0546006,two_up_right,16,1,2021_Dec_29_1040,untitled_1,2020.2.6,59.87091827
אדום,blue,c,0,Image_certainty//image61_alemnt10.jpg,10.jpg,one_down_left,one_middle_right,widespread,certainty,,,,,,,,,0,77,77,61,1287.257687,1287.457055,x,0,1287.257687,None,0.64736,0,0,1,0,0,0.2299252,polygon,1285.524298,None,1288.975739,None,1293.664111,None,TRUE,4.7392093,4.7431647,0.349074074,-0.04537037,1,0,0,4.7392093,one_middle_right,16,1,2021_Dec_29_1040,untitled_1,2020.2.6,59.87091827
ירוק,green,x,1,Image_certainty//image151_alemnt13.jpg,13.jpg,two_middle_left,one_down_right,widespread,certainty,,,,,,,,,0,78,78,151,1295.823208,1296.023051,c,0,1295.823208,None,0.5987838,0,0,1,0,0,0.1476629,polygon,1294.173199,None,1297.491243,None,1306.293188,None,TRUE,8.8554421,8.8601577,0.428703704,-0.219444444,1,0,0,8.8554421,one_down_right,16,1,2021_Dec_29_1040,untitled_1,2020.2.6,59.87091827
כחול,red,z,0,Image_certainty//image52_alemnt13.jpg,13.jpg,one_middle_left,two_middle_right,widespread,certainty,,,,,,,,,0,79,79,52,1308.554557,1308.754617,z,1,1308.554557,None,0.6428722,0,0,1,0,0,0.2478587,polygon,1306.80488,None,1310.267341,None,1312.453607,None,TRUE,2.2376536,2.2387226,0.532407407,-0.061111111,1,0,0,2.2376536,two_middle_right,16,1,2021_Dec_29_1040,untitled_1,2020.2.6,59.87091827
ירוק,green,x,1,Image_certainty//image178_alemnt8.jpg,8.jpg,two_up_left,one_up_right,widespread,certainty,,,,,,,,,0,80,80,178,1314.720814,1314.92039,c,0,1314.720814,None,0.6925663,0,0,1,0,0,0.2630808,polygon,1312.954105,None,1316.471244,None,1318.508245,None,TRUE,2.0741039,2.0752027,0.35462963,0.169444444,1,0,0,2.0741039,one_up_right,16,1,2021_Dec_29_1040,untitled_1,2020.2.6,59.87091827
כחול,red,z,0,Image_certainty//image58_alemnt8.jpg,8.jpg,two_middle_left,two_up_right,widespread,certainty,,,,,,,,,0,81,81,58,1320.853199,1321.053095,z,1,1320.853199,None,0.4063738,0,0,1,0,0,0.3454185,polygon,1319.019896,None,1322.320091,None,1326.226301,None,TRUE,3.9423656,3.9430849,0.619444444,0.248148148,1,0,0,3.9423656,two_up_right,16,1,2021_Dec_29_1040,untitled_1,2020.2.6,59.87091827
אדום,red,z,1,Image_certainty//image150_alemnt13.jpg,13.jpg,one_down_left,two_down_right,widespread,certainty,,,,,,,,,0,82,82,150,1328.451987,1328.652068,z,1,1328.451987,None,0.4539749,0,0,1,0,0,0.2187445,polygon,1326.735619,None,1330.004992,None,1333.067542,None,TRUE,3.1350596,3.1370266,0.721296296,-0.232407407,1,0,0,3.1350596,two_down_right,16,1,2021_Dec_29_1040,untitled_1,2020.2.6,59.87091827
ירוק,green,x,1,Image_certainty//image109_alemnt5.jpg,5.jpg,one_down_left,two_middle_right,infrequent,certainty,,,,,,,,,0,83,83,109,1335.551449,1335.751196,c,0,1335.551449,None,0.4826311,0,0,1,0,0,0.4969838,polygon,1333.567791,None,1337.095007,None,1343.486982,None,TRUE,6.4382396,6.4417191,0.533333333,-0.075,1,0,0,6.4382396,two_middle_right,16,1,2021_Dec_29_1040,untitled_1,2020.2.6,59.87091827
אדום,blue,c,0,Image_certainty//image85_alemnt14.jpg,14.jpg,two_down_left,three_middle_right,widespread,certainty,,,,,,,,,0,84,84,85,1345.883508,1346.083203,x,0,1345.883508,None,0.7034279,0,0,1,0,0,0.382211,polygon,1344.000054,None,1347.663861,None,1350.683107,None,TRUE,3.0731586,3.0743363,0.723148148,0.053703704,1,0,0,3.0731586,three_middle_right,16,1,2021_Dec_29_1040,untitled_1,2020.2.6,59.87091827
אדום,blue,c,0,Image_certainty//image73_alemnt10.jpg,10.jpg,two_down_left,one_down_right,widespread,certainty,,,,,,,,,0,85,85,73,1353.065504,1353.265229,x,0,1353.065504,None,0.8342433,0,0,1,0,0,0.3653138,polygon,1351.198607,None,1354.977521,None,1359.499021,None,TRUE,4.5873412,4.5903239,0.458333333,-0.278703704,1,0,0,4.5873412,one_down_right,16,1,2021_Dec_29_1040,untitled_1,2020.2.6,59.87091827
אדום,red,z,1,Image_certainty//image174_alemnt10.jpg,10.jpg,one_down_left,three_middle_right,widespread,certainty,,,,,,,,,0,86,86,174,1361.831374,1362.030951,z,1,1361.831374,None,0.4909694,0,0,1,0,0,0.3142829,polygon,1360.014635,None,1363.416641,None,1367.250172,None,TRUE,3.9051051,3.9081487,0.686111111,0.04537037,1,0,0,3.9051051,three_middle_right,16,1,2021_Dec_29_1040,untitled_1,2020.2.6,59.87091827
אדום,blue,c,0,Image_certainty//image79_alemnt13.jpg,13.jpg,one_down_left,one_up_right,widespread,certainty,,,,,,,,,0,87,87,79,1369.580434,1369.779822,x,0,1369.580434,None,0.8224372,0,0,1,0,0,0.2840021,polygon,1367.763582,None,1371.489737,None,1375.612203,None,TRUE,4.1878265,4.1881315,0.368518519,0.175925926,1,0,0,4.1878265,one_up_right,16,1,2021_Dec_29_1040,untitled_1,2020.2.6,59.87091827
כחול,blue,c,1,Image_certainty//image140_alemnt11.jpg,11.jpg,one_up_left,two_up_right,widespread,certainty,,,,,,,,,0,88,88,140,1377.762101,1377.962188,x,0,1377.762101,None,0.8038994,0,0,1,0,0,0.1640625,polygon,1376.112314,None,1379.630661,None,1383.377615,None,TRUE,3.7908523,3.7910469,0.558333333,0.197222222,1,0,0,3.7908523,two_up_right,16,1,2021_Dec_29_1040,untitled_1,2020.2.6,59.87091827
אדום,red,z,1,Image_certainty//image147_alemnt9.jpg,9.jpg,three_middle_left,two_up_right,widespread,certainty,,,,,,,,,0,89,89,147,1385.544859,1385.744697,z,1,1385.544859,None,0.5403621,0,0,1,0,0,0.1677166,polygon,1383.878198,None,1387.15225,None,1388.994102,None,TRUE,1.8880567,1.8884525,0.623148148,0.236111111,1,0,0,1.8880567,two_up_right,16,1,2021_Dec_29_1040,untitled_1,2020.2.6,59.87091827
אדום,red,z,1,Image_certainty//image141_alemnt11.jpg,11.jpg,two_down_left,three_middle_right,widespread,certainty,,,,,,,,,0,90,90,141,1391.260905,1391.460568,z,1,1391.260905,None,0.4883025,0,0,1,0,0,0.2678657,polygon,1389.493891,None,1392.81255,None,1398.168138,None,TRUE,5.3904065,5.394736,0.724074074,0.041666667,1,0,0,5.3904065,three_middle_right,16,1,2021_Dec_29_1040,untitled_1,2020.2.6,59.87091827
ירוק,green,x,1,Image_certainty//image115_alemnt2.jpg,2.jpg,three_middle_left,one_down_right,infrequent,certainty,,,,,,,,,0,91,91,115,1400.442618,1400.642623,c,0,1400.442618,None,0.7842803,0,0,1,0,0,0.2631664,polygon,1398.676262,None,1402.312493,None,1404.174731,None,TRUE,,1.9392963,,,,,,,,16,1,2021_Dec_29_1040,untitled_1,2020.2.6,59.87091827
ירוק,red,z,0,Image_certainty//image80_alemnt9.jpg,9.jpg,one_middle_left,one_middle_right,widespread,certainty,,,,,,,,,0,92,92,80,1406.425087,1406.624768,z,1,1406.425087,None,0.6021499,0,0,1,0,0,0.249837,polygon,1404.675418,None,1408.12807,1417.110763,1417.123375,None,,,,,,,,,,,16,1,2021_Dec_29_1040,untitled_1,2020.2.6,59.87091827
ירוק,blue,c,0,Image_certainty//image21_alemnt14.jpg,14.jpg,one_down_left,one_middle_right,widespread,certainty,,,,,,,,,0,93,93,21,1419.690414,1419.890238,x,0,1419.690414,None,0.702568,0,0,1,0,0,0.5636495,polygon,1417.62352,None,1421.468445,None,1425.15845,None,TRUE,3.738529,3.7408557,0.396296296,0.007407407,1,0,0,3.738529,one_middle_right,16,1,2021_Dec_29_1040,untitled_1,2020.2.6,59.87091827
ירוק,red,z,0,Image_certainty//image86_alemnt13.jpg,13.jpg,two_middle_left,one_up_right,widespread,certainty,,,,,,,,,0,94,94,86,1427.372264,1427.572529,z,1,1427.372264,None,0.5258833,0,0,1,0,0,0.2119064,polygon,1425.672738,None,1428.980154,1437.974994,1437.987381,None,,,,,,,,,,,16,1,2021_Dec_29_1040,untitled_1,2020.2.6,59.87091827
כחול,green,x,0,Image_certainty//image11_alemnt7.jpg,7.jpg,two_middle_left,one_middle_right,infrequent,certainty,,,,,,,,,0,95,95,11,1440.354239,1440.553931,c,0,1440.354239,None,0.863666,0,0,1,0,0,0.3639677,polygon,1438.487492,None,1442.29501,None,1448.638994,None,TRUE,6.4045398,6.4070458,0.378703704,0.006481481,1,0,0,6.4045398,one_middle_right,16,1,2021_Dec_29_1040,untitled_1,2020.2.6,59.87091827
כחול,blue,c,1,Image_certainty//image113_alemnt2.jpg,2.jpg,one_up_left,two_up_right,infrequent,certainty,,,,,,,,,0,96,96,113,1450.869711,1451.069446,x,0,1450.869711,None,0.6620399,0,0,1,0,0,0.2147105,polygon,1449.152911,None,1452.581241,None,1455.584891,None,TRUE,3.0393185,3.0396867,0.59537037,0.190740741,1,0,0,3.0393185,two_up_right,16,1,2021_Dec_29_1040,untitled_1,2020.2.6,59.87091827
כחול,blue,c,1,Image_certainty//image194_alemnt11.jpg,11.jpg,three_middle_left,two_down_right,widespread,certainty,,,,,,,,,0,97,97,194,1457.768532,1457.968631,x,0,1457.768532,None,0.6657831,0,0,1,0,0,0.1809575,polygon,1456.085394,None,1459.49132,None,1463.136685,None,TRUE,3.687779,3.6915808,0.724074074,-0.207407407,1,0,0,3.687779,two_down_right,16,1,2021_Dec_29_1040,untitled_1,2020.2.6,59.87091827
אדום,red,z,1,Image_certainty//image132_alemnt9.jpg,9.jpg,one_down_left,two_down_right,widespread,certainty,,,,,,,,,0,98,98,132,1465.33438,1465.534242,z,1,1465.33438,None,0.47754,0,0,1,0,0,0.1819368,polygon,1463.651054,None,1466.885275,None,1471.333724,None,TRUE,4.5029937,4.5061497,0.688888889,-0.241666667,1,0,0,4.5029937,two_down_right,16,1,2021_Dec_29_1040,untitled_1,2020.2.6,59.87091827
ירוק,blue,c,0,Image_certainty//image57_alemnt13.jpg,13.jpg,two_down_left,two_middle_right,widespread,certainty,,,,,,,,,0,99,99,57,1473.399942,1473.599466,x,0,1473.399942,None,1.0324567,0,0,1,0,0,0.0645551,polygon,1471.83327,None,1475.511426,None,1481.284285,None,TRUE,5.8379365,5.8405,0.576851852,-0.04537037,1,0,0,5.8379365,two_middle_right,16,1,2021_Dec_29_1040,untitled_1,2020.2.6,59.87091827
אדום,green,x,0,Image_certainty//image66_alemnt11.jpg,11.jpg,one_up_left,two_up_right,widespread,certainty,,,,,,,,,0,100,100,66,1483.432103,1483.63188,None,0,1483.432103,None,,0,0,1,0,0,0.1313491,polygon,1481.798732,None,1485.690408,None,1491.563675,None,TRUE,5.9351442,5.935407,0.57037037,0.191666667,1,0,0,5.9351442,two_up_right,16,1,2021_Dec_29_1040,untitled_1,2020.2.6,59.87091827
כחול,blue,c,1,Image_certainty//image125_alemnt12.jpg,12.jpg,one_down_left,one_down_right,widespread,certainty,,,,,,,,,0,101,101,125,1493.880493,1494.080576,x,0,1493.880493,None,0.5847529,0,0,1,0,0,0.3174303,polygon,1492.063744,None,1495.554414,None,1498.879011,None,TRUE,3.3883803,3.389776,0.422222222,-0.262037037,1,0,0,3.3883803,one_down_right,16,1,2021_Dec_29_1040,untitled_1,2020.2.6,59.87091827
ירוק,blue,c,0,Image_certainty//image75_alemnt11.jpg,11.jpg,two_up_left,one_middle_right,widespread,certainty,,,,,,,,,0,102,102,75,1501.163084,1501.362539,x,0,1501.163084,None,0.8786234,0,0,1,0,0,0.2962929,polygon,1499.379252,None,1503.108453,None,1511.069631,None,TRUE,8.0096196,8.0122446,0.383333333,-0.025925926,1,0,0,8.0096196,one_middle_right,16,1,2021_Dec_29_1040,untitled_1,2020.2.6,59.87091827
אדום,green,x,0,Image_certainty//image78_alemnt10.jpg,10.jpg,one_middle_left,two_up_right,widespread,certainty,,,,,,,,,0,103,103,78,1513.32807,1513.527867,c,0,1513.32807,None,0.8793472,0,0,1,0,0,0.2474925,polygon,1511.578125,None,1515.272123,None,1522.727452,None,TRUE,7.5046237,7.5051175,0.619444444,0.227777778,1,0,0,7.5046237,two_up_right,16,1,2021_Dec_29_1040,untitled_1,2020.2.6,59.87091827
ירוק,blue,c,0,Image_certainty//image87_alemnt11.jpg,11.jpg,three_middle_left,two_middle_right,widespread,certainty,,,,,,,,,0,104,104,87,1524.976608,1525.176288,x,0,1524.976608,None,0.604602,0,0,1,0,0,0.2620886,polygon,1523.226336,None,1526.652033,None,1528.175275,None,TRUE,,1.5733192,,,,,,,,16,1,2021_Dec_29_1040,untitled_1,2020.2.6,59.87091827
אדום,green,x,0,Image_certainty//image6_alemnt7.jpg,7.jpg,three_middle_left,three_middle_right,infrequent,certainty,,,,,,,,,0,105,105,6,1530.492421,1530.692171,c,0,1530.492421,None,0.8113026,0,0,1,0,0,0.3143666,polygon,1528.675937,None,1532.365448,None,1536.697575,None,TRUE,4.3731473,4.3763472,0.721296296,0.040740741,1,0,0,4.3731473,three_middle_right,16,1,2021_Dec_29_1040,untitled_1,2020.2.6,59.87091827
כחול,blue,c,1,Image_certainty//image197_alemnt11.jpg,11.jpg,two_down_left,two_middle_right,widespread,certainty,,,,,,,,,0,106,106,197,1538.808228,1539.008008,x,0,1538.808228,None,0.6738787,0,0,1,0,0,0.0965571,polygon,1537.208131,None,1540.577393,None,1542.5735,None,TRUE,2.0696309,2.0714866,0.591666667,-0.068518519,1,0,0,2.0696309,two_middle_right,16,1,2021_Dec_29_1040,untitled_1,2020.2.6,59.87091827
כחול,blue,c,1,Image_certainty//image149_alemnt11.jpg,11.jpg,one_middle_left,three_middle_right,widespread,certainty,,,,,,,,,0,107,107,149,1544.790799,1544.990528,x,0,1544.790799,None,0.5434843,0,0,1,0,0,0.2159667,polygon,1543.073688,None,1546.394151,None,1551.041607,None,TRUE,4.6876308,4.6907342,0.723148148,0.064814815,1,0,0,4.6876308,three_middle_right,16,1,2021_Dec_29_1040,untitled_1,2020.2.6,59.87091827
אדום,blue,c,0,Image_certainty//image43_alemnt11.jpg,11.jpg,two_down_left,one_up_right,widespread,certainty,,,,,,,,,0,108,108,43,1553.139793,1553.3394,x,0,1553.139793,None,0.820786,0,0,1,0,0,0.0952664,polygon,1551.556215,None,1555.030301,1564.025125,1564.037654,None,,,,,,,,,,,16,1,2021_Dec_29_1040,untitled_1,2020.2.6,59.87091827
כחול,blue,c,1,Image_certainty//image101_alemnt6.jpg,6.jpg,one_down_left,two_middle_right,infrequent,certainty,,,,,,,,,0,109,109,101,1566.721365,1566.920672,x,0,1566.721365,None,0.9718247,0,0,1,0,0,0.6805629,polygon,1564.53786,None,1568.796543,None,1573.002784,None,TRUE,4.285466,4.2867755,0.569444444,-0.058333333,1,0,0,4.285466,two_middle_right,16,1,2021_Dec_29_1040,untitled_1,2020.2.6,59.87091827
כחול,blue,c,1,Image_certainty//image164_alemnt9.jpg,9.jpg,one_middle_left,three_middle_right,widespread,certainty,,,,,,,,,0,110,110,164,1576.653343,1576.852525,x,0,1576.653343,None,0.7712945,0,0,1,0,0,1.6477809,polygon,1573.503344,None,1578.499038,None,1586.168538,None,TRUE,7.7210032,7.7221652,0.715740741,0.062962963,1,0,0,7.7210032,three_middle_right,16,1,2021_Dec_29_1040,untitled_1,2020.2.6,59.87091827
ירוק,blue,c,0,Image_certainty//image15_alemnt3.jpg,3.jpg,three_middle_left,two_down_right,infrequent,certainty,,,,,,,,,0,111,111,15,1648.393997,1648.593712,c,1,1648.393997,None,1.1642061,0,0,1,0,0,60.2274057,polygon,1586.668332,None,1650.632458,None,1655.443333,None,TRUE,4.8711501,4.8727879,0.715740741,-0.267592593,1,0,0,4.8711501,two_down_right,16,1,2021_Dec_29_1040,untitled_1,2020.2.6,59.87091827
ירוק,green,x,1,Image_certainty//image127_alemnt14.jpg,14.jpg,one_up_left,two_middle_right,widespread,certainty,,,,,,,,,0,112,112,127,1658.059364,1658.258537,x,1,1658.059364,None,0.823389,0,0,1,0,0,0.6144952,polygon,1655.94264,None,1659.98127,None,1662.807635,None,TRUE,2.904523,2.9065168,0.558333333,-0.067592593,1,0,0,2.904523,two_middle_right,16,1,2021_Dec_29_1040,untitled_1,2020.2.6,59.87091827
ירוק,red,z,0,Image_certainty//image2_alemnt4.jpg,4.jpg,one_down_left,two_down_right,infrequent,certainty,,,,,,,,,0,113,113,2,1665.37499,1665.574819,z,1,1665.37499,None,0.5672668,0,0,1,0,0,0.5665425,polygon,1663.308343,None,1667.018091,None,1673.176036,None,TRUE,,6.2255412,,,,,,,,16,1,2021_Dec_29_1040,untitled_1,2020.2.6,59.87091827
ירוק,green,x,1,Image_certainty//image154_alemnt9.jpg,9.jpg,one_middle_left,one_down_right,widespread,certainty,,,,,,,,,0,114,114,154,1675.723604,1675.92313,x,1,1675.723604,None,0.6216837,0,0,1,0,0,0.5330949,polygon,1673.690091,None,1677.428091,None,1680.688943,None,TRUE,3.3190025,3.3205744,0.410185185,-0.218518519,1,0,0,3.3190025,one_down_right,16,1,2021_Dec_29_1040,untitled_1,2020.2.6,59.87091827
אדום,blue,c,0,Image_certainty//image37_alemnt13.jpg,13.jpg,two_down_left,one_up_right,widespread,certainty,,,,,,,,,0,115,115,37,1682.839541,1683.039173,c,1,1682.839541,None,0.9650186,0,0,1,0,0,0.1492214,polygon,1681.188973,None,1684.880554,None,1691.03754,None,TRUE,6.21945,6.2200388,0.366666667,0.172222222,1,0,0,6.21945,one_up_right,16,1,2021_Dec_29_1040,untitled_1,2020.2.6,59.87091827
ירוק,green,x,1,Image_certainty//image175_alemnt11.jpg,11.jpg,one_middle_left,two_down_right,widespread,certainty,,,,,,,,,0,116,116,175,1693.12143,1693.321208,x,1,1693.12143,None,0.8415515,0,0,1,0,0,0.0838864,polygon,1691.53799,None,1695.058181,None,1700.139471,None,TRUE,5.1540248,5.1582287,0.72962963,-0.221296296,1,0,0,5.1540248,two_down_right,16,1,2021_Dec_29_1040,untitled_1,2020.2.6,59.87091827
כחול,green,x,0,Image_certainty//image83_alemnt14.jpg,14.jpg,one_down_left,one_middle_right,widespread,certainty,,,,,,,,,0,117,117,83,1702.286719,1702.486585,x,1,1702.286719,None,0.6183688,0,0,1,0,0,0.129895,polygon,1700.653131,None,1703.976277,None,1706.068749,None,TRUE,2.1380175,2.1398844,0.373148148,-0.027777778,1,0,0,2.1380175,one_middle_right,16,1,2021_Dec_29_1040,untitled_1,2020.2.6,59.87091827
אדום,red,z,1,Image_certainty//image186_alemnt11.jpg,11.jpg,one_down_left,two_up_right,widespread,certainty,,,,,,,,,0,118,118,186,1708.286115,1708.485834,z,1,1708.286115,None,0.5417499,0,0,1,0,0,0.2162972,polygon,1706.568901,None,1709.903888,None,1713.241652,None,TRUE,3.3930765,3.3937982,0.583333333,0.212962963,1,0,0,3.3930765,two_up_right,16,1,2021_Dec_29_1040,untitled_1,2020.2.6,59.87091827
כחול,blue,c,1,Image_certainty//image107_alemnt6.jpg,6.jpg,two_middle_left,two_up_right,infrequent,certainty,,,,,,,,,0,119,119,107,1715.401744,1715.601621,c,1,1715.401744,None,0.7426758,0,0,1,0,0,0.1502629,polygon,1713.751708,None,1717.230427,None,1720.705217,None,TRUE,3.5393322,3.5400648,0.576851852,0.226851852,1,0,0,3.5393322,two_up_right,16,1,2021_Dec_29_1040,untitled_1,2020.2.6,59.87091827
ירוק,blue,c,0,Image_certainty//image63_alemnt13.jpg,13.jpg,three_middle_left,one_down_right,widespread,certainty,,,,,,,,,0,120,120,63,1723.28412,1723.483929,c,1,1723.28412,None,0.6741447,0,0,1,0,0,0.5639808,polygon,1721.217109,None,1725.046009,None,1726.81593,None,TRUE,1.8357804,1.8373771,0.450925926,-0.242592593,1,0,0,1.8357804,one_down_right,16,1,2021_Dec_29_1040,untitled_1,2020.2.6,59.87091827
אדום,red,z,1,Image_certainty//image177_alemnt11.jpg,11.jpg,two_down_left,three_middle_right,widespread,certainty,,,,,,,,,0,121,121,177,1729.06668,1729.26634,z,1,1729.06668,None,0.4822022,0,0,1,0,0,0.2475282,polygon,1727.316646,None,1730.611608,None,1735.215557,None,TRUE,4.6534519,4.6559105,0.736111111,0.07962963,1,0,0,4.6534519,three_middle_right,16,1,2021_Dec_29_1040,untitled_1,2020.2.6,59.87091827
ירוק,red,z,0,Image_certainty//image98_alemnt13.jpg,13.jpg,three_middle_left,two_down_right,widespread,certainty,,,,,,,,,0,122,122,98,1737.482302,1737.681819,z,1,1737.482302,None,0.4886638,0,0,1,0,0,0.2639764,polygon,1735.715544,None,1739.070821,None,1740.950051,None,TRUE,1.9564499,1.9583829,0.724074074,-0.225925926,1,0,0,1.9564499,two_down_right,16,1,2021_Dec_29_1040,untitled_1,2020.2.6,59.87091827
ירוק,green,x,1,Image_certainty//image166_alemnt14.jpg,14.jpg,two_middle_left,one_middle_right,widespread,certainty,,,,,,,,,0,123,123,166,1743.214608,1743.4141,x,1,1743.214608,None,0.4906666,0,0,1,0,0,0.2617991,polygon,1741.464834,None,1744.784685,None,1746.763637,None,TRUE,2.0362669,2.0374818,0.403703704,0.005555556,1,0,0,2.0362669,one_middle_right,16,1,2021_Dec_29_1040,untitled_1,2020.2.6,59.87091827
ירוק,blue,c,0,Image_certainty//image3_alemnt4.jpg,4.jpg,one_middle_left,one_up_right,infrequent,certainty,,,,,,,,,0,124,124,3,1748.96416,1749.163858,c,1,1748.96416,None,0.7490213,0,0,1,0,0,0.1976513,polygon,1747.264049,None,1750.795854,1759.782453,1759.795279,None,,,,,,,,,,,16,1,2021_Dec_29_1040,untitled_1,2020.2.6,59.87091827
ירוק,green,x,1,Image_certainty//image199_alemnt9.jpg,9.jpg,one_up_left,one_down_right,widespread,certainty,,,,,,,,,0,125,125,199,1762.31238,1762.512153,x,1,1762.31238,None,0.9910478,0,0,1,0,0,0.5141517,polygon,1760.295618,None,1764.388144,None,1766.761101,None,TRUE,,2.4384262,,,,,,,,16,1,2021_Dec_29_1040,untitled_1,2020.2.6,59.87091827
אדום,blue,c,0,Image_certainty//image49_alemnt11.jpg,11.jpg,three_middle_left,two_middle_right,widespread,certainty,,,,,,,,,0,126,126,49,1768.961388,1769.161277,None,0,1768.961388,None,,0,0,1,0,0,0.1975364,polygon,1767.26139,None,1771.202474,None,1773.007505,None,TRUE,1.843551,1.8483317,0.524074074,-0.085185185,1,0,0,1.843551,two_middle_right,16,1,2021_Dec_29_1040,untitled_1,2020.2.6,59.87091827
ירוק,green,x,1,Image_certainty//image148_alemnt13.jpg,13.jpg,one_middle_left,two_up_right,widespread,certainty,,,,,,,,,0,127,127,148,1775.143829,1775.343614,x,1,1775.143829,None,0.7036865,0,0,1,0,0,0.1316327,polygon,1773.510612,None,1776.905488,None,1781.546926,None,TRUE,4.6741141,4.6747406,0.586111111,0.226851852,1,0,0,4.6741141,two_up_right,16,1,2021_Dec_29_1040,untitled_1,2020.2.6,59.87091827
כחול,blue,c,1,Image_certainty//image128_alemnt13.jpg,13.jpg,two_up_left,three_middle_right,widespread,certainty,,,,,,,,,0,128,128,128,1783.642902,1783.842716,c,1,1783.642902,None,0.9577428,0,0,1,0,0,0.083841,polygon,1782.05931,None,1785.676434,None,1788.459528,None,TRUE,2.8365456,2.8391236,0.706481481,0.037037037,1,0,0,2.8365456,three_middle_right,16,1,2021_Dec_29_1040,untitled_1,2020.2.6,59.87091827
ירוק,green,x,1,Image_certainty//image133_alemnt11.jpg,11.jpg,one_middle_left,two_up_right,widespread,certainty,,,,,,,,,0,129,129,133,1790.908529,1791.107927,x,1,1790.908529,None,0.5986725,0,0,1,0,0,0.4507594,polygon,1788.958544,None,1792.57362,None,1796.040728,None,TRUE,3.5225441,3.5227988,0.607407407,0.216666667,1,0,0,3.5225441,two_up_right,16,1,2021_Dec_29_1040,untitled_1,2020.2.6,59.87091827
ירוק,red,z,0,Image_certainty//image74_alemnt8.jpg,8.jpg,two_up_left,three_middle_right,widespread,certainty,,,,,,,,,0,130,130,74,1798.307449,1798.507302,z,1,1798.307449,None,0.5343022,0,0,1,0,0,0.2656084,polygon,1796.540718,None,1799.940353,None,1804.178773,None,TRUE,4.3059174,4.3096448,0.730555556,0.026851852,1,0,0,4.3059174,three_middle_right,16,1,2021_Dec_29_1040,untitled_1,2020.2.6,59.87091827
אדום,red,z,1,Image_certainty//image102_alemnt1.jpg,1.jpg,three_middle_left,two_middle_right,infrequent,certainty,,,,,,,,,0,131,131,102,1806.306495,1806.506425,z,1,1806.306495,None,0.4870489,0,0,1,0,0,0.1136124,polygon,1804.689854,None,1807.880716,None,1809.15542,None,TRUE,1.3349147,1.3360655,0.564814815,-0.078703704,1,0,0,1.3349147,two_middle_right,16,1,2021_Dec_29_1040,untitled_1,2020.2.6,59.87091827
ירוק,green,x,1,Image_certainty//image136_alemnt8.jpg,8.jpg,three_middle_left,two_down_right,widespread,certainty,,,,,,,,,0,132,132,136,1811.189141,1811.388738,x,1,1811.189141,None,0.7751328,0,0,1,0,0,0.0327513,polygon,1809.655925,None,1813.04277,None,1815.42219,None,TRUE,2.4384134,2.4400954,0.700925926,-0.22962963,1,0,0,2.4384134,two_down_right,16,1,2021_Dec_29_1040,untitled_1,2020.2.6,59.87091827
אדום,green,x,0,Image_certainty//image42_alemnt12.jpg,12.jpg,two_up_left,one_up_right,widespread,certainty,,,,,,,,,0,133,133,42,1817.571921,1817.771432,x,1,1817.571921,None,0.8056598,0,0,1,0,0,0.1493127,polygon,1815.921426,None,1819.449573,None,1821.737525,None,TRUE,2.3370501,2.3378419,0.35,0.187962963,1,0,0,2.3370501,one_up_right,16,1,2021_Dec_29_1040,untitled_1,2020.2.6,59.87091827
כחול,red,z,0,Image_certainty//image76_alemnt14.jpg,14.jpg,three_middle_left,two_middle_right,widespread,certainty,,,,,,,,,0,134,134,76,1824.004414,1824.204094,z,1,1824.004414,None,0.4782283,0,0,1,0,0,0.2783675,polygon,1822.237554,None,1825.56112,None,1829.890426,None,TRUE,4.3904129,4.3924738,0.578703704,-0.053703704,1,0,0,4.3904129,two_middle_right,16,1,2021_Dec_29_1040,untitled_1,2020.2.6,59.87091827
כחול,blue,c,1,Image_certainty//image116_alemnt2.jpg,2.jpg,one_middle_left,two_down_right,infrequent,certainty,,,,,,,,,0,135,135,116,1831.969926,1832.169208,c,1,1831.969926,None,0.8690369,0,0,1,0,0,0.0644723,polygon,1830.403235,None,1833.937958,None,1840.086697,None,TRUE,,6.2248053,,,,,,,,16,1,2021_Dec_29_1040,untitled_1,2020.2.6,59.87091827
אדום,red,z,1,Image_certainty//image165_alemnt8.jpg,8.jpg,one_middle_left,one_up_right,widespread,certainty,,,,,,,,,0,136,136,165,1842.151918,1842.351399,z,1,1842.151918,None,0.5355171,0,0,1,0,0,0.0617301,polygon,1840.60186,None,1843.761183,None,1849.733302,None,TRUE,6.0209743,6.0212778,0.374074074,0.2,1,0,0,6.0209743,one_up_right,16,1,2021_Dec_29_1040,untitled_1,2020.2.6,59.87091827
ירוק,green,x,1,Image_certainty//image157_alemnt8.jpg,8.jpg,one_middle_left,three_middle_right,widespread,certainty,,,,,,,,,0,137,137,157,1851.883507,1852.083607,x,1,1851.883507,None,0.870532,0,0,1,0,0,0.1621198,polygon,1850.233939,None,1853.823333,None,1856.215752,None,TRUE,2.4388422,2.4400304,0.725925926,0.060185185,1,0,0,2.4388422,three_middle_right,16,1,2021_Dec_29_1040,untitled_1,2020.2.6,59.87091827
כחול,red,z,0,Image_certainty//image94_alemnt9.jpg,9.jpg,three_middle_left,two_down_right,widespread,certainty,,,,,,,,,0,138,138,94,1858.283199,1858.483005,z,1,1858.283199,None,0.4598524,0,0,1,0,0,0.0636848,polygon,1856.71646,None,1859.812424,None,1861.887548,None,TRUE,2.1219808,2.1262154,0.759259259,-0.246296296,1,0,0,2.1219808,two_down_right,16,1,2021_Dec_29_1040,untitled_1,2020.2.6,59.87091827
כחול,blue,c,1,Image_certainty//image131_alemnt13.jpg,13.jpg,one_middle_left,one_middle_right,widespread,certainty,,,,,,,,,0,139,139,131,1864.449077,1864.648515,c,1,1864.449077,None,0.862544,0,0,1,0,0,0.5505254,polygon,1862.399023,None,1866.386008,None,1871.283249,None,TRUE,4.9532171,4.9556978,0.376851852,0,1,0,0,4.9532171,one_middle_right,16,1,2021_Dec_29_1040,untitled_1,2020.2.6,59.87091827
אדום,red,z,1,Image_certainty//image183_alemnt9.jpg,9.jpg,three_middle_left,two_down_right,widespread,certainty,,,,,,,,,0,140,140,183,1873.447911,1873.647681,z,1,1873.447911,None,0.535412,0,0,1,0,0,0.1627368,polygon,1871.797504,None,1875.067006,None,1879.27968,None,TRUE,4.2701333,4.271694,0.755555556,-0.240740741,1,0,0,4.2701333,two_down_right,16,1,2021_Dec_29_1040,untitled_1,2020.2.6,59.87091827
ירוק,green,x,1,Image_certainty//image172_alemnt8.jpg,8.jpg,two_middle_left,two_down_right,widespread,certainty,,,,,,,,,0,141,141,172,1881.946832,1882.146575,x,1,1881.946832,None,0.5731414,0,0,1,0,0,0.66456,polygon,1879.780147,None,1883.591259,None,1889.054901,None,TRUE,5.5070582,5.5136696,0.692592593,-0.218518519,1,0,0,5.5070582,two_down_right,16,1,2021_Dec_29_1040,untitled_1,2020.2.6,59.87091827
אדום,green,x,0,Image_certainty//image90_alemnt12.jpg,12.jpg,three_middle_left,two_up_right,widespread,certainty,,,,,,,,,0,142,142,90,1891.212129,1891.412022,x,1,1891.212129,None,1.0964476,0,0,1,0,0,0.1622565,polygon,1889.562131,None,1893.382095,None,1895.06073,None,TRUE,1.7372446,1.7374802,0.600925926,0.22037037,1,0,0,1.7372446,two_up_right,16,1,2021_Dec_29_1040,untitled_1,2020.2.6,59.87091827
ירוק,green,x,1,Image_certainty//image112_alemnt3.jpg,3.jpg,one_down_left,two_up_right,infrequent,certainty,,,,,,,,,0,143,143,112,1897.261282,1897.461128,x,1,1897.261282,None,0.5329967,0,0,1,0,0,0.2137839,polygon,1895.561205,None,1898.862703,None,1903.876292,None,TRUE,5.0705442,5.0707698,0.575,0.193518519,1,0,0,5.0705442,two_up_right,16,1,2021_Dec_29_1040,untitled_1,2020.2.6,59.87091827
ירוק,green,x,1,Image_certainty//image118_alemnt6.jpg,6.jpg,one_up_left,one_up_right,infrequent,certainty,,,,,,,,,0,144,144,118,1905.993615,1906.193429,x,1,1905.993615,None,0.8008329,0,0,1,0,0,0.1145255,polygon,1904.376939,None,1907.868333,None,1915.408281,None,TRUE,7.6027665,7.6030895,0.366666667,0.148148148,1,0,0,7.6027665,one_up_right,16,1,2021_Dec_29_1040,untitled_1,2020.2.6,59.87091827
ירוק,green,x,1,Image_certainty//image103_alemnt1.jpg,1.jpg,two_down_left,one_middle_right,infrequent,certainty,,,,,,,,,0,145,145,103,1917.558845,1917.75845,x,1,1917.558845,None,0.4753031,0,0,1,0,0,0.1463047,polygon,1915.908673,None,1919.102444,1928.077084,1928.106801,None,,,,,,,,,,,16,1,2021_Dec_29_1040,untitled_1,2020.2.6,59.87091827
אדום,red,z,1,Image_certainty//image135_alemnt12.jpg,12.jpg,two_middle_left,one_middle_right,widespread,certainty,,,,,,,,,0,146,146,135,1930.807026,1931.00679,z,1,1930.807026,None,0.5096297,0,0,1,0,0,0.702486,polygon,1928.607046,None,1932.39407,None,1939.38839,None,TRUE,7.0549054,7.0559979,0.387962963,0.041666667,1,0,0,7.0549054,one_middle_right,16,1,2021_Dec_29_1040,untitled_1,2020.2.6,59.87091827
ירוק,blue,c,0,Image_certainty//image81_alemnt14.jpg,14.jpg,three_middle_left,one_down_right,widespread,certainty,,,,,,,,,0,147,147,81,1941.638846,1941.838724,c,1,1941.638846,None,0.8951672,0,0,1,0,0,0.2471594,polygon,1939.888865,None,1943.600047,None,1945.687514,None,TRUE,2.1374186,2.1398409,0.410185185,-0.236111111,1,0,0,2.1374186,one_down_right,16,1,2021_Dec_29_1040,untitled_1,2020.2.6,59.87091827
כחול,blue,c,1,Image_certainty//image137_alemnt8.jpg,8.jpg,one_up_left,two_middle_right,widespread,certainty,,,,,,,,,0,148,148,137,1947.804569,1948.004604,c,1,1947.804569,None,0.7263449,0,0,1,0,0,0.1174415,polygon,1946.188062,None,1949.605959,None,1953.086721,None,TRUE,3.537792,3.5398223,0.537037037,-0.069444444,1,0,0,3.537792,two_middle_right,16,1,2021_Dec_29_1040,untitled_1,2020.2.6,59.87091827
כחול,green,x,0,Image_certainty//image35_alemnt8.jpg,8.jpg,two_down_left,one_up_right,widespread,certainty,,,,,,,,,0,149,149,35,1955.286871,1955.486868,x,1,1955.286871,None,0.7599417,0,0,1,0,0,0.1977544,polygon,1953.586719,None,1957.134818,None,1964.171572,None,TRUE,7.1045267,7.1055773,0.360185185,0.159259259,1,0,0,7.1045267,one_up_right,16,1,2021_Dec_29_1040,untitled_1,2020.2.6,59.87091827
כחול,red,z,0,Image_certainty//image70_alemnt14.jpg,14.jpg,two_down_left,one_middle_right,widespread,certainty,,,,,,,,,0,150,150,70,1966.669178,1966.868672,z,1,1966.669178,None,0.6882874,0,0,1,0,0,0.4862359,polygon,1964.685112,None,1968.424879,None,1971.82262,None,TRUE,3.439831,3.4429436,0.386111111,-0.006481481,1,0,0,3.439831,one_middle_right,16,1,2021_Dec_29_1040,untitled_1,2020.2.6,59.87091827
כחול,blue,c,1,Image_certainty//image119_alemnt6.jpg,6.jpg,two_middle_left,one_down_right,infrequent,certainty,,,,,,,,,0,151,151,119,1974.184629,1974.384451,x,0,1974.184629,None,0.6663586,0,0,1,0,0,0.3478671,polygon,1972.334776,None,1975.91932,None,1981.063007,None,TRUE,5.1926934,5.1998021,0.396296296,-0.213888889,1,0,0,5.1926934,one_down_right,16,1,2021_Dec_29_1040,untitled_1,2020.2.6,59.87091827
כחול,green,x,0,Image_certainty//image89_alemnt13.jpg,13.jpg,two_up_left,three_middle_right,widespread,certainty,,,,,,,,,0,152,152,89,1983.8663,1984.066167,x,1,1983.8663,None,0.4732974,0,0,1,0,0,0.7961465,polygon,1981.566808,None,1985.440321,None,1989.535733,None,TRUE,4.171172,4.1742258,0.742592593,0.068518519,1,0,0,4.171172,three_middle_right,16,1,2021_Dec_29_1040,untitled_1,2020.2.6,59.87091827
אדום,green,x,0,Image_certainty//image36_alemnt10.jpg,10.jpg,three_middle_left,three_middle_right,widespread,certainty,,,,,,,,,0,153,153,36,1991.865592,1992.065341,None,0,1991.865592,None,,0,0,1,0,0,0.3170202,polygon,1990.048994,None,1994.110497,None,1995.727919,None,TRUE,1.6613268,1.6660965,0.709259259,0.022222222,1,0,0,1.6613268,three_middle_right,16,1,2021_Dec_29_1040,untitled_1,2020.2.6,59.87091827
אדום,red,z,1,Image_certainty//image117_alemnt1.jpg,1.jpg,one_up_left,two_up_right,infrequent,certainty,,,,,,,,,0,154,154,117,1997.931533,1998.131198,z,1,1997.931533,None,0.5952004,0,0,1,0,0,0.1974963,polygon,1996.231237,None,1999.591284,None,2003.730335,None,TRUE,4.1868772,4.1872481,0.557407407,0.2,1,0,0,4.1868772,two_up_right,16,1,2021_Dec_29_1040,untitled_1,2020.2.6,59.87091827
אדום,green,x,0,Image_certainty//image84_alemnt12.jpg,12.jpg,one_up_left,one_up_right,widespread,certainty,,,,,,,,,0,155,155,84,2006.097241,2006.280348,x,1,2006.097241,None,0.7368745,0,0,1,0,0,0.3660807,polygon,2004.230524,None,2007.923655,None,2012.212031,None,TRUE,4.3527079,4.3532944,0.341666667,0.175,1,0,0,4.3527079,one_up_right,16,1,2021_Dec_29_1040,untitled_1,2020.2.6,59.87091827
כחול,red,z,0,Image_certainty//image40_alemnt14.jpg,14.jpg,one_up_left,one_middle_right,widespread,certainty,,,,,,,,,0,156,156,40,2014.446052,2014.645934,z,1,2014.446052,None,0.6848191,0,0,1,0,0,0.2305345,polygon,2012.712747,None,2016.214172,None,2019.544606,None,TRUE,3.386449,3.3882218,0.371296296,-0.027777778,1,0,0,3.386449,one_middle_right,16,1,2021_Dec_29_1040,untitled_1,2020.2.6,59.87091827
אדום,red,z,1,Image_certainty//image126_alemnt9.jpg,9.jpg,two_down_left,one_middle_right,widespread,certainty,,,,,,,,,0,157,157,126,2021.728604,2021.928284,z,1,2021.728604,None,0.4661461,0,0,1,0,0,0.1996124,polygon,2020.045155,None,2023.246232,None,2026.74605,None,TRUE,3.5408847,3.5419217,0.399074074,-0.006481481,1,0,0,3.5408847,one_middle_right,16,1,2021_Dec_29_1040,untitled_1,2020.2.6,59.87091827
אדום,blue,c,0,Image_certainty//image1_alemnt6.jpg,6.jpg,two_down_left,one_up_right,infrequent,certainty,,,,,,,,,0,158,158,1,2029.094328,2029.293973,c,1,2029.094328,None,1.051143,0,0,1,0,0,0.344794,polygon,2027.260831,None,2031.237066,None,2038.891874,None,TRUE,7.7201692,7.7204879,0.378703704,0.152777778,1,0,0,7.7201692,one_up_right,16,1,2021_Dec_29_1040,untitled_1,2020.2.6,59.87091827
אדום,red,z,1,Image_certainty//image111_alemnt3.jpg,3.jpg,one_middle_left,two_up_right,infrequent,certainty,,,,,,,,,0,159,159,111,2068.221672,2068.421463,z,1,2068.221672,None,0.4400079,0,0,1,0,0,27.344452,polygon,2039.392206,None,2069.714409,None,2076.753432,None,TRUE,7.0699186,7.0700799,0.577777778,0.190740741,1,0,0,7.0699186,two_up_right,16,1,2021_Dec_29_1040,untitled_1,2020.2.6,59.87091827
אדום,blue,c,0,Image_certainty//image31_alemnt9.jpg,9.jpg,one_up_left,one_down_right,widespread,certainty,,,,,,,,,0,160,160,31,2079.736942,2079.936405,c,1,2079.736942,None,0.8724388,0,0,1,0,0,0.998312,polygon,2077.253465,None,2081.660492,2090.656328,2090.668455,None,,,,,,,,,,,16,1,2021_Dec_29_1040,untitled_1,2020.2.6,59.87091827
כחול,green,x,0,Image_certainty//image47_alemnt13.jpg,13.jpg,one_middle_left,one_middle_right,widespread,certainty,,,,,,,,,0,161,161,47,2093.368894,2093.568706,x,1,2093.368894,None,0.840151,-0.012962963,0,1,0,0,0.7015778,polygon,2091.169093,None,2095.279262,None,2100.200495,None,TRUE,4.9534118,4.9543871,0.392592593,-0.011111111,1,0,0,4.9534118,one_middle_right,16,1,2021_Dec_29_1040,untitled_1,2020.2.6,59.87091827
כחול,blue,c,1,Image_certainty//image170_alemnt13.jpg,13.jpg,one_down_left,two_middle_right,widespread,certainty,,,,,,,,,0,162,162,170,2102.283925,2102.483859,c,1,2102.283925,None,0.8992028,0,0,1,0,0,0.0985941,polygon,2100.70048,None,2104.26311,None,2107.789111,None,TRUE,3.5900044,3.5937559,0.562037037,-0.062962963,1,0,0,3.5900044,two_middle_right,16,1,2021_Dec_29_1040,untitled_1,2020.2.6,59.87091827
ירוק,red,z,0,Image_certainty//image56_alemnt11.jpg,11.jpg,three_middle_left,two_up_right,widespread,certainty,,,,,,,,,0,163,163,56,2109.983061,2110.182793,z,1,2109.983061,None,0.66711,0,0,1,0,0,0.1811183,polygon,2108.300244,None,2111.712922,None,2113.099236,None,TRUE,1.4372695,1.4376193,0.567592593,0.213888889,1,0,0,1.4372695,two_up_right,16,1,2021_Dec_29_1040,untitled_1,2020.2.6,59.87091827
ירוק,blue,c,0,Image_certainty//image93_alemnt14.jpg,14.jpg,one_down_left,one_middle_right,widespread,certainty,,,,,,,,,0,164,164,93,2115.18263,2115.366047,c,1,2115.18263,None,0.7855969,0,0,1,0,0,0.0828468,polygon,2113.599265,None,2117.039075,None,2120.498994,None,TRUE,3.5039402,3.5058588,0.382407407,-0.013888889,1,0,0,3.5039402,one_middle_right,16,1,2021_Dec_29_1040,untitled_1,2020.2.6,59.87091827
אדום,blue,c,0,Image_certainty//image55_alemnt12.jpg,12.jpg,three_middle_left,one_middle_right,widespread,certainty,,,,,,,,,0,165,165,55,2122.665345,2122.865146,c,1,2122.665345,None,0.7866653,0,0,1,0,0,0.1790145,polygon,2120.99839,None,2124.514994,None,2127.797361,None,TRUE,3.3232518,3.3241492,0.356481481,-0.010185185,1,0,0,3.3232518,one_middle_right,16,1,2021_Dec_29_1040,untitled_1,2020.2.6,59.87091827
אדום,green,x,0,Image_certainty//image54_alemnt11.jpg,11.jpg,two_down_left,two_middle_right,widespread,certainty,,,,,,,,,0,166,166,54,2129.997788,2130.1968,x,1,2129.997788,None,0.9323781,0,0,1,0,0,0.196468,polygon,2128.297645,None,2131.984248,None,2136.329362,None,TRUE,4.3882952,4.3895013,0.566666667,-0.019444444,1,0,0,4.3882952,two_middle_right,16,1,2021_Dec_29_1040,untitled_1,2020.2.6,59.87091827
אדום,blue,c,0,Image_certainty//image25_alemnt8.jpg,8.jpg,two_middle_left,one_down_right,widespread,certainty,,,,,,,,,0,167,167,25,2138.712959,2138.912478,c,1,2138.712959,None,1.0699538,0,0,1,0,0,0.3818891,polygon,2136.829096,None,2140.885762,None,2147.197096,None,TRUE,6.3910848,6.3925102,0.453703704,-0.252777778,1,0,0,6.3910848,one_down_right,16,1,2021_Dec_29_1040,untitled_1,2020.2.6,59.87091827
כחול,green,x,0,Image_certainty//image23_alemnt9.jpg,9.jpg,one_up_left,two_up_right,widespread,certainty,,,,,,,,,0,168,168,23,2149.378055,2149.578244,x,1,2149.378055,None,0.7963892,0,0,1,0,0,0.1685615,polygon,2147.711802,None,2151.247249,None,2155.710396,None,TRUE,4.5199948,4.520188,0.578703704,0.226851852,1,0,0,4.5199948,two_up_right,16,1,2021_Dec_29_1040,untitled_1,2020.2.6,59.87091827
אדום,red,z,1,Image_certainty//image156_alemnt11.jpg,11.jpg,two_down_left,one_down_right,widespread,certainty,,,,,,,,,0,169,169,156,2157.844066,2158.043523,z,1,2157.844066,None,0.5304279,0,0,1,0,0,0.1304902,polygon,2156.210289,None,2159.454331,None,2164.342333,None,TRUE,4.954434,4.9560095,0.439814815,-0.236111111,1,0,0,4.954434,one_down_right,16,1,2021_Dec_29_1040,untitled_1,2020.2.6,59.87091827
כחול,blue,c,1,Image_certainty//image122_alemnt14.jpg,14.jpg,one_down_left,two_up_right,widespread,certainty,,,,,,,,,0,170,170,122,2166.426271,2166.626014,None,0,2166.426271,None,,0,0,1,0,0,0.0810974,polygon,2164.842721,None,2168.692544,None,2174.391121,None,TRUE,5.7695372,5.7699027,0.6,0.205555556,1,0,0,5.7695372,two_up_right,16,1,2021_Dec_29_1040,untitled_1,2020.2.6,59.87091827
כחול,green,x,0,Image_certainty//image59_alemnt14.jpg,14.jpg,two_down_left,one_down_right,widespread,certainty,,,,,,,,,0,171,171,59,2176.508316,2176.708111,x,1,2176.508316,None,0.9079546,0,0,1,0,0,0.1282209,polygon,2174.891612,None,2178.510127,None,2180.410608,None,TRUE,1.9714093,1.9752994,0.437962963,-0.250925926,1,0,0,1.9714093,one_down_right,16,1,2021_Dec_29_1040,untitled_1,2020.2.6,59.87091827
כחול,blue,c,1,Image_certainty//image146_alemnt12.jpg,12.jpg,one_up_left,two_middle_right,widespread,certainty,,,,,,,,,0,172,172,146,2182.490414,2182.690632,c,1,2182.490414,None,0.8719726,0,0,1,0,0,0.0786369,polygon,2180.924144,None,2184.44381,None,2188.193037,None,TRUE,3.8052882,3.8079632,0.547222222,-0.037037037,1,0,0,3.8052882,two_middle_right,16,1,2021_Dec_29_1040,untitled_1,2020.2.6,59.87091827
אדום,green,x,0,Image_certainty//image30_alemnt10.jpg,10.jpg,two_down_left,three_middle_right,widespread,certainty,,,,,,,,,0,173,173,30,2190.306201,2190.506189,x,1,2190.306201,None,0.6020175,0,0,1,0,0,0.0973848,polygon,2188.706379,None,2192.002255,None,2194.113314,None,TRUE,2.1729428,2.1777243,0.716666667,0.048148148,1,0,0,2.1729428,three_middle_right,16,1,2021_Dec_29_1040,untitled_1,2020.2.6,59.87091827
אדום,blue,c,0,Image_certainty//image97_alemnt8.jpg,8.jpg,one_middle_left,three_middle_right,widespread,certainty,,,,,,,,,0,174,174,97,2196.405682,2196.605317,None,0,2196.405682,None,,0,0,1,0,0,0.2807001,polygon,2194.622159,None,2198.648932,None,2205.359356,None,TRUE,6.7548756,6.7590647,0.724074074,0.026851852,1,0,0,6.7548756,three_middle_right,16,1,2021_Dec_29_1040,untitled_1,2020.2.6,59.87091827
כחול,green,x,0,Image_certainty//image41_alemnt12.jpg,12.jpg,two_up_left,one_up_right,widespread,certainty,,,,,,,,,0,175,175,41,2208.120686,2208.320547,x,1,2208.120686,None,0.6698359,0,0,1,0,0,0.7460402,polygon,2205.870894,None,2209.881234,None,2212.019506,None,TRUE,2.2017621,2.2021115,0.359259259,0.181481481,1,0,0,2.2017621,one_up_right,16,1,2021_Dec_29_1040,untitled_1,2020.2.6,59.87091827
ירוק,blue,c,0,Image_certainty//image9_alemnt2.jpg,2.jpg,one_up_left,two_down_right,infrequent,certainty,,,,,,,,,0,176,176,9,2214.136106,2214.336061,c,1,2214.136106,None,0.7451629,0,0,1,0,0,0.1141319,polygon,2212.519946,None,2215.966961,None,2218.402249,None,TRUE,2.5034202,2.5063144,0.727777778,-0.20462963,1,0,0,2.5034202,two_down_right,16,1,2021_Dec_29_1040,untitled_1,2020.2.6,59.87091827
כחול,blue,c,1,Image_certainty//image179_alemnt12.jpg,12.jpg,two_middle_left,one_down_right,widespread,certainty,,,,,,,,,0,177,177,179,2220.585636,2220.785582,c,1,2220.585636,None,1.0406048,0,0,1,0,0,0.1805332,polygon,2218.90252,None,2222.686633,None,2225.56827,None,TRUE,2.921886,2.9234288,0.453703704,-0.207407407,1,0,0,2.921886,one_down_right,16,1,2021_Dec_29_1040,untitled_1,2020.2.6,59.87091827
כחול,blue,c,1,Image_certainty//image158_alemnt11.jpg,11.jpg,one_up_left,two_down_right,widespread,certainty,,,,,,,,,0,178,178,158,2227.7182,2227.917983,c,1,2227.7182,None,0.8864509,0,0,1,0,0,0.1478255,polygon,2226.068187,None,2229.69088,None,2232.484577,None,TRUE,2.8535398,2.856861,0.686111111,-0.230555556,1,0,0,2.8535398,two_down_right,16,1,2021_Dec_29_1040,untitled_1,2020.2.6,59.87091827
ירוק,red,z,0,Image_certainty//image68_alemnt14.jpg,14.jpg,one_down_left,two_down_right,widespread,certainty,,,,,,,,,0,179,179,68,2234.617249,2234.817138,z,1,2234.617249,None,0.5911806,0,0,1,0,0,0.1473315,polygon,2232.984,None,2236.28409,None,2241.586625,None,TRUE,5.3540302,5.3576301,0.700925926,-0.217592593,1,0,0,5.3540302,two_down_right,16,1,2021_Dec_29_1040,untitled_1,2020.2.6,59.87091827
כחול,blue,c,1,Image_certainty//image143_alemnt9.jpg,9.jpg,two_down_left,one_middle_right,widespread,certainty,,,,,,,,,0,180,180,143,2243.732984,2243.932676,c,1,2243.732984,None,1.0218816,0,0,1,0,0,0.1313537,polygon,2242.099173,None,2245.825619,None,2248.550431,None,TRUE,2.7713915,2.7736021,0.380555556,-0.025,1,0,0,2.7713915,one_middle_right,16,1,2021_Dec_29_1040,untitled_1,2020.2.6,59.87091827
כחול,blue,c,1,Image_certainty//image173_alemnt12.jpg,12.jpg,two_up_left,three_middle_right,widespread,certainty,,,,,,,,,0,181,181,173,2250.648661,2250.84834,c,1,2250.648661,None,0.6301397,0,0,1,0,0,0.085078,polygon,2249.064947,None,2252.362144,None,2254.52393,None,TRUE,2.2276765,2.2308006,0.714814815,0.050925926,1,0,0,2.2276765,three_middle_right,16,1,2021_Dec_29_1040,untitled_1,2020.2.6,59.87091827
ירוק,green,x,1,Image_certainty//image139_alemnt10.jpg,10.jpg,two_up_left,one_middle_right,widespread,certainty,,,,,,,,,0,182,182,139,2256.681146,2256.88098,x,1,2256.681146,None,0.5819033,0,0,1,0,0,0.1501005,polygon,2255.031096,None,2258.340971,None,2262.9461,None,TRUE,4.6707326,4.6717438,0.40462963,0.012037037,1,0,0,4.6707326,one_middle_right,16,1,2021_Dec_29_1040,untitled_1,2020.2.6,59.87091827
ירוק,green,x,1,Image_certainty//image184_alemnt14.jpg,14.jpg,one_up_left,two_middle_right,widespread,certainty,,,,,,,,,0,183,183,184,2265.963299,2266.16306,x,1,2265.963299,None,0.6015015,0,0,1,0,0,1.0148398,polygon,2263.44669,None,2267.657737,None,2270.812181,None,TRUE,,3.2236567,,,,,,,,16,1,2021_Dec_29_1040,untitled_1,2020.2.6,59.87091827
ירוק,red,z,0,Image_certainty//image20_alemnt10.jpg,10.jpg,two_up_left,two_up_right,widespread,certainty,,,,,,,,,0,184,184,20,2272.929055,2273.128841,z,1,2272.929055,None,0.5330906,0,0,1,0,0,0.1160892,polygon,2271.312347,None,2274.516977,None,2276.42757,None,TRUE,1.9536565,1.9539026,0.589814815,0.218518519,1,0,0,1.9536565,two_up_right,16,1,2021_Dec_29_1040,untitled_1,2020.2.6,59.87091827
ירוק,red,z,0,Image_certainty//image44_alemnt11.jpg,11.jpg,two_middle_left,one_up_right,widespread,certainty,,,,,,,,,0,185,185,44,2278.611513,2278.811284,z,1,2278.611513,None,0.5652288,0,0,1,0,0,0.1831026,polygon,2276.928212,None,2280.230265,None,2286.932381,None,TRUE,6.7401886,6.7413895,0.359259259,0.19537037,1,0,0,6.7401886,one_up_right,16,1,2021_Dec_29_1040,untitled_1,2020.2.6,59.87091827
אדום,red,z,1,Image_certainty//image171_alemnt12.jpg,12.jpg,one_up_left,two_down_right,widespread,certainty,,,,,,,,,0,186,186,171,2289.060145,2289.260057,z,1,2289.060145,None,0.4181312,0,0,1,0,0,0.1131021,polygon,2287.443526,None,2290.574447,None,2292.726802,None,TRUE,2.2233569,2.2249458,0.726851852,-0.208333333,1,0,0,2.2233569,two_down_right,16,1,2021_Dec_29_1040,untitled_1,2020.2.6,59.87091827
אדום,red,z,1,Image_certainty//image138_alemnt9.jpg,9.jpg,one_down_left,two_down_right,widespread,certainty,,,,,,,,,0,187,187,138,2294.909575,2295.10931,z,1,2294.909575,None,0.5010256,0,0,1,0,0,0.1954311,polygon,2293.226103,None,2296.469176,None,2298.765805,None,TRUE,2.340607,2.3452143,0.725,-0.243518519,1,0,0,2.340607,two_down_right,16,1,2021_Dec_29_1040,untitled_1,2020.2.6,59.87091827
כחול,blue,c,1,Image_certainty//image167_alemnt8.jpg,8.jpg,two_down_left,one_middle_right,widespread,certainty,,,,,,,,,0,188,188,167,2300.825281,2301.024824,c,1,2300.825281,None,0.5426293,0,0,1,0,0,0.0472427,polygon,2299.275316,None,2302.454498,None,2304.457297,None,TRUE,2.0700917,2.071862,0.394444444,0.024074074,1,0,0,2.0700917,one_middle_right,16,1,2021_Dec_29_1040,untitled_1,2020.2.6,59.87091827
אדום,green,x,0,Image_certainty//image72_alemnt9.jpg,9.jpg,one_middle_left,two_down_right,widespread,certainty,,,,,,,,,0,189,189,72,2306.674388,2306.874402,None,0,2306.674388,None,,0,0,1,0,0,0.229134,polygon,2304.957872,None,2308.950402,None,2315.158591,None,TRUE,6.2908386,6.2924273,0.724074074,-0.237037037,1,0,0,6.2908386,two_down_right,16,1,2021_Dec_29_1040,untitled_1,2020.2.6,59.87091827
ירוק,green,x,1,Image_certainty//image181_alemnt12.jpg,12.jpg,two_up_left,one_down_right,widespread,certainty,,,,,,,,,0,190,190,181,2318.889526,2319.089535,x,1,2318.889526,None,0.6584778,0,0,1,0,0,1.7141024,polygon,2315.673221,None,2320.627531,None,2322.791371,None,TRUE,2.2224898,2.2253903,0.451851852,-0.235185185,1,0,0,2.2224898,one_down_right,16,1,2021_Dec_29_1040,untitled_1,2020.2.6,59.87091827
ירוק,green,x,1,Image_certainty//image106_alemnt5.jpg,5.jpg,one_down_left,three_middle_right,infrequent,certainty,,,,,,,,,0,191,191,106,2325.505513,2325.705281,x,1,2325.505513,None,0.5777994,0,0,1,0,0,0.712901,polygon,2323.305585,None,2327.158082,None,2331.771466,None,TRUE,4.672603,4.6738063,0.762037037,0.064814815,1,0,0,4.672603,three_middle_right,16,1,2021_Dec_29_1040,untitled_1,2020.2.6,59.87091827
אדום,red,z,1,Image_certainty//image195_alemnt10.jpg,10.jpg,one_down_left,two_middle_right,widespread,certainty,,,,,,,,,0,192,192,195,2335.604207,2335.803979,z,1,2335.604207,None,0.4443202,0,0,1,0,0,1.8312992,polygon,2332.27101,None,2337.144153,None,2339.243121,None,TRUE,2.1723656,2.1761802,0.569444444,-0.046296296,1,0,0,2.1723656,two_middle_right,16,1,2021_Dec_29_1040,untitled_1,2020.2.6,59.87091827
אדום,green,x,0,Image_certainty//image48_alemnt9.jpg,9.jpg,one_down_left,one_down_right,widespread,certainty,,,,,,,,,0,193,193,48,2342.019592,2342.219867,x,1,2342.019592,None,0.6423685,0,0,1,0,0,0.7638048,polygon,2339.753218,None,2343.710202,None,2352.50137,None,FALSE,8.8198161,8.8211838,0.541666667,-0.034259259,1,0,0,8.8198161,two_middle_right,16,1,2021_Dec_29_1040,untitled_1,2020.2.6,59.87091827
אדום,red,z,1,Image_certainty//image159_alemnt13.jpg,13.jpg,one_middle_left,two_middle_right,widespread,certainty,,,,,,,,,0,194,194,159,2354.934604,2355.134434,z,1,2354.934604,None,0.4789621,0,0,1,0,0,0.4307225,polygon,2353.001242,None,2356.493373,None,2360.087004,None,TRUE,3.6547459,3.6573711,0.535185185,-0.062962963,1,0,0,3.6547459,two_middle_right,16,1,2021_Dec_29_1040,untitled_1,2020.2.6,59.87091827
ירוק,green,x,1,Image_certainty//image130_alemnt11.jpg,11.jpg,three_middle_left,two_down_right,widespread,certainty,,,,,,,,,0,195,195,130,2362.267373,2362.467122,x,1,2362.267373,None,0.5556298,0,0,1,0,0,0.1654597,polygon,2360.600609,None,2363.895725,None,2368.490344,None,TRUE,4.6388383,4.6442314,0.726851852,-0.215740741,1,0,0,4.6388383,two_down_right,16,1,2021_Dec_29_1040,untitled_1,2020.2.6,59.87091827
ירוק,red,z,0,Image_certainty//image62_alemnt11.jpg,11.jpg,two_down_left,two_middle_right,widespread,certainty,,,,,,,,,0,196,196,62,2370.566267,2370.765836,z,1,2370.566267,None,0.7021439,0,0,1,0,0,0.0663727,polygon,2368.999558,None,2372.355416,None,2375.01543,None,TRUE,2.7200388,2.7219684,0.525925926,-0.060185185,1,0,0,2.7200388,two_middle_right,16,1,2021_Dec_29_1040,untitled_1,2020.2.6,59.87091827
ירוק,red,z,0,Image_certainty//image14_alemnt6.jpg,6.jpg,two_up_left,one_up_right,infrequent,certainty,,,,,,,,,0,197,197,14,2377.048713,2377.248036,z,1,2377.048713,None,0.5651431,0,0,1,0,0,0.0455364,polygon,2375.515373,None,2378.687834,2387.68367,2387.696674,None,,,,,,,,,,,16,1,2021_Dec_29_1040,untitled_1,2020.2.6,59.87091827
אדום,red,z,1,Image_certainty//image153_alemnt9.jpg,9.jpg,three_middle_left,two_middle_right,widespread,certainty,,,,,,,,,0,198,198,153,2390.863762,2391.063305,z,1,2390.863762,None,0.4669662,-0.003703704,0.000925926,1,0,0,1.1647855,polygon,2388.196843,None,2392.392079,None,2396.297027,None,TRUE,3.9538724,3.9564205,0.544444444,-0.071296296,1,0,0,3.9538724,two_middle_right,16,1,2021_Dec_29_1040,untitled_1,2020.2.6,59.87091827
אדום,blue,c,0,Image_certainty//image91_alemnt8.jpg,8.jpg,two_up_left,one_up_right,widespread,certainty,,,,,,,,,0,199,199,91,2398.446004,2398.645117,c,1,2398.446004,None,0.7663694,0,0,1,0,0,0.1462353,polygon,2396.812322,None,2400.271849,None,2402.56474,None,TRUE,2.3386878,2.3397781,0.335185185,0.191666667,1,0,0,2.3386878,one_up_right,16,1,2021_Dec_29_1040,untitled_1,2020.2.6,59.87091827
,,,,,,,,,,,,,,,,,,,,,,,,,,,,,,,,,,,,,,,,,,,,,,,,,,,,,,,,,
,,,,,,,,,,,,,,,,,,,,,,,,,,,,,,,,,,,,,,,,,,,,,,,,,,,,,,,,,
,,,,,,,,,,,,,,,,,,,,,,,,,,,,,,,,,,,,,,,,,,,4.264029647,,,,,,,,,,,,,,
,,,,,,,,,,,,,,,,,,,,,,,,,,,,,,,,,,,,,,,,,,,1.897268053,,,,,,,,,,,,,,
