﻿word,letterColor,corrAns,congruent,imageTrain,true_shaps,corrAnsLeft,corrAnsRight,common,experiment,stroop_loop.thisRepN,stroop_loop.thisTrialN,stroop_loop.thisN,stroop_loop.thisIndex,trail_certaninty.thisRepN,trail_certaninty.thisTrialN,trail_certaninty.thisN,trail_certaninty.thisIndex,test_certaincy.thisRepN,test_certaincy.thisTrialN,test_certaincy.thisN,test_certaincy.thisIndex,stroop_text.started,stroop_text.stopped,stroop_anser.keys,stroop_anser.corr,stroop_anser.started,stroop_anser.stopped,stroop_anser.rt,test_fixability_certity.x,test_fixability_certity.y,test_fixability_certity.leftButton,test_fixability_certity.midButton,test_fixability_certity.rightButton,test_fixability_certity.time,test_fixability_certity.clicked_name,test_fixability_certity.started,test_fixability_certity.stopped,test_certainty_anser_currect,finalClickTime,test_certainty_anser_time,test_certainty_mouse.x,test_certainty_mouse.y,test_certainty_mouse.leftButton,test_certainty_mouse.midButton,test_certainty_mouse.rightButton,test_certainty_mouse.time,test_certainty_mouse.clicked_name,test_certainty_mouse.started,test_certainty_mouse.stopped,text_5.started,text_5.stopped,participant,session,date,expName,psychopyVersion,frameRate
כחול,blue,c,1,,,,,,,0,0,0,4,,,,,,,,,1104.676857,1104.876736,None,0,1104.676857,None,,,,,,,,,,,,,,,,,,,,,,,,,30,1,2022_Jan_04_1406,untitled_1,2020.2.6,59.81612523
ירוק,blue,c,0,,,,,,,0,1,1,3,,,,,,,,,1110.342641,1110.542768,None,0,1110.342641,None,,,,,,,,,,,,,,,,,,,,,,,,,30,1,2022_Jan_04_1406,untitled_1,2020.2.6,59.81612523
כחול,red,z,0,,,,,,,0,2,2,5,,,,,,,,,1116.025655,1116.225327,z,1,1116.025655,None,1.0296697,,,,,,,,,,,,,,,,,,,,,,,,30,1,2022_Jan_04_1406,untitled_1,2020.2.6,59.81612523
אדום,green,x,0,,,,,,,0,3,3,1,,,,,,,,,1121.64145,1121.841363,x,1,1121.64145,None,0.513961,,,,,,,,,,,,,,,,,,,,,,,,30,1,2022_Jan_04_1406,untitled_1,2020.2.6,59.81612523
אדום,red,z,1,,,,,,,0,4,4,0,,,,,,,,,1126.724245,1126.923859,z,1,1126.724245,None,0.7854487,,,,,,,,,,,,,,,,,,,,,,,,30,1,2022_Jan_04_1406,untitled_1,2020.2.6,59.81612523
ירוק,green,x,1,,,,,,,0,5,5,2,,,,,,,,,1132.090129,1132.289972,x,1,1132.090129,None,0.7772263,,,,,,,,,,,,,,,,,,,,,,,,30,1,2022_Jan_04_1406,untitled_1,2020.2.6,59.81612523
ירוק,blue,c,0,,,,,,,1,0,6,3,,,,,,,,,1137.439503,1137.639322,c,1,1137.439503,None,0.6728623,,,,,,,,,,,,,,,,,,,,,,,,30,1,2022_Jan_04_1406,untitled_1,2020.2.6,59.81612523
ירוק,green,x,1,,,,,,,1,1,7,2,,,,,,,,,1142.688686,1142.88838,x,1,1142.688686,None,0.499798,,,,,,,,,,,,,,,,,,,,,,,,30,1,2022_Jan_04_1406,untitled_1,2020.2.6,59.81612523
אדום,green,x,0,,,,,,,1,2,8,1,,,,,,,,,1147.754488,1147.954609,x,1,1147.754488,None,0.5512902,,,,,,,,,,,,,,,,,,,,,,,,30,1,2022_Jan_04_1406,untitled_1,2020.2.6,59.81612523
כחול,blue,c,1,,,,,,,1,3,9,4,,,,,,,,,1152.887511,1153.087247,c,1,1152.887511,None,0.6471128,,,,,,,,,,,,,,,,,,,,,,,,30,1,2022_Jan_04_1406,untitled_1,2020.2.6,59.81612523
אדום,red,z,1,,,,,,,1,4,10,0,,,,,,,,,1158.103459,1158.303286,z,1,1158.103459,None,0.5361753,,,,,,,,,,,,,,,,,,,,,,,,30,1,2022_Jan_04_1406,untitled_1,2020.2.6,59.81612523
כחול,red,z,0,,,,,,,1,5,11,5,,,,,,,,,1163.219433,1163.4193,z,1,1163.219433,None,0.5973808,,,,,,,,,,,,,,,,,,,,,,,,30,1,2022_Jan_04_1406,untitled_1,2020.2.6,59.81612523
כחול,blue,c,1,,,,,,,2,0,12,4,,,,,,,,,1168.385529,1168.585332,c,1,1168.385529,None,0.575439,,,,,,,,,,,,,,,,,,,,,,,,30,1,2022_Jan_04_1406,untitled_1,2020.2.6,59.81612523
אדום,green,x,0,,,,,,,2,1,13,1,,,,,,,,,1173.534719,1173.734546,x,1,1173.534719,None,0.6659919,,,,,,,,,,,,,,,,,,,,,,,,30,1,2022_Jan_04_1406,untitled_1,2020.2.6,59.81612523
ירוק,blue,c,0,,,,,,,2,2,14,3,,,,,,,,,1178.767049,1178.966924,c,1,1178.767049,None,1.0492456,,,,,,,,,,,,,,,,,,,,,,,,30,1,2022_Jan_04_1406,untitled_1,2020.2.6,59.81612523
כחול,red,z,0,,,,,,,2,3,15,5,,,,,,,,,1184.383233,1184.583122,z,1,1184.383233,None,0.8395326,,,,,,,,,,,4.100931476,,,,,,,,,,,,,30,1,2022_Jan_04_1406,untitled_1,2020.2.6,59.81612523
אדום,red,z,1,,,,,,,2,4,16,0,,,,,,,,,1189.799309,1189.999205,z,1,1189.799309,None,0.6644165,,,,,,,,,,,1.833855211,,,,,,,,,,,,,30,1,2022_Jan_04_1406,untitled_1,2020.2.6,59.81612523
ירוק,green,x,1,,,,,,,2,5,17,2,,,,,,,,,1195.032105,1195.231776,x,1,1195.032105,None,0.8173289,,,,,,,,,,,,,,,,,,,,,,,,30,1,2022_Jan_04_1406,untitled_1,2020.2.6,59.81612523
אדום,blue,c,0,train_Image_certainty//image7_alemnt7.jpg,7.jpg,one_middle_left,one_up_right,widespread,train_certainty,,,,,0,0,0,6,,,,,1241.292799,1241.492186,c,1,1241.292799,None,0.8250224,0,0,1,0,0,1.0870024,polygon,1238.698232,None,TRUE,2.9877076,2.9886043,0.333333333,0.206481481,1,0,0,2.9877076,one_up_right,1244.265652,None,1249.20795,None,30,1,2022_Jan_04_1406,untitled_1,2020.2.6,59.81612523
אדום,red,z,1,train_Image_certainty//image12_alemnt12.jpg,12.jpg,one_down_left,one_up_right,widespread,train_certainty,,,,,0,1,1,11,,,,,1252.157991,1252.357733,z,1,1252.157991,None,1.1363614,0,0,1,0,0,0.9616731,polygon,1249.707996,None,TRUE,7.0372911,7.0379811,0.306481481,0.230555556,1,0,0,7.0372911,one_up_right,1255.411664,None,1264.422533,None,30,1,2022_Jan_04_1406,untitled_1,2020.2.6,59.81612523
ירוק,blue,c,0,train_Image_certainty//image9_alemnt9.jpg,9.jpg,two_up_left,one_middle_right,widespread,train_certainty,,,,,0,2,2,8,,,,,1267.272687,1267.472448,None,0,1267.272687,None,,0,0,1,0,0,0.8478162,polygon,1264.922464,None,TRUE,7.0871295,7.0886798,0.365740741,0.000925926,1,0,0,7.0871295,one_middle_right,1270.531373,None,1279.587543,None,30,1,2022_Jan_04_1406,untitled_1,2020.2.6,59.81612523
כחול,blue,c,1,train_Image_certainty//image14_alemnt14.jpg,14.jpg,three_middle_left,one_middle_right,widespread,train_certainty,,,,,0,3,3,13,,,,,1282.537342,1282.736983,c,1,1282.537342,None,0.5868097,0,0,1,0,0,0.9473878,polygon,1280.087477,None,TRUE,6.1026613,6.1052725,0.376851852,-0.003703704,1,0,0,6.1026613,one_middle_right,1285.221341,None,1293.302372,None,30,1,2022_Jan_04_1406,untitled_1,2020.2.6,59.81612523
ירוק,green,x,1,train_Image_certainty//image13_alemnt13.jpg,13.jpg,two_up_left,one_up_right,widespread,train_certainty,,,,,0,4,4,12,,,,,1296.019019,1296.218564,x,1,1296.019019,None,0.9948011,0,0,1,0,0,0.7131427,polygon,1293.802186,None,TRUE,1.8045149,1.8053086,0.353703704,0.187037037,1,0,0,1.8045149,one_up_right,1299.108102,None,1302.884041,None,30,1,2022_Jan_04_1406,untitled_1,2020.2.6,59.81612523
אדום,green,x,0,train_Image_certainty//image6_alemnt6.jpg,6.jpg,one_middle_left,two_up_right,widespread,train_certainty,,,,,0,5,5,5,,,,,1305.534362,1305.734077,None,0,1305.534362,None,,0,0,1,0,0,0.6506187,polygon,1303.384278,None,,,,,,,,,,,1308.790041,None,1319.74862,None,30,1,2022_Jan_04_1406,untitled_1,2020.2.6,59.81612523
ירוק,red,z,0,train_Image_certainty//image8_alemnt8.jpg,8.jpg,two_down_left,two_middle_right,widespread,train_certainty,,,,,0,6,6,7,,,,,1330.247595,1330.447296,None,0,1330.247595,None,,0,0,1,0,0,8.5158832,polygon,1320.248933,None,,,,,,,,,,,1333.524804,None,1344.478986,None,30,1,2022_Jan_04_1406,untitled_1,2020.2.6,59.81612523
ירוק,blue,c,0,train_Image_certainty//image3_alemnt3.jpg,3.jpg,two_down_left,three_middle_right,widespread,train_certainty,,,,,0,7,7,2,,,,,1347.245636,1347.445283,c,1,1347.245636,None,0.6741385,0,0,1,0,0,0.7666822,polygon,1344.978933,None,TRUE,8.3861887,8.3888624,0.768518519,0.060185185,1,0,0,8.3861887,three_middle_right,1350.036648,None,1360.393595,None,30,1,2022_Jan_04_1406,untitled_1,2020.2.6,59.81612523
כחול,green,x,0,train_Image_certainty//image5_alemnt5.jpg,5.jpg,one_middle_left,three_middle_right,widespread,train_certainty,,,,,0,8,8,4,,,,,1363.360218,1363.559975,x,1,1363.360218,None,0.7317922,0,0,1,0,0,0.9643551,polygon,1360.893535,None,TRUE,7.1887159,7.1923666,0.748148148,0.056481481,1,0,0,7.1887159,three_middle_right,1366.183387,None,1375.341653,None,30,1,2022_Jan_04_1406,untitled_1,2020.2.6,59.81612523
כחול,red,z,0,train_Image_certainty//image4_alemnt4.jpg,4.jpg,two_middle_left,two_up_right,widespread,train_certainty,,,,,0,9,9,3,,,,,1378.158304,1378.358028,x,0,1378.158304,None,1.0222974,0,0,1,0,0,0.8143712,polygon,1375.841619,None,,,,,,,,,,,1381.281884,1390.276333,1392.306067,None,30,1,2022_Jan_04_1406,untitled_1,2020.2.6,59.81612523
אדום,red,z,1,train_Image_certainty//image15_alemnt1.jpg,1.jpg,one_up_left,one_middle_right,infrequent,train_certainty,,,,,0,10,10,14,,,,,1395.022808,1395.222558,z,1,1395.022808,None,0.8315044,0,0,1,0,0,0.7144815,polygon,1392.806033,None,TRUE,5.5869271,5.5878749,0.386111111,0.001851852,1,0,0,5.5869271,one_middle_right,1397.965913,None,1405.521021,None,30,1,2022_Jan_04_1406,untitled_1,2020.2.6,59.81612523
אדום,blue,c,0,train_Image_certainty//image1_alemnt1.jpg,1.jpg,two_middle_left,one_down_right,widespread,train_certainty,,,,,0,11,11,0,,,,,1408.170979,1408.370817,z,0,1408.170979,None,0.8380829,0,0,1,0,0,0.648429,polygon,1406.021012,None,TRUE,5.2405432,5.2439733,0.453703704,-0.198148148,1,0,0,5.2405432,one_down_right,1411.109991,None,1418.319269,None,30,1,2022_Jan_04_1406,untitled_1,2020.2.6,59.81612523
ירוק,green,x,1,train_Image_certainty//image10_alemnt10.jpg,10.jpg,two_up_left,three_middle_right,widespread,train_certainty,,,,,0,12,12,9,,,,,1420.936004,1421.13583,x,1,1420.936004,None,0.8617371,0,0,1,0,0,0.6293338,polygon,1418.819359,None,TRUE,2.417997,2.4192704,0.70462963,0.072222222,1,0,0,2.417997,three_middle_right,1423.887803,None,1428.284277,None,30,1,2022_Jan_04_1406,untitled_1,2020.2.6,59.81612523
כחול,blue,c,1,train_Image_certainty//image11_alemnt11.jpg,11.jpg,two_down_left,one_down_right,widespread,train_certainty,,,,,0,13,13,10,,,,,1430.917446,1431.117402,c,1,1430.917446,None,0.5929774,0,0,1,0,0,0.6335355,polygon,1428.783983,None,TRUE,3.855541,3.8605367,0.486111111,-0.234259259,1,0,0,3.855541,one_down_right,1433.597957,None,1439.416688,None,30,1,2022_Jan_04_1406,untitled_1,2020.2.6,59.81612523
ירוק,red,z,0,train_Image_certainty//image2_alemnt2.jpg,2.jpg,two_down_left,three_middle_right,widespread,train_certainty,,,,,0,14,14,1,,,,,1442.066685,1442.266417,z,1,1442.066685,None,0.5373452,0,0,1,0,0,0.6519294,polygon,1439.91662,None,TRUE,4.4676305,4.4689736,0.705555556,0.038888889,1,0,0,4.4676305,three_middle_right,1444.723722,None,1451.165137,None,30,1,2022_Jan_04_1406,untitled_1,2020.2.6,59.81612523
אדום,green,x,0,Image_certainty//image42_alemnt12.jpg,12.jpg,two_up_left,one_up_right,widespread,certainty,,,,,,,,,0,0,0,42,1472.412276,1472.612083,x,1,1472.412276,None,1.0784832,0,0,1,0,0,2.238099,polygon,1468.664725,None,TRUE,2.5863589,2.5869652,0.392592593,0.214814815,1,0,0,2.5863589,one_up_right,1474.562227,None,1477.095688,None,30,1,2022_Jan_04_1406,untitled_1,2020.2.6,59.81612523
כחול,blue,c,1,Image_certainty//image101_alemnt6.jpg,6.jpg,one_down_left,two_middle_right,infrequent,certainty,,,,,,,,,0,1,1,101,1480.111584,1480.311348,c,1,1480.111584,None,0.6118999,0,0,1,0,0,1.0153425,polygon,1477.595058,None,,,,,,,,,,,1481.783762,1490.78037,1490.792931,None,30,1,2022_Jan_04_1406,untitled_1,2020.2.6,59.81612523
ירוק,green,x,1,Image_certainty//image133_alemnt11.jpg,11.jpg,one_middle_left,two_up_right,widespread,certainty,,,,,,,,,0,2,2,133,1495.209607,1495.409516,x,1,1495.209607,None,0.7387697,0,-0.008333333,1,0,0,2.4151178,polygon,1491.293047,None,TRUE,3.1050262,3.105597,0.581481481,0.197222222,1,0,0,3.1050262,two_up_right,1497.015886,None,1500.077491,None,30,1,2022_Jan_04_1406,untitled_1,2020.2.6,59.81612523
אדום,green,x,0,Image_certainty//image60_alemnt13.jpg,13.jpg,one_middle_left,two_up_right,widespread,certainty,,,,,,,,,0,3,3,60,1502.775134,1502.975175,x,1,1502.775134,None,0.7342704,0,0,1,0,0,0.6986821,polygon,1500.592069,None,TRUE,4.5874289,4.587863,0.597222222,0.226851852,1,0,0,4.5874289,two_up_right,1504.562278,None,1509.107074,None,30,1,2022_Jan_04_1406,untitled_1,2020.2.6,59.81612523
ירוק,green,x,1,Image_certainty//image109_alemnt5.jpg,5.jpg,one_down_left,two_middle_right,infrequent,certainty,,,,,,,,,0,4,4,109,1515.123762,1515.32356,x,1,1515.123762,None,0.6120949,0,0,1,0,0,4.016515,polygon,1509.607582,None,TRUE,6.8061958,6.8086579,0.55,-0.041666667,1,0,0,6.8061958,two_middle_right,1516.789523,None,1523.559631,None,30,1,2022_Jan_04_1406,untitled_1,2020.2.6,59.81612523
אדום,blue,c,0,Image_certainty//image85_alemnt14.jpg,14.jpg,two_down_left,three_middle_right,widespread,certainty,,,,,,,,,0,5,5,85,1526.505315,1526.705474,c,1,1526.505315,None,0.8399738,0,0,1,0,0,0.9304726,polygon,1524.072407,None,,,,,,,,,,,1528.415554,1537.390752,1537.420342,None,30,1,2022_Jan_04_1406,untitled_1,2020.2.6,59.81612523
כחול,blue,c,1,Image_certainty//image146_alemnt12.jpg,12.jpg,one_up_left,two_middle_right,widespread,certainty,,,,,,,,,0,6,6,146,1540.720144,1540.920288,c,1,1540.720144,None,0.7411822,-0.007407407,0.00462963,1,0,0,1.2966296,polygon,1537.920503,None,TRUE,3.970951,3.9721127,0.576851852,-0.049074074,1,0,0,3.970951,two_middle_right,1542.537429,None,1546.452016,None,30,1,2022_Jan_04_1406,untitled_1,2020.2.6,59.81612523
כחול,green,x,0,Image_certainty//image77_alemnt10.jpg,10.jpg,one_middle_left,two_up_right,widespread,certainty,,,,,,,,,0,7,7,77,1549.136118,1549.335787,x,1,1549.136118,None,0.7705675,0,0,1,0,0,0.6821591,polygon,1546.952706,None,TRUE,3.6529459,3.6533883,0.582407407,0.223148148,1,0,0,3.6529459,two_up_right,1550.983472,None,1554.584526,None,30,1,2022_Jan_04_1406,untitled_1,2020.2.6,59.81612523
ירוק,green,x,1,Image_certainty//image196_alemnt13.jpg,13.jpg,three_middle_left,one_down_right,widespread,certainty,,,,,,,,,0,8,8,196,1558.167805,1558.367834,x,1,1558.167805,None,0.7123855,0,0,1,0,0,1.5806155,polygon,1555.084993,None,TRUE,3.7353238,3.7378854,0.450925926,-0.192592593,1,0,0,3.7353238,one_down_right,1559.946265,None,1563.633342,None,30,1,2022_Jan_04_1406,untitled_1,2020.2.6,59.81612523
כחול,green,x,0,Image_certainty//image41_alemnt12.jpg,12.jpg,two_up_left,one_up_right,widespread,certainty,,,,,,,,,0,9,9,41,1566.467066,1566.666572,x,1,1566.467066,None,0.6278349,0,0,1,0,0,0.8308296,polygon,1564.133835,None,TRUE,1.7243866,1.7255379,0.35462963,0.152777778,1,0,0,1.7243866,one_up_right,1568.164964,None,1569.83806,None,30,1,2022_Jan_04_1406,untitled_1,2020.2.6,59.81612523
ירוק,green,x,1,Image_certainty//image166_alemnt14.jpg,14.jpg,two_middle_left,one_middle_right,widespread,certainty,,,,,,,,,0,10,10,166,1572.582866,1572.782758,x,1,1572.582866,None,0.5641679,0,0,1,0,0,0.731313,polygon,1570.349633,None,TRUE,,4.355721,,,,,,,,1574.203323,None,1578.514592,None,30,1,2022_Jan_04_1406,untitled_1,2020.2.6,59.81612523
ירוק,blue,c,0,Image_certainty//image69_alemnt14.jpg,14.jpg,one_middle_left,two_down_right,widespread,certainty,,,,,,,,,0,11,11,69,1581.615114,1581.814944,c,1,1581.615114,None,0.7126788,0,0,1,0,0,1.0973424,polygon,1579.015218,None,TRUE,3.4207181,3.4247397,0.718518519,-0.222222222,1,0,0,3.4207181,two_down_right,1583.390107,None,1586.767562,None,30,1,2022_Jan_04_1406,untitled_1,2020.2.6,59.81612523
כחול,blue,c,1,Image_certainty//image113_alemnt2.jpg,2.jpg,one_up_left,two_up_right,infrequent,certainty,,,,,,,,,0,12,12,113,1589.547538,1589.746968,c,1,1589.547538,None,0.6242485,0,0,1,0,0,0.7641478,polygon,1587.280804,None,TRUE,2.9097472,2.9105146,0.585185185,0.187037037,1,0,0,2.9097472,two_up_right,1591.244328,None,1594.102636,None,30,1,2022_Jan_04_1406,untitled_1,2020.2.6,59.81612523
ירוק,green,x,1,Image_certainty//image181_alemnt12.jpg,12.jpg,two_up_left,one_down_right,widespread,certainty,,,,,,,,,0,13,13,181,1596.746565,1596.946333,x,1,1596.746565,None,0.7993418,0,0,1,0,0,0.6299023,polygon,1594.613078,None,TRUE,6.2718331,6.2755465,0.443518519,-0.22037037,1,0,0,6.2718331,one_down_right,1598.595455,None,1604.832395,None,30,1,2022_Jan_04_1406,untitled_1,2020.2.6,59.81612523
ירוק,green,x,1,Image_certainty//image136_alemnt8.jpg,8.jpg,three_middle_left,two_down_right,widespread,certainty,,,,,,,,,0,14,14,136,1607.461473,1607.661621,x,1,1607.461473,None,0.7229929,0,0,1,0,0,0.6131552,polygon,1605.345076,None,TRUE,8.3894837,8.3913517,0.705555556,-0.211111111,1,0,0,8.3894837,two_down_right,1609.257186,None,1617.595511,None,30,1,2022_Jan_04_1406,untitled_1,2020.2.6,59.81612523
ירוק,green,x,1,Image_certainty//image139_alemnt10.jpg,10.jpg,two_up_left,one_middle_right,widespread,certainty,,,,,,,,,0,15,15,139,1620.326714,1620.526447,x,1,1620.326714,None,0.6805279,0,0,1,0,0,0.7143027,polygon,1618.110131,None,TRUE,7.6896835,7.6907959,0.365740741,-0.007407407,1,0,0,7.6896835,one_middle_right,1622.07396,None,1629.709815,None,30,1,2022_Jan_04_1406,untitled_1,2020.2.6,59.81612523
אדום,red,z,1,Image_certainty//image174_alemnt10.jpg,10.jpg,one_down_left,three_middle_right,widespread,certainty,,,,,,,,,0,16,16,174,1634.058454,1634.25815,z,1,1634.058454,None,0.5379919,0,0,1,0,0,2.3311644,polygon,1630.225242,None,TRUE,8.0512054,8.0524737,0.727777778,0.076851852,1,0,0,8.0512054,three_middle_right,1635.670519,None,1643.672854,None,30,1,2022_Jan_04_1406,untitled_1,2020.2.6,59.81612523
כחול,red,z,0,Image_certainty//image70_alemnt14.jpg,14.jpg,two_down_left,one_middle_right,widespread,certainty,,,,,,,,,0,17,17,70,1647.106464,1647.306133,z,1,1647.106464,None,0.8513353,0,0,1,0,0,1.4299359,polygon,1644.173422,None,TRUE,2.3679304,2.3689112,0.388888889,0.005555556,1,0,0,2.3679304,one_middle_right,1649.037283,None,1651.355263,None,30,1,2022_Jan_04_1406,untitled_1,2020.2.6,59.81612523
אדום,blue,c,0,Image_certainty//image37_alemnt13.jpg,13.jpg,two_down_left,one_up_right,widespread,certainty,,,,,,,,,0,18,18,37,1654.205617,1654.405447,c,1,1654.205617,None,0.7125409,0,0,1,0,0,0.8636145,polygon,1651.855449,None,,,,,,,,,,,1655.972896,1664.95687,1664.970522,None,30,1,2022_Jan_04_1406,untitled_1,2020.2.6,59.81612523
כחול,red,z,0,Image_certainty//image34_alemnt8.jpg,8.jpg,one_middle_left,two_up_right,widespread,certainty,,,,,,,,,0,19,19,34,1668.237214,1668.437046,z,1,1668.237214,None,0.5954013,0.001851852,-0.006481481,1,0,0,1.266838,polygon,1665.47075,None,TRUE,6.0883993,6.088834,0.59537037,0.238888889,1,0,0,6.0883993,two_up_right,1669.899374,None,1675.936568,None,30,1,2022_Jan_04_1406,untitled_1,2020.2.6,59.81612523
אדום,red,z,1,Image_certainty//image183_alemnt9.jpg,9.jpg,three_middle_left,two_down_right,widespread,certainty,,,,,,,,,0,20,20,183,1678.65251,1678.85223,z,1,1678.65251,None,0.5934313,0,0,1,0,0,0.7168424,polygon,1676.435896,None,,,,,,,,,,,1680.30887,1689.304134,1689.317239,None,30,1,2022_Jan_04_1406,untitled_1,2020.2.6,59.81612523
אדום,blue,c,0,Image_certainty//image79_alemnt13.jpg,13.jpg,one_down_left,one_up_right,widespread,certainty,,,,,,,,,0,21,21,79,1692.667273,1692.867152,c,1,1692.667273,None,0.9188484,-0.001851852,-0.014814815,1,0,0,1.3471593,polygon,1689.817182,None,TRUE,2.5886757,2.5890573,0.344444444,0.187037037,1,0,0,2.5886757,one_up_right,1694.66288,None,1697.199358,None,30,1,2022_Jan_04_1406,untitled_1,2020.2.6,59.81612523
כחול,red,z,0,Image_certainty//image76_alemnt14.jpg,14.jpg,three_middle_left,two_middle_right,widespread,certainty,,,,,,,,,0,22,22,76,1699.932812,1700.132959,z,1,1699.932812,None,0.7016488,0,0,1,0,0,0.7333504,polygon,1697.699818,None,TRUE,5.4219017,5.4243361,0.57962963,-0.043518519,1,0,0,5.4219017,two_middle_right,1701.703551,None,1707.08432,None,30,1,2022_Jan_04_1406,untitled_1,2020.2.6,59.81612523
ירוק,red,z,0,Image_certainty//image56_alemnt11.jpg,11.jpg,three_middle_left,two_up_right,widespread,certainty,,,,,,,,,0,23,23,56,1709.981938,1710.181504,z,1,1709.981938,None,0.6059399,0,0,1,0,0,0.8842006,polygon,1707.598505,None,TRUE,5.2688935,5.2693308,0.588888889,0.214814815,1,0,0,5.2688935,two_up_right,1711.658483,None,1716.880274,None,30,1,2022_Jan_04_1406,untitled_1,2020.2.6,59.81612523
כחול,blue,c,1,Image_certainty//image131_alemnt13.jpg,13.jpg,one_middle_left,one_middle_right,widespread,certainty,,,,,,,,,0,24,24,131,1719.547168,1719.746726,None,0,1719.547168,None,,0,0,1,0,0,0.6643493,polygon,1717.38059,None,TRUE,2.3388521,2.3424947,0.342592593,-0.015740741,1,0,0,2.3388521,one_middle_right,1721.785439,None,1724.083724,None,30,1,2022_Jan_04_1406,untitled_1,2020.2.6,59.81612523
ירוק,green,x,1,Image_certainty//image187_alemnt10.jpg,10.jpg,two_up_left,three_middle_right,widespread,certainty,,,,,,,,,0,25,25,187,1726.82971,1727.029309,x,1,1726.82971,None,0.4465687,0,0,1,0,0,0.7327266,polygon,1724.596323,None,TRUE,2.3550571,2.3590831,0.667592593,0.05,1,0,0,2.3550571,three_middle_right,1728.335207,None,1730.650458,None,30,1,2022_Jan_04_1406,untitled_1,2020.2.6,59.81612523
כחול,green,x,0,Image_certainty//image83_alemnt14.jpg,14.jpg,one_down_left,one_middle_right,widespread,certainty,,,,,,,,,0,26,26,83,1733.4118,1733.61184,x,1,1733.4118,None,0.6275233,0,0,1,0,0,0.749102,polygon,1731.161808,None,TRUE,3.8073953,3.8107298,0.381481481,-0.006481481,1,0,0,3.8073953,one_middle_right,1735.095744,None,1738.868301,None,30,1,2022_Jan_04_1406,untitled_1,2020.2.6,59.81612523
אדום,red,z,1,Image_certainty//image150_alemnt13.jpg,13.jpg,one_down_left,two_down_right,widespread,certainty,,,,,,,,,0,27,27,150,1741.911047,1742.110649,z,1,1741.911047,None,0.6024632,0,0,1,0,0,1.0299567,polygon,1739.377722,None,TRUE,5.0363733,5.039588,0.739814815,-0.240740741,1,0,0,5.0363733,two_down_right,1743.594599,None,1748.577934,None,30,1,2022_Jan_04_1406,untitled_1,2020.2.6,59.81612523
ירוק,green,x,1,Image_certainty//image115_alemnt2.jpg,2.jpg,three_middle_left,one_down_right,infrequent,certainty,,,,,,,,,0,28,28,115,1751.343037,1751.542914,x,1,1751.343037,None,0.4882695,0,0,1,0,0,0.7471926,polygon,1749.09307,None,TRUE,5.8210062,5.8241842,0.446296296,-0.227777778,1,0,0,5.8210062,one_down_right,1752.90241,None,1758.678237,None,30,1,2022_Jan_04_1406,untitled_1,2020.2.6,59.81612523
כחול,blue,c,1,Image_certainty//image185_alemnt14.jpg,14.jpg,three_middle_left,three_middle_right,widespread,certainty,,,,,,,,,0,29,29,185,1761.358422,1761.558294,c,1,1761.358422,None,0.8178019,0,0,1,0,0,0.664128,polygon,1759.191742,None,TRUE,3.6692986,3.6709548,0.736111111,0.05,1,0,0,3.6692986,three_middle_right,1763.251579,None,1766.873334,None,30,1,2022_Jan_04_1406,untitled_1,2020.2.6,59.81612523
אדום,green,x,0,Image_certainty//image48_alemnt9.jpg,9.jpg,one_down_left,one_down_right,widespread,certainty,,,,,,,,,0,30,30,48,1769.707397,1769.907194,x,1,1769.707397,None,0.660445,0,0,1,0,0,0.8307634,polygon,1767.374068,None,TRUE,2.8848275,2.8863386,0.42037037,-0.24537037,1,0,0,2.8848275,one_down_right,1771.441027,None,1774.27264,None,30,1,2022_Jan_04_1406,untitled_1,2020.2.6,59.81612523
אדום,red,z,1,Image_certainty//image138_alemnt9.jpg,9.jpg,one_down_left,two_down_right,widespread,certainty,,,,,,,,,0,31,31,138,1776.923018,1777.122876,z,1,1776.923018,None,0.5729426,0,0,1,0,0,0.6490226,polygon,1774.773161,None,TRUE,5.1059417,5.1114583,0.705555556,-0.241666667,1,0,0,5.1059417,two_down_right,1778.565335,None,1783.630642,None,30,1,2022_Jan_04_1406,untitled_1,2020.2.6,59.81612523
אדום,red,z,1,Image_certainty//image105_alemnt7.jpg,7.jpg,one_middle_left,one_up_right,infrequent,certainty,,,,,,,,,0,32,32,105,1787.805135,1788.004713,z,1,1787.805135,None,0.5122693,0,0,1,0,0,2.1639659,polygon,1784.138281,None,TRUE,1.93556,1.9360699,0.343518519,0.175925926,1,0,0,1.93556,one_up_right,1789.385084,None,1791.270428,None,30,1,2022_Jan_04_1406,untitled_1,2020.2.6,59.81612523
כחול,green,x,0,Image_certainty//image11_alemnt7.jpg,7.jpg,two_middle_left,one_middle_right,infrequent,certainty,,,,,,,,,0,33,33,11,1795.187496,1795.387224,x,1,1795.187496,None,0.8117716,0,0,1,0,0,1.9141689,polygon,1791.770881,None,TRUE,2.2217209,2.2241643,0.388888889,-0.005555556,1,0,0,2.2217209,one_middle_right,1797.069298,None,1799.239415,None,30,1,2022_Jan_04_1406,untitled_1,2020.2.6,59.81612523
אדום,blue,c,0,Image_certainty//image73_alemnt10.jpg,10.jpg,two_down_left,one_down_right,widespread,certainty,,,,,,,,,0,34,34,73,1801.852925,1802.052666,c,1,1801.852925,None,0.7389975,0,0,1,0,0,0.5973387,polygon,1799.753186,None,TRUE,7.2056045,7.2098587,0.434259259,-0.250925926,1,0,0,7.2056045,one_down_right,1803.636073,None,1810.82328,None,30,1,2022_Jan_04_1406,untitled_1,2020.2.6,59.81612523
אדום,red,z,1,Image_certainty//image153_alemnt9.jpg,9.jpg,three_middle_left,two_middle_right,widespread,certainty,,,,,,,,,0,35,35,153,1813.368331,1813.568207,z,1,1813.368331,None,1.0163219,0,0,1,0,0,0.530647,polygon,1811.334993,None,,,,,,,,,,,1815.455411,1824.452981,1824.466295,None,30,1,2022_Jan_04_1406,untitled_1,2020.2.6,59.81612523
אדום,blue,c,0,Image_certainty//image61_alemnt10.jpg,10.jpg,one_down_left,one_middle_right,widespread,certainty,,,,,,,,,0,36,36,61,1827.266595,1827.466395,c,1,1827.266595,None,1.0555173,0,0,1,0,0,0.7977748,polygon,1824.966298,None,,,,,,,,,,,1829.387449,1838.384573,1838.397709,None,30,1,2022_Jan_04_1406,untitled_1,2020.2.6,59.81612523
אדום,green,x,0,Image_certainty//image6_alemnt7.jpg,7.jpg,three_middle_left,three_middle_right,infrequent,certainty,,,,,,,,,0,37,37,6,1841.264359,1841.464368,x,1,1841.264359,None,0.7303084,0,0,1,0,0,0.8634181,polygon,1838.897893,None,TRUE,5.2567173,5.2608057,0.718518519,0.043518519,1,0,0,5.2567173,three_middle_right,1843.052883,None,1848.271008,None,30,1,2022_Jan_04_1406,untitled_1,2020.2.6,59.81612523
אדום,green,x,0,Image_certainty//image24_alemnt13.jpg,13.jpg,three_middle_left,one_middle_right,widespread,certainty,,,,,,,,,0,38,38,24,1850.913416,1851.113282,x,1,1850.913416,None,0.8572696,0,0,1,0,0,0.6454779,polygon,1848.780147,None,TRUE,7.9691931,7.971083,0.387037037,0.007407407,1,0,0,7.9691931,one_middle_right,1852.824989,None,1860.761704,None,30,1,2022_Jan_04_1406,untitled_1,2020.2.6,59.81612523
כחול,red,z,0,Image_certainty//image58_alemnt8.jpg,8.jpg,two_middle_left,two_up_right,widespread,certainty,,,,,,,,,0,39,39,58,1863.411835,1863.611698,z,1,1863.411835,None,1.0274611,0,0,1,0,0,0.647062,polygon,1861.261912,None,TRUE,2.4366897,2.4371258,0.562962963,0.194444444,1,0,0,2.4366897,two_up_right,1865.501597,None,1867.894211,None,30,1,2022_Jan_04_1406,untitled_1,2020.2.6,59.81612523
אדום,red,z,1,Image_certainty//image120_alemnt12.jpg,12.jpg,two_up_left,two_up_right,widespread,certainty,,,,,,,,,0,40,40,120,1870.610778,1870.810669,z,1,1870.610778,None,0.6588246,0,0,1,0,0,0.7142554,polygon,1868.394293,None,TRUE,3.1348005,3.1350842,0.598148148,0.215740741,1,0,0,3.1348005,two_up_right,1872.343356,None,1875.426051,None,30,1,2022_Jan_04_1406,untitled_1,2020.2.6,59.81612523
אדום,green,x,0,Image_certainty//image66_alemnt11.jpg,11.jpg,one_up_left,two_up_right,widespread,certainty,,,,,,,,,0,41,41,66,1878.093404,1878.293149,x,1,1878.093404,None,0.7199861,0,0,1,0,0,0.6642156,polygon,1875.926614,None,TRUE,2.1027322,2.1031723,0.572222222,0.253703704,1,0,0,2.1027322,two_up_right,1879.884695,None,1881.942039,None,30,1,2022_Jan_04_1406,untitled_1,2020.2.6,59.81612523
ירוק,green,x,1,Image_certainty//image106_alemnt5.jpg,5.jpg,one_down_left,three_middle_right,infrequent,certainty,,,,,,,,,0,42,42,106,1884.709041,1884.908916,x,1,1884.709041,None,0.7604553,0,0,1,0,0,0.7647859,polygon,1882.442417,None,TRUE,3.686651,3.6893369,0.725925926,0.061111111,1,0,0,3.686651,three_middle_right,1886.530049,None,1890.175817,None,30,1,2022_Jan_04_1406,untitled_1,2020.2.6,59.81612523
כחול,blue,c,1,Image_certainty//image152_alemnt14.jpg,14.jpg,one_middle_left,one_middle_right,widespread,certainty,,,,,,,,,0,43,43,152,1892.891362,1893.09104,None,0,1892.891362,None,,0,0,1,0,0,0.6975545,polygon,1890.691357,None,,,,,,,,,,,1895.141599,None,1904.106217,None,30,1,2022_Jan_04_1406,untitled_1,2020.2.6,59.81612523
אדום,red,z,1,Image_certainty//image165_alemnt8.jpg,8.jpg,one_middle_left,one_up_right,widespread,certainty,,,,,,,,,0,44,44,165,1906.90618,1907.106008,z,1,1906.90618,None,0.7460468,-0.014814815,0.001851852,1,0,0,0.8141416,polygon,1904.60627,None,,,,,,,,,,,1908.709676,1917.707752,1917.720666,None,30,1,2022_Jan_04_1406,untitled_1,2020.2.6,59.81612523
אדום,red,z,1,Image_certainty//image126_alemnt9.jpg,9.jpg,two_down_left,one_middle_right,widespread,certainty,,,,,,,,,0,45,45,126,1920.854363,1921.054166,z,1,1920.854363,None,0.5646872,0.010185185,-0.003703704,1,0,0,1.13119,polygon,1918.220833,None,TRUE,6.6206057,6.6235292,0.419444444,-0.007407407,1,0,0,6.6206057,one_middle_right,1922.484124,None,1929.056902,None,30,1,2022_Jan_04_1406,untitled_1,2020.2.6,59.81612523
כחול,red,z,0,Image_certainty//image46_alemnt8.jpg,8.jpg,two_middle_left,two_up_right,widespread,certainty,,,,,,,,,0,46,46,46,1931.719574,1931.919183,z,1,1931.719574,None,1.1281391,0,0,1,0,0,0.6482268,polygon,1929.56949,None,TRUE,7.4191185,7.4195052,0.582407407,0.186111111,1,0,0,7.4191185,two_up_right,1933.915141,None,1941.284262,None,30,1,2022_Jan_04_1406,untitled_1,2020.2.6,59.81612523
ירוק,blue,c,0,Image_certainty//image81_alemnt14.jpg,14.jpg,three_middle_left,one_down_right,widespread,certainty,,,,,,,,,0,47,47,81,1947.034419,1947.234165,c,1,1947.034419,None,0.9719133,0,0,1,0,0,3.7511218,polygon,1941.784658,None,TRUE,2.2053904,2.2100732,0.388888889,-0.216666667,1,0,0,2.2053904,one_down_right,1949.082562,None,1951.238511,None,30,1,2022_Jan_04_1406,untitled_1,2020.2.6,59.81612523
ירוק,green,x,1,Image_certainty//image190_alemnt12.jpg,12.jpg,one_down_left,one_middle_right,widespread,certainty,,,,,,,,,0,48,48,190,1954.016416,1954.216615,x,1,1954.016416,None,0.6680302,0,0,1,0,0,0.7654348,polygon,1951.750123,None,,,,,,,,,,,1955.762295,1964.751272,1964.764969,None,30,1,2022_Jan_04_1406,untitled_1,2020.2.6,59.81612523
ירוק,red,z,0,Image_certainty//image50_alemnt11.jpg,11.jpg,three_middle_left,one_down_right,widespread,certainty,,,,,,,,,0,49,49,50,1974.064148,1974.263478,z,1,1974.064148,None,0.8725344,0,0,1,0,0,7.3111625,polygon,1965.264998,None,FALSE,8.3188724,8.3193175,0.573148148,0.239814815,1,0,0,8.3188724,two_up_right,1976.013329,None,1984.278886,None,30,1,2022_Jan_04_1406,untitled_1,2020.2.6,59.81612523
כחול,green,x,0,Image_certainty//image35_alemnt8.jpg,8.jpg,two_down_left,one_up_right,widespread,certainty,,,,,,,,,0,50,50,35,1987.029209,1987.228929,x,1,1987.029209,None,1.0987571,0,0,1,0,0,0.7465401,polygon,1984.779185,None,TRUE,4.3348659,4.3352727,0.378703704,0.182407407,1,0,0,4.3348659,one_up_right,1989.189404,None,1993.477497,None,30,1,2022_Jan_04_1406,untitled_1,2020.2.6,59.81612523
כחול,blue,c,1,Image_certainty//image119_alemnt6.jpg,6.jpg,two_middle_left,one_down_right,infrequent,certainty,,,,,,,,,0,51,51,119,1996.160988,1996.360985,c,1,1996.160988,None,0.8889121,0,0,1,0,0,0.6803718,polygon,1993.977973,None,,,,,,,,,,,1998.122628,2007.095552,2007.125803,None,30,1,2022_Jan_04_1406,untitled_1,2020.2.6,59.81612523
כחול,red,z,0,Image_certainty//image88_alemnt10.jpg,10.jpg,two_middle_left,two_up_right,widespread,certainty,,,,,,,,,0,52,52,88,2014.742312,2014.942021,z,1,2014.742312,None,1.0101901,0.012037037,0.008333333,1,0,0,1.3307303,polygon,2007.625899,None,TRUE,2.9213322,2.9218015,0.57037037,0.22037037,1,0,0,2.9213322,two_up_right,2016.822261,None,2019.692181,None,30,1,2022_Jan_04_1406,untitled_1,2020.2.6,59.81612523
כחול,blue,c,1,Image_certainty//image125_alemnt12.jpg,12.jpg,one_down_left,one_down_right,widespread,certainty,,,,,,,,,0,53,53,125,2022.424451,2022.624271,None,0,2022.424451,None,,0,0,1,0,0,0.73343,polygon,2020.190936,None,TRUE,4.1361193,4.1379563,0.444444444,-0.168518519,1,0,0,4.1361193,one_down_right,2024.664523,None,2028.756005,None,30,1,2022_Jan_04_1406,untitled_1,2020.2.6,59.81612523
אדום,red,z,1,Image_certainty//image132_alemnt9.jpg,9.jpg,one_down_left,two_down_right,widespread,certainty,,,,,,,,,0,54,54,132,2031.640115,2031.839849,z,1,2031.640115,None,0.690619,0,0,1,0,0,0.8806777,polygon,2029.256743,None,TRUE,2.9720394,2.9764988,0.735185185,-0.238888889,1,0,0,2.9720394,two_down_right,2033.406946,None,2036.327185,None,30,1,2022_Jan_04_1406,untitled_1,2020.2.6,59.81612523
אדום,red,z,1,Image_certainty//image195_alemnt10.jpg,10.jpg,one_down_left,two_middle_right,widespread,certainty,,,,,,,,,0,55,55,195,2038.955741,2039.155478,z,1,2038.955741,None,0.6473197,0,0,1,0,0,0.6160501,polygon,2036.839085,None,TRUE,3.8371504,3.8382954,0.603703704,-0.072222222,1,0,0,3.8371504,two_middle_right,2040.658771,None,2044.45418,None,30,1,2022_Jan_04_1406,untitled_1,2020.2.6,59.81612523
אדום,red,z,1,Image_certainty//image135_alemnt12.jpg,12.jpg,two_middle_left,one_middle_right,widespread,certainty,,,,,,,,,0,56,56,135,2047.138106,2047.337798,z,1,2047.138106,None,0.6484023,0,0,1,0,0,0.67979,polygon,2044.954723,None,TRUE,2.4858009,2.4874594,0.389814815,0.015740741,1,0,0,2.4858009,one_middle_right,2048.844409,None,2051.286622,None,30,1,2022_Jan_04_1406,untitled_1,2020.2.6,59.81612523
כחול,green,x,0,Image_certainty//image29_alemnt13.jpg,13.jpg,one_middle_left,one_up_right,widespread,certainty,,,,,,,,,0,57,57,29,2054.57034,2054.770149,x,1,2054.57034,None,0.613986,0,0,1,0,0,1.2823754,polygon,2051.787169,None,TRUE,2.388321,2.3893525,0.37037037,0.198148148,1,0,0,2.388321,one_up_right,2056.242412,None,2058.588853,None,30,1,2022_Jan_04_1406,untitled_1,2020.2.6,59.81612523
אדום,red,z,1,Image_certainty//image114_alemnt2.jpg,2.jpg,one_middle_left,one_middle_right,infrequent,certainty,,,,,,,,,0,58,58,114,2061.51952,2061.719286,z,1,2061.51952,None,0.6248099,0,0,1,0,0,0.9137549,polygon,2059.102862,None,TRUE,3.2724536,3.2756906,0.399074074,0.006481481,1,0,0,3.2724536,one_middle_right,2063.204298,None,2066.440596,None,30,1,2022_Jan_04_1406,untitled_1,2020.2.6,59.81612523
ירוק,blue,c,0,Image_certainty//image45_alemnt9.jpg,9.jpg,one_down_left,three_middle_right,widespread,certainty,,,,,,,,,0,59,59,45,2069.051769,2069.251631,c,1,2069.051769,None,1.0580767,0,0,1,0,0,0.5979591,polygon,2066.951857,None,TRUE,5.5200294,5.521338,0.726851852,0.090740741,1,0,0,5.5200294,three_middle_right,2071.180726,None,2076.64999,None,30,1,2022_Jan_04_1406,untitled_1,2020.2.6,59.81612523
אדום,green,x,0,Image_certainty//image12_alemnt1.jpg,1.jpg,one_up_left,two_up_right,infrequent,certainty,,,,,,,,,0,60,60,12,2079.350421,2079.550315,None,0,2079.350421,None,,0,0,1,0,0,0.6971621,polygon,2077.150414,None,,,,,,,,,,,2081.592392,None,2090.565379,None,30,1,2022_Jan_04_1406,untitled_1,2020.2.6,59.81612523
ירוק,red,z,0,Image_certainty//image62_alemnt11.jpg,11.jpg,two_down_left,two_middle_right,widespread,certainty,,,,,,,,,0,61,61,62,2093.315052,2093.515167,None,0,2093.315052,None,,0,0,1,0,0,0.7495258,polygon,2091.065539,None,TRUE,4.3706955,4.3734971,0.546296296,-0.07037037,1,0,0,4.3706955,two_middle_right,2095.565788,None,2099.883783,None,30,1,2022_Jan_04_1406,untitled_1,2020.2.6,59.81612523
אדום,red,z,1,Image_certainty//image159_alemnt13.jpg,13.jpg,one_middle_left,two_middle_right,widespread,certainty,,,,,,,,,0,62,62,159,2102.497574,2102.697338,None,0,2102.497574,None,,0,0,1,0,0,0.5964926,polygon,2100.397264,None,TRUE,2.9040864,2.9071734,0.553703704,-0.057407407,1,0,0,2.9040864,two_middle_right,2104.746246,None,2107.599133,None,30,1,2022_Jan_04_1406,untitled_1,2020.2.6,59.81612523
ירוק,green,x,1,Image_certainty//image142_alemnt14.jpg,14.jpg,three_middle_left,two_down_right,widespread,certainty,,,,,,,,,0,63,63,142,2110.229735,2110.429184,x,1,2110.229735,None,0.7368656,0,0,1,0,0,0.6291631,polygon,2108.113163,None,TRUE,2.4034009,2.4079051,0.655555556,-0.15462963,1,0,0,2.4034009,two_down_right,2112.04089,None,2114.398933,None,30,1,2022_Jan_04_1406,untitled_1,2020.2.6,59.81612523
אדום,red,z,1,Image_certainty//image189_alemnt8.jpg,8.jpg,one_middle_left,one_middle_right,widespread,certainty,,,,,,,,,0,64,64,189,2117.645493,2117.845322,z,1,2117.645493,None,0.8249987,0.005555556,-0.001851852,1,0,0,1.2305428,polygon,2114.912078,None,,,,,,,,,,,2119.541692,2128.529733,2128.543347,None,30,1,2022_Jan_04_1406,untitled_1,2020.2.6,59.81612523
אדום,blue,c,0,Image_certainty//image55_alemnt12.jpg,12.jpg,three_middle_left,one_middle_right,widespread,certainty,,,,,,,,,0,65,65,55,2131.210416,2131.410243,c,1,2131.210416,None,0.9555116,0,0,1,0,0,0.6643276,polygon,2129.043493,None,TRUE,1.8364301,1.8386008,0.367592593,-0.008333333,1,0,0,1.8364301,one_middle_right,2133.235509,None,2135.025787,None,30,1,2022_Jan_04_1406,untitled_1,2020.2.6,59.81612523
ירוק,green,x,1,Image_certainty//image112_alemnt3.jpg,3.jpg,one_down_left,two_up_right,infrequent,certainty,,,,,,,,,0,66,66,112,2139.392748,2139.592521,x,1,2139.392748,None,0.6883427,0,0,1,0,0,2.3643015,polygon,2135.526252,None,TRUE,4.2189966,4.2194066,0.587962963,0.217592593,1,0,0,4.2189966,two_up_right,2141.15668,None,2145.324659,None,30,1,2022_Jan_04_1406,untitled_1,2020.2.6,59.81612523
ירוק,blue,c,0,Image_certainty//image39_alemnt12.jpg,12.jpg,one_middle_left,one_middle_right,widespread,certainty,,,,,,,,,0,67,67,39,2147.974809,2148.174715,c,1,2147.974809,None,0.678843,0,0,1,0,0,0.6633567,polygon,2145.824944,None,TRUE,2.0692941,2.0709503,0.394444444,-0.007407407,1,0,0,2.0692941,one_middle_right,2149.718165,None,2151.740248,None,30,1,2022_Jan_04_1406,untitled_1,2020.2.6,59.81612523
אדום,green,x,0,Image_certainty//image78_alemnt10.jpg,10.jpg,one_middle_left,two_up_right,widespread,certainty,,,,,,,,,0,68,68,78,2155.074104,2155.273752,x,1,2155.074104,None,0.5714693,0,0,1,0,0,1.3343621,polygon,2152.240686,None,TRUE,4.2389283,4.2393687,0.588888889,0.217592593,1,0,0,4.2389283,two_up_right,2156.715145,None,2160.906676,None,30,1,2022_Jan_04_1406,untitled_1,2020.2.6,59.81612523
ירוק,green,x,1,Image_certainty//image151_alemnt13.jpg,13.jpg,two_middle_left,one_down_right,widespread,certainty,,,,,,,,,0,69,69,151,2163.539447,2163.738949,x,1,2163.539447,None,0.5810309,0,0,1,0,0,0.6297342,polygon,2161.406243,None,,,,,,,,,,,2165.184235,2174.157456,2174.187779,None,30,1,2022_Jan_04_1406,untitled_1,2020.2.6,59.81612523
כחול,blue,c,1,Image_certainty//image182_alemnt9.jpg,9.jpg,one_up_left,two_middle_right,widespread,certainty,,,,,,,,,0,70,70,182,2179.537474,2179.737281,c,1,2179.537474,None,0.9561576,0,0,1,0,0,3.3465451,polygon,2174.687878,None,TRUE,4.3871337,4.3907415,0.567592593,-0.058333333,1,0,0,4.3871337,two_middle_right,2181.566424,None,2185.906275,None,30,1,2022_Jan_04_1406,untitled_1,2020.2.6,59.81612523
כחול,green,x,0,Image_certainty//image59_alemnt14.jpg,14.jpg,two_down_left,one_down_right,widespread,certainty,,,,,,,,,0,71,71,59,2188.586389,2188.785518,x,1,2188.586389,None,1.0664094,0,0,1,0,0,0.667625,polygon,2186.419405,None,TRUE,3.0527243,3.055844,0.447222222,-0.201851852,1,0,0,3.0527243,one_down_right,2190.717318,None,2193.719052,None,30,1,2022_Jan_04_1406,untitled_1,2020.2.6,59.81612523
ירוק,blue,c,0,Image_certainty//image33_alemnt13.jpg,13.jpg,three_middle_left,two_middle_right,widespread,certainty,,,,,,,,,0,72,72,33,2196.451919,2196.651658,c,1,2196.451919,None,1.0234429,0,0,1,0,0,0.72996,polygon,2194.218296,None,TRUE,2.3874425,2.3885472,0.546296296,-0.067592593,1,0,0,2.3874425,two_middle_right,2198.551276,None,2200.883835,None,30,1,2022_Jan_04_1406,untitled_1,2020.2.6,59.81612523
אדום,green,x,0,Image_certainty//image72_alemnt9.jpg,9.jpg,one_middle_left,two_down_right,widespread,certainty,,,,,,,,,0,73,73,72,2203.701122,2203.900846,x,1,2203.701122,None,0.63872,0,0,1,0,0,0.8288169,polygon,2201.38438,None,TRUE,4.3725836,4.3769976,0.739814815,-0.218518519,1,0,0,4.3725836,two_down_right,2205.411903,None,2209.738297,None,30,1,2022_Jan_04_1406,untitled_1,2020.2.6,59.81612523
אדום,red,z,1,Image_certainty//image111_alemnt3.jpg,3.jpg,one_middle_left,two_up_right,infrequent,certainty,,,,,,,,,0,74,74,111,2212.383196,2212.582892,z,1,2212.383196,None,1.0039584,0,0,1,0,0,0.6308764,polygon,2210.249859,None,TRUE,4.2381285,4.2386816,0.609259259,0.252777778,1,0,0,4.2381285,two_up_right,2214.464881,None,2218.650125,None,30,1,2022_Jan_04_1406,untitled_1,2020.2.6,59.81612523
אדום,blue,c,0,Image_certainty//image43_alemnt11.jpg,11.jpg,two_down_left,one_up_right,widespread,certainty,,,,,,,,,0,75,75,43,2221.281994,2221.481824,c,1,2221.281994,None,0.8770147,0,0,1,0,0,0.6142404,polygon,2219.165408,None,,,,,,,,,,,2223.235477,2232.216612,2232.246867,None,30,1,2022_Jan_04_1406,untitled_1,2020.2.6,59.81612523
כחול,blue,c,1,Image_certainty//image179_alemnt12.jpg,12.jpg,two_middle_left,one_down_right,widespread,certainty,,,,,,,,,0,76,76,179,2238.563277,2238.762928,None,0,2238.563277,None,,-0.009259259,0.008333333,1,0,0,1.1476324,polygon,2232.746981,None,TRUE,2.8216309,2.8266714,0.424074074,-0.230555556,1,0,0,2.8216309,one_down_right,2240.801781,None,2243.585374,None,30,1,2022_Jan_04_1406,untitled_1,2020.2.6,59.81612523
ירוק,red,z,0,Image_certainty//image20_alemnt10.jpg,10.jpg,two_up_left,two_up_right,widespread,certainty,,,,,,,,,0,77,77,20,2246.428723,2246.628502,z,1,2246.428723,None,0.8792735,0,0,1,0,0,0.8305598,polygon,2244.095492,None,TRUE,2.2700784,2.2705075,0.562037037,0.19537037,1,0,0,2.2700784,two_up_right,2248.371426,None,2250.594313,None,30,1,2022_Jan_04_1406,untitled_1,2020.2.6,59.81612523
ירוק,red,z,0,Image_certainty//image68_alemnt14.jpg,14.jpg,one_down_left,two_down_right,widespread,certainty,,,,,,,,,0,78,78,68,2253.194132,2253.394294,z,1,2253.194132,None,0.8327948,0,0,1,0,0,0.5989909,polygon,2251.094127,None,TRUE,4.3877573,4.3914056,0.722222222,-0.218518519,1,0,0,4.3877573,two_down_right,2255.07841,None,2259.430602,None,30,1,2022_Jan_04_1406,untitled_1,2020.2.6,59.81612523
אדום,green,x,0,Image_certainty//image36_alemnt10.jpg,10.jpg,three_middle_left,three_middle_right,widespread,certainty,,,,,,,,,0,79,79,36,2262.193376,2262.39318,x,1,2262.193376,None,0.9429828,0,0,1,0,0,0.7472484,polygon,2259.943456,None,TRUE,3.7559537,3.75862,0.710185185,0.060185185,1,0,0,3.7559537,three_middle_right,2264.203643,None,2267.912926,None,30,1,2022_Jan_04_1406,untitled_1,2020.2.6,59.81612523
ירוק,red,z,0,Image_certainty//image14_alemnt6.jpg,6.jpg,two_up_left,one_up_right,infrequent,certainty,,,,,,,,,0,80,80,14,2270.592241,2270.792016,x,0,2270.592241,None,0.7650463,0,0,1,0,0,0.6642996,polygon,2268.425629,None,TRUE,2.2722233,2.2729199,0.364814815,0.159259259,1,0,0,2.2722233,one_up_right,2272.418233,None,2274.64284,None,30,1,2022_Jan_04_1406,untitled_1,2020.2.6,59.81612523
כחול,red,z,0,Image_certainty//image16_alemnt4.jpg,4.jpg,one_middle_left,two_up_right,infrequent,certainty,,,,,,,,,0,81,81,16,2277.424705,2277.624474,z,1,2277.424705,None,0.9410212,0,0,1,0,0,0.7786963,polygon,2275.158141,None,TRUE,7.0867785,7.0873025,0.601851852,0.187037037,1,0,0,7.0867785,two_up_right,2279.422322,None,2286.473314,None,30,1,2022_Jan_04_1406,untitled_1,2020.2.6,59.81612523
ירוק,red,z,0,Image_certainty//image92_alemnt10.jpg,10.jpg,one_down_left,two_middle_right,widespread,certainty,,,,,,,,,0,82,82,92,2289.172912,2289.372685,z,1,2289.172912,None,0.8019431,0,0,1,0,0,0.6962496,polygon,2286.973273,None,TRUE,1.8729667,1.8769024,0.553703704,-0.057407407,1,0,0,1.8729667,two_middle_right,2291.056154,None,2292.876885,None,30,1,2022_Jan_04_1406,untitled_1,2020.2.6,59.81612523
כחול,blue,c,1,Image_certainty//image137_alemnt8.jpg,8.jpg,one_up_left,two_middle_right,widespread,certainty,,,,,,,,,0,83,83,137,2295.572363,2295.772191,None,0,2295.572363,None,,0,0,1,0,0,0.6815374,polygon,2293.38873,None,,,,,,,,,,,2297.810235,None,2306.786926,None,30,1,2022_Jan_04_1406,untitled_1,2020.2.6,59.81612523
כחול,green,x,0,Image_certainty//image47_alemnt13.jpg,13.jpg,one_middle_left,one_middle_right,widespread,certainty,,,,,,,,,0,84,84,47,2310.28725,2310.486974,x,1,2310.28725,None,1.1235244,-0.016666667,-0.000925926,1,0,0,1.5008266,polygon,2307.286995,None,TRUE,1.9197994,1.9217997,0.358333333,-0.002777778,1,0,0,1.9197994,one_middle_right,2312.481878,None,2314.353407,None,30,1,2022_Jan_04_1406,untitled_1,2020.2.6,59.81612523
אדום,red,z,1,Image_certainty//image168_alemnt10.jpg,10.jpg,two_middle_left,two_down_right,widespread,certainty,,,,,,,,,0,85,85,168,2317.0193,2317.218484,z,1,2317.0193,None,0.9388054,0,0,1,0,0,0.6654051,polygon,2314.852973,None,,,,,,,,,,,2319.00964,2328.00387,2328.017557,None,30,1,2022_Jan_04_1406,untitled_1,2020.2.6,59.81612523
אדום,red,z,1,Image_certainty//image123_alemnt13.jpg,13.jpg,one_up_left,one_down_right,widespread,certainty,,,,,,,,,0,86,86,123,2330.667804,2330.86763,z,1,2330.667804,None,0.9246446,0,0,1,0,0,0.6484961,polygon,2328.517496,None,TRUE,2.9386495,2.9424445,0.458333333,-0.216666667,1,0,0,2.9386495,one_down_right,2332.662025,None,2335.553284,None,30,1,2022_Jan_04_1406,untitled_1,2020.2.6,59.81612523
ירוק,blue,c,0,Image_certainty//image51_alemnt14.jpg,14.jpg,three_middle_left,one_down_right,widespread,certainty,,,,,,,,,0,87,87,51,2338.166525,2338.36668,c,1,2338.166525,None,0.8655716,0,0,1,0,0,0.5965965,polygon,2336.066891,None,TRUE,5.0388339,5.0429334,0.455555556,-0.209259259,1,0,0,5.0388339,one_down_right,2340.08847,None,2345.087348,None,30,1,2022_Jan_04_1406,untitled_1,2020.2.6,59.81612523
אדום,green,x,0,Image_certainty//image96_alemnt14.jpg,14.jpg,one_up_left,two_down_right,widespread,certainty,,,,,,,,,0,88,88,96,2347.682271,2347.881987,x,1,2347.682271,None,0.7622305,0,0,1,0,0,0.5811508,polygon,2345.598903,None,TRUE,3.1044483,3.1062565,0.698148148,-0.231481481,1,0,0,3.1044483,two_down_right,2349.515553,None,2352.564051,None,30,1,2022_Jan_04_1406,untitled_1,2020.2.6,59.81612523
אדום,red,z,1,Image_certainty//image198_alemnt9.jpg,9.jpg,one_up_left,one_middle_right,widespread,certainty,,,,,,,,,0,89,89,198,2355.197705,2355.397835,None,0,2355.197705,None,,0,0,1,0,0,0.6320137,polygon,2353.064167,None,TRUE,,5.4053651,,,,,,,,2357.44061,None,2362.795948,None,30,1,2022_Jan_04_1406,untitled_1,2020.2.6,59.81612523
אדום,red,z,1,Image_certainty//image192_alemnt11.jpg,11.jpg,one_up_left,one_down_right,widespread,certainty,,,,,,,,,0,90,90,192,2365.346219,2365.546377,z,1,2365.346219,None,0.6770442,0,0,1,0,0,0.5487113,polygon,2363.296376,None,,,,,,,,,,,2367.095053,2376.081043,2376.094828,None,30,1,2022_Jan_04_1406,untitled_1,2020.2.6,59.81612523
ירוק,green,x,1,Image_certainty//image163_alemnt12.jpg,12.jpg,two_middle_left,three_middle_right,widespread,certainty,,,,,,,,,0,91,91,163,2378.59487,2378.794603,x,1,2378.59487,None,0.7654492,0,0,1,0,0,0.4975271,polygon,2376.594985,None,TRUE,7.8712072,7.8723046,0.724074074,0.053703704,1,0,0,7.8712072,three_middle_right,2380.416765,None,2388.242949,None,30,1,2022_Jan_04_1406,untitled_1,2020.2.6,59.81612523
ירוק,green,x,1,Image_certainty//image148_alemnt13.jpg,13.jpg,one_middle_left,two_up_right,widespread,certainty,,,,,,,,,0,92,92,148,2420.2063,2420.389386,x,1,2420.2063,None,0.6949168,0,0,1,0,0,29.9625821,polygon,2388.743386,None,TRUE,4.3517017,4.3519451,0.597222222,0.247222222,1,0,0,4.3517017,two_up_right,2421.971134,None,2426.27123,None,30,1,2022_Jan_04_1406,untitled_1,2020.2.6,59.81612523
כחול,blue,c,1,Image_certainty//image116_alemnt2.jpg,2.jpg,one_middle_left,two_down_right,infrequent,certainty,,,,,,,,,0,93,93,116,2431.121413,2431.321159,c,1,2431.121413,None,0.9712126,0,0,1,0,0,2.8464327,polygon,2426.771721,None,TRUE,4.3865082,4.3901153,0.726851852,-0.232407407,1,0,0,4.3865082,two_down_right,2433.169569,None,2437.505527,None,30,1,2022_Jan_04_1406,untitled_1,2020.2.6,59.81612523
כחול,red,z,0,Image_certainty//image64_alemnt10.jpg,10.jpg,one_up_left,three_middle_right,widespread,certainty,,,,,,,,,0,94,94,64,2440.220234,2440.420033,z,1,2440.220234,None,1.0415131,0,0,1,0,0,0.6964984,polygon,2438.02032,None,TRUE,3.5863933,3.5888571,0.766666667,0.076851852,1,0,0,3.5863933,three_middle_right,2442.331512,None,2445.869908,None,30,1,2022_Jan_04_1406,untitled_1,2020.2.6,59.81612523
ירוק,green,x,1,Image_certainty//image172_alemnt8.jpg,8.jpg,two_middle_left,two_down_right,widespread,certainty,,,,,,,,,0,95,95,172,2448.519151,2448.71848,x,1,2448.519151,None,0.6223312,0,0,1,0,0,0.6302413,polygon,2446.385875,None,TRUE,6.769479,6.7724379,0.698148148,-0.200925926,1,0,0,6.769479,two_down_right,2450.21262,None,2456.934926,None,30,1,2022_Jan_04_1406,untitled_1,2020.2.6,59.81612523
אדום,blue,c,0,Image_certainty//image91_alemnt8.jpg,8.jpg,two_up_left,one_up_right,widespread,certainty,,,,,,,,,0,96,96,91,2459.51774,2459.717515,None,0,2459.51774,None,,0,0,1,0,0,0.5808322,polygon,2457.434477,None,TRUE,1.5533431,1.5536489,0.355555556,0.161111111,1,0,0,1.5533431,one_up_right,2461.750221,None,2463.266224,None,30,1,2022_Jan_04_1406,untitled_1,2020.2.6,59.81612523
ירוק,blue,c,0,Image_certainty//image87_alemnt11.jpg,11.jpg,three_middle_left,two_middle_right,widespread,certainty,,,,,,,,,0,97,97,87,2465.883166,2466.082908,c,1,2465.883166,None,0.7226195,0,0,1,0,0,0.6161523,polygon,2463.766223,None,TRUE,2.6525612,2.6535305,0.511111111,-0.062962963,1,0,0,2.6525612,two_middle_right,2467.658131,None,2470.281968,None,30,1,2022_Jan_04_1406,untitled_1,2020.2.6,59.81612523
ירוק,blue,c,0,Image_certainty//image21_alemnt14.jpg,14.jpg,one_down_left,one_middle_right,widespread,certainty,,,,,,,,,0,98,98,21,2474.481955,2474.681758,c,1,2474.481955,None,0.6726482,0,0,1,0,0,2.1992524,polygon,2470.781977,None,TRUE,1.8365567,1.8387741,0.35462963,-0.025,1,0,0,1.8365567,one_middle_right,2476.225881,None,2478.015544,None,30,1,2022_Jan_04_1406,untitled_1,2020.2.6,59.81612523
אדום,red,z,1,Image_certainty//image156_alemnt11.jpg,11.jpg,two_down_left,one_down_right,widespread,certainty,,,,,,,,,0,99,99,156,2480.881679,2481.08118,z,1,2480.881679,None,0.6392275,0,0,1,0,0,0.8793301,polygon,2478.515062,None,TRUE,5.5049509,5.5085819,0.434259259,-0.22037037,1,0,0,5.5049509,one_down_right,2482.586634,None,2488.051728,None,30,1,2022_Jan_04_1406,untitled_1,2020.2.6,59.81612523
כחול,blue,c,1,Image_certainty//image107_alemnt6.jpg,6.jpg,two_middle_left,two_up_right,infrequent,certainty,,,,,,,,,0,100,100,107,2490.63036,2490.830095,z,0,2490.63036,None,1.0040121,0,0,1,0,0,0.5645442,polygon,2488.56346,None,,,,,,,,,,,2492.695223,2501.681413,2501.694697,None,30,1,2022_Jan_04_1406,untitled_1,2020.2.6,59.81612523
ירוק,red,z,0,Image_certainty//image86_alemnt13.jpg,13.jpg,two_middle_left,one_up_right,widespread,certainty,,,,,,,,,0,101,101,86,2511.944319,2512.144124,None,0,2511.944319,None,,-0.007407407,0.00462963,1,0,0,8.2499058,polygon,2502.195423,None,TRUE,2.0351627,2.0354888,0.340740741,0.185185185,1,0,0,2.0351627,one_up_right,2514.182375,None,2516.176188,None,30,1,2022_Jan_04_1406,untitled_1,2020.2.6,59.81612523
ירוק,green,x,1,Image_certainty//image130_alemnt11.jpg,11.jpg,three_middle_left,two_down_right,widespread,certainty,,,,,,,,,0,102,102,130,2518.660112,2518.859563,x,1,2518.660112,None,0.6018586,0,0,1,0,0,0.4980454,polygon,2516.676786,None,TRUE,4.439007,4.440674,0.755555556,-0.237037037,1,0,0,4.439007,two_down_right,2520.338255,None,2524.727157,None,30,1,2022_Jan_04_1406,untitled_1,2020.2.6,59.81612523
ירוק,green,x,1,Image_certainty//image169_alemnt11.jpg,11.jpg,one_middle_left,one_up_right,widespread,certainty,,,,,,,,,0,103,103,169,2528.258794,2528.458708,x,1,2528.258794,None,0.6054033,0,0,1,0,0,1.5169391,polygon,2525.242352,None,TRUE,1.9536237,1.9543872,0.344444444,0.17037037,1,0,0,1.9536237,one_up_right,2529.939924,None,2531.841731,None,30,1,2022_Jan_04_1406,untitled_1,2020.2.6,59.81612523
ירוק,red,z,0,Image_certainty//image32_alemnt9.jpg,9.jpg,two_up_left,one_down_right,widespread,certainty,,,,,,,,,0,104,104,32,2534.424382,2534.624478,z,1,2534.424382,None,1.0344366,0,0,1,0,0,0.5820551,polygon,2532.341417,None,TRUE,4.8553787,4.8605558,0.424074074,-0.214814815,1,0,0,4.8553787,one_down_right,2536.516824,None,2541.329735,None,30,1,2022_Jan_04_1406,untitled_1,2020.2.6,59.81612523
כחול,green,x,0,Image_certainty//image89_alemnt13.jpg,13.jpg,two_up_left,three_middle_right,widespread,certainty,,,,,,,,,0,105,105,89,2544.14006,2544.339931,x,1,2544.14006,None,0.8345415,0,0,1,0,0,0.7972319,polygon,2541.839879,None,TRUE,2.7550186,2.7586102,0.716666667,0.060185185,1,0,0,2.7550186,three_middle_right,2546.052435,None,2548.76056,None,30,1,2022_Jan_04_1406,untitled_1,2020.2.6,59.81612523
ירוק,green,x,1,Image_certainty//image103_alemnt1.jpg,1.jpg,two_down_left,one_middle_right,infrequent,certainty,,,,,,,,,0,106,106,103,2551.372213,2551.572291,x,1,2551.372213,None,0.587449,0,0,1,0,0,0.5976286,polygon,2549.272549,None,,,,,,,,,,,2553.023121,2562.006734,2562.020315,None,30,1,2022_Jan_04_1406,untitled_1,2020.2.6,59.81612523
כחול,red,z,0,Image_certainty//image22_alemnt11.jpg,11.jpg,two_up_left,one_down_right,widespread,certainty,,,,,,,,,0,107,107,22,2564.553725,2564.753859,z,1,2564.553725,None,0.751762,0,0,1,0,0,0.5313949,polygon,2562.520837,None,TRUE,6.370858,6.3743316,0.418518519,-0.213888889,1,0,0,6.370858,one_down_right,2566.385176,None,2572.70708,None,30,1,2022_Jan_04_1406,untitled_1,2020.2.6,59.81612523
אדום,green,x,0,Image_certainty//image30_alemnt10.jpg,10.jpg,two_down_left,three_middle_right,widespread,certainty,,,,,,,,,0,108,108,30,2575.319241,2575.519219,x,1,2575.319241,None,0.7657525,0,0,1,0,0,0.6126281,polygon,2573.219389,None,,,,,,,,,,,2577.150892,2586.137918,2586.150906,None,30,1,2022_Jan_04_1406,untitled_1,2020.2.6,59.81612523
כחול,red,z,0,Image_certainty//image40_alemnt14.jpg,14.jpg,one_up_left,one_middle_right,widespread,certainty,,,,,,,,,0,109,109,40,2589.251042,2589.45076,z,1,2589.251042,None,0.689289,0.018518519,-0.003703704,1,0,0,1.099637,polygon,2586.65072,None,TRUE,1.8060312,1.8071985,0.357407407,-0.023148148,1,0,0,1.8060312,one_middle_right,2591.014979,None,2592.768731,None,30,1,2022_Jan_04_1406,untitled_1,2020.2.6,59.81612523
כחול,blue,c,1,Image_certainty//image158_alemnt11.jpg,11.jpg,one_up_left,two_down_right,widespread,certainty,,,,,,,,,0,110,110,158,2595.48348,2595.683153,c,1,2595.48348,None,0.8276151,0,0,1,0,0,0.6981307,polygon,2593.283487,None,TRUE,3.519791,3.5229007,0.718518519,-0.225,1,0,0,3.519791,two_down_right,2597.381886,None,2600.849231,None,30,1,2022_Jan_04_1406,untitled_1,2020.2.6,59.81612523
אדום,green,x,0,Image_certainty//image18_alemnt4.jpg,4.jpg,three_middle_left,one_down_right,infrequent,certainty,,,,,,,,,0,111,111,18,2603.648813,2603.832162,x,1,2603.648813,None,0.9551465,0,0,1,0,0,0.7990011,polygon,2601.3491,None,TRUE,5.0532071,5.0565001,0.447222222,-0.250925926,1,0,0,5.0532071,one_down_right,2605.678601,None,2610.68198,None,30,1,2022_Jan_04_1406,untitled_1,2020.2.6,59.81612523
כחול,blue,c,1,Image_certainty//image188_alemnt9.jpg,9.jpg,two_up_left,two_down_right,widespread,certainty,,,,,,,,,0,112,112,188,2613.514524,2613.714055,None,0,2613.514524,None,,0,0,1,0,0,0.8298881,polygon,2611.181166,None,TRUE,4.8370401,4.8403947,0.721296296,-0.22962963,1,0,0,4.8370401,two_down_right,2615.763855,None,2620.548601,None,30,1,2022_Jan_04_1406,untitled_1,2020.2.6,59.81612523
אדום,green,x,0,Image_certainty//image0_alemnt7.jpg,7.jpg,one_down_left,two_up_right,infrequent,certainty,,,,,,,,,0,113,113,0,2623.046448,2623.246252,x,1,2623.046448,None,0.7202335,0,0,1,0,0,0.4952522,polygon,2621.063229,None,TRUE,8.4028383,8.4032963,0.601851852,0.230555556,1,0,0,8.4028383,two_up_right,2624.840622,None,2633.19459,None,30,1,2022_Jan_04_1406,untitled_1,2020.2.6,59.81612523
אדום,red,z,1,Image_certainty//image102_alemnt1.jpg,1.jpg,three_middle_left,two_middle_right,infrequent,certainty,,,,,,,,,0,114,114,102,2635.611468,2635.811308,z,1,2635.611468,None,0.7347515,0,0,1,0,0,0.4166794,polygon,2633.694744,None,,,,,,,,,,,2637.425991,2646.412548,2646.426161,None,30,1,2022_Jan_04_1406,untitled_1,2020.2.6,59.81612523
אדום,red,z,1,Image_certainty//image186_alemnt11.jpg,11.jpg,one_down_left,two_up_right,widespread,certainty,,,,,,,,,0,115,115,186,2656.975129,2657.175257,z,1,2656.975129,None,1.0014503,-0.001851852,-0.007407407,1,0,0,8.5476675,polygon,2646.926429,None,TRUE,2.5204888,2.5208894,0.62037037,0.192592593,1,0,0,2.5204888,two_up_right,2659.052776,None,2661.524403,None,30,1,2022_Jan_04_1406,untitled_1,2020.2.6,59.81612523
ירוק,red,z,0,Image_certainty//image8_alemnt6.jpg,6.jpg,one_down_left,one_up_right,infrequent,certainty,,,,,,,,,0,116,116,8,2664.191123,2664.390965,None,0,2664.191123,None,,0,0,1,0,0,0.6787081,polygon,2662.024557,None,TRUE,3.221589,3.2225895,0.368518519,0.165740741,1,0,0,3.221589,one_up_right,2666.443707,None,2669.609038,None,30,1,2022_Jan_04_1406,untitled_1,2020.2.6,59.81612523
כחול,blue,c,1,Image_certainty//image149_alemnt11.jpg,11.jpg,one_middle_left,three_middle_right,widespread,certainty,,,,,,,,,0,117,117,149,2672.139985,2672.339836,c,1,2672.139985,None,1.1250398,0,0,1,0,0,0.5162152,polygon,2670.123511,None,TRUE,5.5875283,5.5914789,0.739814815,0.04537037,1,0,0,5.5875283,three_middle_right,2674.31981,None,2679.877906,None,30,1,2022_Jan_04_1406,untitled_1,2020.2.6,59.81612523
כחול,blue,c,1,Image_certainty//image128_alemnt13.jpg,13.jpg,two_up_left,three_middle_right,widespread,certainty,,,,,,,,,0,118,118,128,2682.572094,2682.771699,c,1,2682.572094,None,0.8101583,0,0,1,0,0,0.6805437,polygon,2680.388865,None,TRUE,2.8032818,2.8058669,0.708333333,0.057407407,1,0,0,2.8032818,three_middle_right,2684.450385,None,2687.204999,None,30,1,2022_Jan_04_1406,untitled_1,2020.2.6,59.81612523
ירוק,red,z,0,Image_certainty//image2_alemnt4.jpg,4.jpg,one_down_left,two_down_right,infrequent,certainty,,,,,,,,,0,119,119,2,2689.88775,2690.087624,z,1,2689.88775,None,0.9951777,0,0,1,0,0,0.6809961,polygon,2687.704572,None,,,,,,,,,,,2691.953744,2700.939506,2700.952669,None,30,1,2022_Jan_04_1406,untitled_1,2020.2.6,59.81612523
אדום,red,z,1,Image_certainty//image144_alemnt8.jpg,8.jpg,two_middle_left,two_down_right,widespread,certainty,,,,,,,,,0,120,120,144,2704.069155,2704.268618,z,1,2704.069155,None,0.7591778,0,0,1,0,0,1.1142455,polygon,2701.452487,None,TRUE,5.121641,5.1271218,0.700925926,-0.235185185,1,0,0,5.121641,two_down_right,2705.899131,None,2710.975839,None,30,1,2022_Jan_04_1406,untitled_1,2020.2.6,59.81612523
כחול,blue,c,1,Image_certainty//image170_alemnt13.jpg,13.jpg,one_down_left,two_middle_right,widespread,certainty,,,,,,,,,0,121,121,170,2713.684727,2713.884309,c,1,2713.684727,None,1.0082305,0,0,1,0,0,0.6965185,polygon,2711.484683,None,TRUE,2.9551027,2.9564772,0.564814815,-0.075,1,0,0,2.9551027,two_middle_right,2715.760937,None,2718.6675,None,30,1,2022_Jan_04_1406,untitled_1,2020.2.6,59.81612523
אדום,blue,c,0,Image_certainty//image97_alemnt8.jpg,8.jpg,one_middle_left,three_middle_right,widespread,certainty,,,,,,,,,0,122,122,97,2721.250407,2721.450281,c,1,2721.250407,None,0.826759,0,0,1,0,0,0.5811901,polygon,2719.167128,None,TRUE,2.8022649,2.8047179,0.727777778,0.092592593,1,0,0,2.8022649,three_middle_right,2723.142224,None,2725.900303,None,30,1,2022_Jan_04_1406,untitled_1,2020.2.6,59.81612523
כחול,blue,c,1,Image_certainty//image110_alemnt5.jpg,5.jpg,three_middle_left,one_up_right,infrequent,certainty,,,,,,,,,0,123,123,110,2728.58292,2728.782678,c,1,2728.58292,None,0.996428,0,0,1,0,0,0.6806939,polygon,2726.399546,None,TRUE,1.7859584,1.786497,0.34537037,0.168518519,1,0,0,1.7859584,one_up_right,2730.634835,None,2732.381373,None,30,1,2022_Jan_04_1406,untitled_1,2020.2.6,59.81612523
אדום,blue,c,0,Image_certainty//image19_alemnt4.jpg,4.jpg,one_middle_left,two_middle_right,infrequent,certainty,,,,,,,,,0,124,124,19,2734.94864,2735.14849,c,1,2734.94864,None,0.7926221,0,0,1,0,0,0.5650366,polygon,2732.881846,None,TRUE,3.7367385,3.7399446,0.559259259,-0.062037037,1,0,0,3.7367385,two_middle_right,2736.800616,None,2740.500485,None,30,1,2022_Jan_04_1406,untitled_1,2020.2.6,59.81612523
אדום,blue,c,0,Image_certainty//image1_alemnt6.jpg,6.jpg,two_down_left,one_up_right,infrequent,certainty,,,,,,,,,0,125,125,1,2743.164261,2743.363525,c,1,2743.164261,None,0.7358899,0,0,1,0,0,0.6474271,polygon,2741.014269,None,,,,,,,,,,,2744.976763,2753.965452,2753.978783,None,30,1,2022_Jan_04_1406,untitled_1,2020.2.6,59.81612523
כחול,blue,c,1,Image_certainty//image122_alemnt14.jpg,14.jpg,one_down_left,two_up_right,widespread,certainty,,,,,,,,,0,126,126,122,2758.012314,2758.212086,None,0,2758.012314,None,,-0.017592593,0.003703704,1,0,0,2.0457102,polygon,2754.47895,None,TRUE,4.8707539,4.8711714,0.596296296,0.192592593,1,0,0,4.8707539,two_up_right,2760.258131,None,2765.077626,None,30,1,2022_Jan_04_1406,untitled_1,2020.2.6,59.81612523
ירוק,green,x,1,Image_certainty//image145_alemnt12.jpg,12.jpg,two_down_left,two_down_right,widespread,certainty,,,,,,,,,0,127,127,145,2767.861051,2768.060825,x,1,2767.861051,None,0.7697322,0,0,1,0,0,0.7813374,polygon,2765.57778,None,TRUE,6.7729055,6.7779988,0.709259259,-0.197222222,1,0,0,6.7729055,two_down_right,2769.702724,None,2776.433717,None,30,1,2022_Jan_04_1406,untitled_1,2020.2.6,59.81612523
ירוק,green,x,1,Image_certainty//image121_alemnt12.jpg,12.jpg,two_down_left,three_middle_right,widespread,certainty,,,,,,,,,0,128,128,121,2778.926254,2779.126018,x,1,2778.926254,None,0.5934569,0,0,1,0,0,0.4800082,polygon,2776.942684,None,TRUE,,3.9412693,,,,,,,,2780.587907,None,2784.476129,None,30,1,2022_Jan_04_1406,untitled_1,2020.2.6,59.81612523
כחול,blue,c,1,Image_certainty//image164_alemnt9.jpg,9.jpg,one_middle_left,three_middle_right,widespread,certainty,,,,,,,,,0,129,129,164,2787.024987,2787.225007,c,1,2787.024987,None,0.9831392,0,0,1,0,0,0.5633632,polygon,2784.975243,None,TRUE,4.1248204,4.1288813,0.736111111,0.036111111,1,0,0,4.1248204,three_middle_right,2789.086629,None,2793.166953,None,30,1,2022_Jan_04_1406,untitled_1,2020.2.6,59.81612523
כחול,red,z,0,Image_certainty//image4_alemnt2.jpg,2.jpg,two_middle_left,two_middle_right,infrequent,certainty,,,,,,,,,0,130,130,4,2795.857504,2796.057028,z,1,2795.857504,None,0.8457747,0,0,1,0,0,0.681267,polygon,2793.673888,None,TRUE,4.0224021,4.0259596,0.589814815,-0.033333333,1,0,0,4.0224021,two_middle_right,2797.764416,None,2801.745892,None,30,1,2022_Jan_04_1406,untitled_1,2020.2.6,59.81612523
ירוק,green,x,1,Image_certainty//image193_alemnt12.jpg,12.jpg,three_middle_left,three_middle_right,widespread,certainty,,,,,,,,,0,131,131,193,2804.372688,2804.572762,x,1,2804.372688,None,1.0019092,0,0,1,0,0,0.6162004,polygon,2802.256386,None,TRUE,1.8677238,1.8689821,0.710185185,0.044444444,1,0,0,1.8677238,three_middle_right,2806.448079,None,2808.27162,None,30,1,2022_Jan_04_1406,untitled_1,2020.2.6,59.81612523
אדום,green,x,0,Image_certainty//image90_alemnt12.jpg,12.jpg,three_middle_left,two_up_right,widespread,certainty,,,,,,,,,0,132,132,90,2810.955431,2811.155296,x,1,2810.955431,None,0.9819279,0,0,1,0,0,0.6812853,polygon,2808.772142,None,TRUE,1.5381919,1.5384083,0.610185185,0.218518519,1,0,0,1.5381919,two_up_right,2812.990699,None,2814.487516,None,30,1,2022_Jan_04_1406,untitled_1,2020.2.6,59.81612523
כחול,green,x,0,Image_certainty//image71_alemnt12.jpg,12.jpg,three_middle_left,two_down_right,widespread,certainty,,,,,,,,,0,133,133,71,2817.254587,2817.45432,x,1,2817.254587,None,0.8267542,0,0,1,0,0,0.7639106,polygon,2814.988028,None,TRUE,2.3062338,2.3072559,-0.339814815,0.04537037,1,0,0,2.3062338,three_middle_left,2819.145875,None,2821.404288,None,30,1,2022_Jan_04_1406,untitled_1,2020.2.6,59.81612523
כחול,green,x,0,Image_certainty//image95_alemnt9.jpg,9.jpg,two_up_left,two_down_right,widespread,certainty,,,,,,,,,0,134,134,95,2824.003726,2824.20337,x,1,2824.003726,None,0.5917626,0,0,1,0,0,0.5977469,polygon,2821.903777,None,TRUE,3.6390202,3.6409055,0.719444444,-0.243518519,1,0,0,3.6390202,two_down_right,2825.666037,None,2829.254939,None,30,1,2022_Jan_04_1406,untitled_1,2020.2.6,59.81612523
אדום,red,z,1,Image_certainty//image180_alemnt12.jpg,12.jpg,one_up_left,one_middle_right,widespread,certainty,,,,,,,,,0,135,135,180,2831.936066,2832.135887,None,0,2831.936066,None,,0,0,1,0,0,0.6789615,polygon,2829.769436,None,TRUE,2.7375333,2.7403948,0.397222222,-0.025925926,1,0,0,2.7375333,one_middle_right,2834.187265,None,2836.872004,None,30,1,2022_Jan_04_1406,untitled_1,2020.2.6,59.81612523
כחול,blue,c,1,Image_certainty//image134_alemnt9.jpg,9.jpg,two_down_left,three_middle_right,widespread,certainty,,,,,,,,,0,136,136,134,2839.651687,2839.851242,c,1,2839.651687,None,0.8451393,0,0,1,0,0,0.7671334,polygon,2837.385108,None,TRUE,3.2053955,3.2090695,0.701851852,0.063888889,1,0,0,3.2053955,three_middle_right,2841.561405,None,2844.722186,None,30,1,2022_Jan_04_1406,untitled_1,2020.2.6,59.81612523
כחול,green,x,0,Image_certainty//image65_alemnt9.jpg,9.jpg,two_middle_left,two_up_right,widespread,certainty,,,,,,,,,0,137,137,65,2847.450696,2847.65009,x,1,2847.450696,None,0.7225131,0,0,1,0,0,0.7146862,polygon,2845.23408,None,TRUE,4.6032025,4.6036277,0.602777778,0.224074074,1,0,0,4.6032025,two_up_right,2849.242807,None,2853.799049,None,30,1,2022_Jan_04_1406,untitled_1,2020.2.6,59.81612523
ירוק,green,x,1,Image_certainty//image100_alemnt4.jpg,4.jpg,two_down_left,one_middle_right,infrequent,certainty,,,,,,,,,0,138,138,100,2856.449356,2856.648962,x,1,2856.449356,None,0.6050091,0,0,1,0,0,0.6467861,polygon,2854.299525,None,TRUE,6.8698148,6.8719975,0.418518519,0.028703704,1,0,0,6.8698148,one_middle_right,2858.126618,None,2864.947703,None,30,1,2022_Jan_04_1406,untitled_1,2020.2.6,59.81612523
ירוק,blue,c,0,Image_certainty//image75_alemnt11.jpg,11.jpg,two_up_left,one_middle_right,widespread,certainty,,,,,,,,,0,139,139,75,2868.131297,2868.330701,c,1,2868.131297,None,0.8253389,0.008333333,-0.001851852,1,0,0,1.1808487,polygon,2865.448166,None,TRUE,5.5861511,5.5881741,0.427777778,-0.010185185,1,0,0,5.5861511,one_middle_right,2870.026855,None,2875.563004,None,30,1,2022_Jan_04_1406,untitled_1,2020.2.6,59.81612523
אדום,red,z,1,Image_certainty//image129_alemnt8.jpg,8.jpg,one_middle_left,three_middle_right,widespread,certainty,,,,,,,,,0,140,140,129,2878.230046,2878.429845,z,1,2878.230046,None,0.8163396,0,0,1,0,0,0.6645058,polygon,2876.063136,None,TRUE,5.4564075,5.4575504,0.758333333,0.053703704,1,0,0,5.4564075,three_middle_right,2880.105912,None,2885.514609,None,30,1,2022_Jan_04_1406,untitled_1,2020.2.6,59.81612523
ירוק,green,x,1,Image_certainty//image178_alemnt8.jpg,8.jpg,two_up_left,one_up_right,widespread,certainty,,,,,,,,,0,141,141,178,2888.012021,2888.211874,x,1,2888.012021,None,0.9056338,0,0,1,0,0,0.4807331,polygon,2886.028818,None,TRUE,3.0726552,3.0736572,0.348148148,0.15,1,0,0,3.0726552,one_up_right,2889.986278,None,2893.013524,None,30,1,2022_Jan_04_1406,untitled_1,2020.2.6,59.81612523
כחול,blue,c,1,Image_certainty//image104_alemnt3.jpg,3.jpg,three_middle_left,two_down_right,infrequent,certainty,,,,,,,,,0,142,142,104,2895.544203,2895.744242,c,1,2895.544203,None,0.5295453,0,0,1,0,0,0.5149937,polygon,2893.527926,None,TRUE,7.3012478,7.303425,0.684259259,-0.219444444,1,0,0,7.3012478,two_down_right,2897.128176,None,2904.392381,None,30,1,2022_Jan_04_1406,untitled_1,2020.2.6,59.81612523
אדום,red,z,1,Image_certainty//image177_alemnt11.jpg,11.jpg,two_down_left,three_middle_right,widespread,certainty,,,,,,,,,0,143,143,177,2906.776315,2906.976053,z,1,2906.776315,None,0.7981269,0,0,1,0,0,0.3806211,polygon,2904.892919,None,TRUE,5.3399845,5.3426251,0.737962963,0.039814815,1,0,0,5.3399845,three_middle_right,2908.637459,None,2913.928097,None,30,1,2022_Jan_04_1406,untitled_1,2020.2.6,59.81612523
ירוק,red,z,0,Image_certainty//image44_alemnt11.jpg,11.jpg,two_middle_left,one_up_right,widespread,certainty,,,,,,,,,0,144,144,44,2916.474926,2916.674727,z,1,2916.474926,None,0.8179612,0,0,1,0,0,0.5490421,polygon,2914.441772,None,TRUE,,2.1562145,,,,,,,,2918.366755,None,2920.473605,None,30,1,2022_Jan_04_1406,untitled_1,2020.2.6,59.81612523
כחול,blue,c,1,Image_certainty//image194_alemnt11.jpg,11.jpg,three_middle_left,two_down_right,widespread,certainty,,,,,,,,,0,145,145,194,2922.990849,2923.190618,c,1,2922.990849,None,0.8663451,0,0,1,0,0,0.5286452,polygon,2920.974222,None,TRUE,2.70505,2.7069832,-0.376851852,0.04537037,1,0,0,2.70505,three_middle_left,2924.917733,None,2927.57556,None,30,1,2022_Jan_04_1406,untitled_1,2020.2.6,59.81612523
ירוק,green,x,1,Image_certainty//image127_alemnt14.jpg,14.jpg,one_up_left,two_middle_right,widespread,certainty,,,,,,,,,0,146,146,127,2930.206601,2930.406387,x,1,2930.206601,None,0.7684192,0,0,1,0,0,0.6164401,polygon,2928.089908,None,TRUE,4.5376409,4.5412969,0.557407407,-0.042592593,1,0,0,4.5376409,two_middle_right,2932.044847,None,2936.542424,None,30,1,2022_Jan_04_1406,untitled_1,2020.2.6,59.81612523
כחול,blue,c,1,Image_certainty//image176_alemnt9.jpg,9.jpg,two_middle_left,one_down_right,widespread,certainty,,,,,,,,,0,147,147,176,2939.105439,2939.305307,c,1,2939.105439,None,0.8154926,0,0,1,0,0,0.5464855,polygon,2937.055504,None,TRUE,4.8533947,4.8578458,0.416666667,-0.210185185,1,0,0,4.8533947,one_down_right,2940.983848,None,2945.791301,None,30,1,2022_Jan_04_1406,untitled_1,2020.2.6,59.81612523
ירוק,blue,c,0,Image_certainty//image57_alemnt13.jpg,13.jpg,two_down_left,two_middle_right,widespread,certainty,,,,,,,,,0,148,148,57,2948.371067,2948.570758,c,1,2948.371067,None,0.7714604,0,0,1,0,0,0.5632001,polygon,2946.304315,None,TRUE,2.6538496,2.6570353,0.563888889,-0.05462963,1,0,0,2.6538496,two_middle_right,2950.215343,None,2952.823545,None,30,1,2022_Jan_04_1406,untitled_1,2020.2.6,59.81612523
ירוק,green,x,1,Image_certainty//image124_alemnt10.jpg,10.jpg,one_up_left,two_middle_right,widespread,certainty,,,,,,,,,0,149,149,124,2955.469831,2955.669791,x,1,2955.469831,None,1.1175583,0,0,1,0,0,0.6343582,polygon,2953.336749,None,TRUE,4.0527577,4.0538192,0.590740741,-0.063888889,1,0,0,4.0527577,two_middle_right,2957.64658,None,2961.651685,None,30,1,2022_Jan_04_1406,untitled_1,2020.2.6,59.81612523
ירוק,red,z,0,Image_certainty//image38_alemnt8.jpg,8.jpg,two_up_left,two_down_right,widespread,certainty,,,,,,,,,0,150,150,38,2964.368749,2964.568364,z,1,2964.368749,None,0.7636387,0,0,1,0,0,0.718106,polygon,2962.152181,None,TRUE,3.7563659,3.7581345,0.738888889,-0.237037037,1,0,0,3.7563659,two_down_right,2966.185135,None,2969.903662,None,30,1,2022_Jan_04_1406,untitled_1,2020.2.6,59.81612523
כחול,red,z,0,Image_certainty//image94_alemnt9.jpg,9.jpg,three_middle_left,two_down_right,widespread,certainty,,,,,,,,,0,151,151,94,2972.400785,2972.600786,None,0,2972.400785,None,,0,0,1,0,0,0.4806332,polygon,2970.417814,None,TRUE,2.5722045,2.5777453,0.701851852,-0.211111111,1,0,0,2.5722045,two_down_right,2974.630549,None,2977.174903,None,30,1,2022_Jan_04_1406,untitled_1,2020.2.6,59.81612523
אדום,blue,c,0,Image_certainty//image49_alemnt11.jpg,11.jpg,three_middle_left,two_middle_right,widespread,certainty,,,,,,,,,0,152,152,49,2979.899946,2980.100013,c,1,2979.899946,None,0.9866115,0,0,1,0,0,0.7142455,polygon,2977.683592,None,TRUE,4.3525048,4.3547613,0.558333333,-0.04537037,1,0,0,4.3525048,two_middle_right,2981.955377,None,2986.265097,None,30,1,2022_Jan_04_1406,untitled_1,2020.2.6,59.81612523
כחול,green,x,0,Image_certainty//image5_alemnt2.jpg,2.jpg,two_down_left,two_down_right,infrequent,certainty,,,,,,,,,0,153,153,5,2989.048833,2989.248387,x,1,2989.048833,None,0.7033722,0,0,1,0,0,0.7810887,polygon,2986.765732,None,TRUE,,6.8390273,,,,,,,,2990.825553,None,2997.613534,None,30,1,2022_Jan_04_1406,untitled_1,2020.2.6,59.81612523
ירוק,blue,c,0,Image_certainty//image15_alemnt3.jpg,3.jpg,three_middle_left,two_down_right,infrequent,certainty,,,,,,,,,0,154,154,15,3000.280831,3000.480604,c,1,3000.280831,None,0.9993431,0,0,1,0,0,0.664028,polygon,2998.114275,None,TRUE,3.1851054,3.1885716,0.67962963,-0.210185185,1,0,0,3.1851054,two_down_right,3002.346887,None,3005.47989,None,30,1,2022_Jan_04_1406,untitled_1,2020.2.6,59.81612523
ירוק,red,z,0,Image_certainty//image74_alemnt8.jpg,8.jpg,two_up_left,three_middle_right,widespread,certainty,,,,,,,,,0,155,155,74,3008.179913,3008.37967,z,1,3008.179913,None,0.8756935,0,0,1,0,0,0.6979953,polygon,3005.979879,None,TRUE,3.685162,3.6864838,0.737037037,0.067592593,1,0,0,3.685162,three_middle_right,3010.125353,None,3013.761585,None,30,1,2022_Jan_04_1406,untitled_1,2020.2.6,59.81612523
כחול,red,z,0,Image_certainty//image28_alemnt10.jpg,10.jpg,one_down_left,two_down_right,widespread,certainty,,,,,,,,,0,156,156,28,3016.378478,3016.578335,z,1,3016.378478,None,0.734629,0,0,1,0,0,0.6142494,polygon,3014.261796,None,TRUE,3.5538067,3.5578524,0.721296296,-0.171296296,1,0,0,3.5538067,two_down_right,3018.185179,None,3021.697836,None,30,1,2022_Jan_04_1406,untitled_1,2020.2.6,59.81612523
אדום,blue,c,0,Image_certainty//image31_alemnt9.jpg,9.jpg,one_up_left,one_down_right,widespread,certainty,,,,,,,,,0,157,157,31,3024.211029,3024.410792,c,1,3024.211029,None,0.8452053,0,0,1,0,0,0.4975744,polygon,3022.211097,None,,,,,,,,,,,3026.123677,3035.112004,3035.125955,None,30,1,2022_Jan_04_1406,untitled_1,2020.2.6,59.81612523
כחול,red,z,0,Image_certainty//image10_alemnt6.jpg,6.jpg,two_middle_left,three_middle_right,infrequent,certainty,,,,,,,,,0,158,158,10,3037.659316,3037.859181,z,1,3037.659316,None,0.6935095,0,0,1,0,0,0.5315192,polygon,3035.625731,None,,,,,,,,,,,3039.422406,3048.411148,3048.424198,None,30,1,2022_Jan_04_1406,untitled_1,2020.2.6,59.81612523
אדום,green,x,0,Image_certainty//image84_alemnt12.jpg,12.jpg,one_up_left,one_up_right,widespread,certainty,,,,,,,,,0,159,159,84,3053.324076,3053.523833,None,0,3053.324076,None,,0,0,1,0,0,2.8994199,polygon,3048.923979,None,TRUE,2.656322,2.6573153,0.402777778,0.189814815,1,0,0,2.656322,one_up_right,3055.562622,None,3058.175596,None,30,1,2022_Jan_04_1406,untitled_1,2020.2.6,59.81612523
אדום,blue,c,0,Image_certainty//image25_alemnt8.jpg,8.jpg,two_middle_left,one_down_right,widespread,certainty,,,,,,,,,0,160,160,25,3060.739662,3060.939468,c,1,3060.739662,None,0.795281,0,0,1,0,0,0.5655782,polygon,3058.689496,None,TRUE,4.9187388,4.9203476,0.456481481,-0.261111111,1,0,0,4.9187388,one_down_right,3062.591647,None,3067.471228,None,30,1,2022_Jan_04_1406,untitled_1,2020.2.6,59.81612523
ירוק,green,x,1,Image_certainty//image157_alemnt8.jpg,8.jpg,one_middle_left,three_middle_right,widespread,certainty,,,,,,,,,0,161,161,157,3069.855127,3070.054732,x,1,3069.855127,None,0.7864175,0,0,1,0,0,0.3805405,polygon,3067.971534,None,TRUE,3.4706404,3.4729196,0.715740741,0.062037037,1,0,0,3.4706404,three_middle_right,3071.714337,None,3075.137867,None,30,1,2022_Jan_04_1406,untitled_1,2020.2.6,59.81612523
כחול,blue,c,1,Image_certainty//image173_alemnt12.jpg,12.jpg,two_up_left,three_middle_right,widespread,certainty,,,,,,,,,0,162,162,173,3080.353636,3080.553637,c,1,3080.353636,None,1.0072332,0,0,1,0,0,3.2162114,polygon,3075.637507,None,TRUE,2.752933,2.7541927,0.715740741,0.042592593,1,0,0,2.752933,three_middle_right,3082.427662,None,3085.135684,None,30,1,2022_Jan_04_1406,untitled_1,2020.2.6,59.81612523
כחול,red,z,0,Image_certainty//image52_alemnt13.jpg,13.jpg,one_middle_left,two_middle_right,widespread,certainty,,,,,,,,,0,163,163,52,3087.502817,3087.685389,z,1,3087.502817,None,1.1485838,0,0,1,0,0,0.3673235,polygon,3085.636199,None,TRUE,3.6198335,3.6227381,0.577777778,-0.062037037,1,0,0,3.6198335,two_middle_right,3089.711215,None,3093.288108,None,30,1,2022_Jan_04_1406,untitled_1,2020.2.6,59.81612523
אדום,red,z,1,Image_certainty//image147_alemnt9.jpg,9.jpg,three_middle_left,two_up_right,widespread,certainty,,,,,,,,,0,164,164,147,3096.018427,3096.218262,z,1,3096.018427,None,0.8783253,0,0,1,0,0,0.7162561,polygon,3093.801808,None,TRUE,,6.4207706,,,,,,,,3097.962913,None,3104.333177,None,30,1,2022_Jan_04_1406,untitled_1,2020.2.6,59.81612523
כחול,green,x,0,Image_certainty//image53_alemnt12.jpg,12.jpg,two_down_left,two_middle_right,widespread,certainty,,,,,,,,,0,165,165,53,3106.833638,3107.033363,x,1,3106.833638,None,0.8604668,0,0,1,0,0,0.497586,polygon,3104.833731,None,TRUE,2.5210036,2.5232482,0.54537037,-0.051851852,1,0,0,2.5210036,two_middle_right,3108.763465,None,3111.235633,None,30,1,2022_Jan_04_1406,untitled_1,2020.2.6,59.81612523
אדום,red,z,1,Image_certainty//image117_alemnt1.jpg,1.jpg,one_up_left,two_up_right,infrequent,certainty,,,,,,,,,0,166,166,117,3113.93245,3114.132485,z,1,3113.93245,None,1.107065,0,0,1,0,0,0.6858563,polygon,3111.749201,None,TRUE,4.8388594,4.8395039,0.591666667,0.250925926,1,0,0,4.8388594,two_up_right,3116.102244,None,3120.901472,None,30,1,2022_Jan_04_1406,untitled_1,2020.2.6,59.81612523
ירוק,blue,c,0,Image_certainty//image63_alemnt13.jpg,13.jpg,three_middle_left,one_down_right,widespread,certainty,,,,,,,,,0,167,167,63,3126.497762,3126.697595,None,0,3126.497762,None,,0,0,1,0,0,3.5806476,polygon,3121.414913,None,TRUE,,3.5576014,,,,,,,,3128.743007,None,3132.247964,None,30,1,2022_Jan_04_1406,untitled_1,2020.2.6,59.81612523
אדום,blue,c,0,Image_certainty//image67_alemnt13.jpg,13.jpg,three_middle_left,one_middle_right,widespread,certainty,,,,,,,,,0,168,168,67,3134.880005,3135.079824,c,1,3134.880005,None,0.8879234,0,0,1,0,0,0.6145343,polygon,3132.763405,None,TRUE,1.7243888,1.7254728,0.391666667,-0.007407407,1,0,0,1.7243888,one_middle_right,3136.842953,None,3138.514714,None,30,1,2022_Jan_04_1406,untitled_1,2020.2.6,59.81612523
ירוק,blue,c,0,Image_certainty//image27_alemnt8.jpg,8.jpg,three_middle_left,two_middle_right,widespread,certainty,,,,,,,,,0,169,169,27,3141.179173,3141.379063,c,1,3141.179173,None,0.5974241,0,0,1,0,0,0.6474781,polygon,3139.029231,None,TRUE,4.0368017,4.0389811,0.57037037,-0.097222222,1,0,0,4.0368017,two_middle_right,3142.838085,None,3146.827808,None,30,1,2022_Jan_04_1406,untitled_1,2020.2.6,59.81612523
ירוק,green,x,1,Image_certainty//image160_alemnt8.jpg,8.jpg,two_down_left,two_up_right,widespread,certainty,,,,,,,,,0,170,170,160,3149.528174,3149.727843,x,1,3149.528174,None,0.8436008,0,0,1,0,0,0.6973428,polygon,3147.328179,None,TRUE,4.7515235,4.751803,0.623148148,0.184259259,1,0,0,4.7515235,two_up_right,3151.437186,None,3156.14304,None,30,1,2022_Jan_04_1406,untitled_1,2020.2.6,59.81612523
כחול,blue,c,1,Image_certainty//image167_alemnt8.jpg,8.jpg,two_down_left,one_middle_right,widespread,certainty,,,,,,,,,0,171,171,167,3158.793576,3158.992982,c,1,3158.793576,None,0.8532154,0,0,1,0,0,0.647585,polygon,3156.643576,None,TRUE,1.6857796,1.6877855,0.362037037,-0.036111111,1,0,0,1.6857796,one_middle_right,3160.723648,None,3162.35896,None,30,1,2022_Jan_04_1406,untitled_1,2020.2.6,59.81612523
כחול,green,x,0,Image_certainty//image23_alemnt9.jpg,9.jpg,one_up_left,two_up_right,widespread,certainty,,,,,,,,,0,172,172,23,3165.409456,3165.609234,x,1,3165.409456,None,0.760751,0,0,1,0,0,1.0619702,polygon,3162.859457,None,TRUE,5.2889577,5.2891713,0.585185185,0.274074074,1,0,0,5.2889577,two_up_right,3167.233243,None,3172.474325,None,30,1,2022_Jan_04_1406,untitled_1,2020.2.6,59.81612523
ירוק,blue,c,0,Image_certainty//image9_alemnt2.jpg,2.jpg,one_up_left,two_down_right,infrequent,certainty,,,,,,,,,0,173,173,9,3174.99146,3175.191249,c,1,3174.99146,None,0.6447844,0,0,1,0,0,0.5153514,polygon,3172.974721,None,TRUE,5.2521386,5.2554591,0.725,-0.231481481,1,0,0,5.2521386,two_down_right,3176.70267,None,3181.907398,None,30,1,2022_Jan_04_1406,untitled_1,2020.2.6,59.81612523
ירוק,blue,c,0,Image_certainty//image99_alemnt10.jpg,10.jpg,three_middle_left,one_middle_right,widespread,certainty,,,,,,,,,0,174,174,99,3184.440235,3184.639999,c,1,3184.440235,None,0.7694625,0,0,1,0,0,0.5299051,polygon,3182.406898,None,TRUE,1.3194368,1.3211806,0.384259259,-0.009259259,1,0,0,1.3194368,one_middle_right,3186.281808,None,3187.55586,None,30,1,2022_Jan_04_1406,untitled_1,2020.2.6,59.81612523
כחול,blue,c,1,Image_certainty//image143_alemnt9.jpg,9.jpg,two_down_left,one_middle_right,widespread,certainty,,,,,,,,,0,175,175,143,3190.322953,3190.522396,c,1,3190.322953,None,0.6896656,0,0,1,0,0,0.7669611,polygon,3188.055987,None,TRUE,1.7180477,1.7191865,0.388888889,-0.037962963,1,0,0,1.7180477,one_middle_right,3192.077755,None,3193.7549,None,30,1,2022_Jan_04_1406,untitled_1,2020.2.6,59.81612523
ירוק,green,x,1,Image_certainty//image175_alemnt11.jpg,11.jpg,one_middle_left,two_down_right,widespread,certainty,,,,,,,,,0,176,176,175,3196.338138,3196.555237,x,1,3196.338138,None,0.7037706,0,0,1,0,0,0.6034707,polygon,3194.255207,None,TRUE,8.8197803,8.8214296,0.716666667,-0.256481481,1,0,0,8.8197803,two_down_right,3198.112476,None,3206.886494,None,30,1,2022_Jan_04_1406,untitled_1,2020.2.6,59.81612523
ירוק,red,z,0,Image_certainty//image98_alemnt13.jpg,13.jpg,three_middle_left,two_down_right,widespread,certainty,,,,,,,,,0,177,177,98,3209.63697,3209.836773,z,1,3209.63697,None,0.7015825,0,0.002777778,1,0,0,0.7474538,polygon,3207.38706,None,TRUE,2.7198432,2.723181,0.712037037,-0.212037037,1,0,0,2.7198432,two_down_right,3211.411703,None,3214.086551,None,30,1,2022_Jan_04_1406,untitled_1,2020.2.6,59.81612523
אדום,blue,c,0,Image_certainty//image7_alemnt7.jpg,7.jpg,one_down_left,one_down_right,infrequent,certainty,,,,,,,,,0,178,178,7,3216.669409,3216.86918,None,0,3216.669409,None,,0,0,1,0,0,0.5805132,polygon,3214.58614,None,TRUE,,4.5902236,,,,,,,,3218.907659,None,3223.451484,None,30,1,2022_Jan_04_1406,untitled_1,2020.2.6,59.81612523
אדום,red,z,1,Image_certainty//image162_alemnt10.jpg,10.jpg,two_down_left,two_middle_right,widespread,certainty,,,,,,,,,0,179,179,162,3225.968165,3226.167933,z,1,3225.968165,None,0.8993919,0,0,1,0,0,0.5185007,polygon,3223.951611,None,FALSE,8.5057309,8.507157,0.412962963,-0.241666667,1,0,0,8.5057309,one_down_right,3227.936134,None,3236.384953,None,30,1,2022_Jan_04_1406,untitled_1,2020.2.6,59.81612523
אדום,red,z,1,Image_certainty//image141_alemnt11.jpg,11.jpg,two_down_left,three_middle_right,widespread,certainty,,,,,,,,,0,180,180,141,3240.449519,3240.649182,z,1,3240.449519,None,0.6761478,-0.041666667,0.012962963,1,0,0,1.1150338,polygon,3236.899842,None,TRUE,6.4062189,6.407826,0.715740741,0.07037037,1,0,0,6.4062189,three_middle_right,3242.191271,None,3248.550089,None,30,1,2022_Jan_04_1406,untitled_1,2020.2.6,59.81612523
ירוק,green,x,1,Image_certainty//image118_alemnt6.jpg,6.jpg,one_up_left,one_up_right,infrequent,certainty,,,,,,,,,0,181,181,118,3251.014939,3251.214806,x,1,3251.014939,None,0.6866734,0,0,1,0,0,0.4466149,polygon,3249.065004,None,TRUE,1.935776,1.9363217,0.363888889,0.177777778,1,0,0,1.935776,one_up_right,3252.776289,None,3254.663695,None,30,1,2022_Jan_04_1406,untitled_1,2020.2.6,59.81612523
ירוק,red,z,0,Image_certainty//image26_alemnt11.jpg,11.jpg,one_middle_left,two_down_right,widespread,certainty,,,,,,,,,0,182,182,26,3257.297449,3257.497156,z,1,3257.297449,None,0.7992377,0,0,1,0,0,0.630951,polygon,3255.164211,None,TRUE,7.6531643,7.65537,0.739814815,-0.189814815,1,0,0,7.6531643,two_down_right,3259.142923,None,3266.761902,None,30,1,2022_Jan_04_1406,untitled_1,2020.2.6,59.81612523
ירוק,blue,c,0,Image_certainty//image3_alemnt4.jpg,4.jpg,one_middle_left,one_up_right,infrequent,certainty,,,,,,,,,0,183,183,3,3269.27916,3269.478961,c,1,3269.27916,None,0.7844791,0,0,1,0,0,0.517052,polygon,3267.262628,None,,,,,,,,,,,3271.126183,3280.114592,3280.127126,None,30,1,2022_Jan_04_1406,untitled_1,2020.2.6,59.81612523
כחול,blue,c,1,Image_certainty//image161_alemnt12.jpg,12.jpg,one_down_left,two_middle_right,widespread,certainty,,,,,,,,,0,184,184,161,3282.844211,3283.04388,c,1,3282.844211,None,0.8624985,0,0,1,0,0,0.7165316,polygon,3280.626991,None,TRUE,2.4225422,2.4253613,0.577777778,-0.053703704,1,0,0,2.4225422,two_middle_right,3284.768966,None,3287.147343,None,30,1,2022_Jan_04_1406,untitled_1,2020.2.6,59.81612523
כחול,green,x,0,Image_certainty//image17_alemnt5.jpg,5.jpg,two_up_left,two_down_right,infrequent,certainty,,,,,,,,,0,185,185,17,3289.743185,3289.943096,x,1,3289.743185,None,1.1621385,0,0,1,0,0,0.5836009,polygon,3287.659888,None,TRUE,6.5542626,6.5597087,0.785185185,-0.237962963,1,0,0,6.5542626,two_down_right,3291.960141,None,3298.481717,None,30,1,2022_Jan_04_1406,untitled_1,2020.2.6,59.81612523
אדום,red,z,1,Image_certainty//image171_alemnt12.jpg,12.jpg,one_up_left,two_down_right,widespread,certainty,,,,,,,,,0,186,186,171,3301.058149,3301.257712,z,1,3301.058149,None,0.829592,0,0,1,0,0,0.5794543,polygon,3298.991461,None,TRUE,5.7728543,5.7784799,0.723148148,-0.232407407,1,0,0,5.7728543,two_down_right,3302.939502,None,3308.680673,None,30,1,2022_Jan_04_1406,untitled_1,2020.2.6,59.81612523
אדום,blue,c,0,Image_certainty//image13_alemnt2.jpg,2.jpg,two_up_left,one_down_right,infrequent,certainty,,,,,,,,,0,187,187,13,3311.207155,3311.406873,z,0,3311.207155,None,0.6942206,0,0,1,0,0,0.5142341,polygon,3309.190395,None,TRUE,4.055366,4.0593037,0.430555556,-0.22962963,1,0,0,4.055366,one_down_right,3312.966223,None,3316.977588,None,30,1,2022_Jan_04_1406,untitled_1,2020.2.6,59.81612523
כחול,blue,c,1,Image_certainty//image140_alemnt11.jpg,11.jpg,one_up_left,two_up_right,widespread,certainty,,,,,,,,,0,188,188,140,3324.938828,3325.13857,c,1,3324.938828,None,0.7904321,0,0,1,0,0,5.9499443,polygon,3317.489388,None,TRUE,5.9680879,5.9682786,0.593518519,0.256481481,1,0,0,5.9680879,two_up_right,3326.793229,None,3332.720012,None,30,1,2022_Jan_04_1406,untitled_1,2020.2.6,59.81612523
אדום,green,x,0,Image_certainty//image54_alemnt11.jpg,11.jpg,two_down_left,two_middle_right,widespread,certainty,,,,,,,,,0,189,189,54,3335.33724,3335.537075,x,1,3335.33724,None,0.6182109,0,0,1,0,0,0.6157545,polygon,3333.220667,None,TRUE,,4.3893901,,,,,,,,3337.02888,None,3341.368979,None,30,1,2022_Jan_04_1406,untitled_1,2020.2.6,59.81612523
ירוק,green,x,1,Image_certainty//image184_alemnt14.jpg,14.jpg,one_up_left,two_middle_right,widespread,certainty,,,,,,,,,0,190,190,184,3343.95287,3344.152625,x,1,3343.95287,None,0.5759544,0,0,1,0,0,0.5830278,polygon,3341.869584,None,,,,,,,,,,,3345.594711,3354.587832,3354.601074,None,30,1,2022_Jan_04_1406,untitled_1,2020.2.6,59.81612523
ירוק,blue,c,0,Image_certainty//image93_alemnt14.jpg,14.jpg,one_down_left,one_middle_right,widespread,certainty,,,,,,,,,0,191,191,93,3357.55098,3357.750857,c,1,3357.55098,None,0.9278545,-0.013888889,0,1,0,0,0.9464765,polygon,3355.101045,None,TRUE,,2.9899328,,,,,,,,3359.546748,None,3362.482821,None,30,1,2022_Jan_04_1406,untitled_1,2020.2.6,59.81612523
ירוק,red,z,0,Image_certainty//image80_alemnt9.jpg,9.jpg,one_middle_left,one_middle_right,widespread,certainty,,,,,,,,,0,192,192,80,3365.066765,3365.266641,z,1,3365.066765,None,0.8917097,0,0,1,0,0,0.5818082,polygon,3362.983436,None,TRUE,2.071299,2.0726281,0,0,1,0,0,0.3026099,one_middle_right,3367.021732,None,3369.049158,None,30,1,2022_Jan_04_1406,untitled_1,2020.2.6,59.81612523
ירוק,green,x,1,Image_certainty//image154_alemnt9.jpg,9.jpg,one_middle_left,one_down_right,widespread,certainty,,,,,,,,,0,193,193,154,3371.915582,3372.115638,x,1,3371.915582,None,0.6415104,0,0,1,0,0,0.8642997,polygon,3369.549299,None,TRUE,2.753256,2.7568355,0.416666667,-0.202777778,1,0,0,2.753256,one_down_right,3373.620911,None,3376.334232,None,30,1,2022_Jan_04_1406,untitled_1,2020.2.6,59.81612523
כחול,blue,c,1,Image_certainty//image197_alemnt11.jpg,11.jpg,two_down_left,two_middle_right,widespread,certainty,,,,,,,,,0,194,194,197,3378.931424,3379.131505,None,0,3378.931424,None,,0,0,1,0,0,0.5808636,polygon,3376.848301,None,TRUE,3.7392505,3.7404347,0.564814815,-0.038888889,1,0,0,3.7392505,two_middle_right,3381.165377,None,3384.863335,None,30,1,2022_Jan_04_1406,untitled_1,2020.2.6,59.81612523
אדום,red,z,1,Image_certainty//image108_alemnt2.jpg,2.jpg,one_down_left,one_up_right,infrequent,certainty,,,,,,,,,0,195,195,108,3387.513886,3387.713705,None,0,3387.513886,None,,0,0,1,0,0,0.6510121,polygon,3385.363956,None,TRUE,2.0212846,2.0223558,0.358333333,0.196296296,1,0,0,2.0212846,one_up_right,3389.760152,None,3391.731913,None,30,1,2022_Jan_04_1406,untitled_1,2020.2.6,59.81612523
ירוק,green,x,1,Image_certainty//image199_alemnt9.jpg,9.jpg,one_up_left,one_down_right,widespread,certainty,,,,,,,,,0,196,196,199,3394.596198,3394.796141,x,1,3394.596198,None,0.5175247,0,0,1,0,0,0.8654858,polygon,3392.246407,None,TRUE,3.2895741,3.2931632,0.430555556,-0.223148148,1,0,0,3.2895741,one_down_right,3396.170705,None,3399.416836,None,30,1,2022_Jan_04_1406,untitled_1,2020.2.6,59.81612523
כחול,blue,c,1,Image_certainty//image155_alemnt11.jpg,11.jpg,one_up_left,two_middle_right,widespread,certainty,,,,,,,,,0,197,197,155,3401.978664,3402.178461,None,0,3401.978664,None,,0,0,1,0,0,0.5478436,polygon,3399.928649,None,TRUE,4.1192393,4.1215229,0.588888889,-0.039814815,1,0,0,4.1192393,two_middle_right,3404.225648,None,3408.293721,None,30,1,2022_Jan_04_1406,untitled_1,2020.2.6,59.81612523
כחול,blue,c,1,Image_certainty//image191_alemnt12.jpg,12.jpg,two_middle_left,one_up_right,widespread,certainty,,,,,,,,,0,198,198,191,3410.843919,3411.043741,c,1,3410.843919,None,0.8013829,0,0,1,0,0,0.549569,polygon,3408.794158,None,FALSE,,4.339675,,,,,,,,3412.703408,None,3416.992418,None,30,1,2022_Jan_04_1406,untitled_1,2020.2.6,59.81612523
כחול,red,z,0,Image_certainty//image82_alemnt14.jpg,14.jpg,three_middle_left,two_down_right,widespread,certainty,,,,,,,,,0,199,199,82,3419.526369,3419.726219,z,1,3419.526369,None,0.8859107,0,0,1,0,0,0.5310267,polygon,3417.493046,None,TRUE,3.7521836,3.7541036,0.69537037,-0.213888889,1,0,0,3.7521836,two_down_right,3421.486688,None,3425.191535,None,30,1,2022_Jan_04_1406,untitled_1,2020.2.6,59.81612523
