﻿word,letterColor,corrAns,congruent,imageTrain,true_shaps,corrAnsLeft,corrAnsRight,common,experiment,stroop_loop.thisRepN,stroop_loop.thisTrialN,stroop_loop.thisN,stroop_loop.thisIndex,trail_certaninty.thisRepN,trail_certaninty.thisTrialN,trail_certaninty.thisN,trail_certaninty.thisIndex,test_certaincy.thisRepN,test_certaincy.thisTrialN,test_certaincy.thisN,test_certaincy.thisIndex,stroop_text.started,stroop_text.stopped,stroop_anser.keys,stroop_anser.corr,stroop_anser.started,stroop_anser.stopped,stroop_anser.rt,test_fixability_certity.x,test_fixability_certity.y,test_fixability_certity.leftButton,test_fixability_certity.midButton,test_fixability_certity.rightButton,test_fixability_certity.time,test_fixability_certity.clicked_name,test_fixability_certity.started,test_fixability_certity.stopped,test_certainty_anser_currect,finalClickTime,test_certainty_anser_time,test_certainty_mouse.x,test_certainty_mouse.y,test_certainty_mouse.leftButton,test_certainty_mouse.midButton,test_certainty_mouse.rightButton,test_certainty_mouse.time,test_certainty_mouse.clicked_name,test_certainty_mouse.started,test_certainty_mouse.stopped,text_5.started,text_5.stopped,participant,session,date,expName,psychopyVersion,frameRate
אדום,red,z,1,,,,,,,0,0,0,0,,,,,,,,,603.9573948,604.157124,None,0,603.9573948,None,,,,,,,,,,,,,,,,,,,,,,,,,32,1,2022_Jan_04_1459,untitled_1,2020.2.6,59.83602536
כחול,blue,c,1,,,,,,,0,1,1,4,,,,,,,,,609.6233158,609.8230047,None,0,609.6233158,None,,,,,,,,,,,,,,,,,,,,,,,,,32,1,2022_Jan_04_1459,untitled_1,2020.2.6,59.83602536
ירוק,blue,c,0,,,,,,,0,2,2,3,,,,,,,,,615.3058877,615.5055408,x,0,615.3058877,None,0.6978054,,,,,,,,,,,,,,,,,,,,,,,,32,1,2022_Jan_04_1459,untitled_1,2020.2.6,59.83602536
אדום,green,x,0,,,,,,,0,3,3,1,,,,,,,,,620.5552291,620.755098,z,0,620.5552291,None,0.8321825,,,,,,,,,,,,,,,,,,,,,,,,32,1,2022_Jan_04_1459,untitled_1,2020.2.6,59.83602536
כחול,red,z,0,,,,,,,0,4,4,5,,,,,,,,,625.9378163,626.1376244,z,1,625.9378163,None,0.8496199,,,,,,,,,,,,,,,,,,,,,,,,32,1,2022_Jan_04_1459,untitled_1,2020.2.6,59.83602536
ירוק,green,x,1,,,,,,,0,5,5,2,,,,,,,,,631.3371441,631.5368703,x,1,631.3371441,None,0.9126439,,,,,,,,,,,,,,,,,,,,,,,,32,1,2022_Jan_04_1459,untitled_1,2020.2.6,59.83602536
ירוק,blue,c,0,,,,,,,1,0,6,3,,,,,,,,,636.8197519,637.0196389,c,1,636.8197519,None,0.7917326,,,,,,,,,,,,,,,,,,,,,,,,32,1,2022_Jan_04_1459,untitled_1,2020.2.6,59.83602536
כחול,red,z,0,,,,,,,1,1,7,5,,,,,,,,,642.1856638,642.3854642,z,1,642.1856638,None,0.631965,,,,,,,,,,,,,,,,,,,,,,,,32,1,2022_Jan_04_1459,untitled_1,2020.2.6,59.83602536
ירוק,green,x,1,,,,,,,1,2,8,2,,,,,,,,,647.3685009,647.5682147,x,1,647.3685009,None,0.7144966,,,,,,,,,,,,,,,,,,,,,,,,32,1,2022_Jan_04_1459,untitled_1,2020.2.6,59.83602536
כחול,blue,c,1,,,,,,,1,3,9,4,,,,,,,,,652.650778,652.850937,c,1,652.650778,None,0.4377599,,,,,,,,,,,1.778158567,,,,,,,,,,,,,32,1,2022_Jan_04_1459,untitled_1,2020.2.6,59.83602536
אדום,red,z,1,,,,,,,1,4,10,0,,,,,,,,,657.6504076,657.8499206,z,1,657.6504076,None,0.5942795,,,,,,,,,,,4.120492129,,,,,,,,,,,,,32,1,2022_Jan_04_1459,untitled_1,2020.2.6,59.83602536
אדום,green,x,0,,,,,,,1,5,11,1,,,,,,,,,662.7995849,662.9994664,x,1,662.7995849,None,0.6075391,,,,,,,,,,,,,,,,,,,,,,,,32,1,2022_Jan_04_1459,untitled_1,2020.2.6,59.83602536
כחול,blue,c,1,,,,,,,2,0,12,4,,,,,,,,,667.9656743,668.1654889,c,1,667.9656743,None,0.3366299,,,,,,,,,,,,,,,,,,,,,,,,32,1,2022_Jan_04_1459,untitled_1,2020.2.6,59.83602536
כחול,red,z,0,,,,,,,2,1,13,5,,,,,,,,,672.8816985,673.0816017,z,1,672.8816985,None,0.4722794,,,,,,,,,,,,,,,,,,,,,,,,32,1,2022_Jan_04_1459,untitled_1,2020.2.6,59.83602536
אדום,red,z,1,,,,,,,2,2,14,0,,,,,,,,,677.9311046,678.130811,x,0,677.9311046,None,0.3316652,,,,,,,,,,,,,,,,,,,,,,,,32,1,2022_Jan_04_1459,untitled_1,2020.2.6,59.83602536
אדום,green,x,0,,,,,,,2,3,15,1,,,,,,,,,682.8135494,683.0132608,x,1,682.8135494,None,0.685046,,,,,,,,,,,,,,,,,,,,,,,,32,1,2022_Jan_04_1459,untitled_1,2020.2.6,59.83602536
ירוק,green,x,1,,,,,,,2,4,16,2,,,,,,,,,688.0797166,688.2794543,x,1,688.0797166,None,0.7274431,,,,,,,,,,,,,,,,,,,,,,,,32,1,2022_Jan_04_1459,untitled_1,2020.2.6,59.83602536
ירוק,blue,c,0,,,,,,,2,5,17,3,,,,,,,,,693.3790838,693.5789438,c,1,693.3790838,None,0.4297466,,,,,,,,,,,,,,,,,,,,,,,,32,1,2022_Jan_04_1459,untitled_1,2020.2.6,59.83602536
כחול,red,z,0,train_Image_certainty//image4_alemnt4.jpg,4.jpg,two_middle_left,two_up_right,widespread,train_certainty,,,,,0,0,0,3,,,,,717.7593818,717.9591281,c,0,717.7593818,None,0.848656,0,-0.000925926,1,0,0,2.7169738,polygon,713.5475289,None,TRUE,6.6851752,6.6854745,0.598148148,0.253703704,1,0,0,6.6851752,two_up_right,720.7452223,None,729.3574975,None,32,1,2022_Jan_04_1459,untitled_1,2020.2.6,59.83602536
אדום,green,x,0,train_Image_certainty//image6_alemnt6.jpg,6.jpg,one_middle_left,two_up_right,widespread,train_certainty,,,,,0,1,1,5,,,,,745.0557813,745.2553759,z,0,745.0557813,None,0.9293432,-0.005555556,0.006481481,1,0,0,12.0625722,polygon,729.8571404,None,,,,,,,,,,,748.0800563,757.0733085,759.1034113,None,32,1,2022_Jan_04_1459,untitled_1,2020.2.6,59.83602536
אדום,blue,c,0,train_Image_certainty//image7_alemnt7.jpg,7.jpg,one_middle_left,one_up_right,widespread,train_certainty,,,,,0,2,2,6,,,,,764.3866533,764.5864096,c,1,764.3866533,None,1.1603629,-0.001851852,0,1,0,0,3.2855857,polygon,759.6029806,None,TRUE,4.0247781,4.0251686,0.381481481,0.172222222,1,0,0,4.0247781,one_up_right,767.6478658,None,773.6349188,None,32,1,2022_Jan_04_1459,untitled_1,2020.2.6,59.83602536
ירוק,red,z,0,train_Image_certainty//image8_alemnt8.jpg,8.jpg,two_down_left,two_middle_right,widespread,train_certainty,,,,,0,3,3,7,,,,,777.4682294,777.6680072,z,1,777.4682294,None,0.8498763,-0.000925926,0.008333333,1,0,0,1.8351558,polygon,774.1352192,None,TRUE,3.6884209,3.6920725,0.569444444,-0.053703704,1,0,0,3.6884209,two_middle_right,780.4068507,None,786.0668475,None,32,1,2022_Jan_04_1459,untitled_1,2020.2.6,59.83602536
ירוק,green,x,1,train_Image_certainty//image10_alemnt10.jpg,10.jpg,two_up_left,three_middle_right,widespread,train_certainty,,,,,0,4,4,9,,,,,788.85009,789.0495627,None,0,788.85009,None,,0,0,1,0,0,0.7853425,polygon,786.5667826,None,TRUE,2.5409513,2.5453467,0.72037037,0.062037037,1,0,0,2.5409513,three_middle_right,792.0935672,None,796.6322217,None,32,1,2022_Jan_04_1459,untitled_1,2020.2.6,59.83602536
אדום,blue,c,0,train_Image_certainty//image1_alemnt1.jpg,1.jpg,two_middle_left,one_down_right,widespread,train_certainty,,,,,0,5,5,0,,,,,801.1652408,801.3649388,c,1,801.1652408,None,1.0649326,-0.000925926,0.005555556,1,0,0,2.5329261,polygon,797.131796,None,TRUE,3.8679796,3.870653,0.45,-0.210185185,1,0,0,3.8679796,one_down_right,804.3239968,None,810.1636643,None,32,1,2022_Jan_04_1459,untitled_1,2020.2.6,59.83602536
ירוק,blue,c,0,train_Image_certainty//image9_alemnt9.jpg,9.jpg,two_up_left,one_middle_right,widespread,train_certainty,,,,,0,6,6,8,,,,,812.9803495,813.1800435,x,0,812.9803495,None,0.8794627,0,0,1,0,0,0.8130921,polygon,810.6636572,None,,,,,,,,,,,815.956057,824.9483071,826.9781743,None,32,1,2022_Jan_04_1459,untitled_1,2020.2.6,59.83602536
ירוק,red,z,0,train_Image_certainty//image2_alemnt2.jpg,2.jpg,two_down_left,three_middle_right,widespread,train_certainty,,,,,0,7,7,1,,,,,830.5609501,830.7611739,z,1,830.5609501,None,0.8062316,0.001851852,0.006481481,1,0,0,1.5997565,polygon,827.4781595,None,TRUE,4.9203627,4.921609,0.742592593,0.064814815,1,0,0,4.9203627,three_middle_right,833.4891659,None,840.3764412,None,32,1,2022_Jan_04_1459,untitled_1,2020.2.6,59.83602536
אדום,red,z,1,train_Image_certainty//image12_alemnt12.jpg,12.jpg,one_down_left,one_up_right,widespread,train_certainty,,,,,0,8,8,11,,,,,843.6097646,843.8091442,z,1,843.6097646,None,0.8176759,-0.00462963,0.006481481,1,0,0,1.2334703,polygon,840.8763413,None,TRUE,2.1552702,2.1563607,0.344444444,0.19537037,1,0,0,2.1552702,one_up_right,846.5338673,None,850.6751183,None,32,1,2022_Jan_04_1459,untitled_1,2020.2.6,59.83602536
אדום,red,z,1,train_Image_certainty//image15_alemnt1.jpg,1.jpg,one_up_left,one_middle_right,infrequent,train_certainty,,,,,0,9,9,14,,,,,853.6250846,853.8245901,z,1,853.6250846,None,0.7425457,-0.001851852,0.005555556,1,0,0,0.9476675,polygon,851.1750702,None,TRUE,4.15362,4.1566269,0.437037037,0.00462963,1,0,0,4.15362,one_middle_right,856.4623644,None,862.5902855,None,32,1,2022_Jan_04_1459,untitled_1,2020.2.6,59.83602536
ירוק,blue,c,0,train_Image_certainty//image3_alemnt3.jpg,3.jpg,two_down_left,three_middle_right,widespread,train_certainty,,,,,0,10,10,2,,,,,866.7233718,866.9231265,c,1,866.7233718,None,1.1279688,-0.001851852,0.005555556,1,0,0,2.1335743,polygon,863.0901538,None,TRUE,4.3856687,4.3883884,0.737962963,0.07037037,1,0,0,4.3856687,three_middle_right,869.9463539,None,876.3051066,None,32,1,2022_Jan_04_1459,untitled_1,2020.2.6,59.83602536
כחול,green,x,0,train_Image_certainty//image5_alemnt5.jpg,5.jpg,one_middle_left,three_middle_right,widespread,train_certainty,,,,,0,11,11,4,,,,,879.6549168,879.8547593,x,1,879.6549168,None,0.7563532,0.000925926,0,1,0,0,1.3485591,polygon,876.8049995,None,TRUE,,3.3738679,,,,,,,,882.5321424,None,887.8700957,None,32,1,2022_Jan_04_1459,untitled_1,2020.2.6,59.83602536
ירוק,green,x,1,train_Image_certainty//image13_alemnt13.jpg,13.jpg,two_up_left,one_up_right,widespread,train_certainty,,,,,0,12,12,12,,,,,890.5698996,890.7694274,x,1,890.5698996,None,1.0754615,0,0,1,0,0,0.6969265,polygon,888.3702183,None,TRUE,1.5198459,1.5206157,0.376851852,0.2,1,0,0,1.5198459,one_up_right,893.743137,None,897.2356167,None,32,1,2022_Jan_04_1459,untitled_1,2020.2.6,59.83602536
כחול,blue,c,1,train_Image_certainty//image11_alemnt11.jpg,11.jpg,two_down_left,one_down_right,widespread,train_certainty,,,,,0,13,13,10,,,,,900.6519167,900.8519298,c,1,900.6519167,None,0.6553296,0,0.005555556,1,0,0,1.4149584,polygon,897.7354155,None,TRUE,2.4038068,2.4076517,0.465740741,-0.224074074,1,0,0,2.4038068,one_down_right,903.4313555,None,907.8006665,None,32,1,2022_Jan_04_1459,untitled_1,2020.2.6,59.83602536
כחול,blue,c,1,train_Image_certainty//image14_alemnt14.jpg,14.jpg,three_middle_left,one_middle_right,widespread,train_certainty,,,,,0,14,14,13,,,,,911.3675942,911.5672967,c,1,911.3675942,None,0.5759213,0.001851852,0.012037037,1,0,0,1.5783657,polygon,908.3009088,None,TRUE,1.2049037,1.2082321,0.393518519,-0.007407407,1,0,0,1.2049037,one_middle_right,914.0369796,None,917.1995414,None,32,1,2022_Jan_04_1459,untitled_1,2020.2.6,59.83602536
כחול,red,z,0,Image_certainty//image22_alemnt11.jpg,11.jpg,two_up_left,one_down_right,widespread,certainty,,,,,,,,,0,0,0,22,934.4144581,934.6142956,z,1,934.4144581,None,0.7989255,0,0,1,0,0,0.8612355,polygon,932.0443305,None,TRUE,3.687938,3.6924954,0.309259259,0.036111111,0,0,0,1.0866884,one_down_right,936.2691706,None,939.9192604,None,32,1,2022_Jan_04_1459,untitled_1,2020.2.6,59.83602536
ירוק,green,x,1,Image_certainty//image115_alemnt2.jpg,2.jpg,three_middle_left,one_down_right,infrequent,certainty,,,,,,,,,0,1,1,115,944.1965455,944.3964493,x,1,944.1965455,None,0.6935565,-0.003703704,0.002777778,1,0,0,2.2631832,polygon,940.430044,None,TRUE,3.8709339,3.8725943,0.460185185,-0.222222222,1,0,0,3.8709339,one_down_right,945.9645403,None,949.7786592,None,32,1,2022_Jan_04_1459,untitled_1,2020.2.6,59.83602536
אדום,red,z,1,Image_certainty//image120_alemnt12.jpg,12.jpg,two_up_left,two_up_right,widespread,certainty,,,,,,,,,0,2,2,120,951.8617163,952.0616897,z,1,951.8617163,None,1.1329118,0,0,1,0,0,0.0844736,polygon,950.2788211,None,,,,,,,,,,,954.0518393,963.0466887,963.0600633,None,32,1,2022_Jan_04_1459,untitled_1,2020.2.6,59.83602536
אדום,blue,c,0,Image_certainty//image61_alemnt10.jpg,10.jpg,one_down_left,one_middle_right,widespread,certainty,,,,,,,,,0,3,3,61,965.7270556,965.926844,None,0,965.7270556,None,,0,0,1,0,0,0.6637749,polygon,963.5604665,None,TRUE,3.5714849,3.5744695,0.426851852,-0.012962963,1,0,0,3.5714849,one_middle_right,967.9650698,None,971.4975211,None,32,1,2022_Jan_04_1459,untitled_1,2020.2.6,59.83602536
כחול,blue,c,1,Image_certainty//image116_alemnt2.jpg,2.jpg,one_middle_left,two_down_right,infrequent,certainty,,,,,,,,,0,4,4,116,975.3256455,975.5256375,c,1,975.3256455,None,0.6827686,-0.002777778,0.002777778,1,0,0,1.8136912,polygon,972.0093823,None,TRUE,3.5870999,3.5911505,0.714814815,-0.214814815,1,0,0,3.5870999,two_down_right,977.0776272,None,980.6109383,None,32,1,2022_Jan_04_1459,untitled_1,2020.2.6,59.83602536
כחול,red,z,0,Image_certainty//image88_alemnt10.jpg,10.jpg,two_middle_left,two_up_right,widespread,certainty,,,,,,,,,0,5,5,88,983.6080473,983.8078568,z,1,983.6080473,None,0.8893784,0,0,1,0,0,0.9809917,polygon,981.1247658,None,TRUE,1.889495,1.8901559,0.632407407,0.235185185,1,0,0,1.889495,two_up_right,985.5687097,None,987.4110338,None,32,1,2022_Jan_04_1459,untitled_1,2020.2.6,59.83602536
אדום,blue,c,0,Image_certainty//image43_alemnt11.jpg,11.jpg,two_down_left,one_up_right,widespread,certainty,,,,,,,,,0,6,6,43,990.6073444,990.8069551,c,1,990.6073444,None,0.8369191,0,0.008333333,1,0,0,1.1810724,polygon,987.9238725,None,TRUE,5.4527982,5.453322,0.362962963,0.205555556,1,0,0,5.4527982,one_up_right,992.4994695,None,997.9220936,None,32,1,2022_Jan_04_1459,untitled_1,2020.2.6,59.83602536
אדום,red,z,1,Image_certainty//image147_alemnt9.jpg,9.jpg,three_middle_left,two_up_right,widespread,certainty,,,,,,,,,0,7,7,147,1000.389366,1000.588938,z,1,1000.389366,None,0.6043812,0,0,1,0,0,0.4656897,polygon,998.4225688,None,TRUE,2.5387592,2.5394292,0.602777778,0.252777778,1,0,0,2.5387592,two_up_right,1002.066428,None,1004.558118,None,32,1,2022_Jan_04_1459,untitled_1,2020.2.6,59.83602536
אדום,green,x,0,Image_certainty//image96_alemnt14.jpg,14.jpg,one_up_left,two_down_right,widespread,certainty,,,,,,,,,0,8,8,96,1007.771623,1007.971464,x,1,1007.771623,None,0.7788407,0,0.009259259,1,0,0,1.1974453,polygon,1005.071413,None,TRUE,4.6216319,4.6230585,0.730555556,-0.198148148,1,0,0,4.6216319,two_down_right,1009.609379,None,1014.186507,None,32,1,2022_Jan_04_1459,untitled_1,2020.2.6,59.83602536
ירוק,green,x,1,Image_certainty//image172_alemnt8.jpg,8.jpg,two_middle_left,two_down_right,widespread,certainty,,,,,,,,,0,9,9,172,1016.670356,1016.870322,x,1,1016.670356,None,0.7209668,0,0,1,0,0,0.4803752,polygon,1014.687098,None,TRUE,5.0209886,5.0264838,0.701851852,-0.234259259,1,0,0,5.0209886,two_down_right,1018.461717,None,1023.443722,None,32,1,2022_Jan_04_1459,untitled_1,2020.2.6,59.83602536
ירוק,green,x,1,Image_certainty//image196_alemnt13.jpg,13.jpg,three_middle_left,one_down_right,widespread,certainty,,,,,,,,,0,10,10,196,1025.819277,1026.019087,x,1,1025.819277,None,0.5171187,0,0,1,0,0,0.3654887,polygon,1023.952499,None,TRUE,2.1407921,2.1423672,0.475,-0.201851852,1,0,0,2.1407921,one_down_right,1027.390826,None,1029.488139,None,32,1,2022_Jan_04_1459,untitled_1,2020.2.6,59.83602536
כחול,green,x,0,Image_certainty//image17_alemnt5.jpg,5.jpg,two_up_left,two_down_right,infrequent,certainty,,,,,,,,,0,11,11,17,1032.851749,1033.051556,x,1,1032.851749,None,0.767652,0,0,1,0,0,1.3475194,polygon,1030.00186,None,TRUE,3.2878543,3.2916848,0.74537037,-0.217592593,1,0,0,3.2878543,two_down_right,1034.694229,None,1037.938074,None,32,1,2022_Jan_04_1459,untitled_1,2020.2.6,59.83602536
כחול,blue,c,1,Image_certainty//image137_alemnt8.jpg,8.jpg,one_up_left,two_middle_right,widespread,certainty,,,,,,,,,0,12,12,137,1040.350431,1040.550438,x,0,1040.350431,None,0.5927652,0,0,1,0,0,0.3976216,polygon,1038.450392,None,TRUE,3.5011968,3.5026406,0.590740741,-0.036111111,1,0,0,3.5011968,two_middle_right,1042.007008,None,1045.466004,None,32,1,2022_Jan_04_1459,untitled_1,2020.2.6,59.83602536
כחול,green,x,0,Image_certainty//image71_alemnt12.jpg,12.jpg,three_middle_left,two_down_right,widespread,certainty,,,,,,,,,0,13,13,71,1047.86646,1048.065794,None,0,1047.86646,None,,0,0,1,0,0,0.3971461,polygon,1045.966423,None,TRUE,,3.1722337,,,,,,,,1050.103966,None,1053.231404,None,32,1,2022_Jan_04_1459,untitled_1,2020.2.6,59.83602536
אדום,blue,c,0,Image_certainty//image7_alemnt7.jpg,7.jpg,one_down_left,one_down_right,infrequent,certainty,,,,,,,,,0,14,14,7,1055.815344,1056.014807,c,1,1055.815344,None,1.0388941,0,0,1,0,0,0.5819505,polygon,1053.732083,None,TRUE,2.3397691,2.3449321,0.475,-0.242592593,1,0,0,2.3397691,one_down_right,1057.917425,None,1060.221868,None,32,1,2022_Jan_04_1459,untitled_1,2020.2.6,59.83602536
ירוק,blue,c,0,Image_certainty//image87_alemnt11.jpg,11.jpg,three_middle_left,two_middle_right,widespread,certainty,,,,,,,,,0,15,15,87,1062.981083,1063.180636,c,1,1062.981083,None,0.8263358,0,0,1,0,0,0.7459341,polygon,1060.731165,None,TRUE,1.5701182,1.5728006,0.519444444,-0.039814815,1,0,0,1.5701182,two_middle_right,1064.862956,None,1066.39897,None,32,1,2022_Jan_04_1459,untitled_1,2020.2.6,59.83602536
כחול,red,z,0,Image_certainty//image46_alemnt8.jpg,8.jpg,two_middle_left,two_up_right,widespread,certainty,,,,,,,,,0,16,16,46,1069.713501,1069.913239,z,1,1069.713501,None,0.837144,0,0,1,0,0,1.2968828,polygon,1066.913707,None,TRUE,4.9376784,4.9383173,0.569444444,0.226851852,1,0,0,4.9376784,two_up_right,1071.619315,None,1076.512699,None,32,1,2022_Jan_04_1459,untitled_1,2020.2.6,59.83602536
אדום,red,z,1,Image_certainty//image111_alemnt3.jpg,3.jpg,one_middle_left,two_up_right,infrequent,certainty,,,,,,,,,0,17,17,111,1079.012365,1079.212216,z,1,1079.012365,None,0.7149024,0,0,1,0,0,0.4987779,polygon,1077.011956,None,TRUE,5.6866896,5.6871529,0.598148148,0.194444444,1,0,0,5.6866896,two_up_right,1080.797162,None,1086.427284,None,32,1,2022_Jan_04_1459,untitled_1,2020.2.6,59.83602536
ירוק,red,z,0,Image_certainty//image38_alemnt8.jpg,8.jpg,two_up_left,two_down_right,widespread,certainty,,,,,,,,,0,18,18,38,1089.827722,1090.027474,z,1,1089.827722,None,0.7865231,0,0,1,0,0,1.396191,polygon,1086.927777,None,FALSE,6.6029754,6.6062156,0.418518519,-0.207407407,1,0,0,6.6029754,one_down_right,1091.686805,None,1098.243488,None,32,1,2022_Jan_04_1459,untitled_1,2020.2.6,59.83602536
ירוק,red,z,0,Image_certainty//image80_alemnt9.jpg,9.jpg,one_middle_left,one_middle_right,widespread,certainty,,,,,,,,,0,19,19,80,1100.792822,1100.992707,z,1,1100.792822,None,0.7198174,0,0,1,0,0,0.5510023,polygon,1098.742907,None,TRUE,2.3714051,2.3744493,0.400925926,0.008333333,1,0,0,2.3714051,one_middle_right,1102.582546,None,1104.911249,None,32,1,2022_Jan_04_1459,untitled_1,2020.2.6,59.83602536
אדום,red,z,1,Image_certainty//image168_alemnt10.jpg,10.jpg,two_middle_left,two_down_right,widespread,certainty,,,,,,,,,0,20,20,168,1107.324563,1107.524258,z,1,1107.324563,None,0.762958,0,0,1,0,0,0.3977396,polygon,1105.425017,None,TRUE,1.9412757,1.9432123,0.699074074,-0.249074074,1,0,0,1.9412757,two_down_right,1109.129226,None,1111.043148,None,32,1,2022_Jan_04_1459,untitled_1,2020.2.6,59.83602536
אדום,green,x,0,Image_certainty//image30_alemnt10.jpg,10.jpg,two_down_left,three_middle_right,widespread,certainty,,,,,,,,,0,21,21,30,1113.957964,1114.157677,x,1,1113.957964,None,0.8257391,0,0,1,0,0,0.9115645,polygon,1111.557908,None,TRUE,4.0709341,4.0734965,0.724074074,0.031481481,1,0,0,4.0709341,three_middle_right,1115.848129,None,1119.875919,None,32,1,2022_Jan_04_1459,untitled_1,2020.2.6,59.83602536
ירוק,blue,c,0,Image_certainty//image93_alemnt14.jpg,14.jpg,one_down_left,one_middle_right,widespread,certainty,,,,,,,,,0,22,22,93,1122.290065,1122.489809,None,0,1122.290065,None,,0,0,1,0,0,0.3973511,polygon,1120.390098,None,TRUE,4.7867396,4.7889365,0.437037037,-0.015740741,1,0,0,4.7867396,one_middle_right,1124.522176,None,1129.273261,None,32,1,2022_Jan_04_1459,untitled_1,2020.2.6,59.83602536
ירוק,green,x,1,Image_certainty//image136_alemnt8.jpg,8.jpg,three_middle_left,two_down_right,widespread,certainty,,,,,,,,,0,23,23,136,1131.821357,1132.021478,x,1,1131.821357,None,0.8157247,0,0,1,0,0,0.5310101,polygon,1129.788843,None,TRUE,,3.6231811,,,,,,,,1133.698444,None,1137.270548,None,32,1,2022_Jan_04_1459,untitled_1,2020.2.6,59.83602536
ירוק,red,z,0,Image_certainty//image8_alemnt6.jpg,6.jpg,one_down_left,one_up_right,infrequent,certainty,,,,,,,,,0,24,24,8,1140.070562,1140.270317,z,1,1140.070562,None,1.1298942,0,0,1,0,0,0.7959791,polygon,1137.771102,None,TRUE,3.6868055,3.6873949,0.384259259,0.194444444,1,0,0,3.6868055,one_up_right,1142.259634,None,1145.902998,None,32,1,2022_Jan_04_1459,untitled_1,2020.2.6,59.83602536
ירוק,green,x,1,Image_certainty//image100_alemnt4.jpg,4.jpg,two_down_left,one_middle_right,infrequent,certainty,,,,,,,,,0,25,25,100,1148.919879,1149.119803,x,1,1148.919879,None,0.7176502,0,0,1,0,0,1.0138762,polygon,1146.403389,None,,,,,,,,,,,1150.701478,1159.688417,1159.701366,None,32,1,2022_Jan_04_1459,untitled_1,2020.2.6,59.83602536
אדום,red,z,1,Image_certainty//image141_alemnt11.jpg,11.jpg,two_down_left,three_middle_right,widespread,certainty,,,,,,,,,0,26,26,141,1162.251563,1162.451379,z,1,1162.251563,None,0.684845,0,0.003703704,1,0,0,0.5489743,polygon,1160.201514,None,TRUE,4.754331,4.7576997,0.718518519,0.025,1,0,0,4.754331,three_middle_right,1164.009749,None,1168.720714,None,32,1,2022_Jan_04_1459,untitled_1,2020.2.6,59.83602536
ירוק,green,x,1,Image_certainty//image178_alemnt8.jpg,8.jpg,two_up_left,one_up_right,widespread,certainty,,,,,,,,,0,27,27,178,1172.366559,1172.566634,x,1,1172.366559,None,0.7498685,-0.003703704,0.005555556,1,0,0,1.6306466,polygon,1169.233663,None,TRUE,2.4846722,2.4850657,0.357407407,0.189814815,1,0,0,2.4846722,one_up_right,1174.174468,None,1176.615525,None,32,1,2022_Jan_04_1459,untitled_1,2020.2.6,59.83602536
כחול,red,z,0,Image_certainty//image58_alemnt8.jpg,8.jpg,two_middle_left,two_up_right,widespread,certainty,,,,,,,,,0,28,28,58,1179.69919,1179.899102,x,0,1179.69919,None,0.7354989,0,0,1,0,0,1.0802116,polygon,1177.116014,None,TRUE,4.301727,4.3019673,0.57962963,0.230555556,1,0,0,4.301727,two_up_right,1181.504026,None,1185.764344,None,32,1,2022_Jan_04_1459,untitled_1,2020.2.6,59.83602536
כחול,green,x,0,Image_certainty//image83_alemnt14.jpg,14.jpg,one_down_left,one_middle_right,widespread,certainty,,,,,,,,,0,29,29,83,1188.54811,1188.747643,x,1,1188.54811,None,0.8914795,0,0,1,0,0,0.7814231,polygon,1186.264881,None,TRUE,3.6196372,3.6206047,0.412037037,0.04537037,1,0,0,3.6196372,one_middle_right,1190.506304,None,1194.079972,None,32,1,2022_Jan_04_1459,untitled_1,2020.2.6,59.83602536
ירוק,green,x,1,Image_certainty//image124_alemnt10.jpg,10.jpg,one_up_left,two_middle_right,widespread,certainty,,,,,,,,,0,30,30,124,1198.313648,1198.513329,x,1,1198.313648,None,0.6975982,-0.000925926,0.005555556,1,0,0,2.2304159,polygon,1194.580439,None,TRUE,,4.088685,,,,,,,,1200.073698,None,1204.111871,None,32,1,2022_Jan_04_1459,untitled_1,2020.2.6,59.83602536
כחול,blue,c,1,Image_certainty//image197_alemnt11.jpg,11.jpg,two_down_left,two_middle_right,widespread,certainty,,,,,,,,,0,31,31,197,1207.095759,1207.295574,None,0,1207.095759,None,,0.000925926,-0.002777778,1,0,0,0.9816632,polygon,1204.612312,None,TRUE,6.3029806,6.3049393,0.57037037,-0.067592593,1,0,0,6.3029806,two_middle_right,1209.337274,None,1215.594319,None,32,1,2022_Jan_04_1459,untitled_1,2020.2.6,59.83602536
כחול,blue,c,1,Image_certainty//image110_alemnt5.jpg,5.jpg,three_middle_left,one_up_right,infrequent,certainty,,,,,,,,,0,32,32,110,1218.060958,1218.260808,c,1,1218.060958,None,0.6090339,0,0,1,0,0,0.4675141,polygon,1216.094337,None,TRUE,8.800355,8.8007214,0.362037037,0.186111111,1,0,0,8.800355,one_up_right,1219.742703,None,1228.492137,None,32,1,2022_Jan_04_1459,untitled_1,2020.2.6,59.83602536
כחול,red,z,0,Image_certainty//image4_alemnt2.jpg,2.jpg,two_middle_left,two_middle_right,infrequent,certainty,,,,,,,,,0,33,33,4,1230.892586,1231.092332,z,1,1230.892586,None,1.0389711,0,0,1,0,0,0.3969866,polygon,1228.992652,None,TRUE,4.5691944,4.5712513,0.558333333,-0.031481481,1,0,0,4.5691944,two_middle_right,1233.010928,None,1237.524178,None,32,1,2022_Jan_04_1459,untitled_1,2020.2.6,59.83602536
כחול,blue,c,1,Image_certainty//image146_alemnt12.jpg,12.jpg,one_up_left,two_middle_right,widespread,certainty,,,,,,,,,0,34,34,146,1240.324777,1240.524584,c,1,1240.324777,None,0.8569807,0,0,1,0,0,0.7984679,polygon,1238.024794,None,TRUE,6.5865058,6.5897576,0.556481481,-0.060185185,1,0,0,6.5865058,two_middle_right,1242.250698,None,1248.792935,None,32,1,2022_Jan_04_1459,untitled_1,2020.2.6,59.83602536
ירוק,green,x,1,Image_certainty//image154_alemnt9.jpg,9.jpg,one_middle_left,one_down_right,widespread,certainty,,,,,,,,,0,35,35,154,1251.389952,1251.589773,x,1,1251.389952,None,0.8977156,0,0,1,0,0,0.5817959,polygon,1249.306358,None,TRUE,4.2884574,4.292655,0.424074074,-0.249074074,1,0,0,4.2884574,one_down_right,1253.344588,None,1257.593903,None,32,1,2022_Jan_04_1459,untitled_1,2020.2.6,59.83602536
אדום,blue,c,0,Image_certainty//image91_alemnt8.jpg,8.jpg,two_up_left,one_up_right,widespread,certainty,,,,,,,,,0,36,36,91,1260.355401,1260.554989,c,1,1260.355401,None,1.0795803,0,0,1,0,0,0.7505733,polygon,1258.105225,None,,,,,,,,,,,1262.497833,1271.490176,1271.503574,None,32,1,2022_Jan_04_1459,untitled_1,2020.2.6,59.83602536
ירוק,green,x,1,Image_certainty//image139_alemnt10.jpg,10.jpg,two_up_left,one_middle_right,widespread,certainty,,,,,,,,,0,37,37,139,1273.553733,1273.753475,x,1,1273.553733,None,0.8843658,0,0,1,0,0,0.0468214,polygon,1272.003511,None,TRUE,1.4701124,1.4723535,0.412962963,-0.046296296,1,0,0,1.4701124,one_middle_right,1275.486337,None,1276.919342,None,32,1,2022_Jan_04_1459,untitled_1,2020.2.6,59.83602536
כחול,green,x,0,Image_certainty//image41_alemnt12.jpg,12.jpg,two_up_left,one_up_right,widespread,certainty,,,,,,,,,0,38,38,41,1280.486173,1280.685912,x,1,1280.486173,None,0.8983502,0,0,1,0,0,1.5644349,polygon,1277.419637,None,TRUE,2.0852255,2.0857792,0.369444444,0.188888889,1,0,0,2.0852255,one_up_right,1282.441144,None,1284.484861,None,32,1,2022_Jan_04_1459,untitled_1,2020.2.6,59.83602536
אדום,green,x,0,Image_certainty//image60_alemnt13.jpg,13.jpg,one_middle_left,two_up_right,widespread,certainty,,,,,,,,,0,39,39,60,1287.26864,1287.468536,x,1,1287.26864,None,0.8247879,0,0,1,0,0,0.7808163,polygon,1284.985103,None,,,,,,,,,,,1289.159981,1298.153186,1298.166599,None,32,1,2022_Jan_04_1459,untitled_1,2020.2.6,59.83602536
ירוק,green,x,1,Image_certainty//image121_alemnt12.jpg,12.jpg,two_down_left,three_middle_right,widespread,certainty,,,,,,,,,0,40,40,121,1300.8503,1301.04997,x,1,1300.8503,None,0.6858021,0,0,1,0,0,0.680335,polygon,1298.666948,None,TRUE,5.4030863,5.4058459,0.753703704,0.059259259,1,0,0,5.4030863,three_middle_right,1302.609832,None,1307.966571,None,32,1,2022_Jan_04_1459,untitled_1,2020.2.6,59.83602536
כחול,blue,c,1,Image_certainty//image158_alemnt11.jpg,11.jpg,one_up_left,two_down_right,widespread,certainty,,,,,,,,,0,41,41,158,1311.115528,1311.315368,None,0,1311.115528,None,,0,0,1,0,0,1.1453853,polygon,1308.482277,None,,,,,,,,,,,1313.346835,1322.333813,1322.346929,None,32,1,2022_Jan_04_1459,untitled_1,2020.2.6,59.83602536
כחול,blue,c,1,Image_certainty//image170_alemnt13.jpg,13.jpg,one_down_left,two_middle_right,widespread,certainty,,,,,,,,,0,42,42,170,1324.797004,1324.996979,c,1,1324.797004,None,1.0283294,0,0,1,0,0,0.4495009,polygon,1322.846873,None,TRUE,3.2717478,3.2754269,0.582407407,-0.02962963,1,0,0,3.2717478,two_middle_right,1326.897808,None,1330.11761,None,32,1,2022_Jan_04_1459,untitled_1,2020.2.6,59.83602536
ירוק,green,x,1,Image_certainty//image142_alemnt14.jpg,14.jpg,three_middle_left,two_down_right,widespread,certainty,,,,,,,,,0,43,43,142,1332.679388,1332.879263,x,1,1332.679388,None,0.7611608,0,0,1,0,0,0.5473446,polygon,1330.629459,None,TRUE,4.9722882,4.9740768,0.718518519,-0.222222222,1,0,0,4.9722882,two_down_right,1334.507703,None,1339.430075,None,32,1,2022_Jan_04_1459,untitled_1,2020.2.6,59.83602536
כחול,blue,c,1,Image_certainty//image131_alemnt13.jpg,13.jpg,one_middle_left,one_middle_right,widespread,certainty,,,,,,,,,0,44,44,131,1341.994856,1342.194653,x,0,1341.994856,None,0.8324585,0,0,1,0,0,0.55175,polygon,1339.944903,None,TRUE,2.8851495,2.8864206,0.390740741,-0.002777778,1,0,0,2.8851495,one_middle_right,1343.891592,None,1346.726764,None,32,1,2022_Jan_04_1459,untitled_1,2020.2.6,59.83602536
אדום,red,z,1,Image_certainty//image105_alemnt7.jpg,7.jpg,one_middle_left,one_up_right,infrequent,certainty,,,,,,,,,0,45,45,105,1349.176997,1349.377034,z,1,1349.176997,None,0.6472087,0,0,1,0,0,0.4494108,polygon,1347.227301,None,TRUE,7.5875465,7.5886143,0.393518519,0.159259259,1,0,0,7.5875465,one_up_right,1350.878416,None,1358.429093,None,32,1,2022_Jan_04_1459,untitled_1,2020.2.6,59.83602536
ירוק,red,z,0,Image_certainty//image56_alemnt11.jpg,11.jpg,three_middle_left,two_up_right,widespread,certainty,,,,,,,,,0,46,46,56,1360.892383,1361.092276,z,1,1360.892383,None,0.6490041,0,0,1,0,0,0.4472466,polygon,1358.942132,None,TRUE,5.2857578,5.2861445,0.591666667,0.224074074,1,0,0,5.2857578,two_up_right,1362.60175,None,1367.8407,None,32,1,2022_Jan_04_1459,untitled_1,2020.2.6,59.83602536
אדום,red,z,1,Image_certainty//image195_alemnt10.jpg,10.jpg,one_down_left,two_middle_right,widespread,certainty,,,,,,,,,0,47,47,195,1370.457997,1370.657497,z,1,1370.457997,None,0.6933023,0,0,1,0,0,0.6152253,polygon,1368.341212,None,FALSE,1.2549648,1.258331,0.359259259,0.002777778,1,0,0,1.2549648,one_middle_right,1372.216201,None,1373.428948,None,32,1,2022_Jan_04_1459,untitled_1,2020.2.6,59.83602536
אדום,red,z,1,Image_certainty//image192_alemnt11.jpg,11.jpg,one_up_left,one_down_right,widespread,certainty,,,,,,,,,0,48,48,192,1375.956699,1376.156954,z,1,1375.956699,None,0.6007882,0,0,1,0,0,0.5291611,polygon,1373.940545,None,TRUE,4.3216225,4.3267998,0.433333333,-0.246296296,1,0,0,4.3216225,one_down_right,1377.609937,None,1381.895595,None,32,1,2022_Jan_04_1459,untitled_1,2020.2.6,59.83602536
כחול,blue,c,1,Image_certainty//image194_alemnt11.jpg,11.jpg,three_middle_left,two_down_right,widespread,certainty,,,,,,,,,0,49,49,194,1384.272684,1384.472393,c,1,1384.272684,None,0.9338747,0,0,1,0,0,0.3655685,polygon,1382.405928,None,TRUE,7.3889973,7.3944679,0.727777778,-0.224074074,1,0,0,7.3889973,two_down_right,1386.267916,None,1393.611243,None,32,1,2022_Jan_04_1459,untitled_1,2020.2.6,59.83602536
אדום,red,z,1,Image_certainty//image162_alemnt10.jpg,10.jpg,two_down_left,two_middle_right,widespread,certainty,,,,,,,,,0,50,50,162,1396.087418,1396.287599,z,1,1396.087418,None,0.5659211,0,0,1,0,0,0.4636796,polygon,1394.120901,None,TRUE,4.0375196,4.0408335,0.586111111,-0.052777778,1,0,0,4.0375196,two_middle_right,1397.714742,None,1401.705989,None,32,1,2022_Jan_04_1459,untitled_1,2020.2.6,59.83602536
ירוק,blue,c,0,Image_certainty//image33_alemnt13.jpg,13.jpg,three_middle_left,two_middle_right,widespread,certainty,,,,,,,,,0,51,51,33,1404.4034,1404.603275,c,1,1404.4034,None,0.8342182,0,0,1,0,0,0.6803628,polygon,1402.220063,None,TRUE,2.0720057,2.0744914,0.597222222,-0.062037037,1,0,0,2.0720057,two_middle_right,1406.300839,None,1408.32212,None,32,1,2022_Jan_04_1459,untitled_1,2020.2.6,59.83602536
אדום,red,z,1,Image_certainty//image186_alemnt11.jpg,11.jpg,one_down_left,two_up_right,widespread,certainty,,,,,,,,,0,52,52,186,1410.902526,1411.102228,x,0,1410.902526,None,1.1007017,0,0,1,0,0,0.5783384,polygon,1408.835728,None,TRUE,5.3537888,5.3540153,0.591666667,0.200925926,1,0,0,5.3537888,two_up_right,1413.072289,None,1418.384119,None,32,1,2022_Jan_04_1459,untitled_1,2020.2.6,59.83602536
ירוק,green,x,1,Image_certainty//image199_alemnt9.jpg,9.jpg,one_up_left,one_down_right,widespread,certainty,,,,,,,,,0,53,53,199,1420.767553,1420.967723,x,1,1420.767553,None,1.1034447,0,0,1,0,0,0.3806317,polygon,1418.884713,None,TRUE,3.0575672,3.0628348,0.418518519,-0.24537037,1,0,0,3.0575672,one_down_right,1422.944559,None,1425.959319,None,32,1,2022_Jan_04_1459,untitled_1,2020.2.6,59.83602536
כחול,red,z,0,Image_certainty//image34_alemnt8.jpg,8.jpg,one_middle_left,two_up_right,widespread,certainty,,,,,,,,,0,54,54,34,1428.366956,1428.566717,z,1,1428.366956,None,0.5909637,0,0,1,0,0,0.3981529,polygon,1426.467042,None,TRUE,3.9546635,3.9553382,0.614814815,0.189814815,1,0,0,3.9546635,two_up_right,1430.028653,None,1433.935728,None,32,1,2022_Jan_04_1459,untitled_1,2020.2.6,59.83602536
כחול,green,x,0,Image_certainty//image35_alemnt8.jpg,8.jpg,two_down_left,one_up_right,widespread,certainty,,,,,,,,,0,55,55,35,1436.58252,1436.782328,x,1,1436.58252,None,0.7587847,0,0,1,0,0,0.6307584,polygon,1434.449311,None,,,,,,,,,,,1438.412252,1447.400598,1447.413406,None,32,1,2022_Jan_04_1459,untitled_1,2020.2.6,59.83602536
כחול,green,x,0,Image_certainty//image95_alemnt9.jpg,9.jpg,two_up_left,two_down_right,widespread,certainty,,,,,,,,,0,56,56,95,1449.447045,1449.646594,None,0,1449.447045,None,,0,0,1,0,0,0.0485358,polygon,1447.913375,None,TRUE,4.3703762,4.3737336,0.707407407,-0.243518519,1,0,0,4.3703762,two_down_right,1451.679098,None,1456.013514,None,32,1,2022_Jan_04_1459,untitled_1,2020.2.6,59.83602536
ירוק,green,x,1,Image_certainty//image184_alemnt14.jpg,14.jpg,one_up_left,two_middle_right,widespread,certainty,,,,,,,,,0,57,57,184,1458.429407,1458.629292,x,1,1458.429407,None,0.7162107,0,0,1,0,0,0.4158219,polygon,1456.513108,None,TRUE,4.3550343,4.3586928,0.537037037,-0.043518519,1,0,0,4.3550343,two_middle_right,1460.20942,None,1464.516471,None,32,1,2022_Jan_04_1459,untitled_1,2020.2.6,59.83602536
כחול,green,x,0,Image_certainty//image11_alemnt7.jpg,7.jpg,two_middle_left,one_middle_right,infrequent,certainty,,,,,,,,,0,58,58,11,1466.944879,1467.145027,x,1,1466.944879,None,0.8177403,0,0,1,0,0,0.4143783,polygon,1465.028668,None,TRUE,2.2892509,2.2919313,0.390740741,0.021296296,1,0,0,2.2892509,one_middle_right,1468.841621,None,1471.079649,None,32,1,2022_Jan_04_1459,untitled_1,2020.2.6,59.83602536
אדום,red,z,1,Image_certainty//image180_alemnt12.jpg,12.jpg,one_up_left,one_middle_right,widespread,certainty,,,,,,,,,0,59,59,180,1473.44449,1473.644223,z,1,1473.44449,None,0.6353233,0,0,1,0,0,0.348858,polygon,1471.594478,None,TRUE,4.4024249,4.404161,0.349074074,-0.012037037,1,0,0,4.4024249,one_middle_right,1475.153685,None,1479.509342,None,32,1,2022_Jan_04_1459,untitled_1,2020.2.6,59.83602536
כחול,green,x,0,Image_certainty//image29_alemnt13.jpg,13.jpg,one_middle_left,one_up_right,widespread,certainty,,,,,,,,,0,60,60,29,1482.093256,1482.293049,x,1,1482.093256,None,0.6516591,0,0,1,0,0,0.5952677,polygon,1480.009743,None,,,,,,,,,,,1483.821301,1492.794355,1492.824825,None,32,1,2022_Jan_04_1459,untitled_1,2020.2.6,59.83602536
כחול,blue,c,1,Image_certainty//image167_alemnt8.jpg,8.jpg,two_down_left,one_middle_right,widespread,certainty,,,,,,,,,0,61,61,167,1496.69152,1496.891168,c,1,1496.69152,None,0.8797423,0.001851852,0.008333333,1,0,0,1.8783187,polygon,1493.324932,None,TRUE,2.9023135,2.904508,0.401851852,-0.008333333,1,0,0,2.9023135,one_middle_right,1498.636467,None,1501.491113,None,32,1,2022_Jan_04_1459,untitled_1,2020.2.6,59.83602536
ירוק,green,x,1,Image_certainty//image148_alemnt13.jpg,13.jpg,one_middle_left,two_up_right,widespread,certainty,,,,,,,,,0,62,62,148,1503.840258,1504.040265,x,1,1503.840258,None,0.6395666,0,0,1,0,0,0.3480325,polygon,1501.990535,None,TRUE,7.7844178,7.7847271,0.597222222,0.273148148,1,0,0,7.7844178,two_up_right,1505.545617,None,1513.288458,None,32,1,2022_Jan_04_1459,untitled_1,2020.2.6,59.83602536
ירוק,green,x,1,Image_certainty//image106_alemnt5.jpg,5.jpg,one_down_left,three_middle_right,infrequent,certainty,,,,,,,,,0,63,63,106,1515.722276,1515.921722,x,1,1515.722276,None,0.6814114,0,0,1,0,0,0.4307064,polygon,1513.788746,None,TRUE,6.0380486,6.0420387,0.713888889,0.052777778,1,0,0,6.0380486,three_middle_right,1517.466857,None,1523.460497,None,32,1,2022_Jan_04_1459,untitled_1,2020.2.6,59.83602536
אדום,blue,c,0,Image_certainty//image37_alemnt13.jpg,13.jpg,two_down_left,one_up_right,widespread,certainty,,,,,,,,,0,64,64,37,1525.920987,1526.120702,c,1,1525.920987,None,1.0280719,0,0,1,0,0,0.4498643,polygon,1523.970688,None,TRUE,4.5706621,4.571504,0.360185185,0.150925926,1,0,0,4.5706621,one_up_right,1528.018166,None,1532.537076,None,32,1,2022_Jan_04_1459,untitled_1,2020.2.6,59.83602536
כחול,red,z,0,Image_certainty//image52_alemnt13.jpg,13.jpg,one_middle_left,two_middle_right,widespread,certainty,,,,,,,,,0,65,65,52,1535.519747,1535.719476,z,1,1535.519747,None,0.6962127,0,0,1,0,0,0.9831061,polygon,1533.036083,None,TRUE,4.2240574,4.2272704,0.599074074,-0.019444444,1,0,0,4.2240574,two_middle_right,1537.283126,None,1541.458121,None,32,1,2022_Jan_04_1459,untitled_1,2020.2.6,59.83602536
אדום,blue,c,0,Image_certainty//image73_alemnt10.jpg,10.jpg,two_down_left,one_down_right,widespread,certainty,,,,,,,,,0,66,66,73,1545.868221,1546.06763,c,1,1545.868221,None,0.876076,0,0.005555556,1,0,0,2.3977971,polygon,1541.968596,None,TRUE,3.9386101,3.9444624,0.45,-0.200925926,1,0,0,3.9386101,one_down_right,1547.817705,None,1551.708435,None,32,1,2022_Jan_04_1459,untitled_1,2020.2.6,59.83602536
כחול,blue,c,1,Image_certainty//image173_alemnt12.jpg,12.jpg,two_up_left,three_middle_right,widespread,certainty,,,,,,,,,0,67,67,173,1554.100699,1554.300528,c,1,1554.100699,None,1.0047198,0,0,1,0,0,0.3836241,polygon,1552.217315,None,TRUE,5.321665,5.3260813,0.723148148,0.086111111,1,0,0,5.321665,three_middle_right,1556.180416,None,1561.456259,None,32,1,2022_Jan_04_1459,untitled_1,2020.2.6,59.83602536
ירוק,red,z,0,Image_certainty//image92_alemnt10.jpg,10.jpg,one_down_left,two_middle_right,widespread,certainty,,,,,,,,,0,68,68,92,1564.432625,1564.632339,None,0,1564.432625,None,,0,0,1,0,0,0.9679844,polygon,1561.965875,None,TRUE,3.1082109,3.1119999,0.573148148,-0.062962963,1,0,0,3.1082109,two_middle_right,1566.67257,None,1569.740911,None,32,1,2022_Jan_04_1459,untitled_1,2020.2.6,59.83602536
כחול,blue,c,1,Image_certainty//image128_alemnt13.jpg,13.jpg,two_up_left,three_middle_right,widespread,certainty,,,,,,,,,0,69,69,128,1572.4313,1572.631397,c,1,1572.4313,None,1.0512012,0,0,1,0,0,0.680931,polygon,1570.248274,None,TRUE,3.9693719,3.9718586,0.713888889,0.066666667,1,0,0,3.9693719,three_middle_right,1574.546235,None,1578.464011,None,32,1,2022_Jan_04_1459,untitled_1,2020.2.6,59.83602536
ירוק,green,x,1,Image_certainty//image169_alemnt11.jpg,11.jpg,one_middle_left,one_up_right,widespread,certainty,,,,,,,,,0,70,70,169,1580.913741,1581.113605,x,1,1580.913741,None,0.7991783,0,0,1,0,0,0.4523418,polygon,1578.963757,None,TRUE,4.5724589,4.5728565,0.392592593,0.17962963,1,0,0,4.5724589,one_up_right,1582.771857,None,1587.295462,None,32,1,2022_Jan_04_1459,untitled_1,2020.2.6,59.83602536
אדום,green,x,0,Image_certainty//image6_alemnt7.jpg,7.jpg,three_middle_left,three_middle_right,infrequent,certainty,,,,,,,,,0,71,71,6,1590.095981,1590.295847,x,1,1590.095981,None,0.8760505,0,0,1,0,0,0.7984809,polygon,1587.796061,None,TRUE,1.6030137,1.6057921,0.735185185,0.065740741,1,0,0,1.6030137,three_middle_right,1592.041722,None,1593.595345,None,32,1,2022_Jan_04_1459,untitled_1,2020.2.6,59.83602536
ירוק,blue,c,0,Image_certainty//image81_alemnt14.jpg,14.jpg,three_middle_left,one_down_right,widespread,certainty,,,,,,,,,0,72,72,81,1596.478338,1596.678292,c,1,1596.478338,None,1.0361731,0,0,1,0,0,0.8957539,polygon,1594.095204,None,TRUE,1.7233246,1.7279031,0.467592593,-0.222222222,1,0,0,1.7233246,one_down_right,1598.583327,None,1600.267169,None,32,1,2022_Jan_04_1459,untitled_1,2020.2.6,59.83602536
כחול,blue,c,1,Image_certainty//image179_alemnt12.jpg,12.jpg,two_middle_left,one_down_right,widespread,certainty,,,,,,,,,0,73,73,179,1602.677659,1602.877423,c,1,1602.677659,None,0.6957782,0,0,1,0,0,0.3975643,polygon,1600.777626,None,TRUE,2.5717388,2.5769383,0.475925926,-0.234259259,1,0,0,2.5717388,one_down_right,1604.432121,None,1606.966489,None,32,1,2022_Jan_04_1459,untitled_1,2020.2.6,59.83602536
אדום,green,x,0,Image_certainty//image0_alemnt7.jpg,7.jpg,one_down_left,two_up_right,infrequent,certainty,,,,,,,,,0,74,74,0,1609.676792,1609.876442,x,1,1609.676792,None,0.8302523,0,0,1,0,0,0.6979578,polygon,1607.47678,None,TRUE,8.3045521,8.3047812,0.632407407,0.238888889,1,0,0,8.3045521,two_up_right,1611.572448,None,1619.824976,None,32,1,2022_Jan_04_1459,untitled_1,2020.2.6,59.83602536
אדום,green,x,0,Image_certainty//image42_alemnt12.jpg,12.jpg,two_up_left,one_up_right,widespread,certainty,,,,,,,,,0,75,75,42,1623.241419,1623.441329,x,1,1623.241419,None,0.7012401,0.005555556,0.003703704,1,0,0,1.414517,polygon,1620.325154,None,TRUE,4.7683499,4.7689581,0.406481481,0.230555556,1,0,0,4.7683499,one_up_right,1625.002808,None,1629.723355,None,32,1,2022_Jan_04_1459,untitled_1,2020.2.6,59.83602536
כחול,blue,c,1,Image_certainty//image140_alemnt11.jpg,11.jpg,one_up_left,two_up_right,widespread,certainty,,,,,,,,,0,76,76,140,1632.223735,1632.423537,c,1,1632.223735,None,0.7002587,0,0,1,0,0,0.4974232,polygon,1630.223855,None,TRUE,5.9370806,5.9375826,0.599074074,0.239814815,1,0,0,5.9370806,two_up_right,1633.987733,None,1639.872087,None,32,1,2022_Jan_04_1459,untitled_1,2020.2.6,59.83602536
אדום,blue,c,0,Image_certainty//image79_alemnt13.jpg,13.jpg,one_down_left,one_up_right,widespread,certainty,,,,,,,,,0,77,77,79,1642.322492,1642.522266,c,1,1642.322492,None,0.8654065,0,0,1,0,0,0.448125,polygon,1640.372556,None,TRUE,4.5880069,4.5889387,0.376851852,0.183333333,1,0,0,4.5880069,one_up_right,1644.252211,None,1648.789094,None,32,1,2022_Jan_04_1459,untitled_1,2020.2.6,59.83602536
אדום,green,x,0,Image_certainty//image66_alemnt11.jpg,11.jpg,one_up_left,two_up_right,widespread,certainty,,,,,,,,,0,78,78,66,1651.238003,1651.437503,x,1,1651.238003,None,0.8516519,0,0,1,0,0,0.4312547,polygon,1649.304758,None,TRUE,4.6010184,4.6012921,0.583333333,0.210185185,1,0,0,4.6010184,two_up_right,1653.154082,None,1657.719581,None,32,1,2022_Jan_04_1459,untitled_1,2020.2.6,59.83602536
אדום,red,z,1,Image_certainty//image123_alemnt13.jpg,13.jpg,one_up_left,one_down_right,widespread,certainty,,,,,,,,,0,79,79,123,1660.420145,1660.619965,z,1,1660.420145,None,0.7905447,0,0,1,0,0,0.6980479,polygon,1658.220223,None,TRUE,3.2524716,3.2553096,0.449074074,-0.183333333,1,0,0,3.2524716,one_down_right,1662.282147,None,1665.485238,None,32,1,2022_Jan_04_1459,untitled_1,2020.2.6,59.83602536
כחול,red,z,0,Image_certainty//image70_alemnt14.jpg,14.jpg,two_down_left,one_middle_right,widespread,certainty,,,,,,,,,0,80,80,70,1668.319241,1668.51886,None,0,1668.319241,None,,0,0,1,0,0,0.8304758,polygon,1665.985919,None,TRUE,1.9914511,1.9949546,0.424074074,-0.034259259,1,0,0,1.9914511,one_middle_right,1670.5656,None,1672.510089,None,32,1,2022_Jan_04_1459,untitled_1,2020.2.6,59.83602536
ירוק,green,x,1,Image_certainty//image151_alemnt13.jpg,13.jpg,two_middle_left,one_down_right,widespread,certainty,,,,,,,,,0,81,81,151,1674.984935,1675.184826,x,1,1674.984935,None,0.7389096,0,0,1,0,0,0.4633193,polygon,1673.018314,None,TRUE,3.120096,3.1216361,0.478703704,-0.22962963,1,0,0,3.120096,one_down_right,1676.793182,None,1679.86683,None,32,1,2022_Jan_04_1459,untitled_1,2020.2.6,59.83602536
כחול,red,z,0,Image_certainty//image28_alemnt10.jpg,10.jpg,one_down_left,two_down_right,widespread,certainty,,,,,,,,,0,82,82,28,1682.383925,1682.583575,None,0,1682.383925,None,,0,0,1,0,0,0.5140761,polygon,1680.367315,None,TRUE,5.8040198,5.8084682,0.691666667,-0.237962963,1,0,0,5.8040198,two_down_right,1684.627418,None,1690.386578,None,32,1,2022_Jan_04_1459,untitled_1,2020.2.6,59.83602536
אדום,red,z,1,Image_certainty//image150_alemnt13.jpg,13.jpg,one_down_left,two_down_right,widespread,certainty,,,,,,,,,0,83,83,150,1692.749318,1692.949051,z,1,1692.749318,None,0.6617973,0,0,1,0,0,0.3474634,polygon,1690.899258,None,TRUE,2.8199752,2.823629,0.72037037,-0.234259259,1,0,0,2.8199752,two_down_right,1694.477334,None,1697.249903,None,32,1,2022_Jan_04_1459,untitled_1,2020.2.6,59.83602536
כחול,red,z,0,Image_certainty//image10_alemnt6.jpg,6.jpg,two_middle_left,three_middle_right,infrequent,certainty,,,,,,,,,0,84,84,10,1699.898354,1700.098208,z,1,1699.898354,None,0.8449644,0,0,1,0,0,0.6307259,polygon,1697.765103,None,,,,,,,,,,,1701.80669,1710.799447,1710.813257,None,32,1,2022_Jan_04_1459,untitled_1,2020.2.6,59.83602536
ירוק,blue,c,0,Image_certainty//image57_alemnt13.jpg,13.jpg,two_down_left,two_middle_right,widespread,certainty,,,,,,,,,0,85,85,57,1712.86335,1713.062871,c,1,1712.86335,None,0.8581007,0,0,1,0,0,0.0473885,polygon,1711.313509,None,TRUE,3.5197095,3.5222233,0.565740741,-0.096296296,1,0,0,3.5197095,two_middle_right,1714.778655,None,1718.263391,None,32,1,2022_Jan_04_1459,untitled_1,2020.2.6,59.83602536
ירוק,red,z,0,Image_certainty//image68_alemnt14.jpg,14.jpg,one_down_left,two_down_right,widespread,certainty,,,,,,,,,0,86,86,68,1720.895371,1721.095403,z,1,1720.895371,None,0.7624063,0,0,1,0,0,0.6454151,polygon,1718.762391,None,TRUE,8.3878866,8.3922404,0.674074074,-0.235185185,1,0,0,8.3878866,two_down_right,1722.728806,None,1731.06505,None,32,1,2022_Jan_04_1459,untitled_1,2020.2.6,59.83602536
ירוק,red,z,0,Image_certainty//image44_alemnt11.jpg,11.jpg,two_middle_left,one_up_right,widespread,certainty,,,,,,,,,0,87,87,44,1733.560667,1733.760038,z,1,1733.560667,None,1.0662248,0,0,1,0,0,0.4803088,polygon,1731.57739,None,TRUE,2.7376792,2.7385891,0.401851852,0.159259259,1,0,0,2.7376792,one_up_right,1735.693255,None,1738.377196,None,32,1,2022_Jan_04_1459,untitled_1,2020.2.6,59.83602536
ירוק,blue,c,0,Image_certainty//image15_alemnt3.jpg,3.jpg,three_middle_left,two_down_right,infrequent,certainty,,,,,,,,,0,88,88,15,1741.392965,1741.592055,c,1,1741.392965,None,0.8874477,0,0,1,0,0,1.0139924,polygon,1738.876444,None,TRUE,,4.1880593,,,,,,,,1743.355289,None,1747.491417,None,32,1,2022_Jan_04_1459,untitled_1,2020.2.6,59.83602536
אדום,green,x,0,Image_certainty//image36_alemnt10.jpg,10.jpg,three_middle_left,three_middle_right,widespread,certainty,,,,,,,,,0,89,89,36,1750.475083,1750.674816,x,1,1750.475083,None,0.8396573,0,0,1,0,0,0.9805361,polygon,1747.991955,None,TRUE,1.7515569,1.7531041,0.736111111,0.073148148,1,0,0,1.7515569,three_middle_right,1752.389363,None,1754.09044,None,32,1,2022_Jan_04_1459,untitled_1,2020.2.6,59.83602536
אדום,red,z,1,Image_certainty//image126_alemnt9.jpg,9.jpg,two_down_left,one_middle_right,widespread,certainty,,,,,,,,,0,90,90,126,1756.67399,1756.874087,z,1,1756.67399,None,0.6983746,0,0,1,0,0,0.5805738,polygon,1754.591065,None,TRUE,5.8377056,5.8386794,0.360185185,0.007407407,1,0,0,5.8377056,one_middle_right,1758.429324,None,1764.222624,None,32,1,2022_Jan_04_1459,untitled_1,2020.2.6,59.83602536
אדום,blue,c,0,Image_certainty//image13_alemnt2.jpg,2.jpg,two_up_left,one_down_right,infrequent,certainty,,,,,,,,,0,91,91,13,1766.789716,1766.989416,c,1,1766.789716,None,1.0045251,0,0,1,0,0,0.56435,polygon,1764.723113,None,,,,,,,,,,,1768.868167,1777.857912,1777.87087,None,32,1,2022_Jan_04_1459,untitled_1,2020.2.6,59.83602536
ירוק,red,z,0,Image_certainty//image98_alemnt13.jpg,13.jpg,three_middle_left,two_down_right,widespread,certainty,,,,,,,,,0,92,92,98,1782.704415,1782.904117,z,1,1782.704415,None,0.9863253,-0.007407407,0.012962963,1,0,0,1.7473958,polygon,1778.371028,None,TRUE,4.7565148,4.7620808,0.741666667,-0.225,1,0,0,4.7565148,two_down_right,1784.763692,None,1789.478079,None,32,1,2022_Jan_04_1459,untitled_1,2020.2.6,59.83602536
כחול,blue,c,1,Image_certainty//image113_alemnt2.jpg,2.jpg,one_up_left,two_up_right,infrequent,certainty,,,,,,,,,0,93,93,113,1791.95308,1792.15295,c,1,1791.95308,None,1.023767,0,0,1,0,0,0.4642065,polygon,1789.986457,None,TRUE,3.2856847,3.2860682,0.599074074,0.197222222,1,0,0,3.2856847,two_up_right,1794.051669,None,1797.285093,None,32,1,2022_Jan_04_1459,untitled_1,2020.2.6,59.83602536
ירוק,red,z,0,Image_certainty//image74_alemnt8.jpg,8.jpg,two_up_left,three_middle_right,widespread,certainty,,,,,,,,,0,94,94,74,1799.618752,1799.818505,z,1,1799.618752,None,0.8494407,0,0,1,0,0,0.3451697,polygon,1797.785465,None,TRUE,8.2190598,8.2211926,0.719444444,0.035185185,1,0,0,8.2190598,three_middle_right,1801.516009,None,1809.700398,None,32,1,2022_Jan_04_1459,untitled_1,2020.2.6,59.83602536
אדום,red,z,1,Image_certainty//image135_alemnt12.jpg,12.jpg,two_middle_left,one_middle_right,widespread,certainty,,,,,,,,,0,95,95,135,1812.233833,1812.433622,z,1,1812.233833,None,0.755987,0,0,1,0,0,0.5295068,polygon,1810.200282,None,TRUE,2.0901505,2.0934376,0.40462963,-0.025,1,0,0,2.0901505,one_middle_right,1814.060224,None,1816.104857,None,32,1,2022_Jan_04_1459,untitled_1,2020.2.6,59.83602536
כחול,blue,c,1,Image_certainty//image176_alemnt9.jpg,9.jpg,two_middle_left,one_down_right,widespread,certainty,,,,,,,,,0,96,96,176,1818.832979,1819.03232,None,0,1818.832979,None,,0,0,1,0,0,0.7140942,polygon,1816.616346,None,FALSE,5.4059344,5.406591,0.617592593,0.20462963,1,0,0,5.4059344,two_up_right,1821.080227,None,1826.434673,None,32,1,2022_Jan_04_1459,untitled_1,2020.2.6,59.83602536
ירוק,green,x,1,Image_certainty//image160_alemnt8.jpg,8.jpg,two_down_left,two_up_right,widespread,certainty,,,,,,,,,0,97,97,160,1829.448211,1829.64788,None,0,1829.448211,None,,0,0,1,0,0,0.9975799,polygon,1826.948346,None,TRUE,5.0354154,5.0357186,0.571296296,0.212962963,1,0,0,5.0354154,two_up_right,1831.691948,None,1836.67981,None,32,1,2022_Jan_04_1459,untitled_1,2020.2.6,59.83602536
ירוק,blue,c,0,Image_certainty//image69_alemnt14.jpg,14.jpg,one_middle_left,two_down_right,widespread,certainty,,,,,,,,,0,98,98,69,1839.113291,1839.31337,c,1,1839.113291,None,0.9649512,0,0,1,0,0,0.4354909,polygon,1837.179915,None,TRUE,4.2387332,4.2444959,0.683333333,-0.189814815,1,0,0,4.2387332,two_down_right,1841.139877,None,1845.336707,None,32,1,2022_Jan_04_1459,untitled_1,2020.2.6,59.83602536
אדום,blue,c,0,Image_certainty//image97_alemnt8.jpg,8.jpg,one_middle_left,three_middle_right,widespread,certainty,,,,,,,,,0,99,99,97,1847.912415,1848.112321,c,1,1847.912415,None,0.9691242,0,0,1,0,0,0.5791772,polygon,1845.845648,None,TRUE,3.371753,3.3729782,0.686111111,0.047222222,1,0,0,3.371753,three_middle_right,1849.957129,None,1853.27771,None,32,1,2022_Jan_04_1459,untitled_1,2020.2.6,59.83602536
ירוק,blue,c,0,Image_certainty//image21_alemnt14.jpg,14.jpg,one_down_left,one_middle_right,widespread,certainty,,,,,,,,,0,100,100,21,1855.811218,1856.011156,None,0,1855.811218,None,,0,0,1,0,0,0.5293186,polygon,1853.778045,None,TRUE,1.7344896,1.7356862,0.416666667,0.003703704,1,0,0,1.7344896,one_middle_right,1858.058554,None,1859.743493,None,32,1,2022_Jan_04_1459,untitled_1,2020.2.6,59.83602536
כחול,blue,c,1,Image_certainty//image149_alemnt11.jpg,11.jpg,one_middle_left,three_middle_right,widespread,certainty,,,,,,,,,0,101,101,149,1862.493631,1862.693713,c,1,1862.493631,None,0.8485635,0,0,1,0,0,0.7496319,polygon,1860.244043,None,FALSE,4.6713181,4.6750258,0.585185185,-0.066666667,1,0,0,4.6713181,two_middle_right,1864.399682,None,1869.030521,None,32,1,2022_Jan_04_1459,untitled_1,2020.2.6,59.83602536
כחול,green,x,0,Image_certainty//image89_alemnt13.jpg,13.jpg,two_up_left,three_middle_right,widespread,certainty,,,,,,,,,0,102,102,89,1872.775905,1872.975746,x,1,1872.775905,None,0.7957192,-0.00462963,0.009259259,1,0,0,1.7344854,polygon,1869.542625,None,TRUE,3.3357355,3.3378179,0.72962963,0.028703704,1,0,0,3.3357355,three_middle_right,1874.639332,None,1877.924376,None,32,1,2022_Jan_04_1459,untitled_1,2020.2.6,59.83602536
כחול,blue,c,1,Image_certainty//image182_alemnt9.jpg,9.jpg,one_up_left,two_middle_right,widespread,certainty,,,,,,,,,0,103,103,182,1880.408259,1880.607931,c,1,1880.408259,None,0.9774579,0,0,1,0,0,0.4803543,polygon,1878.424969,None,TRUE,5.2046753,5.2072783,0.59537037,-0.052777778,1,0,0,5.2046753,two_middle_right,1882.455741,None,1887.609506,None,32,1,2022_Jan_04_1459,untitled_1,2020.2.6,59.83602536
ירוק,green,x,1,Image_certainty//image127_alemnt14.jpg,14.jpg,one_up_left,two_middle_right,widespread,certainty,,,,,,,,,0,104,104,127,1890.573567,1890.773108,x,1,1890.573567,None,0.8303525,0,0,1,0,0,0.9471232,polygon,1888.123433,None,TRUE,3.6042651,3.6053072,0.569444444,-0.07037037,1,0,0,3.6042651,two_middle_right,1892.468906,None,1896.021958,None,32,1,2022_Jan_04_1459,untitled_1,2020.2.6,59.83602536
כחול,blue,c,1,Image_certainty//image119_alemnt6.jpg,6.jpg,two_middle_left,one_down_right,infrequent,certainty,,,,,,,,,0,105,105,119,1898.839198,1899.038644,c,1,1898.839198,None,0.8829898,0,0,1,0,0,0.8175857,polygon,1896.522535,None,TRUE,2.1726305,2.1767974,0.402777778,-0.230555556,1,0,0,2.1726305,one_down_right,1900.784449,None,1902.910155,None,32,1,2022_Jan_04_1459,untitled_1,2020.2.6,59.83602536
אדום,red,z,1,Image_certainty//image174_alemnt10.jpg,10.jpg,one_down_left,three_middle_right,widespread,certainty,,,,,,,,,0,106,106,174,1905.52186,1905.721462,z,1,1905.52186,None,0.6780396,0,0,1,0,0,0.6000626,polygon,1903.421746,None,TRUE,5.2553484,5.2594641,0.75462963,0.072222222,1,0,0,5.2553484,three_middle_right,1907.255533,None,1912.476204,None,32,1,2022_Jan_04_1459,untitled_1,2020.2.6,59.83602536
אדום,blue,c,0,Image_certainty//image25_alemnt8.jpg,8.jpg,two_middle_left,one_down_right,widespread,certainty,,,,,,,,,0,107,107,25,1915.053727,1915.253326,c,1,1915.053727,None,1.0176659,0,0,1,0,0,0.5642418,polygon,1912.987235,None,TRUE,7.0210769,7.0243097,0.437037037,-0.211111111,1,0,0,7.0210769,one_down_right,1917.136478,None,1924.105303,None,32,1,2022_Jan_04_1459,untitled_1,2020.2.6,59.83602536
כחול,blue,c,1,Image_certainty//image152_alemnt14.jpg,14.jpg,one_middle_left,one_middle_right,widespread,certainty,,,,,,,,,0,108,108,152,1926.568888,1926.768692,c,1,1926.568888,None,0.7038155,0,0,1,0,0,0.46184,polygon,1924.618924,None,TRUE,1.7202988,1.7214316,0.37962963,-0.005555556,1,0,0,1.7202988,one_middle_right,1928.330903,None,1930.017688,None,32,1,2022_Jan_04_1459,untitled_1,2020.2.6,59.83602536
אדום,red,z,1,Image_certainty//image177_alemnt11.jpg,11.jpg,two_down_left,three_middle_right,widespread,certainty,,,,,,,,,0,109,109,177,1932.501582,1932.701333,z,1,1932.501582,None,0.6932412,0,0,1,0,0,0.4836438,polygon,1930.517888,None,TRUE,3.8865198,3.8892609,0.698148148,0.038888889,1,0,0,3.8865198,three_middle_right,1934.253826,None,1938.101898,None,32,1,2022_Jan_04_1459,untitled_1,2020.2.6,59.83602536
כחול,red,z,0,Image_certainty//image16_alemnt4.jpg,4.jpg,one_middle_left,two_up_right,infrequent,certainty,,,,,,,,,0,110,110,16,1940.55047,1940.750208,z,1,1940.55047,None,0.6526851,0,0,1,0,0,0.4302007,polygon,1938.617161,None,TRUE,4.2556246,4.2558409,0.576851852,0.194444444,1,0,0,4.2556246,two_up_right,1942.278005,None,1946.4822,None,32,1,2022_Jan_04_1459,untitled_1,2020.2.6,59.83602536
ירוק,blue,c,0,Image_certainty//image45_alemnt9.jpg,9.jpg,one_down_left,three_middle_right,widespread,certainty,,,,,,,,,0,111,111,45,1948.932629,1949.132127,c,1,1948.932629,None,0.849575,0,0,1,0,0,0.4492922,polygon,1946.982742,None,TRUE,5.2715689,5.2743352,0.553703704,-0.29537037,1,0,0,1.3710548,three_middle_right,1950.844372,None,1956.068451,None,32,1,2022_Jan_04_1459,untitled_1,2020.2.6,59.83602536
כחול,blue,c,1,Image_certainty//image122_alemnt14.jpg,14.jpg,one_down_left,two_up_right,widespread,certainty,,,,,,,,,0,112,112,122,1958.814754,1959.014498,None,0,1958.814754,None,,0,0,1,0,0,0.7312421,polygon,1956.581506,None,TRUE,3.2545481,3.2550376,0.590740741,0.214814815,1,0,0,3.2545481,two_up_right,1961.059568,None,1964.264664,None,32,1,2022_Jan_04_1459,untitled_1,2020.2.6,59.83602536
ירוק,green,x,1,Image_certainty//image145_alemnt12.jpg,12.jpg,two_down_left,two_down_right,widespread,certainty,,,,,,,,,0,113,113,145,1967.180345,1967.380099,None,0,1967.180345,None,,0,0,1,0,0,0.9138437,polygon,1964.763706,None,TRUE,5.8700137,5.8737102,0.75,-0.24537037,1,0,0,5.8700137,two_down_right,1969.426277,None,1975.247793,None,32,1,2022_Jan_04_1459,untitled_1,2020.2.6,59.83602536
אדום,red,z,1,Image_certainty//image129_alemnt8.jpg,8.jpg,one_middle_left,three_middle_right,widespread,certainty,,,,,,,,,0,114,114,129,1979.395428,1979.595151,z,1,1979.395428,None,0.7449621,0,0,1,0,0,2.1497734,polygon,1975.762209,None,TRUE,5.1024658,5.1036593,0.715740741,0.044444444,1,0,0,5.1024658,three_middle_right,1981.203766,None,1986.260449,None,32,1,2022_Jan_04_1459,untitled_1,2020.2.6,59.83602536
כחול,blue,c,1,Image_certainty//image107_alemnt6.jpg,6.jpg,two_middle_left,two_up_right,infrequent,certainty,,,,,,,,,0,115,115,107,1988.877427,1989.077248,None,0,1988.877427,None,,0,0,1,0,0,0.6150065,polygon,1986.761025,None,TRUE,2.6508826,2.6511099,0.578703704,0.223148148,1,0,0,2.6508826,two_up_right,1991.124173,None,1993.726059,None,32,1,2022_Jan_04_1459,untitled_1,2020.2.6,59.83602536
אדום,red,z,1,Image_certainty//image198_alemnt9.jpg,9.jpg,one_up_left,one_middle_right,widespread,certainty,,,,,,,,,0,116,116,198,1996.376269,1996.576293,z,1,1996.376269,None,0.5995267,0,0,1,0,0,0.6499196,polygon,1994.226631,None,TRUE,4.6200826,4.6218654,0.405555556,0.015740741,1,0,0,4.6200826,one_middle_right,1998.030366,None,2002.608733,None,32,1,2022_Jan_04_1459,untitled_1,2020.2.6,59.83602536
ירוק,green,x,1,Image_certainty//image118_alemnt6.jpg,6.jpg,one_up_left,one_up_right,infrequent,certainty,,,,,,,,,0,117,117,118,2005.541935,2005.74185,x,1,2005.541935,None,0.7299029,0,0,1,0,0,0.9325949,polygon,2003.108747,None,TRUE,5.5709701,5.5721657,0.375,0.176851852,1,0,0,5.5709701,one_up_right,2007.338164,None,2012.860028,None,32,1,2022_Jan_04_1459,untitled_1,2020.2.6,59.83602536
ירוק,green,x,1,Image_certainty//image130_alemnt11.jpg,11.jpg,three_middle_left,two_down_right,widespread,certainty,,,,,,,,,0,118,118,130,2016.09074,2016.290394,x,1,2016.09074,None,0.656311,0,0,1,0,0,1.2147622,polygon,2013.374119,None,,,,,,,,,,,2017.807275,2026.791845,2026.80524,None,32,1,2022_Jan_04_1459,untitled_1,2020.2.6,59.83602536
ירוק,blue,c,0,Image_certainty//image39_alemnt12.jpg,12.jpg,one_middle_left,one_middle_right,widespread,certainty,,,,,,,,,0,119,119,39,2029.588877,2029.788625,c,1,2029.588877,None,0.9533132,-0.001851852,-0.000925926,1,0,0,0.7834313,polygon,2027.305505,None,TRUE,,1.8408789,,,,,,,,2031.614542,None,2033.405013,None,32,1,2022_Jan_04_1459,untitled_1,2020.2.6,59.83602536
כחול,red,z,0,Image_certainty//image64_alemnt10.jpg,10.jpg,one_up_left,three_middle_right,widespread,certainty,,,,,,,,,0,120,120,64,2035.788074,2035.987937,z,1,2035.788074,None,0.6180975,0,0,1,0,0,0.3807607,polygon,2033.904777,None,TRUE,2.9718214,2.9745992,0.747222222,0.074074074,1,0,0,2.9718214,three_middle_right,2037.471973,None,2040.406743,None,32,1,2022_Jan_04_1459,untitled_1,2020.2.6,59.83602536
אדום,blue,c,0,Image_certainty//image19_alemnt4.jpg,4.jpg,one_middle_left,two_middle_right,infrequent,certainty,,,,,,,,,0,121,121,19,2043.003979,2043.203368,c,1,2043.003979,None,0.9327578,0,0,1,0,0,0.5833998,polygon,2040.920413,None,TRUE,5.9210943,5.9236834,0.560185185,-0.050925926,1,0,0,5.9210943,two_middle_right,2045.012861,None,2050.887866,None,32,1,2022_Jan_04_1459,untitled_1,2020.2.6,59.83602536
אדום,green,x,0,Image_certainty//image78_alemnt10.jpg,10.jpg,one_middle_left,two_up_right,widespread,certainty,,,,,,,,,0,122,122,78,2055.819025,2056.018683,x,1,2055.819025,None,0.9839218,0,0,1,0,0,2.9142912,polygon,2051.402549,None,TRUE,3.23769,3.2382462,0.60462963,0.263888889,1,0,0,3.23769,two_up_right,2057.880635,None,2061.06826,None,32,1,2022_Jan_04_1459,untitled_1,2020.2.6,59.83602536
אדום,red,z,1,Image_certainty//image183_alemnt9.jpg,9.jpg,three_middle_left,two_down_right,widespread,certainty,,,,,,,,,0,123,123,183,2064.117685,2064.317576,z,1,2064.117685,None,0.7389461,0,0,1,0,0,1.0481588,polygon,2061.567815,None,TRUE,3.9883104,3.9910752,0.675925926,-0.231481481,1,0,0,3.9883104,two_down_right,2065.926221,None,2069.868872,None,32,1,2022_Jan_04_1459,untitled_1,2020.2.6,59.83602536
כחול,red,z,0,Image_certainty//image94_alemnt9.jpg,9.jpg,three_middle_left,two_down_right,widespread,certainty,,,,,,,,,0,124,124,94,2072.333128,2072.533037,z,1,2072.333128,None,0.742342,0,0,1,0,0,0.4495437,polygon,2070.383019,None,,,,,,,,,,,2074.140357,2083.135136,2083.147972,None,32,1,2022_Jan_04_1459,untitled_1,2020.2.6,59.83602536
ירוק,red,z,0,Image_certainty//image32_alemnt9.jpg,9.jpg,two_up_left,one_down_right,widespread,certainty,,,,,,,,,0,125,125,32,2085.731631,2085.93133,z,1,2085.731631,None,0.7353963,0,0,1,0,0,0.5811922,polygon,2083.648031,None,TRUE,3.4208538,3.4254584,0.444444444,-0.244444444,1,0,0,3.4208538,one_down_right,2087.54247,None,2090.918869,None,32,1,2022_Jan_04_1459,untitled_1,2020.2.6,59.83602536
אדום,red,z,1,Image_certainty//image153_alemnt9.jpg,9.jpg,three_middle_left,two_middle_right,widespread,certainty,,,,,,,,,0,126,126,153,2093.430633,2093.630023,z,1,2093.430633,None,0.6070452,0,0,1,0,0,0.497415,polygon,2091.43056,None,TRUE,3.9860737,3.9880658,0.558333333,-0.072222222,1,0,0,3.9860737,two_middle_right,2095.110859,None,2099.045826,None,32,1,2022_Jan_04_1459,untitled_1,2020.2.6,59.83602536
אדום,blue,c,0,Image_certainty//image55_alemnt12.jpg,12.jpg,three_middle_left,one_middle_right,widespread,certainty,,,,,,,,,0,127,127,55,2101.479333,2101.679298,None,0,2101.479333,None,,0,0,1,0,0,0.4311821,polygon,2099.546193,None,,,,,,,,,,,2103.727189,None,2112.694297,None,32,1,2022_Jan_04_1459,untitled_1,2020.2.6,59.83602536
ירוק,blue,c,0,Image_certainty//image3_alemnt4.jpg,4.jpg,one_middle_left,one_up_right,infrequent,certainty,,,,,,,,,0,128,128,3,2115.260782,2115.460978,c,1,2115.260782,None,0.7148792,0,0,1,0,0,0.5660937,polygon,2113.194428,None,,,,,,,,,,,2117.038479,2126.028958,2126.042161,None,32,1,2022_Jan_04_1459,untitled_1,2020.2.6,59.83602536
ירוק,red,z,0,Image_certainty//image26_alemnt11.jpg,11.jpg,one_middle_left,two_down_right,widespread,certainty,,,,,,,,,0,129,129,26,2128.692421,2128.892001,z,1,2128.692421,None,0.7277903,0,0,1,0,0,0.6503572,polygon,2126.542399,None,TRUE,4.988569,4.9942089,0.737962963,-0.217592593,1,0,0,4.988569,two_down_right,2130.490873,None,2135.432376,None,32,1,2022_Jan_04_1459,untitled_1,2020.2.6,59.83602536
כחול,red,z,0,Image_certainty//image82_alemnt14.jpg,14.jpg,three_middle_left,two_down_right,widespread,certainty,,,,,,,,,0,130,130,82,2137.757881,2137.957926,z,1,2137.757881,None,0.6731825,0,0,1,0,0,0.3157455,polygon,2135.941524,None,TRUE,1.9717423,1.9765583,0.763888889,-0.223148148,1,0,0,1.9717423,two_down_right,2139.501256,None,2141.430007,None,32,1,2022_Jan_04_1459,untitled_1,2020.2.6,59.83602536
ירוק,blue,c,0,Image_certainty//image9_alemnt2.jpg,2.jpg,one_up_left,two_down_right,infrequent,certainty,,,,,,,,,0,131,131,9,2143.824027,2144.023501,c,1,2143.824027,None,0.8905502,0,0,1,0,0,0.3845964,polygon,2141.940778,None,TRUE,6.9564712,6.9580324,0.7,-0.271296296,1,0,0,6.9564712,two_down_right,2145.779881,None,2152.691721,None,32,1,2022_Jan_04_1459,untitled_1,2020.2.6,59.83602536
ירוק,red,z,0,Image_certainty//image62_alemnt11.jpg,11.jpg,two_down_left,two_middle_right,widespread,certainty,,,,,,,,,0,132,132,62,2155.089406,2155.288808,None,0,2155.089406,None,,0,0,1,0,0,0.3804695,polygon,2153.205954,None,TRUE,6.188142,6.1917003,0.575,-0.04537037,1,0,0,6.188142,two_middle_right,2157.333778,None,2163.475775,None,32,1,2022_Jan_04_1459,untitled_1,2020.2.6,59.83602536
אדום,green,x,0,Image_certainty//image24_alemnt13.jpg,13.jpg,three_middle_left,one_middle_right,widespread,certainty,,,,,,,,,0,133,133,24,2165.821239,2166.020898,x,1,2165.821239,None,0.9083074,0,0,1,0,0,0.3303203,polygon,2163.987888,None,TRUE,1.7887537,1.7920808,0.388888889,-0.011111111,1,0,0,1.7887537,one_middle_right,2167.800387,None,2169.541454,None,32,1,2022_Jan_04_1459,untitled_1,2020.2.6,59.83602536
ירוק,green,x,1,Image_certainty//image133_alemnt11.jpg,11.jpg,one_middle_left,two_up_right,widespread,certainty,,,,,,,,,0,134,134,133,2172.153673,2172.353099,x,1,2172.153673,None,0.614983,0,0,1,0,0,0.5980395,polygon,2170.053568,None,TRUE,8.3530908,8.3536416,0.549074074,0.210185185,1,0,0,8.3530908,two_up_right,2173.821084,None,2182.135512,None,32,1,2022_Jan_04_1459,untitled_1,2020.2.6,59.83602536
ירוק,green,x,1,Image_certainty//image112_alemnt3.jpg,3.jpg,one_down_left,two_up_right,infrequent,certainty,,,,,,,,,0,135,135,112,2185.835173,2186.034747,x,1,2185.835173,None,0.6039206,-0.001851852,0.003703704,1,0,0,1.6973606,polygon,2182.635277,None,TRUE,7.1041695,7.1045461,0.574074074,0.212962963,1,0,0,7.1041695,two_up_right,2187.509803,None,2194.56671,None,32,1,2022_Jan_04_1459,untitled_1,2020.2.6,59.83602536
אדום,green,x,0,Image_certainty//image90_alemnt12.jpg,12.jpg,three_middle_left,two_up_right,widespread,certainty,,,,,,,,,0,136,136,90,2197.00047,2197.200204,x,1,2197.00047,None,0.9033511,0,0,1,0,0,0.4311722,polygon,2195.066839,None,TRUE,6.4049621,6.4056306,0.612962963,0.238888889,1,0,0,6.4049621,two_up_right,2198.977523,None,2205.335725,None,32,1,2022_Jan_04_1459,untitled_1,2020.2.6,59.83602536
ירוק,green,x,1,Image_certainty//image157_alemnt8.jpg,8.jpg,one_middle_left,three_middle_right,widespread,certainty,,,,,,,,,0,137,137,157,2207.949095,2208.148407,x,1,2207.949095,None,0.6088078,0,0,1,0,0,0.6121537,polygon,2205.84912,None,TRUE,4.8204611,4.8240987,0.715740741,0.075,1,0,0,4.8204611,three_middle_right,2209.627697,None,2214.400938,None,32,1,2022_Jan_04_1459,untitled_1,2020.2.6,59.83602536
אדום,blue,c,0,Image_certainty//image85_alemnt14.jpg,14.jpg,two_down_left,three_middle_right,widespread,certainty,,,,,,,,,0,138,138,85,2216.814596,2217.014336,c,1,2216.814596,None,0.8782018,0,0,1,0,0,0.3966428,polygon,2214.914549,None,,,,,,,,,,,2218.758936,2227.732356,2227.762628,None,32,1,2022_Jan_04_1459,untitled_1,2020.2.6,59.83602536
כחול,blue,c,1,Image_certainty//image125_alemnt12.jpg,12.jpg,one_down_left,one_down_right,widespread,certainty,,,,,,,,,0,139,139,125,2230.212824,2230.412588,c,1,2230.212824,None,0.8463075,0,0,1,0,0,0.4479541,polygon,2228.262839,None,TRUE,2.1740433,2.1777809,0.444444444,-0.219444444,1,0,0,2.1740433,one_down_right,2232.118911,None,2234.251119,None,32,1,2022_Jan_04_1459,untitled_1,2020.2.6,59.83602536
אדום,red,z,1,Image_certainty//image108_alemnt2.jpg,2.jpg,one_down_left,one_up_right,infrequent,certainty,,,,,,,,,0,140,140,108,2236.645302,2236.844769,z,1,2236.645302,None,0.594856,0,0,1,0,0,0.3812377,polygon,2234.761757,None,,,,,,,,,,,2238.303614,2247.296575,2247.310054,None,32,1,2022_Jan_04_1459,untitled_1,2020.2.6,59.83602536
ירוק,green,x,1,Image_certainty//image193_alemnt12.jpg,12.jpg,three_middle_left,three_middle_right,widespread,certainty,,,,,,,,,0,141,141,193,2249.826927,2250.026793,x,1,2249.826927,None,0.6921786,0,0,1,0,0,0.5129149,polygon,2247.810346,None,TRUE,1.8045097,1.8081121,0.72962963,0.069444444,1,0,0,1.8045097,three_middle_right,2251.585977,None,2253.345888,None,32,1,2022_Jan_04_1459,untitled_1,2020.2.6,59.83602536
אדום,red,z,1,Image_certainty//image189_alemnt8.jpg,8.jpg,one_middle_left,one_middle_right,widespread,certainty,,,,,,,,,0,142,142,189,2255.759459,2255.958912,z,1,2255.759459,None,0.6893993,0,0,1,0,0,0.3989487,polygon,2253.859315,None,TRUE,2.3541238,2.3554069,0.369444444,0.015740741,1,0,0,2.3541238,one_middle_right,2257.521437,None,2259.824828,None,32,1,2022_Jan_04_1459,untitled_1,2020.2.6,59.83602536
ירוק,green,x,1,Image_certainty//image166_alemnt14.jpg,14.jpg,two_middle_left,one_middle_right,widespread,certainty,,,,,,,,,0,143,143,166,2262.325256,2262.525165,x,1,2262.325256,None,0.7532668,0,0,1,0,0,0.4999709,polygon,2260.325377,None,TRUE,1.9382596,1.9392783,0.392592593,-0.027777778,1,0,0,1.9382596,one_middle_right,2264.147227,None,2266.041104,None,32,1,2022_Jan_04_1459,untitled_1,2020.2.6,59.83602536
אדום,red,z,1,Image_certainty//image159_alemnt13.jpg,13.jpg,one_middle_left,two_middle_right,widespread,certainty,,,,,,,,,0,144,144,159,2268.674134,2268.874336,None,0,2268.674134,None,,0,0,1,0,0,0.6305828,polygon,2266.541239,None,TRUE,3.3201167,3.3223673,0.59537037,-0.046296296,1,0,0,3.3201167,two_middle_right,2270.910144,None,2274.189948,None,32,1,2022_Jan_04_1459,untitled_1,2020.2.6,59.83602536
כחול,green,x,0,Image_certainty//image5_alemnt2.jpg,2.jpg,two_down_left,two_down_right,infrequent,certainty,,,,,,,,,0,145,145,5,2276.573406,2276.772952,None,0,2276.573406,None,,0,0,1,0,0,0.3846042,polygon,2274.689818,None,TRUE,5.3218532,5.3273893,0.686111111,-0.230555556,1,0,0,5.3218532,two_down_right,2278.818705,None,2284.095563,None,32,1,2022_Jan_04_1459,untitled_1,2020.2.6,59.83602536
אדום,red,z,1,Image_certainty//image144_alemnt8.jpg,8.jpg,two_middle_left,two_down_right,widespread,certainty,,,,,,,,,0,146,146,144,2286.522133,2286.72173,z,1,2286.522133,None,0.8474712,0,0,1,0,0,0.4138391,polygon,2284.605276,None,TRUE,5.9022636,5.9056735,0.706481481,-0.255555556,1,0,0,5.9022636,two_down_right,2288.43157,None,2294.288147,None,32,1,2022_Jan_04_1459,untitled_1,2020.2.6,59.83602536
כחול,green,x,0,Image_certainty//image53_alemnt12.jpg,12.jpg,two_down_left,two_middle_right,widespread,certainty,,,,,,,,,0,147,147,53,2296.754188,2296.953643,x,1,2296.754188,None,0.632822,0,0,1,0,0,0.4633695,polygon,2294.787519,None,TRUE,1.6907027,1.6943701,0.537962963,-0.043518519,1,0,0,1.6907027,two_middle_right,2298.434965,None,2300.093408,None,32,1,2022_Jan_04_1459,untitled_1,2020.2.6,59.83602536
אדום,red,z,1,Image_certainty//image102_alemnt1.jpg,1.jpg,three_middle_left,two_middle_right,infrequent,certainty,,,,,,,,,0,148,148,102,2302.470124,2302.669916,z,1,2302.470124,None,0.6565709,0,0,1,0,0,0.3646614,polygon,2300.603499,None,TRUE,1.4031536,1.4057924,0.62037037,-0.044444444,1,0,0,1.4031536,two_middle_right,2304.191442,None,2305.553801,None,32,1,2022_Jan_04_1459,untitled_1,2020.2.6,59.83602536
ירוק,red,z,0,Image_certainty//image86_alemnt13.jpg,13.jpg,two_middle_left,one_up_right,widespread,certainty,,,,,,,,,0,149,149,86,2307.969141,2308.169028,None,0,2307.969141,None,,0,0,1,0,0,0.3975334,polygon,2306.069441,None,TRUE,6.7557258,6.7567891,0.381481481,0.17962963,1,0,0,6.7557258,one_up_right,2310.209742,None,2316.921777,None,32,1,2022_Jan_04_1459,untitled_1,2020.2.6,59.83602536
כחול,blue,c,1,Image_certainty//image104_alemnt3.jpg,3.jpg,three_middle_left,two_down_right,infrequent,certainty,,,,,,,,,0,150,150,104,2319.434594,2319.634315,c,1,2319.434594,None,0.548681,0,0,1,0,0,0.4975726,polygon,2317.434354,None,TRUE,3.1024579,3.1052216,0.667592593,-0.224074074,1,0,0,3.1024579,two_down_right,2321.044719,None,2324.100163,None,32,1,2022_Jan_04_1459,untitled_1,2020.2.6,59.83602536
כחול,green,x,0,Image_certainty//image65_alemnt9.jpg,9.jpg,two_middle_left,two_up_right,widespread,certainty,,,,,,,,,0,151,151,65,2326.517017,2326.716771,x,1,2326.517017,None,0.6903074,0,0,1,0,0,0.4140427,polygon,2324.600383,None,TRUE,7.4375681,7.4377855,0.587962963,0.257407407,1,0,0,7.4375681,two_up_right,2328.271001,None,2335.664864,None,32,1,2022_Jan_04_1459,untitled_1,2020.2.6,59.83602536
אדום,green,x,0,Image_certainty//image84_alemnt12.jpg,12.jpg,one_up_left,one_up_right,widespread,certainty,,,,,,,,,0,152,152,84,2338.014907,2338.214928,x,1,2338.014907,None,0.8131398,0,0,1,0,0,0.3477783,polygon,2336.165531,None,TRUE,4.8052742,4.8059908,0.357407407,0.17962963,1,0,0,4.8052742,one_up_right,2339.891557,None,2344.647687,None,32,1,2022_Jan_04_1459,untitled_1,2020.2.6,59.83602536
ירוק,blue,c,0,Image_certainty//image27_alemnt8.jpg,8.jpg,three_middle_left,two_middle_right,widespread,certainty,,,,,,,,,0,153,153,27,2347.264037,2347.463729,c,1,2347.264037,None,1.1271044,0,0,1,0,0,0.6163917,polygon,2345.147932,None,TRUE,4.1222108,4.1246391,0.612962963,-0.075,1,0,0,4.1222108,two_middle_right,2349.446237,None,2353.533313,None,32,1,2022_Jan_04_1459,untitled_1,2020.2.6,59.83602536
כחול,green,x,0,Image_certainty//image77_alemnt10.jpg,10.jpg,one_middle_left,two_up_right,widespread,certainty,,,,,,,,,0,154,154,77,2356.046224,2356.246131,x,1,2356.046224,None,0.7478224,0,0,1,0,0,0.4970942,polygon,2354.046534,None,TRUE,5.2066818,5.2073355,0.612962963,0.166666667,1,0,0,5.2066818,two_up_right,2357.851564,None,2363.01596,None,32,1,2022_Jan_04_1459,untitled_1,2020.2.6,59.83602536
אדום,blue,c,0,Image_certainty//image1_alemnt6.jpg,6.jpg,two_down_left,one_up_right,infrequent,certainty,,,,,,,,,0,155,155,1,2365.74526,2365.944964,c,1,2365.74526,None,0.8329293,0,0,1,0,0,0.714952,polygon,2363.528693,None,TRUE,4.587942,4.8674934,0.45,0.184259259,1,0,0,4.587942,,2367.641217,None,2372.460195,None,32,1,2022_Jan_04_1459,untitled_1,2020.2.6,59.83602536
כחול,blue,c,1,Image_certainty//image134_alemnt9.jpg,9.jpg,two_down_left,three_middle_right,widespread,certainty,,,,,,,,,0,156,156,134,2375.110675,2375.310424,None,0,2375.110675,None,,0,0,1,0,0,0.6466653,polygon,2372.960693,None,TRUE,6.0396929,6.0423952,0.735185185,0.056481481,1,0,0,6.0396929,three_middle_right,2377.343853,None,2383.345592,None,32,1,2022_Jan_04_1459,untitled_1,2020.2.6,59.83602536
כחול,blue,c,1,Image_certainty//image101_alemnt6.jpg,6.jpg,one_down_left,two_middle_right,infrequent,certainty,,,,,,,,,0,157,157,101,2385.842224,2386.04194,None,0,2385.842224,None,,0,0,1,0,0,0.4804842,polygon,2383.85926,None,,,,,,,,,,,2388.084398,None,2397.057124,None,32,1,2022_Jan_04_1459,untitled_1,2020.2.6,59.83602536
אדום,blue,c,0,Image_certainty//image67_alemnt13.jpg,13.jpg,three_middle_left,one_middle_right,widespread,certainty,,,,,,,,,0,158,158,67,2399.490594,2399.690581,c,1,2399.490594,None,0.722349,0,0,1,0,0,0.4333093,polygon,2397.557251,None,TRUE,1.4884271,1.4925842,0.381481481,0.033333333,1,0,0,1.4884271,one_middle_right,2401.283198,None,2402.727463,None,32,1,2022_Jan_04_1459,untitled_1,2020.2.6,59.83602536
ירוק,red,z,0,Image_certainty//image14_alemnt6.jpg,6.jpg,two_up_left,one_up_right,infrequent,certainty,,,,,,,,,0,159,159,14,2405.322954,2405.523169,z,1,2405.322954,None,0.8995874,0,0,1,0,0,0.5810963,polygon,2403.239878,None,TRUE,4.4704714,4.4711958,0.384259259,0.17962963,1,0,0,4.4704714,one_up_right,2407.278097,None,2411.704997,None,32,1,2022_Jan_04_1459,untitled_1,2020.2.6,59.83602536
אדום,red,z,1,Image_certainty//image165_alemnt8.jpg,8.jpg,one_middle_left,one_up_right,widespread,certainty,,,,,,,,,0,160,160,165,2414.322268,2414.521994,None,0,2414.322268,None,,0,0,1,0,0,0.6125312,polygon,2412.205638,None,TRUE,4.2875858,4.2883188,0.342592593,0.180555556,1,0,0,4.2875858,one_up_right,2416.567166,None,2420.804203,None,32,1,2022_Jan_04_1459,untitled_1,2020.2.6,59.83602536
ירוק,green,x,1,Image_certainty//image163_alemnt12.jpg,12.jpg,two_middle_left,three_middle_right,widespread,certainty,,,,,,,,,0,161,161,163,2423.820975,2424.020885,x,1,2423.820975,None,0.7706794,0,0,1,0,0,1.0138914,polygon,2421.304449,None,TRUE,8.3212369,8.3224223,0.753703704,0.112962963,1,0,0,8.3212369,three_middle_right,2425.665877,None,2433.935457,None,32,1,2022_Jan_04_1459,untitled_1,2020.2.6,59.83602536
אדום,green,x,0,Image_certainty//image18_alemnt4.jpg,4.jpg,three_middle_left,one_down_right,infrequent,certainty,,,,,,,,,0,162,162,18,2436.352691,2436.552406,x,1,2436.352691,None,0.6400224,0,0,1,0,0,0.4177234,polygon,2434.435786,None,TRUE,3.8855384,3.8871475,0.425925926,-0.258333333,1,0,0,3.8855384,one_down_right,2438.067138,None,2441.901048,None,32,1,2022_Jan_04_1459,untitled_1,2020.2.6,59.83602536
אדום,red,z,1,Image_certainty//image117_alemnt1.jpg,1.jpg,one_up_left,two_up_right,infrequent,certainty,,,,,,,,,0,163,163,117,2444.285043,2444.48478,z,1,2444.285043,None,0.7804318,0,0,1,0,0,0.3834525,polygon,2442.401755,None,TRUE,4.4185097,4.4187797,0.577777778,0.214814815,1,0,0,4.4185097,two_up_right,2446.128457,None,2450.500052,None,32,1,2022_Jan_04_1459,untitled_1,2020.2.6,59.83602536
כחול,red,z,0,Image_certainty//image40_alemnt14.jpg,14.jpg,one_up_left,one_middle_right,widespread,certainty,,,,,,,,,0,164,164,40,2453.383624,2453.583543,z,1,2453.383624,None,0.8829828,0,0,1,0,0,0.8803019,polygon,2451.000308,None,TRUE,2.2575351,2.2585122,0.380555556,-0.027777778,1,0,0,2.2575351,one_middle_right,2455.327488,None,2457.533799,None,32,1,2022_Jan_04_1459,untitled_1,2020.2.6,59.83602536
אדום,green,x,0,Image_certainty//image12_alemnt1.jpg,1.jpg,one_up_left,two_up_right,infrequent,certainty,,,,,,,,,0,165,165,12,2459.882755,2460.082804,x,1,2459.882755,None,0.7684175,0,0,1,0,0,0.3618571,polygon,2458.033022,None,TRUE,5.8560891,5.8567735,0.589814815,0.19537037,1,0,0,5.8560891,two_up_right,2461.721283,None,2467.535772,None,32,1,2022_Jan_04_1459,untitled_1,2020.2.6,59.83602536
ירוק,blue,c,0,Image_certainty//image99_alemnt10.jpg,10.jpg,three_middle_left,one_middle_right,widespread,certainty,,,,,,,,,0,166,166,99,2469.964925,2470.164788,c,1,2469.964925,None,0.7582582,0,0,1,0,0,0.4141358,polygon,2468.048136,None,TRUE,1.3381942,1.3392547,0.363888889,-0.010185185,1,0,0,1.3381942,one_middle_right,2471.794662,None,2473.080303,None,32,1,2022_Jan_04_1459,untitled_1,2020.2.6,59.83602536
ירוק,green,x,1,Image_certainty//image103_alemnt1.jpg,1.jpg,two_down_left,one_middle_right,infrequent,certainty,,,,,,,,,0,167,167,103,2475.547358,2475.747259,x,1,2475.547358,None,0.7325827,0,0,1,0,0,0.478332,polygon,2473.580987,None,,,,,,,,,,,2477.339069,2486.332487,2486.345735,None,32,1,2022_Jan_04_1459,untitled_1,2020.2.6,59.83602536
כחול,blue,c,1,Image_certainty//image185_alemnt14.jpg,14.jpg,three_middle_left,three_middle_right,widespread,certainty,,,,,,,,,0,168,168,185,2489.079124,2489.278957,c,1,2489.079124,None,0.5513744,-0.002777778,0.001851852,1,0,0,0.7304999,polygon,2486.84587,None,TRUE,1.5725097,1.5755769,0.710185185,0.063888889,1,0,0,1.5725097,three_middle_right,2490.710147,None,2492.233164,None,32,1,2022_Jan_04_1459,untitled_1,2020.2.6,59.83602536
כחול,green,x,0,Image_certainty//image23_alemnt9.jpg,9.jpg,one_up_left,two_up_right,widespread,certainty,,,,,,,,,0,169,169,23,2494.711698,2494.911311,x,1,2494.711698,None,0.6585635,0,0,1,0,0,0.464396,polygon,2492.745091,None,TRUE,3.5693036,3.5695031,0.599074074,0.250925926,1,0,0,3.5693036,two_up_right,2496.425188,None,2499.960105,None,32,1,2022_Jan_04_1459,untitled_1,2020.2.6,59.83602536
ירוק,green,x,1,Image_certainty//image175_alemnt11.jpg,11.jpg,one_middle_left,two_down_right,widespread,certainty,,,,,,,,,0,170,170,175,2502.343398,2502.543158,x,1,2502.343398,None,0.5999756,0,0,1,0,0,0.3980143,polygon,2500.460024,None,FALSE,7.2697576,7.2707681,0.375,0.025,1,0,0,7.2697576,one_middle_right,2503.993948,None,2511.225511,None,32,1,2022_Jan_04_1459,untitled_1,2020.2.6,59.83602536
אדום,red,z,1,Image_certainty//image156_alemnt11.jpg,11.jpg,two_down_left,one_down_right,widespread,certainty,,,,,,,,,0,171,171,156,2513.5091,2513.709146,z,1,2513.5091,None,0.7059757,0,0,1,0,0,0.2836894,polygon,2511.726014,None,TRUE,6.6199157,6.623017,0.387037037,-0.214814815,1,0,0,6.6199157,one_down_right,2515.291662,None,2521.859524,None,32,1,2022_Jan_04_1459,untitled_1,2020.2.6,59.83602536
אדום,green,x,0,Image_certainty//image54_alemnt11.jpg,11.jpg,two_down_left,two_middle_right,widespread,certainty,,,,,,,,,0,172,172,54,2524.374617,2524.574329,x,1,2524.374617,None,0.718181,0,0,1,0,0,0.4972569,polygon,2522.374673,None,TRUE,,2.3714377,,,,,,,,2526.169851,None,2528.489906,None,32,1,2022_Jan_04_1459,untitled_1,2020.2.6,59.83602536
אדום,blue,c,0,Image_certainty//image49_alemnt11.jpg,11.jpg,three_middle_left,two_middle_right,widespread,certainty,,,,,,,,,0,173,173,49,2530.973717,2531.17321,c,1,2530.973717,None,0.9506778,0,0,1,0,0,0.4806759,polygon,2528.990236,None,TRUE,6.3385742,6.3397279,0.596296296,-0.039814815,1,0,0,6.3385742,two_middle_right,2533.000221,None,2539.289418,None,32,1,2022_Jan_04_1459,untitled_1,2020.2.6,59.83602536
כחול,blue,c,1,Image_certainty//image164_alemnt9.jpg,9.jpg,one_middle_left,three_middle_right,widespread,certainty,,,,,,,,,0,174,174,164,2541.655679,2541.855491,c,1,2541.655679,None,0.9209839,0,0,1,0,0,0.3689976,polygon,2539.788941,None,TRUE,2.8033617,2.80665,0.688888889,0.056481481,1,0,0,2.8033617,three_middle_right,2543.65023,None,2546.405949,None,32,1,2022_Jan_04_1459,untitled_1,2020.2.6,59.83602536
אדום,red,z,1,Image_certainty//image171_alemnt12.jpg,12.jpg,one_up_left,two_down_right,widespread,certainty,,,,,,,,,0,175,175,171,2548.821458,2549.021098,z,1,2548.821458,None,0.8247203,0,0,1,0,0,0.4122959,polygon,2546.921432,None,TRUE,4.4547293,4.4597199,0.737962963,-0.221296296,1,0,0,4.4547293,two_down_right,2550.719486,None,2555.125966,None,32,1,2022_Jan_04_1459,untitled_1,2020.2.6,59.83602536
ירוק,red,z,0,Image_certainty//image50_alemnt11.jpg,11.jpg,three_middle_left,one_down_right,widespread,certainty,,,,,,,,,0,176,176,50,2557.220335,2557.420108,z,1,2557.220335,None,0.707572,0,0,1,0,0,0.081532,polygon,2555.63701,None,TRUE,1.5596254,1.5612239,0.399074074,-0.206481481,1,0,0,1.5596254,one_down_right,2558.994599,None,2560.507455,None,32,1,2022_Jan_04_1459,untitled_1,2020.2.6,59.83602536
אדום,green,x,0,Image_certainty//image48_alemnt9.jpg,9.jpg,one_down_left,one_down_right,widespread,certainty,,,,,,,,,0,177,177,48,2562.98628,2563.185965,x,1,2562.98628,None,0.6523735,0,0,1,0,0,0.4630207,polygon,2561.019669,None,TRUE,1.5874053,1.5902054,0.413888889,-0.247222222,1,0,0,1.5874053,one_down_right,2564.703005,None,2566.252658,None,32,1,2022_Jan_04_1459,untitled_1,2020.2.6,59.83602536
ירוק,red,z,0,Image_certainty//image20_alemnt10.jpg,10.jpg,two_up_left,two_up_right,widespread,certainty,,,,,,,,,0,178,178,20,2568.58522,2568.785301,z,1,2568.58522,None,0.754541,0,0,1,0,0,0.3334978,polygon,2566.752279,None,TRUE,2.1390917,2.1398346,0.55462963,0.194444444,1,0,0,2.1390917,two_up_right,2570.407358,None,2572.504284,None,32,1,2022_Jan_04_1459,untitled_1,2020.2.6,59.83602536
כחול,green,x,0,Image_certainty//image47_alemnt13.jpg,13.jpg,one_middle_left,one_middle_right,widespread,certainty,,,,,,,,,0,179,179,47,2574.751401,2574.951157,None,0,2574.751401,None,,0,0,1,0,0,0.230625,polygon,2573.018108,None,,,,,,,,,,,2576.988924,None,2585.96614,None,32,1,2022_Jan_04_1459,untitled_1,2020.2.6,59.83602536
כחול,blue,c,1,Image_certainty//image143_alemnt9.jpg,9.jpg,two_down_left,one_middle_right,widespread,certainty,,,,,,,,,0,180,180,143,2588.532948,2588.732711,c,1,2588.532948,None,0.9647192,0,0,1,0,0,0.5665556,polygon,2586.466341,None,,,,,,,,,,,2590.547862,2599.53472,2599.547706,None,32,1,2022_Jan_04_1459,untitled_1,2020.2.6,59.83602536
אדום,red,z,1,Image_certainty//image114_alemnt2.jpg,2.jpg,one_middle_left,one_middle_right,infrequent,certainty,,,,,,,,,0,181,181,114,2602.147803,2602.347591,z,1,2602.147803,None,0.6275579,0,0,1,0,0,0.5975363,polygon,2600.047886,None,TRUE,1.3867519,1.3891584,0.382407407,-0.001851852,1,0,0,1.3867519,one_middle_right,2603.84223,None,2605.181805,None,32,1,2022_Jan_04_1459,untitled_1,2020.2.6,59.83602536
אדום,green,x,0,Image_certainty//image72_alemnt9.jpg,9.jpg,one_middle_left,two_down_right,widespread,certainty,,,,,,,,,0,182,182,72,2607.430523,2607.63019,x,1,2607.430523,None,0.6344205,0,0,1,0,0,0.2327679,polygon,2605.697186,None,TRUE,6.7511528,6.7535176,0.701851852,-0.25,1,0,0,6.7511528,two_down_right,2609.13643,None,2615.845276,None,32,1,2022_Jan_04_1459,untitled_1,2020.2.6,59.83602536
כחול,red,z,0,Image_certainty//image76_alemnt14.jpg,14.jpg,three_middle_left,two_middle_right,widespread,certainty,,,,,,,,,0,183,183,76,2618.179082,2618.378661,z,1,2618.179082,None,0.6445849,0,0,1,0,0,0.3354644,polygon,2616.345679,None,TRUE,1.5689912,1.5708442,0.578703704,-0.030555556,1,0,0,1.5689912,two_middle_right,2619.895179,None,2621.411281,None,32,1,2022_Jan_04_1459,untitled_1,2020.2.6,59.83602536
כחול,green,x,0,Image_certainty//image59_alemnt14.jpg,14.jpg,two_down_left,one_down_right,widespread,certainty,,,,,,,,,0,184,184,59,2623.82808,2624.028081,x,1,2623.82808,None,0.6566982,0,0,1,0,0,0.4138839,polygon,2621.911752,None,TRUE,3.5402894,3.544139,0.418518519,-0.212037037,1,0,0,3.5402894,one_down_right,2625.548876,None,2629.05068,None,32,1,2022_Jan_04_1459,untitled_1,2020.2.6,59.83602536
כחול,blue,c,1,Image_certainty//image155_alemnt11.jpg,11.jpg,one_up_left,two_middle_right,widespread,certainty,,,,,,,,,0,185,185,155,2631.826715,2632.027062,None,0,2631.826715,None,,0,0,1,0,0,0.7640636,polygon,2629.560757,None,TRUE,4.9214997,4.9251251,0.521296296,-0.041666667,1,0,0,4.9214997,two_middle_right,2634.068738,None,2638.948554,None,32,1,2022_Jan_04_1459,untitled_1,2020.2.6,59.83602536
ירוק,green,x,1,Image_certainty//image190_alemnt12.jpg,12.jpg,one_down_left,one_middle_right,widespread,certainty,,,,,,,,,0,186,186,190,2641.326033,2641.525567,x,1,2641.326033,None,0.6363029,0,0,1,0,0,0.3643149,polygon,2639.459427,None,TRUE,3.3055872,3.3085432,0.412037037,-0.025,1,0,0,3.3055872,one_middle_right,2643.033744,None,2646.296857,None,32,1,2022_Jan_04_1459,untitled_1,2020.2.6,59.83602536
ירוק,green,x,1,Image_certainty//image181_alemnt12.jpg,12.jpg,two_up_left,one_down_right,widespread,certainty,,,,,,,,,0,187,187,181,2648.541813,2648.741374,None,0,2648.541813,None,,0,0,1,0,0,0.2314347,polygon,2646.807944,None,TRUE,3.4718356,3.4734531,0.501851852,-0.192592593,1,0,0,3.4718356,one_down_right,2650.779361,None,2654.207773,None,32,1,2022_Jan_04_1459,untitled_1,2020.2.6,59.83602536
ירוק,blue,c,0,Image_certainty//image63_alemnt13.jpg,13.jpg,three_middle_left,one_down_right,widespread,certainty,,,,,,,,,0,188,188,63,2656.724143,2656.923847,c,1,2656.724143,None,0.8968359,0,0,1,0,0,0.5138506,polygon,2654.707471,None,TRUE,2.7558315,2.7593967,0.42037037,-0.255555556,1,0,0,2.7558315,one_down_right,2658.686219,None,2661.393875,None,32,1,2022_Jan_04_1459,untitled_1,2020.2.6,59.83602536
כחול,blue,c,1,Image_certainty//image188_alemnt9.jpg,9.jpg,two_up_left,two_down_right,widespread,certainty,,,,,,,,,0,189,189,188,2663.572955,2663.772957,c,1,2663.572955,None,0.6426697,0,0,1,0,0,0.163805,polygon,2661.906538,None,TRUE,5.8877471,5.8921831,0.726851852,-0.237962963,1,0,0,5.8877471,two_down_right,2665.26168,None,2671.126932,None,32,1,2022_Jan_04_1459,untitled_1,2020.2.6,59.83602536
ירוק,red,z,0,Image_certainty//image2_alemnt4.jpg,4.jpg,one_down_left,two_down_right,infrequent,certainty,,,,,,,,,0,190,190,2,2673.505236,2673.705005,z,1,2673.505236,None,0.6985946,0,0,1,0,0,0.3649636,polygon,2671.638268,None,,,,,,,,,,,2675.2666,2684.239583,2684.269767,None,32,1,2022_Jan_04_1459,untitled_1,2020.2.6,59.83602536
ירוק,green,x,1,Image_certainty//image109_alemnt5.jpg,5.jpg,one_down_left,two_middle_right,infrequent,certainty,,,,,,,,,0,191,191,109,2686.83685,2687.036442,x,1,2686.83685,None,0.8980482,0,0,1,0,0,0.5624602,polygon,2684.77028,None,TRUE,,7.223303,,,,,,,,2688.793035,None,2695.968497,None,32,1,2022_Jan_04_1459,untitled_1,2020.2.6,59.83602536
כחול,blue,c,1,Image_certainty//image191_alemnt12.jpg,12.jpg,two_middle_left,one_up_right,widespread,certainty,,,,,,,,,0,192,192,191,2698.352034,2698.551414,c,1,2698.352034,None,0.6833539,0,0,1,0,0,0.3951602,polygon,2696.468395,None,TRUE,3.2216761,3.2224905,0.385185185,0.192592593,1,0,0,3.2216761,one_up_right,2700.101684,None,2703.268312,None,32,1,2022_Jan_04_1459,untitled_1,2020.2.6,59.83602536
ירוק,blue,c,0,Image_certainty//image51_alemnt14.jpg,14.jpg,three_middle_left,one_down_right,widespread,certainty,,,,,,,,,0,193,193,51,2706.134076,2706.33416,c,1,2706.134076,None,0.8141022,0,0,1,0,0,0.864211,polygon,2703.767791,None,TRUE,,1.5568477,,,,,,,,2708.014421,None,2709.516907,None,32,1,2022_Jan_04_1459,untitled_1,2020.2.6,59.83602536
כחול,blue,c,1,Image_certainty//image161_alemnt12.jpg,12.jpg,one_down_left,two_middle_right,widespread,certainty,,,,,,,,,0,194,194,161,2711.966899,2712.166672,c,1,2711.966899,None,0.6322453,0,0,1,0,0,0.4515271,polygon,2710.017056,None,TRUE,3.7856559,3.7881264,0.584259259,-0.042592593,1,0,0,3.7856559,two_middle_right,2713.649869,None,2717.399452,None,32,1,2022_Jan_04_1459,untitled_1,2020.2.6,59.83602536
ירוק,green,x,1,Image_certainty//image187_alemnt10.jpg,10.jpg,two_up_left,three_middle_right,widespread,certainty,,,,,,,,,0,195,195,187,2719.91588,2720.115631,x,1,2719.91588,None,0.5712765,0,0,1,0,0,0.515156,polygon,2717.898915,None,TRUE,6.2014783,6.203526,0.714814815,0.081481481,1,0,0,6.2014783,three_middle_right,2721.558456,None,2727.713851,None,32,1,2022_Jan_04_1459,untitled_1,2020.2.6,59.83602536
אדום,blue,c,0,Image_certainty//image31_alemnt9.jpg,9.jpg,one_up_left,one_down_right,widespread,certainty,,,,,,,,,0,196,196,31,2729.86462,2730.064474,c,1,2729.86462,None,0.7727961,0,0,1,0,0,0.1464189,polygon,2728.214359,None,TRUE,3.3727354,3.374299,0.432407407,-0.249074074,1,0,0,3.3727354,one_down_right,2731.710213,None,2735.032205,None,32,1,2022_Jan_04_1459,untitled_1,2020.2.6,59.83602536
אדום,red,z,1,Image_certainty//image132_alemnt9.jpg,9.jpg,one_down_left,two_down_right,widespread,certainty,,,,,,,,,0,197,197,132,2737.413663,2737.613301,z,1,2737.413663,None,0.6385463,0,0,1,0,0,0.3660913,polygon,2735.546988,None,TRUE,4.069414,4.0730671,0.70462963,-0.187037037,1,0,0,4.069414,two_down_right,2739.12933,None,2743.14881,None,32,1,2022_Jan_04_1459,untitled_1,2020.2.6,59.83602536
אדום,red,z,1,Image_certainty//image138_alemnt9.jpg,9.jpg,one_down_left,two_down_right,widespread,certainty,,,,,,,,,0,198,198,138,2745.979185,2746.178962,z,1,2745.979185,None,0.6417543,0,0,1,0,0,0.8164265,polygon,2743.662394,None,TRUE,5.9044168,5.9101861,0.794444444,-0.228703704,1,0,0,5.9044168,two_down_right,2747.693352,None,2753.549387,None,32,1,2022_Jan_04_1459,untitled_1,2020.2.6,59.83602536
ירוק,blue,c,0,Image_certainty//image75_alemnt11.jpg,11.jpg,two_up_left,one_middle_right,widespread,certainty,,,,,,,,,0,199,199,75,2755.944283,2756.1443,c,1,2755.944283,None,0.9420473,0,0,1,0,0,0.3806534,polygon,2754.061122,None,,,,0.001851852,0.002777778,1,0,0,2.1534352,,2757.94817,2766.945691,2766.959134,None,32,1,2022_Jan_04_1459,untitled_1,2020.2.6,59.83602536
