﻿word,letterColor,corrAns,congruent,imageTrain,true_shaps,corrAnsLeft,corrAnsRight,common,experiment,stroop_loop.thisRepN,stroop_loop.thisTrialN,stroop_loop.thisN,stroop_loop.thisIndex,trail_certaninty.thisRepN,trail_certaninty.thisTrialN,trail_certaninty.thisN,trail_certaninty.thisIndex,test_certaincy.thisRepN,test_certaincy.thisTrialN,test_certaincy.thisN,test_certaincy.thisIndex,stroop_text.started,stroop_text.stopped,stroop_anser.keys,stroop_anser.corr,stroop_anser.started,stroop_anser.stopped,stroop_anser.rt,test_fixability_certity.x,test_fixability_certity.y,test_fixability_certity.leftButton,test_fixability_certity.midButton,test_fixability_certity.rightButton,test_fixability_certity.time,test_fixability_certity.clicked_name,test_fixability_certity.started,test_fixability_certity.stopped,test_certainty_anser_currect,finalClickTime,test_certainty_mouse.x,test_certainty_mouse.y,test_certainty_mouse.leftButton,test_certainty_mouse.midButton,test_certainty_mouse.rightButton,test_certainty_anser_time,test_certainty_mouse.clicked_name,test_certainty_mouse.started,test_certainty_mouse.stopped,participant,session,date,expName,psychopyVersion,frameRate
כחול,blue,c,1,,,,,,,0,0,0,4,,,,,,,,,13.3339976,13.5337574,None,0,13.3339976,None,,,,,,,,,,,,,,,,,,,,,,15,1,2021_Dec_29_1047,untitled_1,2020.2.6,60.01979453
אדום,green,x,0,,,,,,,0,1,1,1,,,,,,,,,18.9998546,19.1996171,x,1,18.9998546,None,0.755235,,,,,,,,,,,,,,,,,,,,,15,1,2021_Dec_29_1047,untitled_1,2020.2.6,60.01979453
אדום,red,z,1,,,,,,,0,2,2,0,,,,,,,,,24.3323058,24.5323326,z,1,24.3323058,None,0.5531504,,,,,,,,,,,,,,,,,,,,,15,1,2021_Dec_29_1047,untitled_1,2020.2.6,60.01979453
כחול,red,z,0,,,,,,,0,3,3,5,,,,,,,,,29.4651744,29.6650148,z,1,29.4651744,None,0.6006126,,,,,,,,,,,,,,,,,,,,,15,1,2021_Dec_29_1047,untitled_1,2020.2.6,60.01979453
ירוק,green,x,1,,,,,,,0,4,4,2,,,,,,,,,34.647877,34.8476171,x,1,34.647877,None,0.4554558,,,,,,,,,,,,,,,,,,,,,15,1,2021_Dec_29_1047,untitled_1,2020.2.6,60.01979453
ירוק,blue,c,0,,,,,,,0,5,5,3,,,,,,,,,39.6803675,39.8801401,x,0,39.6803675,None,0.7926387,,,,,,,,,,,,,,,,,,,,,15,1,2021_Dec_29_1047,untitled_1,2020.2.6,60.01979453
ירוק,green,x,1,train_Image_certainty//image10_alemnt10.jpg,10.jpg,two_up_left,three_middle_right,widespread,train_certainty,,,,,0,0,0,9,,,,,51.3957094,51.595491,None,0,51.3957094,None,,-0.007407407,0,1,0,0,1.3366313,polygon,48.5500115,None,FALSE,1.0532858,0.385185185,0.22037037,1,0,0,1.0532858,one_up_right,54.70902,None,15,1,2021_Dec_29_1047,untitled_1,2020.2.6,60.01979453
ירוק,blue,c,0,train_Image_certainty//image9_alemnt9.jpg,9.jpg,two_up_left,one_middle_right,widespread,train_certainty,,,,,0,1,1,8,,,,,62.7444263,62.9439737,c,1,62.7444263,None,0.8062249,-0.010185185,-0.003703704,1,0,0,3.0695759,polygon,58.1780056,None,,,,,,,,,,65.6507169,74.6450161,15,1,2021_Dec_29_1047,untitled_1,2020.2.6,60.01979453
ירוק,blue,c,0,train_Image_certainty//image3_alemnt3.jpg,3.jpg,two_down_left,three_middle_right,widespread,train_certainty,,,,,0,2,2,2,,,,,87.2411994,87.4410149,None,0,87.2411994,None,,0.008333333,0.011111111,1,0,0,5.0484329,polygon,77.1754772,None,TRUE,,,,,,,,,90.5355005,None,15,1,2021_Dec_29_1047,untitled_1,2020.2.6,60.01979453
אדום,green,x,0,train_Image_certainty//image6_alemnt6.jpg,6.jpg,one_middle_left,two_up_right,widespread,train_certainty,,,,,0,3,3,5,,,,,101.2225829,101.4225072,x,1,101.2225829,None,0.6986841,0.019444444,0.016666667,1,0,0,3.1166381,polygon,95.4230326,None,,,,,,,,,,104.0077182,112.9906086,15,1,2021_Dec_29_1047,untitled_1,2020.2.6,60.01979453
אדום,blue,c,0,train_Image_certainty//image7_alemnt7.jpg,7.jpg,one_middle_left,one_up_right,widespread,train_certainty,,,,,0,4,4,6,,,,,120.920086,121.1198955,c,1,120.920086,None,1.0823566,0.025,0.003703704,1,0,0,2.6143682,polygon,115.5372971,None,TRUE,6.0023407,-0.69537037,-0.023148148,1,0,0,6.0023407,one_middle_left,124.1110688,None,15,1,2021_Dec_29_1047,untitled_1,2020.2.6,60.01979453
כחול,blue,c,1,train_Image_certainty//image14_alemnt14.jpg,14.jpg,three_middle_left,one_middle_right,widespread,train_certainty,,,,,0,5,5,13,,,,,136.5341542,136.7337891,c,1,136.5341542,None,0.8266239,-0.001851852,0.010185185,1,0,0,2.4699537,polygon,132.5679463,None,TRUE,6.0517711,-0.331481481,0.074074074,1,0,0,6.0517711,three_middle_left,139.4297062,None,15,1,2021_Dec_29_1047,untitled_1,2020.2.6,60.01979453
ירוק,red,z,0,train_Image_certainty//image8_alemnt8.jpg,8.jpg,two_down_left,two_middle_right,widespread,train_certainty,,,,,0,6,6,7,,,,,154.732304,154.9318896,z,1,154.732304,None,0.7982236,-0.005555556,0.008333333,1,0,0,3.1682001,polygon,147.9663968,None,TRUE,7.4688741,-0.40462963,-0.227777778,1,0,0,7.4688741,two_down_left,157.6329181,None,15,1,2021_Dec_29_1047,untitled_1,2020.2.6,60.01979453
כחול,green,x,0,train_Image_certainty//image5_alemnt5.jpg,5.jpg,one_middle_left,three_middle_right,widespread,train_certainty,,,,,0,7,7,4,,,,,171.4299896,171.6300766,x,1,171.4299896,None,1.0307937,0.001851852,0.000925926,1,0,0,2.3495154,polygon,167.5805293,None,TRUE,5.620857,-0.725,-0.000925926,1,0,0,5.620857,one_middle_left,174.5567813,None,15,1,2021_Dec_29_1047,untitled_1,2020.2.6,60.01979453
כחול,red,z,0,train_Image_certainty//image4_alemnt4.jpg,4.jpg,two_middle_left,two_up_right,widespread,train_certainty,,,,,0,8,8,3,,,,,186.5117395,186.7115791,z,1,186.5117395,None,0.6443102,0.000925926,0.001851852,1,0,0,2.3467961,polygon,182.6619465,None,TRUE,3.4203501,-0.542592593,-0.049074074,1,0,0,3.4203501,two_middle_left,189.2852441,None,15,1,2021_Dec_29_1047,untitled_1,2020.2.6,60.01979453
אדום,blue,c,0,train_Image_certainty//image1_alemnt1.jpg,1.jpg,two_middle_left,one_down_right,widespread,train_certainty,,,,,0,9,9,0,,,,,199.2600602,199.4597058,c,1,199.2600602,None,0.743409,0,0.005555556,1,0,0,2.5980557,polygon,195.1601482,None,TRUE,2.3356752,-0.510185185,-0.04537037,1,0,0,2.3356752,two_middle_left,202.122312,None,15,1,2021_Dec_29_1047,untitled_1,2020.2.6,60.01979453
ירוק,red,z,0,train_Image_certainty//image2_alemnt2.jpg,2.jpg,two_down_left,three_middle_right,widespread,train_certainty,,,,,0,10,10,1,,,,,210.2921226,210.4918902,z,1,210.2921226,None,0.8509688,-0.001851852,0.001851852,1,0,0,1.8648469,polygon,206.9255821,None,TRUE,4.5700039,-0.405555556,-0.223148148,1,0,0,4.5700039,two_down_left,213.2406491,None,15,1,2021_Dec_29_1047,untitled_1,2020.2.6,60.01979453
כחול,blue,c,1,train_Image_certainty//image11_alemnt11.jpg,11.jpg,two_down_left,one_down_right,widespread,train_certainty,,,,,0,11,11,10,,,,,223.7903542,223.9899452,c,1,223.7903542,None,0.7970962,0.003703704,0.001851852,1,0,0,1.9815691,polygon,220.3070004,None,TRUE,4.3859014,-0.399074074,-0.217592593,1,0,0,4.3859014,two_down_left,226.719013,None,15,1,2021_Dec_29_1047,untitled_1,2020.2.6,60.01979453
ירוק,green,x,1,train_Image_certainty//image13_alemnt13.jpg,13.jpg,two_up_left,one_up_right,widespread,train_certainty,,,,,0,12,12,12,,,,,236.7218716,236.9218166,x,1,236.7218716,None,0.7709199,0.000925926,0.005555556,1,0,0,1.6648871,polygon,233.5554739,None,TRUE,4.4703366,-0.52037037,0.212037037,1,0,0,4.4703366,two_up_left,239.5902628,None,15,1,2021_Dec_29_1047,untitled_1,2020.2.6,60.01979453
אדום,red,z,1,train_Image_certainty//image15_alemnt1.jpg,1.jpg,one_up_left,one_middle_right,infrequent,train_certainty,,,,,0,13,13,14,,,,,250.7702111,250.9700025,z,1,250.7702111,None,1.0463013,-0.002777778,-0.002777778,1,0,0,2.7141871,polygon,246.5538189,None,TRUE,3.2715009,-0.753703704,0.198148148,1,0,0,3.2715009,one_up_left,253.9474067,None,15,1,2021_Dec_29_1047,untitled_1,2020.2.6,60.01979453
אדום,red,z,1,train_Image_certainty//image12_alemnt12.jpg,12.jpg,one_down_left,one_up_right,widespread,train_certainty,,,,,0,14,14,11,,,,,263.4686343,263.6682198,z,1,263.4686343,None,0.7278937,0,-0.003703704,1,0,0,2.3162654,polygon,259.6687439,None,TRUE,3.1020423,-0.658333333,-0.238888889,1,0,0,3.1020423,one_down_left,266.3355758,None,15,1,2021_Dec_29_1047,untitled_1,2020.2.6,60.01979453
כחול,blue,c,1,Image_certainty//image149_alemnt11.jpg,11.jpg,one_middle_left,three_middle_right,widespread,certainty,,,,,,,,,0,0,0,149,302.0136362,302.2133779,c,1,302.0136362,None,0.8789487,-0.00462963,-0.000925926,1,0,0,2.0170583,polygon,298.4853833,None,TRUE,6.1521364,-0.726851852,-0.001851852,1,0,0,6.1521364,one_middle_left,303.9580155,None,15,1,2021_Dec_29_1047,untitled_1,2020.2.6,60.01979453
ירוק,blue,c,0,Image_certainty//image51_alemnt14.jpg,14.jpg,three_middle_left,one_down_right,widespread,certainty,,,,,,,,,0,1,1,51,313.9119793,314.1118905,c,1,313.9119793,None,0.8983992,-0.011111111,0.002777778,1,0,0,1.8479385,polygon,310.5620924,None,TRUE,3.4043107,-0.414814815,0.027777778,1,0,0,3.4043107,three_middle_left,315.8815813,None,15,1,2021_Dec_29_1047,untitled_1,2020.2.6,60.01979453
כחול,red,z,0,Image_certainty//image88_alemnt10.jpg,10.jpg,two_middle_left,two_up_right,widespread,certainty,,,,,,,,,0,2,2,88,322.544383,322.7441133,z,1,322.544383,None,0.657443,-0.011111111,-0.00462963,1,0,0,1.3008039,polygon,319.7443332,None,TRUE,4.8883785,-0.512962963,-0.052777778,1,0,0,4.8883785,two_middle_left,324.2873672,None,15,1,2021_Dec_29_1047,untitled_1,2020.2.6,60.01979453
ירוק,green,x,1,Image_certainty//image163_alemnt12.jpg,12.jpg,two_middle_left,three_middle_right,widespread,certainty,,,,,,,,,0,3,3,163,334.2753989,334.4750504,x,1,334.2753989,None,0.7625619,0.013888889,0.013888889,1,0,0,1.6645895,polygon,329.6097965,None,TRUE,3.1223528,-0.541666667,-0.039814815,1,0,0,3.1223528,two_middle_left,336.1243618,None,15,1,2021_Dec_29_1047,untitled_1,2020.2.6,60.01979453
אדום,red,z,1,Image_certainty//image174_alemnt10.jpg,10.jpg,one_down_left,three_middle_right,widespread,certainty,,,,,,,,,0,4,4,174,344.0749197,344.2746096,z,1,344.0749197,None,0.8977765,0.00462963,-0.012037037,1,0,0,2.8981813,polygon,339.6748774,None,TRUE,3.4356834,-0.668518519,-0.238888889,1,0,0,3.4356834,one_down_left,346.0518841,None,15,1,2021_Dec_29_1047,untitled_1,2020.2.6,60.01979453
כחול,green,x,0,Image_certainty//image95_alemnt9.jpg,9.jpg,two_up_left,two_down_right,widespread,certainty,,,,,,,,,0,5,5,95,352.9404203,353.139858,x,1,352.9404203,None,1.0352944,-0.000925926,0.000925926,1,0,0,1.5142327,polygon,349.9238535,None,TRUE,2.8725652,-0.515740741,0.184259259,1,0,0,2.8725652,two_up_left,355.0663015,None,15,1,2021_Dec_29_1047,untitled_1,2020.2.6,60.01979453
אדום,red,z,1,Image_certainty//image114_alemnt2.jpg,2.jpg,one_middle_left,one_middle_right,infrequent,certainty,,,,,,,,,0,6,6,114,362.8059025,363.0052303,z,1,362.8059025,None,0.7287392,-0.005555556,0.005555556,1,0,0,1.6329148,polygon,358.3727144,None,TRUE,3.3062507,-0.732407407,0.006481481,1,0,0,3.3062507,one_middle_left,364.5879305,None,15,1,2021_Dec_29_1047,untitled_1,2020.2.6,60.01979453
כחול,blue,c,1,Image_certainty//image182_alemnt9.jpg,9.jpg,one_up_left,two_middle_right,widespread,certainty,,,,,,,,,0,7,7,182,371.5547746,371.7544993,c,1,371.5547746,None,0.8650162,0.003703704,0.000925926,1,0,0,1.6819573,polygon,368.3714382,None,TRUE,3.9189636,-0.741666667,0.155555556,1,0,0,3.9189636,one_up_left,373.4905504,None,15,1,2021_Dec_29_1047,untitled_1,2020.2.6,60.01979453
אדום,red,z,1,Image_certainty//image150_alemnt13.jpg,13.jpg,one_down_left,two_down_right,widespread,certainty,,,,,,,,,0,8,8,150,380.6035917,380.8027133,z,1,380.6035917,None,0.509216,-0.006481481,0.002777778,1,0,0,1.2482746,polygon,377.8533124,None,TRUE,3.5863473,-0.665740741,-0.234259259,1,0,0,3.5863473,one_down_left,382.1934278,None,15,1,2021_Dec_29_1047,untitled_1,2020.2.6,60.01979453
ירוק,blue,c,0,Image_certainty//image21_alemnt14.jpg,14.jpg,one_down_left,one_middle_right,widespread,certainty,,,,,,,,,0,9,9,21,389.0688302,389.2688373,c,1,389.0688302,None,0.9318817,0.003703704,-0.000925926,1,0,0,1.3314375,polygon,386.2358727,None,TRUE,6.7538685,-0.668518519,-0.226851852,1,0,0,6.7538685,one_down_left,391.0626159,None,15,1,2021_Dec_29_1047,untitled_1,2020.2.6,60.01979453
כחול,green,x,0,Image_certainty//image47_alemnt13.jpg,13.jpg,one_middle_left,one_middle_right,widespread,certainty,,,,,,,,,0,10,10,47,401.4675401,401.6672275,x,1,401.4675401,None,0.7327908,-0.000925926,0.016666667,1,0,0,1.6830765,polygon,398.2841518,None,TRUE,2.1037241,-0.711111111,-0.017592593,1,0,0,2.1037241,one_middle_left,403.2578199,None,15,1,2021_Dec_29_1047,untitled_1,2020.2.6,60.01979453
אדום,red,z,1,Image_certainty//image177_alemnt11.jpg,11.jpg,two_down_left,three_middle_right,widespread,certainty,,,,,,,,,0,11,11,177,408.7499626,408.9497185,z,1,408.7499626,None,0.5776641,-0.001851852,-0.002777778,1,0,0,1.4315177,polygon,405.8166482,None,TRUE,2.553004,-0.394444444,-0.219444444,1,0,0,2.553004,two_down_left,410.412602,None,15,1,2021_Dec_29_1047,untitled_1,2020.2.6,60.01979453
אדום,green,x,0,Image_certainty//image42_alemnt12.jpg,12.jpg,two_up_left,one_up_right,widespread,certainty,,,,,,,,,0,12,12,42,416.3156478,416.5153538,x,1,416.3156478,None,0.4724035,0.007407407,0.000925926,1,0,0,1.397037,polygon,413.4156407,None,TRUE,7.2061511,-0.510185185,0.242592593,1,0,0,7.2061511,two_up_left,417.8695192,None,15,1,2021_Dec_29_1047,untitled_1,2020.2.6,60.01979453
ירוק,green,x,1,Image_certainty//image115_alemnt2.jpg,2.jpg,three_middle_left,one_down_right,infrequent,certainty,,,,,,,,,0,13,13,115,429.1306782,429.3304033,x,1,429.1306782,None,0.4282019,0.006481481,0.015740741,1,0,0,1.0814729,polygon,425.5139772,None,,,,,,,,,,430.6279828,439.6151183,15,1,2021_Dec_29_1047,untitled_1,2020.2.6,60.01979453
אדום,red,z,1,Image_certainty//image156_alemnt11.jpg,11.jpg,two_down_left,one_down_right,widespread,certainty,,,,,,,,,0,14,14,156,442.9621718,443.1617706,z,1,442.9621718,None,0.5701182,0.000925926,0.003703704,1,0,0,1.3320531,polygon,440.1289231,None,TRUE,4.2384257,-0.430555556,-0.227777778,1,0,0,4.2384257,two_down_left,444.6164216,None,15,1,2021_Dec_29_1047,untitled_1,2020.2.6,60.01979453
כחול,green,x,0,Image_certainty//image35_alemnt8.jpg,8.jpg,two_down_left,one_up_right,widespread,certainty,,,,,,,,,0,15,15,35,451.877473,452.0774928,x,1,451.877473,None,0.6777597,0.003703704,0.016666667,1,0,0,1.0832138,polygon,449.294098,None,TRUE,7.4186345,-0.391666667,-0.236111111,1,0,0,7.4186345,two_down_left,453.6438931,None,15,1,2021_Dec_29_1047,untitled_1,2020.2.6,60.01979453
ירוק,blue,c,0,Image_certainty//image99_alemnt10.jpg,10.jpg,three_middle_left,one_middle_right,widespread,certainty,,,,,,,,,0,16,16,99,464.9091945,465.1091411,c,1,464.9091945,None,0.9147351,-0.005555556,-0.015740741,1,0,0,0.9631136,polygon,461.492557,None,TRUE,1.3396193,-0.362962963,0.057407407,1,0,0,1.3396193,three_middle_left,466.883473,None,15,1,2021_Dec_29_1047,untitled_1,2020.2.6,60.01979453
ירוק,blue,c,0,Image_certainty//image33_alemnt13.jpg,13.jpg,three_middle_left,two_middle_right,widespread,certainty,,,,,,,,,0,17,17,33,471.0417586,471.2416902,c,1,471.0417586,None,0.6819868,0.013888889,-0.003703704,1,0,0,0.8794151,polygon,468.6752441,None,TRUE,1.6909556,-0.359259259,0.044444444,1,0,0,1.6909556,three_middle_left,472.7893764,None,15,1,2021_Dec_29_1047,untitled_1,2020.2.6,60.01979453
אדום,blue,c,0,Image_certainty//image13_alemnt2.jpg,2.jpg,two_up_left,one_down_right,infrequent,certainty,,,,,,,,,0,18,18,13,477.3410782,477.5408336,c,1,477.3410782,None,0.6897838,-0.007407407,-0.00462963,1,0,0,0.8998198,polygon,474.9410574,None,,,,,,,,,,479.1104646,488.0925672,15,1,2021_Dec_29_1047,untitled_1,2020.2.6,60.01979453
ירוק,green,x,1,Image_certainty//image148_alemnt13.jpg,13.jpg,one_middle_left,two_up_right,widespread,certainty,,,,,,,,,0,19,19,148,491.6058627,491.8054097,None,0,491.6058627,None,,-0.003703704,0.016666667,1,0,0,1.4963193,polygon,488.622593,None,TRUE,7.5706601,-0.719444444,0,1,0,0,7.5706601,one_middle_left,493.8746771,None,15,1,2021_Dec_29_1047,untitled_1,2020.2.6,60.01979453
ירוק,red,z,0,Image_certainty//image80_alemnt9.jpg,9.jpg,one_middle_left,one_middle_right,widespread,certainty,,,,,,,,,0,20,20,80,505.6208391,505.8205188,z,1,505.6208391,None,0.7699323,-0.006481481,0.009259259,1,0,0,1.0978995,polygon,501.8876596,None,FALSE,8.3339663,-0.557407407,-0.044444444,1,0,0,8.3339663,two_middle_left,507.5025176,None,15,1,2021_Dec_29_1047,untitled_1,2020.2.6,60.01979453
ירוק,red,z,0,Image_certainty//image98_alemnt13.jpg,13.jpg,three_middle_left,two_down_right,widespread,certainty,,,,,,,,,0,21,21,98,518.8021994,519.0022224,None,0,518.8021994,None,,-0.000925926,0.000925926,1,0,0,1.0500749,polygon,516.2525416,None,TRUE,3.2689023,-0.386111111,0.033333333,1,0,0,3.2689023,three_middle_left,521.0552898,None,15,1,2021_Dec_29_1047,untitled_1,2020.2.6,60.01979453
אדום,red,z,1,Image_certainty//image180_alemnt12.jpg,12.jpg,one_up_left,one_middle_right,widespread,certainty,,,,,,,,,0,22,22,180,530.0677794,530.2674044,z,1,530.0677794,None,0.7050351,-0.008333333,-0.005555556,1,0,0,1.1788366,polygon,524.7679011,None,TRUE,3.1382726,-0.742592593,0.17037037,1,0,0,3.1382726,one_up_left,531.8471105,None,15,1,2021_Dec_29_1047,untitled_1,2020.2.6,60.01979453
אדום,blue,c,0,Image_certainty//image73_alemnt10.jpg,10.jpg,two_down_left,one_down_right,widespread,certainty,,,,,,,,,0,23,23,73,538.2665723,538.4663978,x,0,538.2665723,None,0.8956134,-0.005555556,0.001851852,1,0,0,1.3149902,polygon,535.4499591,None,TRUE,4.4715332,-0.375925926,-0.257407407,1,0,0,4.4715332,two_down_left,540.234283,None,15,1,2021_Dec_29_1047,untitled_1,2020.2.6,60.01979453
כחול,blue,c,1,Image_certainty//image113_alemnt2.jpg,2.jpg,one_up_left,two_up_right,infrequent,certainty,,,,,,,,,0,24,24,113,547.8154661,548.0151314,c,1,547.8154661,None,0.6922919,0.006481481,-0.00462963,1,0,0,1.1480189,polygon,545.1655785,None,FALSE,5.5709844,-0.560185185,-0.080555556,1,0,0,5.5709844,two_middle_left,549.5886937,None,15,1,2021_Dec_29_1047,untitled_1,2020.2.6,60.01979453
ירוק,green,x,1,Image_certainty//image166_alemnt14.jpg,14.jpg,two_middle_left,one_middle_right,widespread,certainty,,,,,,,,,0,25,25,166,558.36347,558.5637732,x,1,558.36347,None,0.4123228,-0.00462963,0.007407407,1,0,0,1.2498713,polygon,555.614157,None,TRUE,3.4534551,-0.535185185,-0.05,1,0,0,3.4534551,two_middle_left,559.8687746,None,15,1,2021_Dec_29_1047,untitled_1,2020.2.6,60.01979453
אדום,blue,c,0,Image_certainty//image85_alemnt14.jpg,14.jpg,two_down_left,three_middle_right,widespread,certainty,,,,,,,,,0,26,26,85,566.0963346,566.2961476,c,1,566.0963346,None,0.7136555,-0.000925926,0.008333333,1,0,0,0.8632487,polygon,563.7460811,None,TRUE,3.1876765,-0.388888889,-0.19537037,1,0,0,3.1876765,two_down_left,567.8852633,None,15,1,2021_Dec_29_1047,untitled_1,2020.2.6,60.01979453
אדום,red,z,1,Image_certainty//image144_alemnt8.jpg,8.jpg,two_middle_left,two_down_right,widespread,certainty,,,,,,,,,0,27,27,144,573.5785963,573.7784237,z,1,573.5785963,None,0.8015155,0.010185185,0,1,0,0,0.5508968,polygon,571.5284626,None,TRUE,8.087117,-0.55,-0.071296296,1,0,0,8.087117,two_middle_left,575.4736983,None,15,1,2021_Dec_29_1047,untitled_1,2020.2.6,60.01979453
אדום,red,z,1,Image_certainty//image132_alemnt9.jpg,9.jpg,one_down_left,two_down_right,widespread,certainty,,,,,,,,,0,28,28,132,587.2933476,587.4932593,z,1,587.2933476,None,0.5772287,0,0.008333333,1,0,0,1.7831105,polygon,584.0103247,None,TRUE,3.0699113,-0.647222222,-0.224074074,1,0,0,3.0699113,one_down_left,588.9553551,None,15,1,2021_Dec_29_1047,untitled_1,2020.2.6,60.01979453
כחול,blue,c,1,Image_certainty//image140_alemnt11.jpg,11.jpg,one_up_left,two_up_right,widespread,certainty,,,,,,,,,0,29,29,140,594.8426747,595.0420778,None,0,594.8426747,None,,0.000925926,-0.005555556,1,0,0,0.8817559,polygon,592.4591118,None,TRUE,7.954445,-0.744444444,0.168518519,1,0,0,7.954445,one_up_left,597.1102396,None,15,1,2021_Dec_29_1047,untitled_1,2020.2.6,60.01979453
כחול,red,z,0,Image_certainty//image76_alemnt14.jpg,14.jpg,three_middle_left,two_middle_right,widespread,certainty,,,,,,,,,0,30,30,76,609.1573409,609.356972,z,1,609.1573409,None,0.8806703,-0.007407407,0.02037037,1,0,0,1.231031,polygon,605.49078,None,TRUE,2.6210512,-0.350925926,0.072222222,1,0,0,2.6210512,three_middle_left,611.1145226,None,15,1,2021_Dec_29_1047,untitled_1,2020.2.6,60.01979453
כחול,blue,c,1,Image_certainty//image107_alemnt6.jpg,6.jpg,two_middle_left,two_up_right,infrequent,certainty,,,,,,,,,0,31,31,107,617.0563406,617.2559116,c,1,617.0563406,None,0.7508665,0.001851852,-0.003703704,1,0,0,1.3811458,polygon,614.1731598,None,TRUE,4.2843218,-0.575925926,-0.037962963,1,0,0,4.2843218,two_middle_left,618.8779971,None,15,1,2021_Dec_29_1047,untitled_1,2020.2.6,60.01979453
ירוק,red,z,0,Image_certainty//image38_alemnt8.jpg,8.jpg,two_up_left,two_down_right,widespread,certainty,,,,,,,,,0,32,32,38,626.8718113,627.0714846,None,0,626.8718113,None,,0.003703704,0.010185185,1,0,0,1.7650989,polygon,623.605111,None,TRUE,5.9699944,-0.499074074,0.239814815,1,0,0,5.9699944,two_up_left,629.1296914,None,15,1,2021_Dec_29_1047,untitled_1,2020.2.6,60.01979453
כחול,red,z,0,Image_certainty//image52_alemnt13.jpg,13.jpg,one_middle_left,two_middle_right,widespread,certainty,,,,,,,,,0,33,33,52,640.0367958,640.2366228,z,1,640.0367958,None,0.6532889,-0.001851852,0.025925926,1,0,0,1.9147306,polygon,635.5373271,None,TRUE,4.1063938,-0.698148148,-0.007407407,1,0,0,4.1063938,one_middle_left,641.7785117,None,15,1,2021_Dec_29_1047,untitled_1,2020.2.6,60.01979453
אדום,blue,c,0,Image_certainty//image49_alemnt11.jpg,11.jpg,three_middle_left,two_middle_right,widespread,certainty,,,,,,,,,0,34,34,49,649.0856479,649.28545,c,1,649.0856479,None,0.6533619,-0.001851852,0.003703704,1,0,0,1.247965,polygon,646.3358405,None,TRUE,1.337911,-0.382407407,0.05,1,0,0,1.337911,three_middle_left,650.8324311,None,15,1,2021_Dec_29_1047,untitled_1,2020.2.6,60.01979453
כחול,red,z,0,Image_certainty//image28_alemnt10.jpg,10.jpg,one_down_left,two_down_right,widespread,certainty,,,,,,,,,0,35,35,28,655.3183128,655.517654,z,1,655.3183128,None,0.6697345,0.012962963,-0.000925926,1,0,0,1.200945,polygon,652.6180653,None,TRUE,5.9195534,-0.696296296,-0.243518519,1,0,0,5.9195534,one_down_left,657.0685986,None,15,1,2021_Dec_29_1047,untitled_1,2020.2.6,60.01979453
כחול,green,x,0,Image_certainty//image17_alemnt5.jpg,5.jpg,two_up_left,two_down_right,infrequent,certainty,,,,,,,,,0,36,36,17,667.6168673,667.8160364,x,1,667.6168673,None,0.3852872,0.006481481,0.015740741,1,0,0,0.8318672,polygon,663.4336229,None,,,,,,,,,,669.0908076,678.084161,15,1,2021_Dec_29_1047,untitled_1,2020.2.6,60.01979453
אדום,red,z,1,Image_certainty//image117_alemnt1.jpg,1.jpg,one_up_left,two_up_right,infrequent,certainty,,,,,,,,,0,37,37,117,681.5649467,681.7644922,z,1,681.5649467,None,0.5230483,-0.002777778,0.006481481,1,0,0,1.4649148,polygon,678.5983159,None,TRUE,,,,,,,,,683.1741276,None,15,1,2021_Dec_29_1047,untitled_1,2020.2.6,60.01979453
ירוק,green,x,1,Image_certainty//image172_alemnt8.jpg,8.jpg,two_middle_left,two_down_right,widespread,certainty,,,,,,,,,0,38,38,172,691.7297912,691.9299215,x,1,691.7297912,None,1.1154587,-0.003703704,0.002777778,1,0,0,1.3149934,polygon,688.9135869,None,TRUE,1.9711038,-0.523148148,-0.058333333,1,0,0,1.9711038,two_middle_left,693.9152615,None,15,1,2021_Dec_29_1047,untitled_1,2020.2.6,60.01979453
כחול,blue,c,1,Image_certainty//image197_alemnt11.jpg,11.jpg,two_down_left,two_middle_right,widespread,certainty,,,,,,,,,0,39,39,197,699.0626964,699.2623234,c,1,699.0626964,None,0.7432188,0,-0.00462963,1,0,0,1.2145093,polygon,696.3458601,None,TRUE,6.3018302,-0.386111111,-0.222222222,1,0,0,6.3018302,two_down_left,700.8867336,None,15,1,2021_Dec_29_1047,untitled_1,2020.2.6,60.01979453
ירוק,red,z,0,Image_certainty//image32_alemnt9.jpg,9.jpg,two_up_left,one_down_right,widespread,certainty,,,,,,,,,0,40,40,32,710.6945252,710.8940876,z,1,710.6945252,None,0.6643677,0.002777778,0.007407407,1,0,0,1.5647795,polygon,707.6279377,None,,,,,,,,,,712.4367611,721.4290135,15,1,2021_Dec_29_1047,untitled_1,2020.2.6,60.01979453
כחול,blue,c,1,Image_certainty//image185_alemnt14.jpg,14.jpg,three_middle_left,three_middle_right,widespread,certainty,,,,,,,,,0,41,41,185,724.7422981,724.9423184,c,1,724.7422981,None,0.6491323,-0.002777778,-0.00462963,1,0,0,1.3128632,polygon,721.942643,None,TRUE,1.9400848,-0.37037037,0.034259259,1,0,0,1.9400848,three_middle_left,726.4666288,None,15,1,2021_Dec_29_1047,untitled_1,2020.2.6,60.01979453
כחול,green,x,0,Image_certainty//image23_alemnt9.jpg,9.jpg,one_up_left,two_up_right,widespread,certainty,,,,,,,,,0,42,42,23,731.6250159,731.8248573,x,1,731.6250159,None,0.791595,-0.003703704,0.002777778,1,0,0,1.2849899,polygon,728.841775,None,TRUE,4.085921,-0.748148148,0.161111111,1,0,0,4.085921,one_up_left,733.4994476,None,15,1,2021_Dec_29_1047,untitled_1,2020.2.6,60.01979453
כחול,red,z,0,Image_certainty//image64_alemnt10.jpg,10.jpg,one_up_left,three_middle_right,widespread,certainty,,,,,,,,,0,43,43,64,740.8739068,741.0733616,z,1,740.8739068,None,0.6158629,-0.001851852,-0.005555556,1,0,0,1.3490736,polygon,738.0236028,None,TRUE,8.6883537,-0.75462963,0.172222222,1,0,0,8.6883537,one_up_left,742.5617604,None,15,1,2021_Dec_29_1047,untitled_1,2020.2.6,60.01979453
ירוק,red,z,0,Image_certainty//image44_alemnt11.jpg,11.jpg,two_middle_left,one_up_right,widespread,certainty,,,,,,,,,0,44,44,44,754.4054665,754.6047676,z,1,754.4054665,None,0.6210568,-0.00462963,-0.006481481,1,0,0,1.2119557,polygon,751.7053134,None,,,,,,,,,,756.1243849,765.1066915,15,1,2021_Dec_29_1047,untitled_1,2020.2.6,60.01979453
ירוק,green,x,1,Image_certainty//image106_alemnt5.jpg,5.jpg,one_down_left,three_middle_right,infrequent,certainty,,,,,,,,,0,45,45,106,769.0534383,769.2530268,x,1,769.0534383,None,0.9785847,0.008333333,0,1,0,0,1.9154016,polygon,765.6369444,None,TRUE,2.8183724,-0.643518519,-0.239814815,1,0,0,2.8183724,one_down_left,771.1093311,None,15,1,2021_Dec_29_1047,untitled_1,2020.2.6,60.01979453
אדום,green,x,0,Image_certainty//image60_alemnt13.jpg,13.jpg,one_middle_left,two_up_right,widespread,certainty,,,,,,,,,0,46,46,60,776.7193532,776.9186138,x,1,776.7193532,None,0.7538916,0.005555556,-0.003703704,1,0,0,0.8624473,polygon,774.3690727,None,,,,,,,,,,778.5637934,787.5541922,15,1,2021_Dec_29_1047,untitled_1,2020.2.6,60.01979453
ירוק,blue,c,0,Image_certainty//image93_alemnt14.jpg,14.jpg,one_down_left,one_middle_right,widespread,certainty,,,,,,,,,0,47,47,93,790.6505204,790.8502766,None,0,790.6505204,None,,0.003703704,0.006481481,1,0,0,1.0811494,polygon,788.0672583,None,,,,,,,,,,792.9055153,None,15,1,2021_Dec_29_1047,untitled_1,2020.2.6,60.01979453
ירוק,green,x,1,Image_certainty//image196_alemnt13.jpg,13.jpg,three_middle_left,one_down_right,widespread,certainty,,,,,,,,,0,48,48,196,805.2654378,805.465045,x,1,805.2654378,None,0.9067029,-0.009259259,0.001851852,1,0,0,1.4034987,polygon,802.3655812,None,TRUE,4.5690901,-0.377777778,0.043518519,1,0,0,4.5690901,three_middle_left,807.2554408,None,15,1,2021_Dec_29_1047,untitled_1,2020.2.6,60.01979453
ירוק,red,z,0,Image_certainty//image62_alemnt11.jpg,11.jpg,two_down_left,two_middle_right,widespread,certainty,,,,,,,,,0,49,49,62,814.8309838,815.030847,z,1,814.8309838,None,0.6247894,0.011111111,-0.000925926,1,0,0,1.0645376,polygon,812.2645047,None,TRUE,2.839055,-0.380555556,-0.244444444,1,0,0,2.839055,two_down_left,816.5349362,None,15,1,2021_Dec_29_1047,untitled_1,2020.2.6,60.01979453
אדום,blue,c,0,Image_certainty//image55_alemnt12.jpg,12.jpg,three_middle_left,one_middle_right,widespread,certainty,,,,,,,,,0,50,50,55,822.0468794,822.2466615,c,1,822.0468794,None,1.0016971,0.000925926,-0.006481481,1,0,0,0.7150402,polygon,819.8299902,None,TRUE,4.8350112,-0.397222222,0.066666667,1,0,0,4.8350112,three_middle_left,824.1574184,None,15,1,2021_Dec_29_1047,untitled_1,2020.2.6,60.01979453
אדום,red,z,1,Image_certainty//image129_alemnt8.jpg,8.jpg,one_middle_left,three_middle_right,widespread,certainty,,,,,,,,,0,51,51,129,832.7455177,832.945239,z,1,832.7455177,None,0.5280068,-0.005555556,-0.000925926,1,0,0,1.8492283,polygon,829.4121854,None,FALSE,6.1505273,-0.562037037,-0.026851852,1,0,0,6.1505273,two_middle_left,834.3600325,None,15,1,2021_Dec_29_1047,untitled_1,2020.2.6,60.01979453
כחול,green,x,0,Image_certainty//image65_alemnt9.jpg,9.jpg,two_middle_left,two_up_right,widespread,certainty,,,,,,,,,0,52,52,65,844.7271519,844.9268538,x,1,844.7271519,None,0.7637445,-0.012962963,0.010185185,1,0,0,1.0321392,polygon,840.9439763,None,TRUE,5.3053103,-0.538888889,-0.055555556,1,0,0,5.3053103,two_middle_left,846.5692091,None,15,1,2021_Dec_29_1047,untitled_1,2020.2.6,60.01979453
ירוק,green,x,1,Image_certainty//image169_alemnt11.jpg,11.jpg,one_middle_left,one_up_right,widespread,certainty,,,,,,,,,0,53,53,169,854.5257068,854.7256948,x,1,854.5257068,None,0.8476879,0.001851852,-0.006481481,1,0,0,0.6993037,polygon,852.3257264,None,TRUE,8.1837486,-0.685185185,-0.016666667,1,0,0,8.1837486,one_middle_left,856.4492689,None,15,1,2021_Dec_29_1047,untitled_1,2020.2.6,60.01979453
ירוק,green,x,1,Image_certainty//image190_alemnt12.jpg,12.jpg,one_down_left,one_middle_right,widespread,certainty,,,,,,,,,0,54,54,190,867.7072944,867.9072035,x,1,867.7072944,None,0.9818748,0.002777778,0.00462963,1,0,0,1.1302673,polygon,865.0742878,None,TRUE,4.5176218,-0.636111111,-0.236111111,1,0,0,4.5176218,one_down_left,869.7710508,None,15,1,2021_Dec_29_1047,untitled_1,2020.2.6,60.01979453
אדום,red,z,1,Image_certainty//image141_alemnt11.jpg,11.jpg,two_down_left,three_middle_right,widespread,certainty,,,,,,,,,0,55,55,141,877.206224,877.4060715,z,1,877.206224,None,0.9577888,-0.008333333,-0.000925926,1,0,0,0.9816926,polygon,874.7229248,None,TRUE,2.4564768,-0.374074074,-0.238888889,1,0,0,2.4564768,two_down_left,879.2383256,None,15,1,2021_Dec_29_1047,untitled_1,2020.2.6,60.01979453
ירוק,green,x,1,Image_certainty//image112_alemnt3.jpg,3.jpg,one_down_left,two_up_right,infrequent,certainty,,,,,,,,,0,56,56,112,884.5551356,884.7550701,x,1,884.5551356,None,0.984513,-0.00462963,-0.010185185,1,0,0,0.897676,polygon,882.1554044,None,TRUE,4.4709402,-0.701851852,-0.227777778,1,0,0,4.4709402,one_down_left,886.6085159,None,15,1,2021_Dec_29_1047,untitled_1,2020.2.6,60.01979453
אדום,red,z,1,Image_certainty//image189_alemnt8.jpg,8.jpg,one_middle_left,one_middle_right,widespread,certainty,,,,,,,,,0,57,57,189,898.7703167,898.9700408,z,1,898.7703167,None,0.5250367,-0.009259259,0.010185185,1,0,0,0.9152654,polygon,891.5374854,None,TRUE,5.6055801,-0.7,-0.019444444,1,0,0,5.6055801,one_middle_left,900.3797425,None,15,1,2021_Dec_29_1047,untitled_1,2020.2.6,60.01979453
אדום,red,z,1,Image_certainty//image168_alemnt10.jpg,10.jpg,two_middle_left,two_down_right,widespread,certainty,,,,,,,,,0,58,58,168,909.118882,909.3187358,z,1,909.118882,None,0.512733,-0.00462963,0.008333333,1,0,0,1.1814901,polygon,906.4356962,None,TRUE,2.2563205,-0.503703704,-0.066666667,1,0,0,2.2563205,two_middle_left,910.7186439,None,15,1,2021_Dec_29_1047,untitled_1,2020.2.6,60.01979453
כחול,green,x,0,Image_certainty//image77_alemnt10.jpg,10.jpg,one_middle_left,two_up_right,widespread,certainty,,,,,,,,,0,59,59,77,916.5179221,916.7178286,x,1,916.5179221,None,0.6624899,0.001851852,-0.008333333,1,0,0,1.6140191,polygon,913.4015824,None,TRUE,6.2509377,-0.717592593,-0.034259259,1,0,0,6.2509377,one_middle_left,918.2453427,None,15,1,2021_Dec_29_1047,untitled_1,2020.2.6,60.01979453
כחול,red,z,0,Image_certainty//image34_alemnt8.jpg,8.jpg,one_middle_left,two_up_right,widespread,certainty,,,,,,,,,0,60,60,34,929.3331131,929.5328364,z,1,929.3331131,None,0.7308535,0.007407407,0.002777778,1,0,0,2.8811256,polygon,924.9499286,None,TRUE,6.3719316,-0.709259259,0.002777778,1,0,0,6.3719316,one_middle_left,931.1448941,None,15,1,2021_Dec_29_1047,untitled_1,2020.2.6,60.01979453
אדום,blue,c,0,Image_certainty//image67_alemnt13.jpg,13.jpg,three_middle_left,one_middle_right,widespread,certainty,,,,,,,,,0,61,61,67,940.6815108,940.88126,c,1,940.6815108,None,0.6512323,-0.001851852,0,1,0,0,1.2150297,polygon,937.9648396,None,TRUE,1.6386086,-0.349074074,0.063888889,1,0,0,1.6386086,three_middle_left,942.4075205,None,15,1,2021_Dec_29_1047,untitled_1,2020.2.6,60.01979453
אדום,green,x,0,Image_certainty//image66_alemnt11.jpg,11.jpg,one_up_left,two_up_right,widespread,certainty,,,,,,,,,0,62,62,66,947.7640335,947.9637241,x,1,947.7640335,None,0.8124258,0.001851852,0.001851852,1,0,0,1.7650757,polygon,944.497485,None,,,,,,,,,,949.6633708,958.6484087,15,1,2021_Dec_29_1047,untitled_1,2020.2.6,60.01979453
אדום,blue,c,0,Image_certainty//image25_alemnt8.jpg,8.jpg,two_middle_left,one_down_right,widespread,certainty,,,,,,,,,0,63,63,25,961.8954938,962.0952021,c,1,961.8954938,None,0.7389496,0.000925926,0.02037037,1,0,0,1.2316562,polygon,959.1622057,None,TRUE,7.4050196,-0.556481481,-0.046296296,1,0,0,7.4050196,two_middle_left,963.7214665,None,15,1,2021_Dec_29_1047,untitled_1,2020.2.6,60.01979453
כחול,blue,c,1,Image_certainty//image101_alemnt6.jpg,6.jpg,one_down_left,two_middle_right,infrequent,certainty,,,,,,,,,0,64,64,101,974.6771363,974.8769789,c,1,974.6771363,None,0.5946455,-0.000925926,0.001851852,1,0,0,1.5969964,polygon,971.5773107,None,,,,,,,,,,976.3545844,985.3282908,15,1,2021_Dec_29_1047,untitled_1,2020.2.6,60.01979453
ירוק,green,x,1,Image_certainty//image187_alemnt10.jpg,10.jpg,two_up_left,three_middle_right,widespread,certainty,,,,,,,,,0,65,65,187,988.5753331,988.7749282,x,1,988.5753331,None,0.8794054,0.00462963,0,1,0,0,1.2161162,polygon,985.8585683,None,TRUE,1.5705854,-0.50462963,0.226851852,1,0,0,1.5705854,two_up_left,990.5321168,None,15,1,2021_Dec_29_1047,untitled_1,2020.2.6,60.01979453
אדום,green,x,0,Image_certainty//image36_alemnt10.jpg,10.jpg,three_middle_left,three_middle_right,widespread,certainty,,,,,,,,,0,66,66,36,995.1246303,995.3243876,x,1,995.1246303,None,0.769202,0,-0.003703704,1,0,0,1.0801736,polygon,992.5412805,None,TRUE,2.8208943,-0.348148148,0.031481481,1,0,0,2.8208943,three_middle_left,996.9645845,None,15,1,2021_Dec_29_1047,untitled_1,2020.2.6,60.01979453
ירוק,green,x,1,Image_certainty//image133_alemnt11.jpg,11.jpg,one_middle_left,two_up_right,widespread,certainty,,,,,,,,,0,67,67,133,1003.656461,1003.856501,x,1,1003.656461,None,0.7621802,-0.008333333,0.012037037,1,0,0,0.8462874,polygon,1000.256961,None,,,,,,,,,,1005.484196,1014.45842,15,1,2021_Dec_29_1047,untitled_1,2020.2.6,60.01979453
כחול,red,z,0,Image_certainty//image94_alemnt9.jpg,9.jpg,three_middle_left,two_down_right,widespread,certainty,,,,,,,,,0,68,68,94,1017.688058,1017.887837,z,1,1017.688058,None,0.7962326,0.007407407,0.003703704,1,0,0,1.2012981,polygon,1014.988499,None,TRUE,3.7693145,-0.373148148,0.048148148,1,0,0,3.7693145,three_middle_left,1019.548684,None,15,1,2021_Dec_29_1047,untitled_1,2020.2.6,60.01979453
אדום,red,z,1,Image_certainty//image183_alemnt9.jpg,9.jpg,three_middle_left,two_down_right,widespread,certainty,,,,,,,,,0,69,69,183,1026.087271,1026.286976,None,0,1026.087271,None,,-0.000925926,0.011111111,1,0,0,0.8143816,polygon,1023.770639,None,TRUE,1.5513326,-0.338888889,0.015740741,1,0,0,1.5513326,three_middle_left,1028.343974,None,15,1,2021_Dec_29_1047,untitled_1,2020.2.6,60.01979453
כחול,blue,c,1,Image_certainty//image155_alemnt11.jpg,11.jpg,one_up_left,two_middle_right,widespread,certainty,,,,,,,,,0,70,70,155,1033.169774,1033.369494,c,1,1033.169774,None,0.5467374,-0.000925926,-0.000925926,1,0,0,1.3303039,polygon,1030.336362,None,,,,,,,,,,1034.785785,1043.770639,15,1,2021_Dec_29_1047,untitled_1,2020.2.6,60.01979453
כחול,blue,c,1,Image_certainty//image191_alemnt12.jpg,12.jpg,two_middle_left,one_up_right,widespread,certainty,,,,,,,,,0,71,71,191,1046.884563,1047.083571,c,1,1046.884563,None,1.0180474,0,-0.008333333,1,0,0,1.0972916,polygon,1044.284675,None,,,,,,,,,,1048.99197,1057.98566,15,1,2021_Dec_29_1047,untitled_1,2020.2.6,60.01979453
אדום,red,z,1,Image_certainty//image195_alemnt10.jpg,10.jpg,one_down_left,two_middle_right,widespread,certainty,,,,,,,,,0,72,72,195,1061.299217,1061.499131,z,1,1061.299217,None,0.8899554,0.000925926,-0.00462963,1,0,0,1.2969837,polygon,1058.499489,None,TRUE,3.0199564,-0.602777778,-0.256481481,1,0,0,3.0199564,one_down_left,1063.261221,None,15,1,2021_Dec_29_1047,untitled_1,2020.2.6,60.01979453
כחול,red,z,0,Image_certainty//image58_alemnt8.jpg,8.jpg,two_middle_left,two_up_right,widespread,certainty,,,,,,,,,0,73,73,58,1069.631364,1069.831387,z,1,1069.631364,None,0.6343292,0,-0.001851852,1,0,0,1.4130045,polygon,1066.731739,None,,,,,,,,,,1071.337883,1080.332775,15,1,2021_Dec_29_1047,untitled_1,2020.2.6,60.01979453
כחול,blue,c,1,Image_certainty//image134_alemnt9.jpg,9.jpg,two_down_left,three_middle_right,widespread,certainty,,,,,,,,,0,74,74,134,1083.313169,1083.512859,c,1,1083.313169,None,0.86632,0.003703704,0.010185185,1,0,0,0.9655934,polygon,1080.846211,None,TRUE,,,,,,,,,1085.252362,None,15,1,2021_Dec_29_1047,untitled_1,2020.2.6,60.01979453
ירוק,green,x,1,Image_certainty//image151_alemnt13.jpg,13.jpg,two_middle_left,one_down_right,widespread,certainty,,,,,,,,,0,75,75,151,1092.911706,1093.111614,x,1,1092.911706,None,0.6428597,0.001851852,0.006481481,1,0,0,0.8305979,polygon,1090.57849,None,TRUE,5.2889445,-0.564814815,-0.034259259,1,0,0,5.2889445,two_middle_left,1094.625951,None,15,1,2021_Dec_29_1047,untitled_1,2020.2.6,60.01979453
כחול,blue,c,1,Image_certainty//image188_alemnt9.jpg,9.jpg,two_up_left,two_down_right,widespread,certainty,,,,,,,,,0,76,76,188,1104.677091,1104.87692,c,1,1104.677091,None,0.6727896,0.005555556,0.006481481,1,0,0,1.0507902,polygon,1100.377229,None,TRUE,3.3354949,-0.515740741,0.177777778,1,0,0,3.3354949,two_up_left,1106.437833,None,15,1,2021_Dec_29_1047,untitled_1,2020.2.6,60.01979453
אדום,blue,c,0,Image_certainty//image79_alemnt13.jpg,13.jpg,one_down_left,one_up_right,widespread,certainty,,,,,,,,,0,77,77,79,1112.859174,1113.059164,c,1,1112.859174,None,0.8270225,0.008333333,0.002777778,1,0,0,1.1486454,polygon,1110.209541,None,TRUE,4.6028734,-0.667592593,-0.22037037,1,0,0,4.6028734,one_down_left,1114.76056,None,15,1,2021_Dec_29_1047,untitled_1,2020.2.6,60.01979453
ירוק,green,x,1,Image_certainty//image127_alemnt14.jpg,14.jpg,one_up_left,two_middle_right,widespread,certainty,,,,,,,,,0,78,78,127,1122.274825,1122.474603,x,1,1122.274825,None,0.9059464,0.000925926,0.011111111,1,0,0,0.9789407,polygon,1119.808428,None,TRUE,4.7204799,-0.737962963,0.160185185,1,0,0,4.7204799,one_up_left,1124.265972,None,15,1,2021_Dec_29_1047,untitled_1,2020.2.6,60.01979453
ירוק,blue,c,0,Image_certainty//image63_alemnt13.jpg,13.jpg,three_middle_left,one_down_right,widespread,certainty,,,,,,,,,0,79,79,63,1132.123568,1132.323266,c,1,1132.123568,None,0.7311384,0.001851852,0.007407407,1,0,0,1.1814643,polygon,1129.440342,None,TRUE,6.0704062,-0.390740741,0.071296296,1,0,0,6.0704062,three_middle_left,1133.91466,None,15,1,2021_Dec_29_1047,untitled_1,2020.2.6,60.01979453
כחול,blue,c,1,Image_certainty//image167_alemnt8.jpg,8.jpg,two_down_left,one_middle_right,widespread,certainty,,,,,,,,,0,80,80,167,1142.722217,1142.921985,c,1,1142.722217,None,0.5336403,0,-0.007407407,1,0,0,0.7635436,polygon,1140.455381,None,TRUE,4.1544606,-0.362962963,-0.290740741,1,0,0,4.1544606,two_down_left,1144.322352,None,15,1,2021_Dec_29_1047,untitled_1,2020.2.6,60.01979453
אדום,blue,c,0,Image_certainty//image31_alemnt9.jpg,9.jpg,one_up_left,one_down_right,widespread,certainty,,,,,,,,,0,81,81,31,1152.387391,1152.587393,c,1,1152.387391,None,0.6109245,0.006481481,0.013888889,1,0,0,0.8479988,polygon,1148.921054,None,,,,,,,,,,1154.080408,1163.072016,15,1,2021_Dec_29_1047,untitled_1,2020.2.6,60.01979453
כחול,blue,c,1,Image_certainty//image137_alemnt8.jpg,8.jpg,one_up_left,two_middle_right,widespread,certainty,,,,,,,,,0,82,82,137,1166.369294,1166.568861,c,1,1166.369294,None,0.563173,0.001851852,0.012037037,1,0,0,1.2815585,polygon,1163.585913,None,TRUE,6.9202944,-0.768518519,0.163888889,1,0,0,6.9202944,one_up_left,1167.996376,None,15,1,2021_Dec_29_1047,untitled_1,2020.2.6,60.01979453
ירוק,blue,c,0,Image_certainty//image57_alemnt13.jpg,13.jpg,two_down_left,two_middle_right,widespread,certainty,,,,,,,,,0,83,83,57,1177.984246,1178.184052,c,1,1177.984246,None,1.0660241,-0.000925926,0.011111111,1,0,0,1.1295925,polygon,1175.367557,None,TRUE,7.188639,-0.383333333,-0.199074074,1,0,0,7.188639,two_down_left,1180.100074,None,15,1,2021_Dec_29_1047,untitled_1,2020.2.6,60.01979453
אדום,red,z,1,Image_certainty//image105_alemnt7.jpg,7.jpg,one_middle_left,one_up_right,infrequent,certainty,,,,,,,,,0,84,84,105,1189.966216,1190.165789,z,1,1189.966216,None,0.6540766,0.000925926,-0.002777778,1,0,0,0.6978118,polygon,1187.76586,None,,,,,,,,,,1191.710774,1200.700492,15,1,2021_Dec_29_1047,untitled_1,2020.2.6,60.01979453
אדום,green,x,0,Image_certainty//image6_alemnt7.jpg,7.jpg,three_middle_left,three_middle_right,infrequent,certainty,,,,,,,,,0,85,85,6,1204.16443,1204.364109,x,1,1204.16443,None,0.9495577,-0.002777778,-0.006481481,1,0,0,1.4480976,polygon,1201.214711,None,TRUE,5.6722532,-0.362037037,0.055555556,1,0,0,5.6722532,three_middle_left,1206.196791,None,15,1,2021_Dec_29_1047,untitled_1,2020.2.6,60.01979453
אדום,red,z,1,Image_certainty//image135_alemnt12.jpg,12.jpg,two_middle_left,one_middle_right,widespread,certainty,,,,,,,,,0,86,86,135,1214.729401,1214.929506,z,1,1214.729401,None,0.5962584,0,0.006481481,1,0,0,0.9146902,polygon,1212.313211,None,TRUE,3.5547884,-0.536111111,-0.049074074,1,0,0,3.5547884,two_middle_left,1216.40379,None,15,1,2021_Dec_29_1047,untitled_1,2020.2.6,60.01979453
כחול,red,z,0,Image_certainty//image4_alemnt2.jpg,2.jpg,two_middle_left,two_middle_right,infrequent,certainty,,,,,,,,,0,87,87,4,1222.811973,1223.01179,z,1,1222.811973,None,0.6286024,-0.00462963,0.016666667,1,0,0,0.9184121,polygon,1220.395108,None,TRUE,3.1178697,-0.537962963,-0.072222222,1,0,0,3.1178697,two_middle_left,1224.515515,None,15,1,2021_Dec_29_1047,untitled_1,2020.2.6,60.01979453
כחול,blue,c,1,Image_certainty//image131_alemnt13.jpg,13.jpg,one_middle_left,one_middle_right,widespread,certainty,,,,,,,,,0,88,88,131,1231.294167,1231.493916,c,1,1231.294167,None,1.0032425,0.001851852,0.001851852,1,0,0,1.7142704,polygon,1228.077637,None,TRUE,3.5375591,-0.715740741,-0.052777778,1,0,0,3.5375591,one_middle_left,1233.370045,None,15,1,2021_Dec_29_1047,untitled_1,2020.2.6,60.01979453
אדום,red,z,1,Image_certainty//image171_alemnt12.jpg,12.jpg,one_up_left,two_down_right,widespread,certainty,,,,,,,,,0,89,89,171,1240.326316,1240.526124,z,1,1240.326316,None,0.7132001,0.005555556,-0.001851852,1,0,0,1.448151,polygon,1237.376408,None,TRUE,2.5862428,-0.746296296,0.166666667,1,0,0,2.5862428,one_up_left,1242.118834,None,15,1,2021_Dec_29_1047,untitled_1,2020.2.6,60.01979453
ירוק,green,x,1,Image_certainty//image142_alemnt14.jpg,14.jpg,three_middle_left,two_down_right,widespread,certainty,,,,,,,,,0,90,90,142,1247.975469,1248.174919,z,0,1247.975469,None,1.0842355,0,0,1,0,0,1.3329279,polygon,1245.141827,None,TRUE,2.1553664,-0.367592593,0.056481481,1,0,0,2.1553664,three_middle_left,1250.140535,None,15,1,2021_Dec_29_1047,untitled_1,2020.2.6,60.01979453
ירוק,green,x,1,Image_certainty//image124_alemnt10.jpg,10.jpg,one_up_left,two_middle_right,widespread,certainty,,,,,,,,,0,91,91,124,1254.907757,1255.107663,z,0,1254.907757,None,0.6767339,-0.012962963,0.003703704,1,0,0,0.6478407,polygon,1252.757838,None,TRUE,7.5407438,-0.72037037,0.19537037,1,0,0,7.5407438,one_up_left,1256.639474,None,15,1,2021_Dec_29_1047,untitled_1,2020.2.6,60.01979453
ירוק,green,x,1,Image_certainty//image145_alemnt12.jpg,12.jpg,two_down_left,two_down_right,widespread,certainty,,,,,,,,,0,92,92,145,1267.205897,1267.406086,x,1,1267.205897,None,0.4889766,0.001851852,0.000925926,1,0,0,1.0787458,polygon,1264.639704,None,TRUE,1.5892236,-0.394444444,-0.22037037,1,0,0,1.5892236,two_down_left,1268.77911,None,15,1,2021_Dec_29_1047,untitled_1,2020.2.6,60.01979453
אדום,red,z,1,Image_certainty//image126_alemnt9.jpg,9.jpg,two_down_left,one_middle_right,widespread,certainty,,,,,,,,,0,93,93,126,1273.722135,1273.921549,z,1,1273.722135,None,0.5935056,0.003703704,-0.001851852,1,0,0,1.3988334,polygon,1270.822231,None,TRUE,4.405129,-0.401851852,-0.234259259,1,0,0,4.405129,two_down_left,1275.390429,None,15,1,2021_Dec_29_1047,untitled_1,2020.2.6,60.01979453
כחול,blue,c,1,Image_certainty//image164_alemnt9.jpg,9.jpg,one_middle_left,three_middle_right,widespread,certainty,,,,,,,,,0,94,94,164,1284.104157,1284.303937,c,1,1284.104157,None,0.5805979,0.007407407,-0.009259259,1,0,0,0.8170359,polygon,1280.254261,None,,,,,,,,,,1285.760353,1294.754978,15,1,2021_Dec_29_1047,untitled_1,2020.2.6,60.01979453
אדום,red,z,1,Image_certainty//image159_alemnt13.jpg,13.jpg,one_middle_left,two_middle_right,widespread,certainty,,,,,,,,,0,95,95,159,1298.235642,1298.435457,z,1,1298.235642,None,0.6400177,0.000925926,0.000925926,1,0,0,1.4647112,polygon,1295.269074,None,,,,,,,,,,1299.945806,1308.936932,15,1,2021_Dec_29_1047,untitled_1,2020.2.6,60.01979453
ירוק,red,z,0,Image_certainty//image26_alemnt11.jpg,11.jpg,one_middle_left,two_down_right,widespread,certainty,,,,,,,,,0,96,96,26,1312.200198,1312.400312,z,1,1312.200198,None,0.6077462,0.002777778,-0.013888889,1,0,0,1.2463373,polygon,1309.450654,None,TRUE,5.8874342,-0.707407407,-0.008333333,1,0,0,5.8874342,one_middle_left,1313.891157,None,15,1,2021_Dec_29_1047,untitled_1,2020.2.6,60.01979453
ירוק,blue,c,0,Image_certainty//image39_alemnt12.jpg,12.jpg,one_middle_left,one_middle_right,widespread,certainty,,,,,,,,,0,97,97,39,1322.54911,1322.748979,c,1,1322.54911,None,1.0471253,-0.00462963,-0.002777778,1,0,0,0.8148894,polygon,1320.23228,None,TRUE,4.2735684,-0.70462963,-0.010185185,1,0,0,4.2735684,one_middle_left,1324.661432,None,15,1,2021_Dec_29_1047,untitled_1,2020.2.6,60.01979453
כחול,red,z,0,Image_certainty//image16_alemnt4.jpg,4.jpg,one_middle_left,two_up_right,infrequent,certainty,,,,,,,,,0,98,98,16,1333.981142,1334.180843,z,1,1333.981142,None,0.9425008,0.007407407,0.007407407,1,0,0,0.9486373,polygon,1329.398003,None,TRUE,4.5211936,-0.707407407,0.007407407,1,0,0,4.5211936,one_middle_left,1335.996542,None,15,1,2021_Dec_29_1047,untitled_1,2020.2.6,60.01979453
אדום,green,x,0,Image_certainty//image90_alemnt12.jpg,12.jpg,three_middle_left,two_up_right,widespread,certainty,,,,,,,,,0,99,99,90,1344.029273,1344.229548,x,1,1344.029273,None,0.869373,-0.002777778,-0.003703704,1,0,0,1.548289,polygon,1340.97977,None,,,,,,,,,,1345.991132,1354.980867,15,1,2021_Dec_29_1047,untitled_1,2020.2.6,60.01979453
אדום,red,z,1,Image_certainty//image111_alemnt3.jpg,3.jpg,one_middle_left,two_up_right,infrequent,certainty,,,,,,,,,0,100,100,111,1358.111339,1358.311115,z,1,1358.111339,None,0.7119929,-0.003703704,0.000925926,1,0,0,1.1304557,polygon,1355.494485,None,,,,,,,,,,1359.912054,1368.896453,15,1,2021_Dec_29_1047,untitled_1,2020.2.6,60.01979453
ירוק,red,z,0,Image_certainty//image92_alemnt10.jpg,10.jpg,one_down_left,two_middle_right,widespread,certainty,,,,,,,,,0,101,101,92,1372.09271,1372.292644,z,1,1372.09271,None,0.6120097,0.010185185,0.00462963,1,0,0,1.1816253,polygon,1369.40972,None,TRUE,6.4874984,-0.663888889,-0.225,1,0,0,6.4874984,one_down_left,1373.777755,None,15,1,2021_Dec_29_1047,untitled_1,2020.2.6,60.01979453
ירוק,green,x,1,Image_certainty//image130_alemnt11.jpg,11.jpg,three_middle_left,two_down_right,widespread,certainty,,,,,,,,,0,102,102,130,1383.157714,1383.357856,x,1,1383.157714,None,0.7152905,0.002777778,0.003703704,1,0,0,0.9308319,polygon,1380.724432,None,TRUE,3.6218499,-0.371296296,0.072222222,1,0,0,3.6218499,three_middle_left,1384.961717,None,15,1,2021_Dec_29_1047,untitled_1,2020.2.6,60.01979453
כחול,blue,c,1,Image_certainty//image152_alemnt14.jpg,14.jpg,one_middle_left,one_middle_right,widespread,certainty,,,,,,,,,0,103,103,152,1391.473655,1391.673512,c,1,1391.473655,None,0.5767912,-0.001851852,0.006481481,1,0,0,0.9474066,polygon,1389.023684,None,TRUE,1.9225905,-0.709259259,-0.005555556,1,0,0,1.9225905,one_middle_left,1393.131284,None,15,1,2021_Dec_29_1047,untitled_1,2020.2.6,60.01979453
כחול,red,z,0,Image_certainty//image22_alemnt11.jpg,11.jpg,two_up_left,one_down_right,widespread,certainty,,,,,,,,,0,104,104,22,1398.572877,1398.772511,z,1,1398.572877,None,0.7047109,0.000925926,0,1,0,0,1.5648087,polygon,1395.505885,None,,,,,,,,,,1400.360302,1409.357247,15,1,2021_Dec_29_1047,untitled_1,2020.2.6,60.01979453
ירוק,green,x,1,Image_certainty//image181_alemnt12.jpg,12.jpg,two_up_left,one_down_right,widespread,certainty,,,,,,,,,0,105,105,181,1412.687599,1412.887426,x,1,1412.687599,None,0.5723212,0.003703704,-0.001851852,1,0,0,1.3177762,polygon,1409.870746,None,TRUE,3.788003,-0.517592593,0.19537037,1,0,0,3.788003,two_up_left,1414.338386,None,15,1,2021_Dec_29_1047,untitled_1,2020.2.6,60.01979453
כחול,blue,c,1,Image_certainty//image128_alemnt13.jpg,13.jpg,two_up_left,three_middle_right,widespread,certainty,,,,,,,,,0,106,106,128,1420.969971,1421.169679,None,0,1420.969971,None,,0.002777778,0,1,0,0,0.8817532,polygon,1418.586578,None,TRUE,3.7545825,-0.534259259,0.215740741,1,0,0,3.7545825,two_up_left,1423.23442,None,15,1,2021_Dec_29_1047,untitled_1,2020.2.6,60.01979453
כחול,blue,c,1,Image_certainty//image158_alemnt11.jpg,11.jpg,one_up_left,two_down_right,widespread,certainty,,,,,,,,,0,107,107,158,1430.101829,1430.301826,c,1,1430.101829,None,0.6271986,-0.001851852,0.007407407,1,0,0,1.1649314,polygon,1427.435472,None,TRUE,,,,,,,,,1431.821731,None,15,1,2021_Dec_29_1047,untitled_1,2020.2.6,60.01979453
ירוק,red,z,0,Image_certainty//image14_alemnt6.jpg,6.jpg,two_up_left,one_up_right,infrequent,certainty,,,,,,,,,0,108,108,14,1442.16721,1442.366688,z,1,1442.16721,None,1.1058448,-0.007407407,0.00462963,1,0,0,1.3840557,polygon,1439.283778,None,TRUE,6.4061805,-0.512037037,0.186111111,1,0,0,6.4061805,two_up_left,1444.354175,None,15,1,2021_Dec_29_1047,untitled_1,2020.2.6,60.01979453
ירוק,green,x,1,Image_certainty//image136_alemnt8.jpg,8.jpg,three_middle_left,two_down_right,widespread,certainty,,,,,,,,,0,109,109,136,1453.882216,1454.082139,None,0,1453.882216,None,,0,0.003703704,1,0,0,1.1666927,polygon,1451.21588,None,TRUE,2.7895504,-0.352777778,0.043518519,1,0,0,2.7895504,three_middle_left,1456.135519,None,15,1,2021_Dec_29_1047,untitled_1,2020.2.6,60.01979453
אדום,blue,c,0,Image_certainty//image91_alemnt8.jpg,8.jpg,two_up_left,one_up_right,widespread,certainty,,,,,,,,,0,110,110,91,1461.681265,1461.881092,c,1,1461.681265,None,0.6408581,0,-0.006481481,1,0,0,0.7975777,polygon,1459.38108,None,TRUE,3.6018724,-0.515740741,0.242592593,1,0,0,3.6018724,two_up_left,1463.400306,None,15,1,2021_Dec_29_1047,untitled_1,2020.2.6,60.01979453
כחול,green,x,0,Image_certainty//image29_alemnt13.jpg,13.jpg,one_middle_left,one_up_right,widespread,certainty,,,,,,,,,0,111,111,29,1469.713628,1469.913064,x,1,1469.713628,None,0.4791564,0.000925926,-0.00462963,1,0,0,0.765197,polygon,1467.446951,None,TRUE,2.3053224,-0.710185185,-0.019444444,1,0,0,2.3053224,one_middle_left,1471.25505,None,15,1,2021_Dec_29_1047,untitled_1,2020.2.6,60.01979453
כחול,blue,c,1,Image_certainty//image119_alemnt6.jpg,6.jpg,two_middle_left,one_down_right,infrequent,certainty,,,,,,,,,0,112,112,119,1476.445586,1476.645793,c,1,1476.445586,None,0.5940965,-0.014814815,-0.000925926,1,0,0,0.9292985,polygon,1474.029475,None,FALSE,5.4378258,-0.714814815,0.049074074,1,0,0,5.4378258,one_middle_left,1478.112995,None,15,1,2021_Dec_29_1047,untitled_1,2020.2.6,60.01979453
כחול,blue,c,1,Image_certainty//image173_alemnt12.jpg,12.jpg,two_up_left,three_middle_right,widespread,certainty,,,,,,,,,0,113,113,173,1486.361511,1486.561222,c,1,1486.361511,None,0.584361,0.00462963,0.008333333,1,0,0,0.8640672,polygon,1483.994667,None,TRUE,2.3541707,-0.49537037,0.185185185,1,0,0,2.3541707,two_up_left,1488.059353,None,15,1,2021_Dec_29_1047,untitled_1,2020.2.6,60.01979453
אדום,green,x,0,Image_certainty//image24_alemnt13.jpg,13.jpg,three_middle_left,one_middle_right,widespread,certainty,,,,,,,,,0,114,114,24,1495.510067,1495.710097,x,1,1495.510067,None,0.6360026,0.010185185,0.006481481,1,0,0,0.9817505,polygon,1490.827231,None,TRUE,1.3711744,-0.360185185,0.049074074,1,0,0,1.3711744,three_middle_left,1497.236269,None,15,1,2021_Dec_29_1047,untitled_1,2020.2.6,60.01979453
ירוק,blue,c,0,Image_certainty//image9_alemnt2.jpg,2.jpg,one_up_left,two_down_right,infrequent,certainty,,,,,,,,,0,115,115,9,1501.409241,1501.609285,c,1,1501.409241,None,0.6846464,0.012037037,-0.000925926,1,0,0,0.8630702,polygon,1499.059583,None,,,,,,,,,,1503.188191,1512.177797,15,1,2021_Dec_29_1047,untitled_1,2020.2.6,60.01979453
ירוק,red,z,0,Image_certainty//image56_alemnt11.jpg,11.jpg,three_middle_left,two_up_right,widespread,certainty,,,,,,,,,0,116,116,56,1515.074521,1515.274068,z,1,1515.074521,None,0.5693254,-0.011111111,0.003703704,1,0,0,0.8842416,polygon,1512.690843,None,TRUE,2.9039814,-0.358333333,0.069444444,1,0,0,2.9039814,three_middle_left,1516.732132,None,15,1,2021_Dec_29_1047,untitled_1,2020.2.6,60.01979453
כחול,green,x,0,Image_certainty//image71_alemnt12.jpg,12.jpg,three_middle_left,two_down_right,widespread,certainty,,,,,,,,,0,117,117,71,1523.140116,1523.339638,x,1,1523.140116,None,0.8417901,-0.003703704,-0.003703704,1,0,0,1.5644564,polygon,1520.073499,None,TRUE,3.1891805,-0.378703704,0.038888889,1,0,0,3.1891805,three_middle_left,1525.070733,None,15,1,2021_Dec_29_1047,untitled_1,2020.2.6,60.01979453
כחול,blue,c,1,Image_certainty//image116_alemnt2.jpg,2.jpg,one_middle_left,two_down_right,infrequent,certainty,,,,,,,,,0,118,118,116,1531.822281,1532.021982,None,0,1531.822281,None,,0.00462963,0,1,0,0,1.614208,polygon,1528.705726,None,TRUE,3.0192098,-0.718518519,-0.003703704,1,0,0,3.0192098,one_middle_left,1534.081935,None,15,1,2021_Dec_29_1047,untitled_1,2020.2.6,60.01979453
ירוק,green,x,1,Image_certainty//image199_alemnt9.jpg,9.jpg,one_up_left,one_down_right,widespread,certainty,,,,,,,,,0,119,119,199,1539.937756,1540.137559,x,1,1539.937756,None,0.9964402,-0.000925926,-0.000925926,1,0,0,0.8977708,polygon,1537.537958,None,FALSE,7.18424,-0.40462963,-0.227777778,1,0,0,7.18424,two_down_left,1542.015543,None,15,1,2021_Dec_29_1047,untitled_1,2020.2.6,60.01979453
אדום,green,x,0,Image_certainty//image30_alemnt10.jpg,10.jpg,two_down_left,three_middle_right,widespread,certainty,,,,,,,,,0,120,120,30,1552.319598,1552.519493,x,1,1552.319598,None,0.6136413,0.000925926,0.005555556,1,0,0,1.1862072,polygon,1549.636003,None,,,,,,,,,,1553.997672,1562.987206,15,1,2021_Dec_29_1047,untitled_1,2020.2.6,60.01979453
ירוק,blue,c,0,Image_certainty//image27_alemnt8.jpg,8.jpg,three_middle_left,two_middle_right,widespread,certainty,,,,,,,,,0,121,121,27,1566.033763,1566.233463,c,1,1566.033763,None,0.7358883,-0.015740741,0.00462963,1,0,0,1.0466697,polygon,1563.501125,None,TRUE,7.0389246,-0.387962963,0.055555556,1,0,0,7.0389246,three_middle_left,1567.825363,None,15,1,2021_Dec_29_1047,untitled_1,2020.2.6,60.01979453
אדום,red,z,1,Image_certainty//image123_alemnt13.jpg,13.jpg,one_up_left,one_down_right,widespread,certainty,,,,,,,,,0,122,122,123,1581.598663,1581.799028,z,1,1581.598663,None,0.9691325,0,0.014814815,1,0,0,4.7782555,polygon,1575.333193,None,,,,,,,,,,1583.65448,1592.650492,15,1,2021_Dec_29_1047,untitled_1,2020.2.6,60.01979453
אדום,red,z,1,Image_certainty//image108_alemnt2.jpg,2.jpg,one_down_left,one_up_right,infrequent,certainty,,,,,,,,,0,123,123,108,1595.597146,1595.797257,z,1,1595.597146,None,0.7653282,0,0.012962963,1,0,0,0.9317941,polygon,1593.164055,None,TRUE,7.5704926,-0.644444444,-0.200925926,1,0,0,7.5704926,one_down_left,1597.44927,None,15,1,2021_Dec_29_1047,untitled_1,2020.2.6,60.01979453
אדום,red,z,1,Image_certainty//image153_alemnt9.jpg,9.jpg,three_middle_left,two_middle_right,widespread,certainty,,,,,,,,,0,124,124,153,1608.462575,1608.66223,z,1,1608.462575,None,0.6640026,0.001851852,-0.002777778,1,0,0,1.5172487,polygon,1605.445486,None,TRUE,1.5898915,-0.349074074,0.04537037,1,0,0,1.5898915,three_middle_left,1610.211931,None,15,1,2021_Dec_29_1047,untitled_1,2020.2.6,60.01979453
ירוק,blue,c,0,Image_certainty//image87_alemnt11.jpg,11.jpg,three_middle_left,two_middle_right,widespread,certainty,,,,,,,,,0,125,125,87,1614.778158,1614.977964,x,0,1614.778158,None,1.1137296,0.009259259,-0.003703704,1,0,0,1.0477269,polygon,1612.228301,None,TRUE,5.1185016,-0.375,0.064814815,1,0,0,5.1185016,three_middle_left,1616.965953,None,15,1,2021_Dec_29_1047,untitled_1,2020.2.6,60.01979453
אדום,red,z,1,Image_certainty//image165_alemnt8.jpg,8.jpg,one_middle_left,one_up_right,widespread,certainty,,,,,,,,,0,126,126,165,1625.060347,1625.260118,z,1,1625.060347,None,0.5771342,0.006481481,0.000925926,1,0,0,1.0341968,polygon,1622.526776,None,TRUE,6.3552992,-0.718518519,-0.015740741,1,0,0,6.3552992,one_middle_left,1626.729214,None,15,1,2021_Dec_29_1047,untitled_1,2020.2.6,60.01979453
כחול,blue,c,1,Image_certainty//image125_alemnt12.jpg,12.jpg,one_down_left,one_down_right,widespread,certainty,,,,,,,,,0,127,127,125,1635.975434,1636.175202,c,1,1635.975434,None,0.7279164,-0.003703704,-0.009259259,1,0,0,0.9478689,polygon,1633.525613,None,TRUE,,,,,,,,,1637.795175,None,15,1,2021_Dec_29_1047,untitled_1,2020.2.6,60.01979453
אדום,blue,c,0,Image_certainty//image43_alemnt11.jpg,11.jpg,two_down_left,one_up_right,widespread,certainty,,,,,,,,,0,128,128,43,1642.724498,1642.924518,c,1,1642.724498,None,0.6294081,0.001851852,0.00462963,1,0,0,1.234232,polygon,1639.991404,None,TRUE,7.2046853,-0.40462963,-0.191666667,1,0,0,7.2046853,two_down_left,1644.421037,None,15,1,2021_Dec_29_1047,untitled_1,2020.2.6,60.01979453
כחול,green,x,0,Image_certainty//image53_alemnt12.jpg,12.jpg,two_down_left,two_middle_right,widespread,certainty,,,,,,,,,0,129,129,53,1654.989839,1655.189586,x,1,1654.989839,None,0.9530078,0.000925926,-0.001851852,1,0,0,1.3975486,polygon,1652.089689,None,TRUE,1.6733002,-0.361111111,-0.224074074,1,0,0,1.6733002,two_down_left,1657.017841,None,15,1,2021_Dec_29_1047,untitled_1,2020.2.6,60.01979453
ירוק,red,z,0,Image_certainty//image50_alemnt11.jpg,11.jpg,three_middle_left,one_down_right,widespread,certainty,,,,,,,,,0,130,130,50,1667.77151,1667.971112,None,0,1667.77151,None,,-0.006481481,-0.005555556,1,0,0,6.0179244,polygon,1659.155491,None,TRUE,1.9910883,-0.364814815,0.034259259,1,0,0,1.9910883,three_middle_left,1670.035202,None,15,1,2021_Dec_29_1047,untitled_1,2020.2.6,60.01979453
ירוק,blue,c,0,Image_certainty//image69_alemnt14.jpg,14.jpg,one_middle_left,two_down_right,widespread,certainty,,,,,,,,,0,131,131,69,1675.070194,1675.270066,None,0,1675.070194,None,,-0.001851852,0.014814815,1,0,0,1.0976731,polygon,1672.470604,None,TRUE,5.9004474,-0.696296296,-0.030555556,1,0,0,5.9004474,one_middle_left,1677.340209,None,15,1,2021_Dec_29_1047,untitled_1,2020.2.6,60.01979453
אדום,red,z,1,Image_certainty//image162_alemnt10.jpg,10.jpg,two_down_left,two_middle_right,widespread,certainty,,,,,,,,,0,132,132,162,1687.36871,1687.568639,z,1,1687.36871,None,0.5888312,0.005555556,0.02037037,1,0,0,1.0478503,polygon,1683.669198,None,TRUE,2.0715351,-0.40462963,-0.216666667,1,0,0,2.0715351,two_down_left,1689.037821,None,15,1,2021_Dec_29_1047,untitled_1,2020.2.6,60.01979453
כחול,blue,c,1,Image_certainty//image146_alemnt12.jpg,12.jpg,one_up_left,two_middle_right,widespread,certainty,,,,,,,,,0,133,133,146,1694.101369,1694.301271,None,0,1694.101369,None,,-0.000925926,-0.007407407,1,0,0,1.0312006,polygon,1691.568176,None,TRUE,4.4371231,-0.737037037,0.174074074,1,0,0,4.4371231,one_up_left,1696.35417,None,15,1,2021_Dec_29_1047,untitled_1,2020.2.6,60.01979453
ירוק,green,x,1,Image_certainty//image175_alemnt11.jpg,11.jpg,one_middle_left,two_down_right,widespread,certainty,,,,,,,,,0,134,134,175,1703.766797,1703.966493,x,1,1703.766797,None,0.5451399,-0.003703704,-0.000925926,1,0,0,1.0144704,polygon,1701.250204,None,TRUE,6.8360209,-0.683333333,-0.017592593,1,0,0,6.8360209,one_middle_left,1705.376213,None,15,1,2021_Dec_29_1047,untitled_1,2020.2.6,60.01979453
ירוק,red,z,0,Image_certainty//image68_alemnt14.jpg,14.jpg,one_down_left,two_down_right,widespread,certainty,,,,,,,,,0,135,135,68,1715.148783,1715.348547,z,1,1715.148783,None,0.9400408,0.003703704,0.000925926,1,0,0,0.9815312,polygon,1712.665466,None,TRUE,6.1874267,-0.669444444,-0.221296296,1,0,0,6.1874267,one_down_left,1717.173038,None,15,1,2021_Dec_29_1047,untitled_1,2020.2.6,60.01979453
ירוק,red,z,0,Image_certainty//image74_alemnt8.jpg,8.jpg,two_up_left,three_middle_right,widespread,certainty,,,,,,,,,0,136,136,74,1726.497291,1726.696772,z,1,1726.497291,None,0.9838342,-0.012037037,0.002777778,1,0,0,1.1982339,polygon,1723.797113,None,,,,,,,,,,1728.556672,1737.531414,15,1,2021_Dec_29_1047,untitled_1,2020.2.6,60.01979453
ירוק,blue,c,0,Image_certainty//image75_alemnt11.jpg,11.jpg,two_up_left,one_middle_right,widespread,certainty,,,,,,,,,0,137,137,75,1740.728712,1740.928602,c,1,1740.728712,None,0.747224,-0.006481481,0.003703704,1,0,0,1.1793697,polygon,1738.062144,None,TRUE,6.1696868,-0.505555556,0.210185185,1,0,0,6.1696868,two_up_left,1742.551066,None,15,1,2021_Dec_29_1047,untitled_1,2020.2.6,60.01979453
כחול,blue,c,1,Image_certainty//image194_alemnt11.jpg,11.jpg,three_middle_left,two_down_right,widespread,certainty,,,,,,,,,0,138,138,194,1751.526909,1751.726334,c,1,1751.526909,None,0.6274037,0.00462963,-0.000925926,1,0,0,0.8817031,polygon,1749.160041,None,TRUE,4.7529059,-0.387962963,0.046296296,1,0,0,4.7529059,three_middle_left,1753.208435,None,15,1,2021_Dec_29_1047,untitled_1,2020.2.6,60.01979453
אדום,green,x,0,Image_certainty//image78_alemnt10.jpg,10.jpg,one_middle_left,two_up_right,widespread,certainty,,,,,,,,,0,139,139,78,1760.758755,1760.958482,x,1,1760.758755,None,0.8540147,0.005555556,0.000925926,1,0,0,0.8482829,polygon,1758.425483,None,TRUE,4.0201465,-0.748148148,-0.005555556,1,0,0,4.0201465,one_middle_left,1762.696789,None,15,1,2021_Dec_29_1047,untitled_1,2020.2.6,60.01979453
ירוק,green,x,1,Image_certainty//image157_alemnt8.jpg,8.jpg,one_middle_left,three_middle_right,widespread,certainty,,,,,,,,,0,140,140,157,1769.724336,1769.924025,x,1,1769.724336,None,0.6223912,-0.002777778,0.003703704,1,0,0,1.0810102,polygon,1767.157685,None,TRUE,6.7016926,-0.693518519,-0.025,1,0,0,6.7016926,one_middle_left,1771.40718,None,15,1,2021_Dec_29_1047,untitled_1,2020.2.6,60.01979453
ירוק,green,x,1,Image_certainty//image118_alemnt6.jpg,6.jpg,one_up_left,one_up_right,infrequent,certainty,,,,,,,,,0,141,141,118,1783.589205,1783.788922,x,1,1783.589205,None,0.4995597,-0.006481481,0.012962963,1,0,0,0.8315692,polygon,1778.57292,None,TRUE,5.2870485,-0.763888889,0.188888889,1,0,0,5.2870485,one_up_left,1785.147986,None,15,1,2021_Dec_29_1047,untitled_1,2020.2.6,60.01979453
אדום,red,z,1,Image_certainty//image198_alemnt9.jpg,9.jpg,one_up_left,one_middle_right,widespread,certainty,,,,,,,,,0,142,142,198,1793.438066,1793.637517,z,1,1793.438066,None,0.6887874,-0.007407407,0.002777778,1,0,0,1.0649869,polygon,1790.888001,None,TRUE,5.9899916,-0.717592593,0.17962963,1,0,0,5.9899916,one_up_left,1795.192867,None,15,1,2021_Dec_29_1047,untitled_1,2020.2.6,60.01979453
ירוק,blue,c,0,Image_certainty//image15_alemnt3.jpg,3.jpg,three_middle_left,two_down_right,infrequent,certainty,,,,,,,,,0,143,143,15,1804.986268,1805.186091,c,1,1804.986268,None,0.7285637,-0.006481481,0.015740741,1,0,0,0.9811384,polygon,1801.653737,None,TRUE,2.7190884,-0.386111111,0.072222222,1,0,0,2.7190884,three_middle_left,1806.767545,None,15,1,2021_Dec_29_1047,untitled_1,2020.2.6,60.01979453
כחול,green,x,0,Image_certainty//image83_alemnt14.jpg,14.jpg,one_down_left,one_middle_right,widespread,certainty,,,,,,,,,0,144,144,83,1812.486305,1812.685796,x,1,1812.486305,None,0.8413725,0.000925926,0.010185185,1,0,0,1.0331851,polygon,1809.952168,None,,,,,,,,,,1814.418841,1823.404221,15,1,2021_Dec_29_1047,untitled_1,2020.2.6,60.01979453
כחול,green,x,0,Image_certainty//image11_alemnt7.jpg,7.jpg,two_middle_left,one_middle_right,infrequent,certainty,,,,,,,,,0,145,145,11,1826.800977,1827.000884,x,1,1826.800977,None,0.8141581,0.007407407,0.00462963,1,0,0,1.3822627,polygon,1823.917764,None,TRUE,,,,,,,,,1828.684194,None,15,1,2021_Dec_29_1047,untitled_1,2020.2.6,60.01979453
ירוק,green,x,1,Image_certainty//image178_alemnt8.jpg,8.jpg,two_up_left,one_up_right,widespread,certainty,,,,,,,,,0,146,146,178,1836.066457,1836.266153,x,1,1836.066457,None,0.7844443,0.001851852,-0.001851852,1,0,0,1.2143941,polygon,1833.34993,None,TRUE,5.9359733,-0.503703704,0.209259259,1,0,0,5.9359733,two_up_left,1837.920731,None,15,1,2021_Dec_29_1047,untitled_1,2020.2.6,60.01979453
ירוק,blue,c,0,Image_certainty//image81_alemnt14.jpg,14.jpg,three_middle_left,one_down_right,widespread,certainty,,,,,,,,,0,147,147,81,1847.148114,1847.348074,c,1,1847.148114,None,0.8047614,-0.00462963,0.002777778,1,0,0,1.3495255,polygon,1844.298552,None,TRUE,4.2050307,-0.375925926,0.066666667,1,0,0,4.2050307,three_middle_left,1849.069727,None,15,1,2021_Dec_29_1047,untitled_1,2020.2.6,60.01979453
ירוק,green,x,1,Image_certainty//image160_alemnt8.jpg,8.jpg,two_down_left,two_up_right,widespread,certainty,,,,,,,,,0,148,148,160,1856.163974,1856.363801,x,1,1856.163974,None,1.1581046,0.009259259,0.000925926,1,0,0,0.9645606,polygon,1853.697338,None,TRUE,2.2885138,-0.396296296,-0.240740741,1,0,0,2.2885138,two_down_left,1858.40396,None,15,1,2021_Dec_29_1047,untitled_1,2020.2.6,60.01979453
כחול,blue,c,1,Image_certainty//image179_alemnt12.jpg,12.jpg,two_middle_left,one_down_right,widespread,certainty,,,,,,,,,0,149,149,179,1863.646403,1863.845811,c,1,1863.646403,None,0.4494377,-0.001851852,0.003703704,1,0,0,0.998418,polygon,1861.146233,None,TRUE,2.0852551,-0.512962963,-0.076851852,1,0,0,2.0852551,two_middle_left,1865.158362,None,15,1,2021_Dec_29_1047,untitled_1,2020.2.6,60.01979453
כחול,blue,c,1,Image_certainty//image110_alemnt5.jpg,5.jpg,three_middle_left,one_up_right,infrequent,certainty,,,,,,,,,0,150,150,110,1870.462112,1870.66193,c,1,1870.462112,None,0.9174322,-0.001851852,0.016666667,1,0,0,1.2659579,polygon,1867.695001,None,TRUE,3.1542745,-0.362037037,0.053703704,1,0,0,3.1542745,three_middle_left,1872.472472,None,15,1,2021_Dec_29_1047,untitled_1,2020.2.6,60.01979453
ירוק,red,z,0,Image_certainty//image2_alemnt4.jpg,4.jpg,one_down_left,two_down_right,infrequent,certainty,,,,,,,,,0,151,151,2,1878.311177,1878.510925,z,1,1878.311177,None,0.616482,-0.001851852,-0.001851852,1,0,0,0.7311364,polygon,1876.077824,None,TRUE,4.0207145,-0.677777778,-0.215740741,1,0,0,4.0207145,one_down_left,1879.979439,None,15,1,2021_Dec_29_1047,untitled_1,2020.2.6,60.01979453
אדום,blue,c,0,Image_certainty//image1_alemnt6.jpg,6.jpg,two_down_left,one_up_right,infrequent,certainty,,,,,,,,,0,152,152,1,1887.043072,1887.243121,c,1,1887.043072,None,0.9609329,0,-0.011111111,1,0,0,1.0643688,polygon,1884.476484,None,FALSE,7.2377438,-0.737962963,-0.037037037,1,0,0,7.2377438,one_middle_left,1889.069975,None,15,1,2021_Dec_29_1047,untitled_1,2020.2.6,60.01979453
ירוק,green,x,1,Image_certainty//image109_alemnt5.jpg,5.jpg,one_down_left,two_middle_right,infrequent,certainty,,,,,,,,,0,153,153,109,1900.123996,1900.32379,x,1,1900.123996,None,0.5635064,0.005555556,0.014814815,1,0,0,0.9647437,polygon,1896.774765,None,TRUE,3.9376133,-0.677777778,-0.253703704,1,0,0,3.9376133,one_down_left,1901.73582,None,15,1,2021_Dec_29_1047,untitled_1,2020.2.6,60.01979453
כחול,blue,c,1,Image_certainty//image122_alemnt14.jpg,14.jpg,one_down_left,two_up_right,widespread,certainty,,,,,,,,,0,154,154,122,1908.640262,1908.840094,c,1,1908.640262,None,0.6323637,-0.002777778,-0.012037037,1,0,0,0.9976678,polygon,1906.140351,None,TRUE,5.1881363,-0.656481481,-0.249074074,1,0,0,5.1881363,one_down_left,1910.346833,None,15,1,2021_Dec_29_1047,untitled_1,2020.2.6,60.01979453
כחול,red,z,0,Image_certainty//image70_alemnt14.jpg,14.jpg,two_down_left,one_middle_right,widespread,certainty,,,,,,,,,0,155,155,70,1918.605932,1918.805566,z,1,1918.605932,None,0.8870543,-0.002777778,0.001851852,1,0,0,1.1190102,polygon,1915.989183,None,,,,,,,,,,1920.578667,1929.573701,15,1,2021_Dec_29_1047,untitled_1,2020.2.6,60.01979453
אדום,red,z,1,Image_certainty//image138_alemnt9.jpg,9.jpg,one_down_left,two_down_right,widespread,certainty,,,,,,,,,0,156,156,138,1932.904097,1933.103899,z,1,1932.904097,None,0.8731053,-0.006481481,0.000925926,1,0,0,1.3146164,polygon,1930.087283,None,TRUE,,,,,,,,,1934.861776,None,15,1,2021_Dec_29_1047,untitled_1,2020.2.6,60.01979453
ירוק,green,x,1,Image_certainty//image100_alemnt4.jpg,4.jpg,two_down_left,one_middle_right,infrequent,certainty,,,,,,,,,0,157,157,100,1943.519216,1943.719212,z,0,1943.519216,None,0.7804595,0.002777778,0.001851852,1,0,0,0.9473412,polygon,1941.06919,None,TRUE,1.9069067,-0.337962963,-0.223148148,1,0,0,1.9069067,two_down_left,1945.375774,None,15,1,2021_Dec_29_1047,untitled_1,2020.2.6,60.01979453
אדום,red,z,1,Image_certainty//image147_alemnt9.jpg,9.jpg,three_middle_left,two_up_right,widespread,certainty,,,,,,,,,0,158,158,147,1950.468573,1950.668314,z,1,1950.468573,None,0.7758291,0.003703704,-0.008333333,1,0,0,1.2318672,polygon,1947.734735,None,TRUE,7.7351296,-0.389814815,0.038888889,1,0,0,7.7351296,three_middle_left,1952.306618,None,15,1,2021_Dec_29_1047,untitled_1,2020.2.6,60.01979453
כחול,blue,c,1,Image_certainty//image104_alemnt3.jpg,3.jpg,three_middle_left,two_down_right,infrequent,certainty,,,,,,,,,0,159,159,104,1963.083052,1963.282496,None,0,1963.083052,None,,0.000925926,0.018518519,1,0,0,1.0992585,polygon,1960.499531,None,TRUE,6.3863758,-0.368518519,0.057407407,1,0,0,6.3863758,three_middle_left,1965.30963,None,15,1,2021_Dec_29_1047,untitled_1,2020.2.6,60.01979453
כחול,blue,c,1,Image_certainty//image161_alemnt12.jpg,12.jpg,one_down_left,two_middle_right,widespread,certainty,,,,,,,,,0,160,160,161,1976.03183,1976.231594,None,0,1976.03183,None,,0.006481481,0.006481481,1,0,0,0.9518384,polygon,1972.165068,None,TRUE,3.7041041,-0.683333333,-0.264814815,1,0,0,3.7041041,one_down_left,1978.280797,None,15,1,2021_Dec_29_1047,untitled_1,2020.2.6,60.01979453
אדום,blue,c,0,Image_certainty//image61_alemnt10.jpg,10.jpg,one_down_left,one_middle_right,widespread,certainty,,,,,,,,,0,161,161,61,1984.697446,1984.897106,c,1,1984.697446,None,0.8587179,-0.001851852,0.002777778,1,0,0,0.7638772,polygon,1982.430699,None,TRUE,2.1044736,-0.638888889,-0.22962963,1,0,0,2.1044736,one_down_left,1986.633992,None,15,1,2021_Dec_29_1047,untitled_1,2020.2.6,60.01979453
אדום,blue,c,0,Image_certainty//image7_alemnt7.jpg,7.jpg,one_down_left,one_down_right,infrequent,certainty,,,,,,,,,0,162,162,7,1991.746477,1991.946227,c,1,1991.746477,None,0.8305131,0.012037037,0.002777778,1,0,0,1.0466012,polygon,1989.19659,None,TRUE,5.5395995,-0.660185185,-0.212962963,1,0,0,5.5395995,one_down_left,1993.653569,None,15,1,2021_Dec_29_1047,untitled_1,2020.2.6,60.01979453
אדום,red,z,1,Image_certainty//image120_alemnt12.jpg,12.jpg,two_up_left,two_up_right,widespread,certainty,,,,,,,,,0,163,163,120,2002.078513,2002.277915,z,1,2002.078513,None,1.1095526,0.00462963,-0.000925926,1,0,0,0.9320218,polygon,1999.645336,None,TRUE,3.4046486,-0.490740741,0.212037037,1,0,0,3.4046486,two_up_left,2004.27161,None,15,1,2021_Dec_29_1047,untitled_1,2020.2.6,60.01979453
ירוק,red,z,0,Image_certainty//image20_alemnt10.jpg,10.jpg,two_up_left,two_up_right,widespread,certainty,,,,,,,,,0,164,164,20,2010.694193,2010.893912,z,1,2010.694193,None,0.6226408,0.002777778,0,1,0,0,1.0648353,polygon,2008.127451,None,TRUE,7.5205819,-0.544444444,0.212037037,1,0,0,7.5205819,two_up_left,2012.390159,None,15,1,2021_Dec_29_1047,untitled_1,2020.2.6,60.01979453
כחול,green,x,0,Image_certainty//image41_alemnt12.jpg,12.jpg,two_up_left,one_up_right,widespread,certainty,,,,,,,,,0,165,165,41,2022.825848,2023.025558,x,1,2022.825848,None,0.465163,-0.003703704,0.008333333,1,0,0,0.9657356,polygon,2020.359212,None,TRUE,5.1683732,-0.514814815,0.175,1,0,0,5.1683732,two_up_left,2024.347115,None,15,1,2021_Dec_29_1047,untitled_1,2020.2.6,60.01979453
כחול,red,z,0,Image_certainty//image40_alemnt14.jpg,14.jpg,one_up_left,one_middle_right,widespread,certainty,,,,,,,,,0,166,166,40,2032.291063,2032.491137,z,1,2032.291063,None,0.5525082,0.001851852,0.011111111,1,0,0,0.8139393,polygon,2029.974521,None,TRUE,6.9019186,-0.702777778,0.178703704,1,0,0,6.9019186,one_up_left,2033.931375,None,15,1,2021_Dec_29_1047,untitled_1,2020.2.6,60.01979453
אדום,green,x,0,Image_certainty//image12_alemnt1.jpg,1.jpg,one_up_left,two_up_right,infrequent,certainty,,,,,,,,,0,167,167,12,2043.773267,2043.97272,x,1,2043.773267,None,0.5274423,-0.003703704,0.008333333,1,0,0,0.9972151,polygon,2041.27312,None,TRUE,6.3346245,-0.763888889,0.169444444,1,0,0,6.3346245,one_up_left,2045.384453,None,15,1,2021_Dec_29_1047,untitled_1,2020.2.6,60.01979453
אדום,blue,c,0,Image_certainty//image37_alemnt13.jpg,13.jpg,two_down_left,one_up_right,widespread,certainty,,,,,,,,,0,168,168,37,2054.721515,2054.921354,c,1,2054.721515,None,0.7679017,-0.00462963,0.009259259,1,0,0,1.0646388,polygon,2052.154937,None,,,,,,,,,,2056.567317,2065.556265,15,1,2021_Dec_29_1047,untitled_1,2020.2.6,60.01979453
כחול,blue,c,1,Image_certainty//image170_alemnt13.jpg,13.jpg,one_down_left,two_middle_right,widespread,certainty,,,,,,,,,0,169,169,170,2071.086414,2071.285834,c,1,2071.086414,None,0.7221445,0.003703704,-0.000925926,1,0,0,3.5128704,polygon,2066.069989,None,TRUE,4.1558815,-0.662037037,-0.22962963,1,0,0,4.1558815,one_down_left,2072.900246,None,15,1,2021_Dec_29_1047,untitled_1,2020.2.6,60.01979453
כחול,green,x,0,Image_certainty//image5_alemnt2.jpg,2.jpg,two_down_left,two_down_right,infrequent,certainty,,,,,,,,,0,170,170,5,2080.051818,2080.251374,x,1,2080.051818,None,0.5495093,0.010185185,0.003703704,1,0,0,1.048004,polygon,2077.501933,None,TRUE,,,,,,,,,2081.672134,None,15,1,2021_Dec_29_1047,untitled_1,2020.2.6,60.01979453
ירוק,red,z,0,Image_certainty//image86_alemnt13.jpg,13.jpg,two_middle_left,one_up_right,widespread,certainty,,,,,,,,,0,171,171,86,2091.250387,2091.450222,None,0,2091.250387,None,,0.012962963,0.002777778,1,0,0,1.1152501,polygon,2088.633583,None,TRUE,2.1218107,-0.526851852,-0.075925926,1,0,0,2.1218107,two_middle_left,2093.5058,None,15,1,2021_Dec_29_1047,untitled_1,2020.2.6,60.01979453
כחול,red,z,0,Image_certainty//image46_alemnt8.jpg,8.jpg,two_middle_left,two_up_right,widespread,certainty,,,,,,,,,0,172,172,46,2098.616247,2098.815966,z,1,2098.616247,None,0.5739885,0.002777778,0.000925926,1,0,0,1.0314051,polygon,2096.082709,None,,,,,,,,,,2100.247151,2109.233802,15,1,2021_Dec_29_1047,untitled_1,2020.2.6,60.01979453
אדום,green,x,0,Image_certainty//image0_alemnt7.jpg,7.jpg,one_down_left,two_up_right,infrequent,certainty,,,,,,,,,0,173,173,0,2112.447807,2112.647526,x,1,2112.447807,None,0.7385588,0.000925926,-0.002777778,1,0,0,1.1985173,polygon,2109.747565,None,FALSE,8.7207756,-0.714814815,-0.015740741,1,0,0,8.7207756,one_middle_left,2114.267451,None,15,1,2021_Dec_29_1047,untitled_1,2020.2.6,60.01979453
אדום,green,x,0,Image_certainty//image96_alemnt14.jpg,14.jpg,one_up_left,two_down_right,widespread,certainty,,,,,,,,,0,174,174,96,2125.912589,2126.112129,x,1,2125.912589,None,0.6360733,0.003703704,0.011111111,1,0,0,0.9822724,polygon,2123.429369,None,TRUE,7.8044708,-0.756481481,0.143518519,1,0,0,7.8044708,one_up_left,2127.625493,None,15,1,2021_Dec_29_1047,untitled_1,2020.2.6,60.01979453
אדום,red,z,1,Image_certainty//image186_alemnt11.jpg,11.jpg,one_down_left,two_up_right,widespread,certainty,,,,,,,,,0,175,175,186,2138.410897,2138.610248,z,1,2138.410897,None,0.5398145,-0.000925926,-0.003703704,1,0,0,1.0313653,polygon,2135.877743,None,,,,,,,,,,2140.033469,2149.029318,15,1,2021_Dec_29_1047,untitled_1,2020.2.6,60.01979453
אדום,blue,c,0,Image_certainty//image19_alemnt4.jpg,4.jpg,one_middle_left,two_middle_right,infrequent,certainty,,,,,,,,,0,176,176,19,2152.126042,2152.325734,c,1,2152.126042,None,0.627691,-0.002777778,0.000925926,1,0,0,1.0818607,polygon,2149.54251,None,TRUE,4.5539748,-0.687962963,0.001851852,1,0,0,4.5539748,one_middle_left,2153.830894,None,15,1,2021_Dec_29_1047,untitled_1,2020.2.6,60.01979453
אדום,green,x,0,Image_certainty//image54_alemnt11.jpg,11.jpg,two_down_left,two_middle_right,widespread,certainty,,,,,,,,,0,177,177,54,2161.274806,2161.474362,x,1,2161.274806,None,0.5829869,0.003703704,0,1,0,0,0.9455954,polygon,2158.841488,None,TRUE,4.2021706,-0.398148148,-0.228703704,1,0,0,4.2021706,two_down_left,2162.919771,None,15,1,2021_Dec_29_1047,untitled_1,2020.2.6,60.01979453
ירוק,green,x,1,Image_certainty//image184_alemnt14.jpg,14.jpg,one_up_left,two_middle_right,widespread,certainty,,,,,,,,,0,178,178,184,2170.07372,2170.273184,x,1,2170.07372,None,0.6951699,-0.007407407,0.000925926,1,0,0,0.9976408,polygon,2167.573704,None,TRUE,5.4039262,-0.732407407,0.162962963,1,0,0,5.4039262,one_up_left,2171.830117,None,15,1,2021_Dec_29_1047,untitled_1,2020.2.6,60.01979453
ירוק,green,x,1,Image_certainty//image121_alemnt12.jpg,12.jpg,two_down_left,three_middle_right,widespread,certainty,,,,,,,,,0,179,179,121,2180.538947,2180.738956,x,1,2180.538947,None,0.7559859,-0.008333333,-0.001851852,1,0,0,1.3314227,polygon,2177.705693,None,TRUE,2.6195066,-0.368518519,-0.211111111,1,0,0,2.6195066,two_down_left,2182.361835,None,15,1,2021_Dec_29_1047,untitled_1,2020.2.6,60.01979453
כחול,green,x,0,Image_certainty//image89_alemnt13.jpg,13.jpg,two_up_left,three_middle_right,widespread,certainty,,,,,,,,,0,180,180,89,2188.304748,2188.50444,x,1,2188.304748,None,0.6326669,0.002777778,-0.002777778,1,0,0,1.3649937,polygon,2185.43807,None,TRUE,7.236484,-0.527777778,0.239814815,1,0,0,7.236484,two_up_left,2190.015761,None,15,1,2021_Dec_29_1047,untitled_1,2020.2.6,60.01979453
ירוק,green,x,1,Image_certainty//image139_alemnt10.jpg,10.jpg,two_up_left,one_middle_right,widespread,certainty,,,,,,,,,0,181,181,139,2200.60265,2200.802555,x,1,2200.60265,None,0.7179396,0,0.012962963,1,0,0,1.4147056,polygon,2197.686501,None,TRUE,4.218252,-0.518518519,0.239814815,1,0,0,4.218252,two_up_left,2202.395706,None,15,1,2021_Dec_29_1047,untitled_1,2020.2.6,60.01979453
כחול,red,z,0,Image_certainty//image10_alemnt6.jpg,6.jpg,two_middle_left,three_middle_right,infrequent,certainty,,,,,,,,,0,182,182,10,2209.801918,2210.001661,z,1,2209.801918,None,0.6888239,0.005555556,0.002777778,1,0,0,1.2494698,polygon,2207.051889,None,,,,,,,,,,2211.585086,2220.57018,15,1,2021_Dec_29_1047,untitled_1,2020.2.6,60.01979453
אדום,green,x,0,Image_certainty//image72_alemnt9.jpg,9.jpg,one_middle_left,two_down_right,widespread,certainty,,,,,,,,,0,183,183,72,2224.683391,2224.883123,x,1,2224.683391,None,0.5321642,0.012037037,0.007407407,1,0,0,1.0481432,polygon,2221.083229,None,,,,,,,,,,2226.282788,2235.267773,15,1,2021_Dec_29_1047,untitled_1,2020.2.6,60.01979453
אדום,green,x,0,Image_certainty//image18_alemnt4.jpg,4.jpg,three_middle_left,one_down_right,infrequent,certainty,,,,,,,,,0,184,184,18,2238.281264,2238.481337,x,1,2238.281264,None,0.6323521,0.000925926,-0.007407407,1,0,0,0.9989688,polygon,2235.781538,None,TRUE,1.9204101,-0.352777778,0.052777778,1,0,0,1.9204101,three_middle_left,2239.98902,None,15,1,2021_Dec_29_1047,untitled_1,2020.2.6,60.01979453
ירוק,red,z,0,Image_certainty//image8_alemnt6.jpg,6.jpg,one_down_left,one_up_right,infrequent,certainty,,,,,,,,,0,185,185,8,2245.013885,2245.213735,z,1,2245.013885,None,0.7309192,0.00462963,-0.000925926,1,0,0,1.1645554,polygon,2242.347412,None,TRUE,5.6356468,-0.672222222,-0.24537037,1,0,0,5.6356468,one_down_left,2246.821178,None,15,1,2021_Dec_29_1047,untitled_1,2020.2.6,60.01979453
אדום,red,z,1,Image_certainty//image102_alemnt1.jpg,1.jpg,three_middle_left,two_middle_right,infrequent,certainty,,,,,,,,,0,186,186,102,2255.612505,2255.812033,z,1,2255.612505,None,0.5602083,0.000925926,0.005555556,1,0,0,1.217763,polygon,2252.896098,None,TRUE,3.6220313,-0.366666667,0.038888889,1,0,0,3.6220313,three_middle_left,2257.247611,None,15,1,2021_Dec_29_1047,untitled_1,2020.2.6,60.01979453
אדום,green,x,0,Image_certainty//image84_alemnt12.jpg,12.jpg,one_up_left,one_up_right,widespread,certainty,,,,,,,,,0,187,187,84,2264.211267,2264.410909,z,0,2264.211267,None,0.8536681,0.002777778,0.005555556,1,0,0,1.3814457,polygon,2261.328334,None,TRUE,4.102982,-0.732407407,0.148148148,1,0,0,4.102982,one_up_left,2266.135319,None,15,1,2021_Dec_29_1047,untitled_1,2020.2.6,60.01979453
אדום,blue,c,0,Image_certainty//image97_alemnt8.jpg,8.jpg,one_middle_left,three_middle_right,widespread,certainty,,,,,,,,,0,188,188,97,2273.143175,2273.343194,c,1,2273.143175,None,1.1143078,-0.002777778,0,1,0,0,0.9484659,polygon,2270.693711,None,TRUE,4.3875728,-0.7,-0.011111111,1,0,0,4.3875728,one_middle_left,2275.330792,None,15,1,2021_Dec_29_1047,untitled_1,2020.2.6,60.01979453
כחול,blue,c,1,Image_certainty//image176_alemnt9.jpg,9.jpg,two_middle_left,one_down_right,widespread,certainty,,,,,,,,,0,189,189,176,2282.225832,2282.42548,c,1,2282.225832,None,0.7569669,-0.000925926,-0.009259259,1,0,0,0.5481785,polygon,2280.17585,None,,,,,,,,,,2284.056683,2293.043414,15,1,2021_Dec_29_1047,untitled_1,2020.2.6,60.01979453
ירוק,green,x,1,Image_certainty//image154_alemnt9.jpg,9.jpg,one_middle_left,one_down_right,widespread,certainty,,,,,,,,,0,190,190,154,2297.873981,2298.073698,x,1,2297.873981,None,0.7924004,0.007407407,0.014814815,1,0,0,1.1819749,polygon,2293.557218,None,TRUE,4.9387487,-0.705555556,-0.037962963,1,0,0,4.9387487,one_middle_left,2299.73132,None,15,1,2021_Dec_29_1047,untitled_1,2020.2.6,60.01979453
ירוק,green,x,1,Image_certainty//image193_alemnt12.jpg,12.jpg,three_middle_left,three_middle_right,widespread,certainty,,,,,,,,,0,191,191,193,2308.005774,2308.20536,x,1,2308.005774,None,0.8562355,-0.003703704,-0.003703704,1,0,0,1.3650063,polygon,2305.139302,None,TRUE,4.2547972,-0.387037037,0.047222222,1,0,0,4.2547972,three_middle_left,2309.946453,None,15,1,2021_Dec_29_1047,untitled_1,2020.2.6,60.01979453
כחול,blue,c,1,Image_certainty//image143_alemnt9.jpg,9.jpg,two_down_left,one_middle_right,widespread,certainty,,,,,,,,,0,192,192,143,2318.421264,2318.621001,c,1,2318.421264,None,0.5483921,-0.007407407,0.009259259,1,0,0,0.89825,polygon,2314.654628,None,TRUE,1.4220565,-0.37037037,-0.219444444,1,0,0,1.4220565,two_down_left,2320.053299,None,15,1,2021_Dec_29_1047,untitled_1,2020.2.6,60.01979453
כחול,red,z,0,Image_certainty//image82_alemnt14.jpg,14.jpg,three_middle_left,two_down_right,widespread,certainty,,,,,,,,,0,193,193,82,2324.53707,2324.736776,None,0,2324.53707,None,,0,-0.007407407,1,0,0,1.1293827,polygon,2321.920102,None,TRUE,3.6514179,-0.380555556,-0.010185185,1,0,0,3.6514179,three_middle_left,2326.772808,None,15,1,2021_Dec_29_1047,untitled_1,2020.2.6,60.01979453
ירוק,green,x,1,Image_certainty//image103_alemnt1.jpg,1.jpg,two_down_left,one_middle_right,infrequent,certainty,,,,,,,,,0,194,194,103,2333.435778,2333.635685,x,1,2333.435778,None,0.7101689,-0.014814815,-0.000925926,1,0,0,1.0481789,polygon,2330.886121,None,TRUE,1.7526731,-0.363888889,-0.215740741,1,0,0,1.7526731,two_down_left,2335.226692,None,15,1,2021_Dec_29_1047,untitled_1,2020.2.6,60.01979453
ירוק,blue,c,0,Image_certainty//image45_alemnt9.jpg,9.jpg,one_down_left,three_middle_right,widespread,certainty,,,,,,,,,0,195,195,45,2339.818536,2340.017751,c,1,2339.818536,None,0.8908269,-0.001851852,0.005555556,1,0,0,0.8985125,polygon,2337.418534,None,TRUE,3.5018917,-0.676851852,-0.217592593,1,0,0,3.5018917,one_down_left,2341.769238,None,15,1,2021_Dec_29_1047,untitled_1,2020.2.6,60.01979453
ירוק,blue,c,0,Image_certainty//image3_alemnt4.jpg,4.jpg,one_middle_left,one_up_right,infrequent,certainty,,,,,,,,,0,196,196,3,2348.367437,2348.56704,c,1,2348.367437,None,0.8763895,-0.002777778,-0.002777778,1,0,0,1.1312916,polygon,2345.734117,None,TRUE,3.2191868,-0.697222222,-0.021296296,1,0,0,3.2191868,one_middle_left,2350.322777,None,15,1,2021_Dec_29_1047,untitled_1,2020.2.6,60.01979453
אדום,green,x,0,Image_certainty//image48_alemnt9.jpg,9.jpg,one_down_left,one_down_right,widespread,certainty,,,,,,,,,0,197,197,48,2357.04944,2357.249395,None,0,2357.04944,None,,-0.000925926,0.00462963,1,0,0,1.5675918,polygon,2353.983025,None,TRUE,,,,,,,,,2359.300668,None,15,1,2021_Dec_29_1047,untitled_1,2020.2.6,60.01979453
כחול,green,x,0,Image_certainty//image59_alemnt14.jpg,14.jpg,two_down_left,one_down_right,widespread,certainty,,,,,,,,,0,198,198,59,2366.731793,2366.931488,x,1,2366.731793,None,0.9027287,-0.001851852,-0.000925926,1,0,0,1.2980832,polygon,2363.93167,None,TRUE,4.5384855,-0.396296296,-0.200925926,1,0,0,4.5384855,two_down_left,2368.7323,None,15,1,2021_Dec_29_1047,untitled_1,2020.2.6,60.01979453
אדום,red,z,1,Image_certainty//image192_alemnt11.jpg,11.jpg,one_up_left,one_down_right,widespread,certainty,,,,,,,,,0,199,199,192,2376.463542,2376.663326,z,1,2376.463542,None,1.0484148,-0.002777778,-0.001851852,1,0,0,1.2477742,polygon,2373.713904,None,FALSE,6.039081,-0.403703704,0.037037037,1,0,0,6.039081,three_middle_left,2378.574778,None,15,1,2021_Dec_29_1047,untitled_1,2020.2.6,60.01979453
,,,,,,,,,,,,,,,,,,,,,,,,,,,,,,,,,,,,,,,,,,,,,,,,,,,,,,
,,,,,,,,,,,,,,,,,,,,,,,,,,,,,,,,,,,,,,,4.436884352,,,,,,,,,,,,,,,
,,,,,,,,,,,,,,,,,,,,,,,,,,,,,,,,,,,,,,,1.904218022,,,,,,,,,,,,,,,
