﻿word,letterColor,corrAns,congruent,imageTrain,true_shaps,corrAnsLeft,corrAnsRight,common,experiment,stroop_loop.thisRepN,stroop_loop.thisTrialN,stroop_loop.thisN,stroop_loop.thisIndex,trail_certaninty.thisRepN,trail_certaninty.thisTrialN,trail_certaninty.thisN,trail_certaninty.thisIndex,test_certaincy.thisRepN,test_certaincy.thisTrialN,test_certaincy.thisN,test_certaincy.thisIndex,stroop_text.started,stroop_text.stopped,stroop_anser.keys,stroop_anser.corr,stroop_anser.started,stroop_anser.stopped,stroop_anser.rt,test_fixability_certity.x,test_fixability_certity.y,test_fixability_certity.leftButton,test_fixability_certity.midButton,test_fixability_certity.rightButton,test_fixability_certity.time,test_fixability_certity.clicked_name,test_fixability_certity.started,test_fixability_certity.stopped,test_certainty_anser_currect,finalClickTime,test_certainty_anser_time,test_certainty_mouse.x,test_certainty_mouse.y,test_certainty_mouse.leftButton,test_certainty_mouse.midButton,test_certainty_mouse.rightButton,test_certainty_mouse.time,test_certainty_mouse.clicked_name,test_certainty_mouse.started,test_certainty_mouse.stopped,text_5.started,text_5.stopped,participant,session,date,expName,psychopyVersion,frameRate
כחול,blue,c,1,,,,,,,0,0,0,4,,,,,,,,,18.8665454,19.0661928,None,0,18.8665454,None,,,,,,,,,,,,,,,,,,,,,,,,,17,1,2021_Dec_29_1145,untitled_1,2020.2.6,60.02119951
אדום,green,x,0,,,,,,,0,1,1,1,,,,,,,,,24.549196,24.7488875,x,1,24.549196,None,0.9611945,,,,,,,,,,,,,,,,,,,,,,,,17,1,2021_Dec_29_1145,untitled_1,2020.2.6,60.02119951
ירוק,blue,c,0,,,,,,,0,2,2,3,,,,,,,,,30.0984647,30.2982276,c,1,30.0984647,None,1.1120141,,,,,,,,,,,,,,,,,,,,,,,,17,1,2021_Dec_29_1145,untitled_1,2020.2.6,60.02119951
אדום,red,z,1,,,,,,,0,3,3,0,,,,,,,,,35.7643806,35.9640111,z,1,35.7643806,None,0.663747,,,,,,,,,,,,,,,,,,,,,,,,17,1,2021_Dec_29_1145,untitled_1,2020.2.6,60.02119951
כחול,red,z,0,,,,,,,0,4,4,5,,,,,,,,,40.996425,41.1964248,z,1,40.996425,None,0.5831467,,,,,,,,,,,,,,,,,,,,,,,,17,1,2021_Dec_29_1145,untitled_1,2020.2.6,60.02119951
ירוק,green,x,1,,,,,,,0,5,5,2,,,,,,,,,46.1296852,46.3291607,x,1,46.1296852,None,0.6150749,,,,,,,,,,,,,,,,,,,,,,,,17,1,2021_Dec_29_1145,untitled_1,2020.2.6,60.02119951
ירוק,blue,c,0,,,,,,,1,0,6,3,,,,,,,,,51.3123388,51.5119624,c,1,51.3123388,None,1.0224869,,,,,,,,,,,,,,,,,,,,,,,,17,1,2021_Dec_29_1145,untitled_1,2020.2.6,60.02119951
אדום,red,z,1,,,,,,,1,1,7,0,,,,,,,,,56.9116839,57.1113394,z,1,56.9116839,None,0.6186497,,,,,,,,,,,,,,,,,,,,,,,,17,1,2021_Dec_29_1145,untitled_1,2020.2.6,60.02119951
אדום,green,x,0,,,,,,,1,2,8,1,,,,,,,,,62.1106172,62.3102957,x,1,62.1106172,None,1.1616251,,,,,,,,,,,,,,,,,,,,,,,,17,1,2021_Dec_29_1145,untitled_1,2020.2.6,60.02119951
כחול,red,z,0,,,,,,,1,3,9,5,,,,,,,,,67.8434784,68.0431353,z,1,67.8434784,None,0.7644736,,,,,,,,,,,,,,,,,,,,,,,,17,1,2021_Dec_29_1145,untitled_1,2020.2.6,60.02119951
ירוק,green,x,1,,,,,,,1,4,10,2,,,,,,,,,73.1588546,73.3590188,None,0,73.1588546,None,,,,,,,,,,,,,,,,,,,,,,,,,17,1,2021_Dec_29_1145,untitled_1,2020.2.6,60.02119951
כחול,blue,c,1,,,,,,,1,5,11,4,,,,,,,,,78.9082079,79.1080004,c,1,78.9082079,None,0.746357,,,,,,,,,,,,,,,,,,,,,,,,17,1,2021_Dec_29_1145,untitled_1,2020.2.6,60.02119951
אדום,green,x,0,,,,,,,2,0,12,1,,,,,,,,,84.2248178,84.4241798,None,0,84.2248178,None,,,,,,,,,,,,,,,,,,,,,,,,,17,1,2021_Dec_29_1145,untitled_1,2020.2.6,60.02119951
כחול,red,z,0,,,,,,,2,1,13,5,,,,,,,,,89.940363,90.1403604,z,1,89.940363,None,0.8544847,,,,,,,,,,,,,,,,,,,,,,,,17,1,2021_Dec_29_1145,untitled_1,2020.2.6,60.02119951
כחול,blue,c,1,,,,,,,2,2,14,4,,,,,,,,,95.3733382,95.5725358,c,1,95.3733382,None,0.8481448,,,,,,,,,,,,,,,,,,,,,,,,17,1,2021_Dec_29_1145,untitled_1,2020.2.6,60.02119951
ירוק,green,x,1,,,,,,,2,3,15,2,,,,,,,,,100.8057412,101.0056709,x,1,100.8057412,None,0.7691853,,,,,,,,,,,,,,,,,,,,,,,,17,1,2021_Dec_29_1145,untitled_1,2020.2.6,60.02119951
אדום,red,z,1,,,,,,,2,4,16,0,,,,,,,,,106.1548044,106.3545516,z,1,106.1548044,None,0.6404534,,,,,,,,,,,,,,,,,,,,,,,,17,1,2021_Dec_29_1145,untitled_1,2020.2.6,60.02119951
ירוק,blue,c,0,,,,,,,2,5,17,3,,,,,,,,,111.3711336,111.5709871,None,0,111.3711336,None,,,,,,,,,,,,,,,,,,,,,,,,,17,1,2021_Dec_29_1145,untitled_1,2020.2.6,60.02119951
אדום,red,z,1,train_Image_certainty//image12_alemnt12.jpg,12.jpg,one_down_left,one_up_right,widespread,train_certainty,,,,,0,0,0,11,,,,,183.9448441,184.1281556,None,0,183.9448441,None,,0.007407407,0.030555556,0,0,1,4.8966881,polygon,175.5440843,None,TRUE,8.2892642,8.2899636,0.355555556,0.183333333,1,0,0,8.2892642,one_up_right,187.2601838,None,197.4593505,None,17,1,2021_Dec_29_1145,untitled_1,2020.2.6,60.02119951
אדום,blue,c,0,train_Image_certainty//image1_alemnt1.jpg,1.jpg,two_middle_left,one_down_right,widespread,train_certainty,,,,,0,1,1,0,,,,,201.5425047,201.7417267,c,1,201.5425047,None,1.048975,0,0,0,0,1,2.0801061,polygon,197.9596895,None,TRUE,7.3514291,7.352539,-0.533333333,-0.05462963,0,0,1,7.3514291,two_middle_left,204.6968928,None,214.023859,None,17,1,2021_Dec_29_1145,untitled_1,2020.2.6,60.02119951
ירוק,blue,c,0,train_Image_certainty//image9_alemnt9.jpg,9.jpg,two_up_left,one_middle_right,widespread,train_certainty,,,,,0,2,2,8,,,,,216.9240619,217.1236989,c,1,216.9240619,None,1.0494884,0,0,0,0,1,0.9137778,polygon,214.5241464,None,,,,,,,,,,,220.0872672,229.0762466,231.1054342,None,17,1,2021_Dec_29_1145,untitled_1,2020.2.6,60.02119951
כחול,blue,c,1,train_Image_certainty//image11_alemnt11.jpg,11.jpg,two_down_left,one_down_right,widespread,train_certainty,,,,,0,3,3,10,,,,,234.5884547,234.7876342,None,0,234.5884547,None,,-0.000925926,0,0,0,1,1.4796873,polygon,231.605353,None,,,,,,,,,,,237.8406319,None,248.8029759,None,17,1,2021_Dec_29_1145,untitled_1,2020.2.6,60.02119951
כחול,red,z,0,train_Image_certainty//image4_alemnt4.jpg,4.jpg,two_middle_left,two_up_right,widespread,train_certainty,,,,,0,4,4,3,,,,,252.1690119,252.3691121,z,1,252.1690119,None,0.8734402,0,0,0,0,1,1.3666836,polygon,249.3027174,None,TRUE,5.967257,5.9674675,0.593518519,0.225,0,0,1,5.967257,two_up_right,255.1554956,None,263.1010696,None,17,1,2021_Dec_29_1145,untitled_1,2020.2.6,60.02119951
אדום,green,x,0,train_Image_certainty//image6_alemnt6.jpg,6.jpg,one_middle_left,two_up_right,widespread,train_certainty,,,,,0,5,5,5,,,,,267.5341426,267.7338983,z,0,267.5341426,None,0.7759179,0,0,0,0,1,2.431187,polygon,263.601021,None,TRUE,5.2684282,5.2690585,-0.724074074,-0.000925926,0,0,1,5.2684282,one_middle_left,270.4316056,None,277.6658201,None,17,1,2021_Dec_29_1145,untitled_1,2020.2.6,60.02119951
כחול,green,x,0,train_Image_certainty//image5_alemnt5.jpg,5.jpg,one_middle_left,three_middle_right,widespread,train_certainty,,,,,0,6,6,4,,,,,281.8321129,282.0320603,x,1,281.8321129,None,0.6895641,0.011111111,0.003703704,0,0,1,2.1648005,polygon,278.1659326,None,TRUE,6.4377304,6.4392753,-0.733333333,-0.024074074,1,0,0,6.4377304,one_middle_left,284.6500509,None,293.0467476,None,17,1,2021_Dec_29_1145,untitled_1,2020.2.6,60.02119951
ירוק,red,z,0,train_Image_certainty//image2_alemnt2.jpg,2.jpg,two_down_left,three_middle_right,widespread,train_certainty,,,,,0,7,7,1,,,,,296.4303793,296.6300637,z,1,296.4303793,None,0.7969016,-0.000925926,-0.003703704,0,0,1,1.3824003,polygon,293.5467799,None,TRUE,4.1192532,4.1207466,-0.367592593,-0.22962963,0,0,1,4.1192532,two_down_left,299.3385724,None,305.4284572,None,17,1,2021_Dec_29_1145,untitled_1,2020.2.6,60.02119951
ירוק,red,z,0,train_Image_certainty//image8_alemnt8.jpg,8.jpg,two_down_left,two_middle_right,widespread,train_certainty,,,,,0,8,8,7,,,,,308.5621474,308.7615643,z,1,308.5621474,None,0.8284903,0,0,0,0,1,1.1302348,polygon,305.9289181,None,,,,,,,,,,,311.4830428,320.4805714,322.5100499,None,17,1,2021_Dec_29_1145,untitled_1,2020.2.6,60.02119951
אדום,red,z,1,train_Image_certainty//image15_alemnt1.jpg,1.jpg,one_up_left,one_middle_right,infrequent,train_certainty,,,,,0,9,9,14,,,,,325.7933217,325.9929873,z,1,325.7933217,None,0.8024778,0,0,0,0,1,1.2806964,polygon,323.0099364,None,,,,,,,,,,,328.7317898,337.7279908,339.7578737,None,17,1,2021_Dec_29_1145,untitled_1,2020.2.6,60.02119951
אדום,blue,c,0,train_Image_certainty//image7_alemnt7.jpg,7.jpg,one_middle_left,one_up_right,widespread,train_certainty,,,,,0,10,10,6,,,,,342.9905038,343.1907152,None,0,342.9905038,None,,0,0,0,0,1,1.2319086,polygon,340.257808,None,TRUE,7.1889767,7.1905325,-0.715740741,0.000925926,0,0,1,7.1889767,one_middle_left,346.2490564,None,355.4220669,None,17,1,2021_Dec_29_1145,untitled_1,2020.2.6,60.02119951
ירוק,green,x,1,train_Image_certainty//image10_alemnt10.jpg,10.jpg,two_up_left,three_middle_right,widespread,train_certainty,,,,,0,11,11,9,,,,,357.8224012,358.0222065,x,1,357.8224012,None,0.7359676,0,0,0,0,1,0.3986045,polygon,355.9224499,None,TRUE,3.3051564,3.3071772,-0.499074074,0.20462963,0,0,1,3.3051564,two_up_left,360.6918496,None,365.9709858,None,17,1,2021_Dec_29_1145,untitled_1,2020.2.6,60.02119951
כחול,blue,c,1,train_Image_certainty//image14_alemnt14.jpg,14.jpg,three_middle_left,one_middle_right,widespread,train_certainty,,,,,0,12,12,13,,,,,373.4370328,373.6365574,None,0,373.4370328,None,,-0.006481481,-0.007407407,0,0,1,1.4150167,polygon,366.471006,None,TRUE,2.8568813,2.8588656,-0.35,0.060185185,0,0,1,2.8568813,three_middle_left,376.6979743,None,381.5190818,None,17,1,2021_Dec_29_1145,untitled_1,2020.2.6,60.02119951
ירוק,green,x,1,train_Image_certainty//image13_alemnt13.jpg,13.jpg,two_up_left,one_up_right,widespread,train_certainty,,,,,0,13,13,12,,,,,383.9355796,384.135132,x,1,383.9355796,None,0.639157,0,0,0,0,1,0.4150007,polygon,382.0189848,None,TRUE,3.4224777,3.4237571,-0.487962963,0.217592593,0,0,1,3.4224777,two_up_left,386.6850601,None,392.067716,None,17,1,2021_Dec_29_1145,untitled_1,2020.2.6,60.02119951
ירוק,blue,c,0,train_Image_certainty//image3_alemnt3.jpg,3.jpg,two_down_left,three_middle_right,widespread,train_certainty,,,,,0,14,14,2,,,,,394.9337617,395.1338042,c,1,394.9337617,None,0.761754,0,0,0,0,1,0.8636177,polygon,392.5674692,None,TRUE,7.9224845,7.9239788,-0.432407407,-0.207407407,0,0,1,7.9224845,two_down_left,397.8238372,None,407.7154747,None,17,1,2021_Dec_29_1145,untitled_1,2020.2.6,60.02119951
כחול,red,z,0,Image_certainty//image76_alemnt14.jpg,14.jpg,three_middle_left,two_middle_right,widespread,certainty,,,,,,,,,0,0,0,76,416.7981503,416.9978313,z,1,416.7981503,None,0.9983203,0,0,0,0,1,4.3534533,polygon,410.9359522,None,TRUE,8.5232026,8.52435,0.537962963,-0.049074074,0,0,1,8.5232026,two_middle_right,418.8679185,None,427.3320937,None,17,1,2021_Dec_29_1145,untitled_1,2020.2.6,60.02119951
כחול,blue,c,1,Image_certainty//image170_alemnt13.jpg,13.jpg,one_down_left,two_middle_right,widespread,certainty,,,,,,,,,0,1,1,170,430.812806,431.0124069,c,1,430.812806,None,0.9785274,0,0,0,0,1,1.4668444,polygon,427.8458372,None,TRUE,5.3709186,5.3733548,0.541666667,-0.033333333,0,0,1,5.3709186,two_middle_right,432.8633089,None,438.1792284,None,17,1,2021_Dec_29_1145,untitled_1,2020.2.6,60.02119951
אדום,green,x,0,Image_certainty//image42_alemnt12.jpg,12.jpg,two_up_left,one_up_right,widespread,certainty,,,,,,,,,0,2,2,42,441.0114865,441.2112586,x,1,441.0114865,None,1.0658334,0,0,0,0,1,0.8319097,polygon,438.6947122,None,TRUE,3.5362823,3.537233,-0.511111111,0.224074074,0,0,1,3.5362823,two_up_left,443.145899,None,446.6265321,None,17,1,2021_Dec_29_1145,untitled_1,2020.2.6,60.02119951
ירוק,red,z,0,Image_certainty//image98_alemnt13.jpg,13.jpg,three_middle_left,two_down_right,widespread,certainty,,,,,,,,,0,3,3,98,449.4270816,449.6268215,z,1,449.4270816,None,1.0455774,0,0,0,0,1,0.8017027,polygon,447.127042,None,TRUE,6.3872328,6.3902281,0.692592593,-0.240740741,0,0,1,6.3872328,two_down_right,451.5228997,None,457.8763152,None,17,1,2021_Dec_29_1145,untitled_1,2020.2.6,60.02119951
כחול,green,x,0,Image_certainty//image83_alemnt14.jpg,14.jpg,one_down_left,one_middle_right,widespread,certainty,,,,,,,,,0,4,4,83,460.7255772,460.9253369,x,1,460.7255772,None,0.8044817,0,0,0,0,1,0.8469359,polygon,458.3756475,None,TRUE,5.72242,5.7244753,0.384259259,-0.001851852,0,0,1,5.72242,one_middle_right,462.6048936,None,468.2771418,None,17,1,2021_Dec_29_1145,untitled_1,2020.2.6,60.02119951
כחול,blue,c,1,Image_certainty//image113_alemnt2.jpg,2.jpg,one_up_left,two_up_right,infrequent,certainty,,,,,,,,,0,5,5,113,474.8904437,475.0901515,None,0,474.8904437,None,,-0.007407407,0.290740741,0,0,1,2.3815925,polygon,468.7905771,None,,,,,,,,,,,477.1399819,None,486.1046825,None,17,1,2021_Dec_29_1145,untitled_1,2020.2.6,60.02119951
כחול,red,z,0,Image_certainty//image52_alemnt13.jpg,13.jpg,one_middle_left,two_middle_right,widespread,certainty,,,,,,,,,0,6,6,52,489.0550085,489.2547149,z,1,489.0550085,None,1.1049156,0,0,0,0,1,0.9515367,polygon,486.6050383,None,TRUE,7.2347681,7.2353785,-0.725,-0.035185185,0,0,1,7.2347681,one_middle_left,491.2243719,None,498.4197834,None,17,1,2021_Dec_29_1145,untitled_1,2020.2.6,60.02119951
אדום,blue,c,0,Image_certainty//image1_alemnt6.jpg,6.jpg,two_down_left,one_up_right,infrequent,certainty,,,,,,,,,0,7,7,1,502.7531783,502.9526478,c,1,502.7531783,None,1.0783069,0,0,0,0,1,2.333794,polygon,498.9202621,None,,,,,,,,,,,504.9043457,513.8882637,513.9011911,None,17,1,2021_Dec_29_1145,untitled_1,2020.2.6,60.02119951
כחול,blue,c,1,Image_certainty//image176_alemnt9.jpg,9.jpg,two_middle_left,one_down_right,widespread,certainty,,,,,,,,,0,8,8,176,517.2015781,517.4013303,c,1,517.2015781,None,0.926972,-0.001851852,0.000925926,0,0,1,1.3122692,polygon,514.4016311,None,,,,,,,,,,,519.1971053,528.1861961,528.199285,None,17,1,2021_Dec_29_1145,untitled_1,2020.2.6,60.02119951
אדום,red,z,1,Image_certainty//image159_alemnt13.jpg,13.jpg,one_middle_left,two_middle_right,widespread,certainty,,,,,,,,,0,9,9,159,532.7162446,532.9160854,z,1,532.7162446,None,0.5400371,0,0,0,0,1,2.5138934,polygon,528.6994799,None,TRUE,7.0709678,7.0742579,0.550925926,-0.051851852,0,0,1,7.0709678,two_middle_right,534.332966,None,541.352178,None,17,1,2021_Dec_29_1145,untitled_1,2020.2.6,60.02119951
אדום,green,x,0,Image_certainty//image84_alemnt12.jpg,12.jpg,one_up_left,one_up_right,widespread,certainty,,,,,,,,,0,10,10,84,544.2480892,544.4477996,z,0,544.2480892,None,0.5181456,0,0,0,0,1,0.8812064,polygon,541.8646895,None,TRUE,6.1221019,6.1228605,0.366666667,0.209259259,0,0,1,6.1221019,one_up_right,545.817699,None,551.9127391,None,17,1,2021_Dec_29_1145,untitled_1,2020.2.6,60.02119951
ירוק,red,z,0,Image_certainty//image38_alemnt8.jpg,8.jpg,two_up_left,two_down_right,widespread,certainty,,,,,,,,,0,11,11,38,555.012883,555.2129616,z,1,555.012883,None,0.8253826,0,0,0,0,1,1.1007074,polygon,552.4132801,None,TRUE,7.3204044,7.3217076,-0.527777778,0.208333333,0,0,1,7.3204044,two_up_left,556.8996651,None,564.1789576,None,17,1,2021_Dec_29_1145,untitled_1,2020.2.6,60.02119951
אדום,red,z,1,Image_certainty//image147_alemnt9.jpg,9.jpg,three_middle_left,two_up_right,widespread,certainty,,,,,,,,,0,12,12,147,566.8944516,567.0948819,z,1,566.8944516,None,0.5465474,0,0,0,0,1,0.7281549,polygon,564.6781195,None,TRUE,5.1580935,5.1614468,-0.35,0.047222222,0,0,1,5.1580935,three_middle_left,568.5143602,None,573.6190034,None,17,1,2021_Dec_29_1145,untitled_1,2020.2.6,60.02119951
כחול,green,x,0,Image_certainty//image53_alemnt12.jpg,12.jpg,two_down_left,two_middle_right,widespread,certainty,,,,,,,,,0,13,13,53,576.3600301,576.5602277,x,1,576.3600301,None,0.4736058,0,0,0,0,1,0.7333699,polygon,574.1271459,None,TRUE,8.002291,8.0038407,-0.351851852,-0.228703704,0,0,1,8.002291,two_down_left,577.9012534,None,585.8583906,None,17,1,2021_Dec_29_1145,untitled_1,2020.2.6,60.02119951
אדום,red,z,1,Image_certainty//image111_alemnt3.jpg,3.jpg,one_middle_left,two_up_right,infrequent,certainty,,,,,,,,,0,14,14,111,588.3583096,588.5587124,z,1,588.3583096,None,0.4057297,0,0,0,0,1,0.4977301,polygon,586.358918,None,TRUE,7.1180667,7.1187504,-0.712962963,-0.014814815,0,0,1,7.1180667,one_middle_left,589.8470915,None,596.906856,None,17,1,2021_Dec_29_1145,untitled_1,2020.2.6,60.02119951
אדום,red,z,1,Image_certainty//image198_alemnt9.jpg,9.jpg,one_up_left,one_middle_right,widespread,certainty,,,,,,,,,0,15,15,198,599.3572163,599.5572011,z,1,599.3572163,None,0.4186463,0,0,0,0,1,0.4474828,polygon,597.4074494,None,TRUE,4.6871081,4.6878713,-0.716666667,0.178703704,0,0,1,4.6871081,one_up_left,600.8409789,None,605.4894173,None,17,1,2021_Dec_29_1145,untitled_1,2020.2.6,60.02119951
ירוק,green,x,1,Image_certainty//image148_alemnt13.jpg,13.jpg,one_middle_left,two_up_right,widespread,certainty,,,,,,,,,0,16,16,148,608.1394677,608.3394774,None,0,608.1394677,None,,0,0,0,0,1,0.6504374,polygon,605.989317,None,TRUE,3.6557891,3.6562674,0.568518519,0.209259259,0,0,1,3.6557891,two_up_right,610.3759487,None,613.9896228,None,17,1,2021_Dec_29_1145,untitled_1,2020.2.6,60.02119951
אדום,green,x,0,Image_certainty//image60_alemnt13.jpg,13.jpg,one_middle_left,two_up_right,widespread,certainty,,,,,,,,,0,17,17,60,616.705072,616.9050088,x,1,616.705072,None,0.5981914,0,0,0,0,1,0.6976259,polygon,614.5052105,None,TRUE,6.9557103,6.9581626,-0.744444444,-0.033333333,0,0,1,6.9557103,one_middle_left,618.3636672,None,625.2762984,None,17,1,2021_Dec_29_1145,untitled_1,2020.2.6,60.02119951
אדום,red,z,1,Image_certainty//image141_alemnt11.jpg,11.jpg,two_down_left,three_middle_right,widespread,certainty,,,,,,,,,0,18,18,141,627.6870874,627.8867263,z,1,627.6870874,None,0.8355415,0,0,0,0,1,0.397708,polygon,625.7871871,None,,,,,,,,,,,629.5925884,638.5890278,638.6016473,None,17,1,2021_Dec_29_1145,untitled_1,2020.2.6,60.02119951
כחול,blue,c,1,Image_certainty//image194_alemnt11.jpg,11.jpg,three_middle_left,two_down_right,widespread,certainty,,,,,,,,,0,19,19,194,641.7186726,641.9184813,c,1,641.7186726,None,1.1442612,0.021296296,-0.002777778,0,0,1,1.1135622,polygon,639.1017345,None,TRUE,2.6519249,2.6534887,0.750925926,-0.256481481,0,0,1,2.6519249,two_down_right,643.9391547,None,646.53364,None,17,1,2021_Dec_29_1145,untitled_1,2020.2.6,60.02119951
ירוק,blue,c,0,Image_certainty//image81_alemnt14.jpg,14.jpg,three_middle_left,one_down_right,widespread,certainty,,,,,,,,,0,20,20,81,649.6009323,649.8006388,c,1,649.6009323,None,1.0712637,0,0,0,0,1,1.0642576,polygon,647.0343555,None,TRUE,6.42187,6.4226927,-0.37962963,0.04537037,0,0,1,6.42187,three_middle_left,651.7471432,None,658.1155923,None,17,1,2021_Dec_29_1145,untitled_1,2020.2.6,60.02119951
אדום,blue,c,0,Image_certainty//image37_alemnt13.jpg,13.jpg,two_down_left,one_up_right,widespread,certainty,,,,,,,,,0,21,21,37,660.9661891,661.1655255,c,1,660.9661891,None,1.1363302,0,0,0,0,1,0.8621662,polygon,658.6161405,None,,,,,,,,,,,663.1733396,672.1678752,672.1805676,None,17,1,2021_Dec_29_1145,untitled_1,2020.2.6,60.02119951
ירוק,blue,c,0,Image_certainty//image9_alemnt2.jpg,2.jpg,one_up_left,two_down_right,infrequent,certainty,,,,,,,,,0,22,22,9,678.2638443,678.4636731,c,1,678.2638443,None,0.7362193,0.015740741,0.011111111,0,0,1,1.7484425,polygon,672.6804924,None,TRUE,8.5213176,8.5268337,0.719444444,-0.234259259,0,0,1,8.5213176,two_down_right,680.0738375,None,688.5515645,None,17,1,2021_Dec_29_1145,untitled_1,2020.2.6,60.02119951
ירוק,red,z,0,Image_certainty//image2_alemnt4.jpg,4.jpg,one_down_left,two_down_right,infrequent,certainty,,,,,,,,,0,23,23,2,691.1955309,691.3952533,z,1,691.1955309,None,0.6407857,0,0,0,0,1,0.633643,polygon,689.0622251,None,TRUE,7.8393313,7.8406064,-0.682407407,-0.232407407,0,0,1,7.8393313,one_down_left,692.8985924,None,700.6935587,None,17,1,2021_Dec_29_1145,untitled_1,2020.2.6,60.02119951
אדום,blue,c,0,Image_certainty//image73_alemnt10.jpg,10.jpg,two_down_left,one_down_right,widespread,certainty,,,,,,,,,0,24,24,73,703.2272915,703.4269744,None,0,703.2272915,None,,0,0,0,0,1,0.5314518,polygon,701.1938827,None,TRUE,6.6895623,6.6943743,-0.375925926,-0.215740741,0,0,1,6.6895623,two_down_left,705.4717587,None,712.1171015,None,17,1,2021_Dec_29_1145,untitled_1,2020.2.6,60.02119951
אדום,red,z,1,Image_certainty//image123_alemnt13.jpg,13.jpg,one_up_left,one_down_right,widespread,certainty,,,,,,,,,0,25,25,123,714.8592195,715.0584627,z,1,714.8592195,None,0.8182863,0,0,0,0,1,0.7313933,polygon,712.6257368,None,TRUE,4.8432156,4.8451635,-0.72962963,0.20462963,0,0,1,4.8432156,one_up_left,716.7475057,None,721.5506335,None,17,1,2021_Dec_29_1145,untitled_1,2020.2.6,60.02119951
אדום,blue,c,0,Image_certainty//image31_alemnt9.jpg,9.jpg,one_up_left,one_down_right,widespread,certainty,,,,,,,,,0,26,26,31,724.007979,724.207636,c,1,724.007979,None,0.8059511,0,0,0,0,1,0.4626077,polygon,722.0574245,None,,,,,,,,,,,725.8783172,734.8762405,734.8892071,None,17,1,2021_Dec_29_1145,untitled_1,2020.2.6,60.02119951
כחול,blue,c,1,Image_certainty//image152_alemnt14.jpg,14.jpg,one_middle_left,one_middle_right,widespread,certainty,,,,,,,,,0,27,27,152,737.8061565,738.0056735,c,1,737.8061565,None,0.6939135,0,0,0,0,1,0.9145034,polygon,735.3894257,None,TRUE,5.9210814,5.9221075,-0.710185185,-0.018518519,0,0,1,5.9210814,one_middle_left,739.5559705,None,745.4375592,None,17,1,2021_Dec_29_1145,untitled_1,2020.2.6,60.02119951
ירוק,green,x,1,Image_certainty//image199_alemnt9.jpg,9.jpg,one_up_left,one_down_right,widespread,certainty,,,,,,,,,0,28,28,199,748.3373177,748.5377309,x,1,748.3373177,None,1.0292001,0,0,0,0,1,0.9135751,polygon,745.9380616,None,TRUE,4.6707341,4.6712007,0,0,1,0,0,1.7577713,one_up_left,750.4388644,None,755.0527314,None,17,1,2021_Dec_29_1145,untitled_1,2020.2.6,60.02119951
אדום,green,x,0,Image_certainty//image30_alemnt10.jpg,10.jpg,two_down_left,three_middle_right,widespread,certainty,,,,,,,,,0,29,29,30,757.6535423,757.853274,x,1,757.6535423,None,0.4206855,0,0,0,0,1,0.5987294,polygon,755.5534749,None,,,,,,,,,,,759.1574448,768.1383389,768.168128,None,17,1,2021_Dec_29_1145,untitled_1,2020.2.6,60.02119951
כחול,red,z,0,Image_certainty//image70_alemnt14.jpg,14.jpg,two_down_left,one_middle_right,widespread,certainty,,,,,,,,,0,30,30,70,770.6348984,770.8347007,z,1,770.6348984,None,0.7345589,0,0,0,0,1,0.4677727,polygon,768.6684375,None,TRUE,3.1864311,3.1879194,-0.386111111,-0.278703704,0,0,1,3.1864311,two_down_left,772.4395704,None,775.5836107,None,17,1,2021_Dec_29_1145,untitled_1,2020.2.6,60.02119951
כחול,green,x,0,Image_certainty//image95_alemnt9.jpg,9.jpg,two_up_left,two_down_right,widespread,certainty,,,,,,,,,0,31,31,95,777.9342775,778.1339609,x,1,777.9342775,None,0.5577612,0,0,0,0,1,0.3487728,polygon,776.0839375,None,TRUE,8.6068866,8.607361,-0.501851852,0.2,0,0,1,8.6068866,two_up_left,779.5704833,None,788.1158786,None,17,1,2021_Dec_29_1145,untitled_1,2020.2.6,60.02119951
כחול,red,z,0,Image_certainty//image40_alemnt14.jpg,14.jpg,one_up_left,one_middle_right,widespread,certainty,,,,,,,,,0,32,32,40,790.4322591,790.6321975,z,1,790.4322591,None,0.5059446,0,0,0,0,1,0.3181325,polygon,788.6155636,None,TRUE,7.7200663,7.7208293,-0.762037037,0.160185185,0,0,1,7.7200663,one_up_left,792.0009112,None,799.6804985,None,17,1,2021_Dec_29_1145,untitled_1,2020.2.6,60.02119951
אדום,blue,c,0,Image_certainty//image61_alemnt10.jpg,10.jpg,one_down_left,one_middle_right,widespread,certainty,,,,,,,,,0,33,33,61,801.7310892,801.9308354,c,1,801.7310892,None,0.852837,0,0,0,0,1,0.0663915,polygon,800.1806436,None,TRUE,7.7059393,7.7097885,-0.662037037,-0.205555556,0,0,1,7.7059393,one_down_left,803.649249,None,811.3182957,None,17,1,2021_Dec_29_1145,untitled_1,2020.2.6,60.02119951
כחול,red,z,0,Image_certainty//image94_alemnt9.jpg,9.jpg,three_middle_left,two_down_right,widespread,certainty,,,,,,,,,0,34,34,94,814.2794293,814.479187,z,1,814.2794293,None,0.6567929,0,0,0,0,1,0.9470689,polygon,811.8294762,None,FALSE,6.5051655,6.5068052,-0.573148148,-0.057407407,1,0,0,6.5051655,two_middle_left,815.9996872,None,822.4634952,None,17,1,2021_Dec_29_1145,untitled_1,2020.2.6,60.02119951
כחול,green,x,0,Image_certainty//image47_alemnt13.jpg,13.jpg,one_middle_left,one_middle_right,widespread,certainty,,,,,,,,,0,35,35,47,825.561329,825.7610443,None,0,825.561329,None,,0,0,0,0,1,1.0822431,polygon,822.9777129,None,TRUE,3.9615258,3.9640878,-0.70462963,-0.025,0,0,1,3.9615258,one_middle_left,827.8028805,None,831.7211527,None,17,1,2021_Dec_29_1145,untitled_1,2020.2.6,60.02119951
כחול,blue,c,1,Image_certainty//image137_alemnt8.jpg,8.jpg,one_up_left,two_middle_right,widespread,certainty,,,,,,,,,0,36,36,137,834.2434942,834.4432489,c,1,834.2434942,None,0.9131151,0,0,0,0,1,0.5135065,polygon,832.2267871,None,TRUE,6.3185102,6.3196974,0.559259259,-0.066666667,0,0,1,6.3185102,two_middle_right,836.2155225,None,842.4914602,None,17,1,2021_Dec_29_1145,untitled_1,2020.2.6,60.02119951
כחול,green,x,0,Image_certainty//image35_alemnt8.jpg,8.jpg,two_down_left,one_up_right,widespread,certainty,,,,,,,,,0,37,37,35,844.825096,845.0248275,x,1,844.825096,None,0.6098011,0,0,0,0,1,0.3458737,polygon,842.9917519,None,TRUE,8.5194603,8.5220357,-0.387037037,-0.206481481,0,0,1,8.5194603,two_down_left,846.5098972,None,854.9740944,None,17,1,2021_Dec_29_1145,untitled_1,2020.2.6,60.02119951
כחול,red,z,0,Image_certainty//image4_alemnt2.jpg,2.jpg,two_middle_left,two_middle_right,infrequent,certainty,,,,,,,,,0,38,38,4,857.8238341,858.023525,z,1,857.8238341,None,0.475423,0,0,0,0,1,0.8470704,polygon,855.4737606,None,TRUE,6.8060172,6.808488,-0.537037037,-0.099074074,0,0,1,6.8060172,two_middle_left,859.351695,None,866.1269465,None,17,1,2021_Dec_29_1145,untitled_1,2020.2.6,60.02119951
אדום,red,z,1,Image_certainty//image180_alemnt12.jpg,12.jpg,one_up_left,one_middle_right,widespread,certainty,,,,,,,,,0,39,39,180,868.5552272,868.7553493,z,1,868.5552272,None,0.5811472,0,0,0,0,1,0.4142516,polygon,866.6389721,None,TRUE,4.6201325,4.6210255,-0.77962963,0.197222222,0,0,1,4.6201325,one_up_left,870.1965535,None,874.7705963,None,17,1,2021_Dec_29_1145,untitled_1,2020.2.6,60.02119951
כחול,blue,c,1,Image_certainty//image128_alemnt13.jpg,13.jpg,two_up_left,three_middle_right,widespread,certainty,,,,,,,,,0,40,40,128,877.3544339,877.5540728,None,0,877.3544339,None,,0,0,0,0,1,0.5806655,polygon,875.2711391,None,TRUE,5.7891184,5.7896049,-0.514814815,0.212037037,0,0,1,5.7891184,two_up_left,879.6036612,None,885.3357514,None,17,1,2021_Dec_29_1145,untitled_1,2020.2.6,60.02119951
ירוק,green,x,1,Image_certainty//image151_alemnt13.jpg,13.jpg,two_middle_left,one_down_right,widespread,certainty,,,,,,,,,0,41,41,151,887.7361422,887.9359864,x,1,887.7361422,None,0.5582412,0,0,0,0,1,0.400068,polygon,885.8360165,None,TRUE,4.2033197,4.2041964,-0.511111111,-0.016666667,0,0,1,4.2033197,two_middle_left,889.3561022,None,893.5182766,None,17,1,2021_Dec_29_1145,untitled_1,2020.2.6,60.02119951
אדום,blue,c,0,Image_certainty//image13_alemnt2.jpg,2.jpg,two_up_left,one_down_right,infrequent,certainty,,,,,,,,,0,42,42,13,895.7519402,895.9517936,c,1,895.7519402,None,0.4832239,0,0,0,0,1,0.2331099,polygon,894.0187449,None,TRUE,2.705641,2.7062134,-0.519444444,0.201851852,0,0,1,2.705641,two_up_left,897.2868329,None,899.9505381,None,17,1,2021_Dec_29_1145,untitled_1,2020.2.6,60.02119951
ירוק,green,x,1,Image_certainty//image121_alemnt12.jpg,12.jpg,two_down_left,three_middle_right,widespread,certainty,,,,,,,,,0,43,43,121,903.1345407,903.3342724,x,1,903.1345407,None,0.9226821,0,0,0,0,1,1.1950903,polygon,900.4512383,None,,,,,,,,,,,905.1349779,914.1200156,914.1326808,None,17,1,2021_Dec_29_1145,untitled_1,2020.2.6,60.02119951
אדום,red,z,1,Image_certainty//image117_alemnt1.jpg,1.jpg,one_up_left,two_up_right,infrequent,certainty,,,,,,,,,0,44,44,117,917.0660799,917.2657554,z,1,917.0660799,None,0.6328845,0,0,0,0,1,0.9319061,polygon,914.6325303,None,TRUE,7.0881443,7.089726,-0.759259259,0.175,0,0,1,7.0881443,one_up_left,918.759409,None,925.8015841,None,17,1,2021_Dec_29_1145,untitled_1,2020.2.6,60.02119951
ירוק,red,z,0,Image_certainty//image14_alemnt6.jpg,6.jpg,two_up_left,one_up_right,infrequent,certainty,,,,,,,,,0,45,45,14,928.0646377,928.2641799,z,1,928.0646377,None,0.6439743,0,0,0,0,1,0.2515296,polygon,926.3144593,None,TRUE,7.7358102,7.7367995,-0.526851852,0.19537037,0,0,1,7.7358102,two_up_left,929.7850507,None,937.4624919,None,17,1,2021_Dec_29_1145,untitled_1,2020.2.6,60.02119951
אדום,blue,c,0,Image_certainty//image25_alemnt8.jpg,8.jpg,two_middle_left,one_down_right,widespread,certainty,,,,,,,,,0,46,46,25,939.4963762,939.6958462,c,1,939.4963762,None,0.7755566,0,0,0,0,1,0.0311485,polygon,937.9629686,None,,,,,,,,,,,941.3283578,950.31464,950.3275833,None,17,1,2021_Dec_29_1145,untitled_1,2020.2.6,60.02119951
ירוק,red,z,0,Image_certainty//image86_alemnt13.jpg,13.jpg,two_middle_left,one_up_right,widespread,certainty,,,,,,,,,0,47,47,86,952.9946518,953.1944461,z,1,952.9946518,None,0.8736792,-0.003703704,0.001851852,0,0,1,0.6781536,polygon,950.8279017,None,,,,,,,,,,,954.9455038,963.930052,963.9425176,None,17,1,2021_Dec_29_1145,untitled_1,2020.2.6,60.02119951
כחול,green,x,0,Image_certainty//image29_alemnt13.jpg,13.jpg,one_middle_left,one_up_right,widespread,certainty,,,,,,,,,0,48,48,29,966.7762309,966.9759027,x,1,966.7762309,None,0.5959911,0,0,0,0,1,0.8463855,polygon,964.4428074,None,TRUE,5.6389915,5.6406512,-0.698148148,-0.012962963,0,0,1,5.6389915,one_middle_left,968.4368716,None,974.0275935,None,17,1,2021_Dec_29_1145,untitled_1,2020.2.6,60.02119951
ירוק,blue,c,0,Image_certainty//image63_alemnt13.jpg,13.jpg,three_middle_left,one_down_right,widespread,certainty,,,,,,,,,0,49,49,63,976.391327,976.5913881,None,0,976.391327,None,,0,0,0,0,1,0.3475715,polygon,974.541568,None,,,,,,,,,,,978.6274719,None,987.6061188,None,17,1,2021_Dec_29_1145,untitled_1,2020.2.6,60.02119951
כחול,green,x,0,Image_certainty//image59_alemnt14.jpg,14.jpg,two_down_left,one_down_right,widespread,certainty,,,,,,,,,0,50,50,59,990.4062761,990.6056203,x,1,990.4062761,None,0.5919116,-0.002777778,0.002777778,0,0,1,0.8004574,polygon,988.1064249,None,TRUE,8.1036351,8.1050502,-0.375925926,-0.213888889,0,0,1,8.1036351,two_down_left,992.0781502,None,1000.121003,None,17,1,2021_Dec_29_1145,untitled_1,2020.2.6,60.02119951
כחול,green,x,0,Image_certainty//image77_alemnt10.jpg,10.jpg,one_middle_left,two_up_right,widespread,certainty,,,,,,,,,0,51,51,77,1003.637648,1003.83747,x,1,1003.637648,None,0.9661572,0,0,0,0,1,1.5145666,polygon,1000.621428,None,TRUE,6.5678266,6.5685059,-0.680555556,-0.012037037,0,0,1,6.5678266,one_middle_left,1005.678558,None,1012.186088,None,17,1,2021_Dec_29_1145,untitled_1,2020.2.6,60.02119951
כחול,blue,c,1,Image_certainty//image182_alemnt9.jpg,9.jpg,one_up_left,two_middle_right,widespread,certainty,,,,,,,,,0,52,52,182,1015.269865,1015.469608,c,1,1015.269865,None,1.0215472,0,0,0,0,1,1.0812459,polygon,1012.686578,None,TRUE,7.9225118,7.9229941,-0.761111111,0.185185185,0,0,1,7.9225118,one_up_left,1017.367066,None,1025.235134,None,17,1,2021_Dec_29_1145,untitled_1,2020.2.6,60.02119951
ירוק,green,x,1,Image_certainty//image115_alemnt2.jpg,2.jpg,three_middle_left,one_down_right,infrequent,certainty,,,,,,,,,0,53,53,115,1027.784928,1027.984189,x,1,1027.784928,None,1.0276191,0,0,0,0,1,0.5471283,polygon,1025.734889,None,TRUE,8.3374818,8.3412721,0.431481481,-0.230555556,0,0,1,8.3374818,one_down_right,1029.876613,None,1038.170875,None,17,1,2021_Dec_29_1145,untitled_1,2020.2.6,60.02119951
כחול,blue,c,1,Image_certainty//image188_alemnt9.jpg,9.jpg,two_up_left,two_down_right,widespread,certainty,,,,,,,,,0,54,54,188,1041.333226,1041.532582,x,0,1041.333226,None,0.9837173,0,0,0,0,1,1.1509477,polygon,1038.683172,None,TRUE,6.2017972,6.2023575,-0.510185185,0.180555556,0,0,1,6.2017972,two_up_left,1043.383828,None,1049.531039,None,17,1,2021_Dec_29_1145,untitled_1,2020.2.6,60.02119951
ירוק,green,x,1,Image_certainty//image103_alemnt1.jpg,1.jpg,two_down_left,one_middle_right,infrequent,certainty,,,,,,,,,0,55,55,103,1052.331738,1052.531155,None,0,1052.331738,None,,0,0,0,0,1,0.8010325,polygon,1050.031703,None,TRUE,,5.5243157,,,,,,,,1054.569724,None,1060.047194,None,17,1,2021_Dec_29_1145,untitled_1,2020.2.6,60.02119951
אדום,green,x,0,Image_certainty//image24_alemnt13.jpg,13.jpg,three_middle_left,one_middle_right,widespread,certainty,,,,,,,,,0,56,56,24,1062.54713,1062.746797,x,1,1062.54713,None,0.4084679,0,0,0,0,1,0.4969204,polygon,1060.547038,None,TRUE,2.4906149,2.4934368,-0.375,0.057407407,0,0,1,2.4906149,three_middle_left,1064.016126,None,1066.467318,None,17,1,2021_Dec_29_1145,untitled_1,2020.2.6,60.02119951
כחול,green,x,0,Image_certainty//image23_alemnt9.jpg,9.jpg,one_up_left,two_up_right,widespread,certainty,,,,,,,,,0,57,57,23,1069.062923,1069.262574,x,1,1069.062923,None,0.6676235,0,0,0,0,1,0.5794815,polygon,1066.979496,None,TRUE,8.0388212,8.0392315,-0.738888889,0.180555556,0,0,1,8.0388212,one_up_left,1070.80162,None,1078.793966,None,17,1,2021_Dec_29_1145,untitled_1,2020.2.6,60.02119951
ירוק,green,x,1,Image_certainty//image175_alemnt11.jpg,11.jpg,one_middle_left,two_down_right,widespread,certainty,,,,,,,,,0,58,58,175,1081.294589,1081.493813,x,1,1081.294589,None,0.8091846,0,0,0,0,1,0.5003275,polygon,1079.294227,None,TRUE,6.6848139,6.6855862,-0.712962963,-0.017592593,0,0,1,6.6848139,one_middle_left,1083.181411,None,1089.809423,None,17,1,2021_Dec_29_1145,untitled_1,2020.2.6,60.02119951
כחול,blue,c,1,Image_certainty//image143_alemnt9.jpg,9.jpg,two_down_left,one_middle_right,widespread,certainty,,,,,,,,,0,59,59,143,1092.376531,1092.576256,c,1,1092.376531,None,0.6916827,0,0,0,0,1,0.5819444,polygon,1090.309766,None,TRUE,4.3732839,4.3769772,0.34537037,-0.04537037,0,0,1,4.3732839,one_middle_right,1094.13852,None,1098.466746,None,17,1,2021_Dec_29_1145,untitled_1,2020.2.6,60.02119951
כחול,red,z,0,Image_certainty//image10_alemnt6.jpg,6.jpg,two_middle_left,three_middle_right,infrequent,certainty,,,,,,,,,0,60,60,10,1101.14153,1101.341768,z,1,1101.14153,None,0.7943191,0,0,0,0,1,0.6791371,polygon,1098.975268,None,TRUE,6.0199612,6.0227448,0.686111111,0.084259259,0,0,1,6.0199612,three_middle_right,1102.999558,None,1108.97653,None,17,1,2021_Dec_29_1145,untitled_1,2020.2.6,60.02119951
ירוק,green,x,1,Image_certainty//image139_alemnt10.jpg,10.jpg,two_up_left,one_middle_right,widespread,certainty,,,,,,,,,0,61,61,139,1111.623846,1111.839888,None,0,1111.623846,None,,0,0,0,0,1,0.6462946,polygon,1109.490361,None,TRUE,6.318467,6.3189639,-0.523148148,0.205555556,0,0,1,6.318467,two_up_left,1113.875379,None,1120.155395,None,17,1,2021_Dec_29_1145,untitled_1,2020.2.6,60.02119951
ירוק,red,z,0,Image_certainty//image68_alemnt14.jpg,14.jpg,one_down_left,two_down_right,widespread,certainty,,,,,,,,,0,62,62,68,1122.722417,1122.922001,z,1,1122.722417,None,0.9926758,0,0,0,0,1,0.5645022,polygon,1120.655789,None,TRUE,7.8542319,7.8554104,-0.680555556,-0.240740741,0,0,1,7.8542319,one_down_left,1124.791472,None,1132.587124,None,17,1,2021_Dec_29_1145,untitled_1,2020.2.6,60.02119951
ירוק,blue,c,0,Image_certainty//image39_alemnt12.jpg,12.jpg,one_middle_left,one_middle_right,widespread,certainty,,,,,,,,,0,63,63,39,1134.787469,1134.987287,c,1,1134.787469,None,0.76028,0,0,0,0,1,0.2016655,polygon,1133.087492,None,TRUE,,4.7866081,,,,,,,,1136.618162,None,1141.352457,None,17,1,2021_Dec_29_1145,untitled_1,2020.2.6,60.02119951
ירוק,green,x,1,Image_certainty//image181_alemnt12.jpg,12.jpg,two_up_left,one_down_right,widespread,certainty,,,,,,,,,0,64,64,181,1145.002939,1145.2027,x,1,1145.002939,None,0.4928135,0,0,0,0,1,1.6514843,polygon,1141.85311,None,,,,,,,,,,,1146.577609,1155.57228,1155.584269,None,17,1,2021_Dec_29_1145,untitled_1,2020.2.6,60.02119951
אדום,red,z,1,Image_certainty//image195_alemnt10.jpg,10.jpg,one_down_left,two_middle_right,widespread,certainty,,,,,,,,,0,65,65,195,1157.934637,1158.134336,z,1,1157.934637,None,0.9353633,0,0,0,0,1,0.3670037,polygon,1156.084406,None,TRUE,8.0599608,8.0638712,-0.682407407,-0.264814815,0,0,1,8.0599608,one_down_left,1159.938941,None,1167.959959,None,17,1,2021_Dec_29_1145,untitled_1,2020.2.6,60.02119951
כחול,red,z,0,Image_certainty//image88_alemnt10.jpg,10.jpg,two_middle_left,two_up_right,widespread,certainty,,,,,,,,,0,66,66,88,1170.215872,1170.415464,z,1,1170.215872,None,0.6160749,0,0,0,0,1,0.261852,polygon,1168.466214,None,TRUE,4.9702888,4.9716301,-0.510185185,-0.044444444,0,0,1,4.9702888,two_middle_left,1171.900575,None,1176.814484,None,17,1,2021_Dec_29_1145,untitled_1,2020.2.6,60.02119951
אדום,blue,c,0,Image_certainty//image43_alemnt11.jpg,11.jpg,two_down_left,one_up_right,widespread,certainty,,,,,,,,,0,67,67,43,1179.964594,1180.164587,c,1,1179.964594,None,0.9307713,0,0,0,0,1,1.1476349,polygon,1177.314783,None,TRUE,3.3897587,3.391091,-0.375925926,-0.239814815,0,0,1,3.3897587,two_down_left,1181.970682,None,1185.297562,None,17,1,2021_Dec_29_1145,untitled_1,2020.2.6,60.02119951
אדום,red,z,1,Image_certainty//image102_alemnt1.jpg,1.jpg,three_middle_left,two_middle_right,infrequent,certainty,,,,,,,,,0,68,68,102,1188.047417,1188.247086,z,1,1188.047417,None,0.6901609,0,0,0,0,1,0.7493855,polygon,1185.797309,None,TRUE,3.4521281,3.4537691,-0.37037037,0.051851852,0,0,1,3.4521281,three_middle_left,1189.801703,None,1193.21229,None,17,1,2021_Dec_29_1145,untitled_1,2020.2.6,60.02119951
ירוק,green,x,1,Image_certainty//image172_alemnt8.jpg,8.jpg,two_middle_left,two_down_right,widespread,certainty,,,,,,,,,0,69,69,172,1195.929619,1196.129342,x,1,1195.929619,None,0.9290823,0,0,0,0,1,0.7145555,polygon,1193.712936,None,TRUE,4.0716276,4.0733089,-0.531481481,-0.056481481,0,0,1,4.0716276,two_middle_left,1197.916657,None,1201.946973,None,17,1,2021_Dec_29_1145,untitled_1,2020.2.6,60.02119951
אדום,blue,c,0,Image_certainty//image19_alemnt4.jpg,4.jpg,one_middle_left,two_middle_right,infrequent,certainty,,,,,,,,,0,70,70,19,1204.345291,1204.544864,c,1,1204.345291,None,0.5948676,0,0,0,0,1,0.3816417,polygon,1202.461657,None,TRUE,,5.0713446,,,,,,,,1206.000217,None,1211.02654,None,17,1,2021_Dec_29_1145,untitled_1,2020.2.6,60.02119951
אדום,green,x,0,Image_certainty//image48_alemnt9.jpg,9.jpg,one_down_left,one_down_right,widespread,certainty,,,,,,,,,0,71,71,48,1213.544065,1213.743349,x,1,1213.544065,None,0.7551649,0,0,0,0,1,0.5139197,polygon,1211.527169,None,TRUE,5.1378273,5.1401636,-0.662037037,-0.255555556,0,0,1,5.1378273,one_down_left,1215.380196,None,1220.460141,None,17,1,2021_Dec_29_1145,untitled_1,2020.2.6,60.02119951
כחול,red,z,0,Image_certainty//image58_alemnt8.jpg,8.jpg,two_middle_left,two_up_right,widespread,certainty,,,,,,,,,0,72,72,58,1222.976184,1223.175445,z,1,1222.976184,None,0.7865766,0,0,0,0,1,0.5138451,polygon,1220.959368,None,TRUE,6.8042582,6.8061438,-0.507407407,-0.036111111,0,0,1,6.8042582,two_middle_left,1224.830193,None,1231.593908,None,17,1,2021_Dec_29_1145,untitled_1,2020.2.6,60.02119951
אדום,red,z,1,Image_certainty//image108_alemnt2.jpg,2.jpg,one_down_left,one_up_right,infrequent,certainty,,,,,,,,,0,73,73,108,1234.073932,1234.274194,z,1,1234.073932,None,1.0397364,0,0,0,0,1,0.4648399,polygon,1232.107651,None,TRUE,3.608011,3.6131326,-0.668518519,-0.209259259,0,0,1,3.608011,one_down_left,1236.200589,None,1239.750628,None,17,1,2021_Dec_29_1145,untitled_1,2020.2.6,60.02119951
אדום,red,z,1,Image_certainty//image177_alemnt11.jpg,11.jpg,two_down_left,three_middle_right,widespread,certainty,,,,,,,,,0,74,74,177,1242.023473,1242.222834,z,1,1242.023473,None,0.4033924,0,0,0,0,1,0.2637912,polygon,1240.256789,None,TRUE,,2.3878109,,,,,,,,1243.511552,None,1245.839057,None,17,1,2021_Dec_29_1145,untitled_1,2020.2.6,60.02119951
כחול,green,x,0,Image_certainty//image17_alemnt5.jpg,5.jpg,two_up_left,two_down_right,infrequent,certainty,,,,,,,,,0,75,75,17,1248.538938,1248.739208,x,1,1248.538938,None,0.5851448,0,0,0,0,1,0.7118898,polygon,1246.33941,None,TRUE,8.2916846,8.2961952,0.721296296,-0.209259259,0,0,1,8.2916846,two_down_right,1250.187547,None,1258.446954,None,17,1,2021_Dec_29_1145,untitled_1,2020.2.6,60.02119951
אדום,green,x,0,Image_certainty//image72_alemnt9.jpg,9.jpg,one_middle_left,two_down_right,widespread,certainty,,,,,,,,,0,76,76,72,1260.804553,1261.003698,x,1,1260.804553,None,0.8149574,0,0,0,0,1,0.348834,polygon,1258.954071,None,TRUE,4.1033253,4.1047472,-0.725,0.003703704,0,0,1,4.1033253,one_middle_left,1262.677759,None,1266.73703,None,17,1,2021_Dec_29_1145,untitled_1,2020.2.6,60.02119951
כחול,blue,c,1,Image_certainty//image104_alemnt3.jpg,3.jpg,three_middle_left,two_down_right,infrequent,certainty,,,,,,,,,0,77,77,104,1269.120127,1269.319232,c,1,1269.120127,None,1.0223523,0,0,0,0,1,0.3842152,polygon,1267.236171,None,TRUE,3.1711304,3.1720326,-0.326851852,0.048148148,0,0,1,3.1711304,three_middle_left,1271.214084,None,1274.33497,None,17,1,2021_Dec_29_1145,untitled_1,2020.2.6,60.02119951
ירוק,green,x,1,Image_certainty//image154_alemnt9.jpg,9.jpg,one_middle_left,one_down_right,widespread,certainty,,,,,,,,,0,78,78,154,1276.801855,1277.001305,x,1,1276.801855,None,1.1257883,0,0,0,0,1,0.4657125,polygon,1274.834944,None,TRUE,5.2392696,5.2408169,-0.691666667,-0.007407407,0,0,1,5.2392696,one_middle_left,1278.993903,None,1284.187154,None,17,1,2021_Dec_29_1145,untitled_1,2020.2.6,60.02119951
ירוק,red,z,0,Image_certainty//image80_alemnt9.jpg,9.jpg,one_middle_left,one_middle_right,widespread,certainty,,,,,,,,,0,79,79,80,1286.534038,1286.73426,z,1,1286.534038,None,0.4298938,0,0,0,0,1,0.3345769,polygon,1284.700963,None,TRUE,3.5741936,3.5765643,0.373148148,-0.027777778,0,0,1,3.5741936,one_middle_right,1288.042338,None,1291.555439,None,17,1,2021_Dec_29_1145,untitled_1,2020.2.6,60.02119951
אדום,red,z,1,Image_certainty//image174_alemnt10.jpg,10.jpg,one_down_left,three_middle_right,widespread,certainty,,,,,,,,,0,80,80,174,1294.832864,1295.033112,z,1,1294.832864,None,0.4825777,0,0,0,0,1,1.2639902,polygon,1292.066804,None,TRUE,8.0888508,8.0928149,-0.647222222,-0.212962963,0,0,1,8.0888508,one_down_left,1296.384311,None,1304.421923,None,17,1,2021_Dec_29_1145,untitled_1,2020.2.6,60.02119951
אדום,red,z,1,Image_certainty//image144_alemnt8.jpg,8.jpg,two_middle_left,two_down_right,widespread,certainty,,,,,,,,,0,81,81,144,1306.881829,1307.081562,z,1,1306.881829,None,0.5116897,0,0,0,0,1,0.448196,polygon,1304.93186,None,TRUE,5.6713078,5.6719681,-0.508333333,-0.051851852,0,0,1,5.6713078,two_middle_left,1308.462762,None,1314.079748,None,17,1,2021_Dec_29_1145,untitled_1,2020.2.6,60.02119951
ירוק,green,x,1,Image_certainty//image184_alemnt14.jpg,14.jpg,one_up_left,two_middle_right,widespread,certainty,,,,,,,,,0,82,82,184,1316.347216,1316.547046,x,1,1316.347216,None,0.9376902,0,0,0,0,1,0.2636744,polygon,1314.579983,None,,,,,,,,,,,1318.353254,1327.349333,1327.36167,None,17,1,2021_Dec_29_1145,untitled_1,2020.2.6,60.02119951
ירוק,red,z,0,Image_certainty//image56_alemnt11.jpg,11.jpg,three_middle_left,two_up_right,widespread,certainty,,,,,,,,,0,83,83,56,1329.944945,1330.145048,z,1,1329.944945,None,0.5656507,0,0,1,0,0,0.5797968,polygon,1327.862082,None,TRUE,8.4222979,8.4227589,0.572222222,0.194444444,0,0,1,8.4222979,two_up_right,1331.576152,None,1339.944861,None,17,1,2021_Dec_29_1145,untitled_1,2020.2.6,60.02119951
אדום,red,z,1,Image_certainty//image135_alemnt12.jpg,12.jpg,two_middle_left,one_middle_right,widespread,certainty,,,,,,,,,0,84,84,135,1342.793776,1342.993564,z,1,1342.793776,None,0.6178659,0,0,0,0,1,0.8344171,polygon,1340.460397,None,TRUE,3.2867501,3.2889041,0.350925926,-0.016666667,0,0,1,3.2867501,one_middle_right,1344.493258,None,1347.726914,None,17,1,2021_Dec_29_1145,untitled_1,2020.2.6,60.02119951
ירוק,blue,c,0,Image_certainty//image33_alemnt13.jpg,13.jpg,three_middle_left,two_middle_right,widespread,certainty,,,,,,,,,0,85,85,33,1350.092773,1350.292235,c,1,1350.092773,None,0.9413463,0,0,0,0,1,0.3643633,polygon,1348.226115,None,TRUE,2.9535295,2.9545718,0.517592593,-0.075,0,0,1,2.9535295,two_middle_right,1352.115026,None,1355.007844,None,17,1,2021_Dec_29_1145,untitled_1,2020.2.6,60.02119951
כחול,blue,c,1,Image_certainty//image167_alemnt8.jpg,8.jpg,two_down_left,one_middle_right,widespread,certainty,,,,,,,,,0,86,86,167,1357.35821,1357.558245,c,1,1357.35821,None,0.8422607,0,0,0,0,1,0.3631728,polygon,1355.5085,None,TRUE,3.2218921,3.2261662,-0.365740741,-0.221296296,0,0,1,3.2218921,two_down_left,1359.276024,None,1362.445555,None,17,1,2021_Dec_29_1145,untitled_1,2020.2.6,60.02119951
ירוק,green,x,1,Image_certainty//image166_alemnt14.jpg,14.jpg,two_middle_left,one_middle_right,widespread,certainty,,,,,,,,,0,87,87,166,1364.940784,1365.14057,x,1,1364.940784,None,0.547042,0,0,0,0,1,0.4858819,polygon,1362.957117,None,TRUE,4.6562641,4.6579329,-0.519444444,-0.047222222,0,0,1,4.6562641,two_middle_left,1366.562109,None,1371.16011,None,17,1,2021_Dec_29_1145,untitled_1,2020.2.6,60.02119951
ירוק,red,z,0,Image_certainty//image8_alemnt6.jpg,6.jpg,one_down_left,one_up_right,infrequent,certainty,,,,,,,,,0,88,88,8,1373.773108,1373.972855,z,1,1373.773108,None,0.7150618,0,0,0,0,1,0.5974143,polygon,1371.672609,None,TRUE,5.6213196,5.6242274,-0.615740741,-0.244444444,0,0,1,5.6213196,one_down_left,1375.543979,None,1381.125463,None,17,1,2021_Dec_29_1145,untitled_1,2020.2.6,60.02119951
אדום,red,z,1,Image_certainty//image183_alemnt9.jpg,9.jpg,three_middle_left,two_down_right,widespread,certainty,,,,,,,,,0,89,89,183,1383.488539,1383.688126,z,1,1383.488539,None,0.7265481,0,0,0,0,1,0.3472046,polygon,1381.638366,None,TRUE,5.5200038,5.5240101,0.764814815,-0.225,0,0,1,5.5200038,two_down_right,1385.274911,None,1390.758033,None,17,1,2021_Dec_29_1145,untitled_1,2020.2.6,60.02119951
ירוק,blue,c,0,Image_certainty//image15_alemnt3.jpg,3.jpg,three_middle_left,two_down_right,infrequent,certainty,,,,,,,,,0,90,90,15,1393.353438,1393.553551,c,1,1393.353438,None,0.9355186,0,0,0,0,1,0.5819937,polygon,1391.270435,None,TRUE,2.5532404,2.5552314,-0.388888889,0.028703704,0,0,1,2.5532404,three_middle_left,1395.357074,None,1397.869941,None,17,1,2021_Dec_29_1145,untitled_1,2020.2.6,60.02119951
כחול,green,x,0,Image_certainty//image5_alemnt2.jpg,2.jpg,two_down_left,two_down_right,infrequent,certainty,,,,,,,,,0,91,91,5,1400.352881,1400.552798,None,0,1400.352881,None,,0,0,0,0,1,0.4807708,polygon,1398.369559,None,TRUE,1.8709016,1.8732677,-0.368518519,-0.2,0,0,1,1.8709016,two_down_left,1402.590372,None,1404.418992,None,17,1,2021_Dec_29_1145,untitled_1,2020.2.6,60.02119951
ירוק,red,z,0,Image_certainty//image62_alemnt11.jpg,11.jpg,two_down_left,two_middle_right,widespread,certainty,,,,,,,,,0,92,92,62,1407.068722,1407.268038,z,1,1407.068722,None,0.6902791,0,0,0,0,1,0.6479515,polygon,1404.918722,None,TRUE,4.022329,4.0235516,0.555555556,-0.027777778,0,0,1,4.022329,two_middle_right,1408.81816,None,1412.801719,None,17,1,2021_Dec_29_1145,untitled_1,2020.2.6,60.02119951
ירוק,green,x,1,Image_certainty//image133_alemnt11.jpg,11.jpg,one_middle_left,two_up_right,widespread,certainty,,,,,,,,,0,93,93,133,1415.234348,1415.433737,x,1,1415.234348,None,0.9452755,0,0,0,0,1,0.4455648,polygon,1413.30096,None,TRUE,5.887181,5.8887474,-0.735185185,-0.00462963,0,0,1,5.887181,one_middle_left,1417.255642,None,1423.083503,None,17,1,2021_Dec_29_1145,untitled_1,2020.2.6,60.02119951
ירוק,green,x,1,Image_certainty//image100_alemnt4.jpg,4.jpg,two_down_left,one_middle_right,infrequent,certainty,,,,,,,,,0,94,94,100,1425.649318,1425.849345,x,1,1425.649318,None,0.4061221,0,0,0,0,1,0.5639398,polygon,1423.582946,None,TRUE,2.8391971,2.8429296,-0.373148148,-0.268518519,0,0,1,2.8391971,two_down_left,1427.121927,None,1429.918989,None,17,1,2021_Dec_29_1145,untitled_1,2020.2.6,60.02119951
כחול,blue,c,1,Image_certainty//image140_alemnt11.jpg,11.jpg,one_up_left,two_up_right,widespread,certainty,,,,,,,,,0,95,95,140,1432.315284,1432.515028,c,1,1432.315284,None,0.8585086,0,0,0,0,1,0.3957068,polygon,1430.432053,None,,,,,,,,,,,1434.260363,1443.234315,1443.263354,None,17,1,2021_Dec_29_1145,untitled_1,2020.2.6,60.02119951
כחול,red,z,0,Image_certainty//image64_alemnt10.jpg,10.jpg,one_up_left,three_middle_right,widespread,certainty,,,,,,,,,0,96,96,64,1445.613729,1445.812919,z,1,1445.613729,None,0.6067878,0,0,0,0,1,0.3493529,polygon,1443.763095,None,TRUE,2.7565762,2.7575699,-0.741666667,0.153703704,0,0,1,2.7565762,one_up_left,1447.28631,None,1449.998921,None,17,1,2021_Dec_29_1145,untitled_1,2020.2.6,60.02119951
כחול,blue,c,1,Image_certainty//image134_alemnt9.jpg,9.jpg,two_down_left,three_middle_right,widespread,certainty,,,,,,,,,0,97,97,134,1452.312869,1452.512477,c,1,1452.312869,None,0.7511539,0,0,0,0,1,0.2981029,polygon,1450.512783,None,TRUE,6.0890059,6.0942892,-0.35,-0.22962963,0,0,1,6.0890059,two_down_left,1454.122717,None,1460.187278,None,17,1,2021_Dec_29_1145,untitled_1,2020.2.6,60.02119951
ירוק,blue,c,0,Image_certainty//image99_alemnt10.jpg,10.jpg,three_middle_left,one_middle_right,widespread,certainty,,,,,,,,,0,98,98,99,1462.57806,1462.77793,None,0,1462.57806,None,,0,0,0,0,1,0.3807316,polygon,1460.694786,None,TRUE,3.7867835,3.7888582,-0.35462963,0.051851852,0,0,1,3.7867835,three_middle_left,1464.829282,None,1468.559942,None,17,1,2021_Dec_29_1145,untitled_1,2020.2.6,60.02119951
כחול,blue,c,1,Image_certainty//image110_alemnt5.jpg,5.jpg,three_middle_left,one_up_right,infrequent,certainty,,,,,,,,,0,99,99,110,1473.643182,1473.843122,c,1,1473.643182,None,0.6821846,0,0,0,0,1,3.0995547,polygon,1469.06026,None,TRUE,6.0074055,6.0081053,0.388888889,0.193518519,0,0,1,6.0074055,one_up_right,1475.378142,None,1481.344824,None,17,1,2021_Dec_29_1145,untitled_1,2020.2.6,60.02119951
אדום,red,z,1,Image_certainty//image120_alemnt12.jpg,12.jpg,two_up_left,two_up_right,widespread,certainty,,,,,,,,,0,100,100,120,1483.958749,1484.158449,z,1,1483.958749,None,0.7718437,0,0,0,0,1,0.5985851,polygon,1481.858592,None,TRUE,6.1179647,6.1184259,-0.505555556,0.208333333,0,0,1,6.1179647,two_up_left,1485.804111,None,1491.873428,None,17,1,2021_Dec_29_1145,untitled_1,2020.2.6,60.02119951
ירוק,green,x,1,Image_certainty//image109_alemnt5.jpg,5.jpg,one_down_left,two_middle_right,infrequent,certainty,,,,,,,,,0,101,101,109,1494.20735,1494.407126,None,0,1494.20735,None,,0,0,0,0,1,0.3338407,polygon,1492.373961,None,TRUE,8.440373,8.4418002,-0.662037037,-0.228703704,0,0,1,8.440373,one_down_left,1496.442238,None,1504.842242,None,17,1,2021_Dec_29_1145,untitled_1,2020.2.6,60.02119951
כחול,blue,c,1,Image_certainty//image179_alemnt12.jpg,12.jpg,two_middle_left,one_down_right,widespread,certainty,,,,,,,,,0,102,102,179,1507.188252,1507.388743,None,0,1507.188252,None,,0,0,0,0,1,0.3387171,polygon,1505.354842,None,,,,,,,,,,,1509.443749,None,1518.403701,None,17,1,2021_Dec_29_1145,untitled_1,2020.2.6,60.02119951
ירוק,blue,c,0,Image_certainty//image57_alemnt13.jpg,13.jpg,two_down_left,two_middle_right,widespread,certainty,,,,,,,,,0,103,103,57,1526.819293,1527.019537,None,0,1526.819293,None,,0.008333333,0.022222222,0,0,1,2.5001109,polygon,1518.903629,None,TRUE,5.5518724,5.5529183,0.562037037,-0.055555556,0,0,1,5.5518724,two_middle_right,1529.056063,None,1534.567729,None,17,1,2021_Dec_29_1145,untitled_1,2020.2.6,60.02119951
כחול,red,z,0,Image_certainty//image28_alemnt10.jpg,10.jpg,one_down_left,two_down_right,widespread,certainty,,,,,,,,,0,104,104,28,1537.151809,1537.351039,z,1,1537.151809,None,0.6436581,0,0,0,0,1,0.5791018,polygon,1535.068335,None,TRUE,6.3559018,6.3572561,-0.65,-0.191666667,0,0,1,6.3559018,one_down_left,1538.855775,None,1545.16786,None,17,1,2021_Dec_29_1145,untitled_1,2020.2.6,60.02119951
כחול,blue,c,1,Image_certainty//image101_alemnt6.jpg,6.jpg,one_down_left,two_middle_right,infrequent,certainty,,,,,,,,,0,105,105,101,1547.666447,1547.866739,c,1,1547.666447,None,1.0954688,0,0,0,0,1,0.4836999,polygon,1545.683297,None,TRUE,6.8689915,6.870281,-0.643518519,-0.227777778,1,0,0,6.8689915,one_down_left,1549.828748,None,1556.648273,None,17,1,2021_Dec_29_1145,untitled_1,2020.2.6,60.02119951
אדום,green,x,0,Image_certainty//image54_alemnt11.jpg,11.jpg,two_down_left,two_middle_right,widespread,certainty,,,,,,,,,0,106,106,54,1559.215383,1559.415247,x,1,1559.215383,None,0.6433679,0,0,0,0,1,0.5794081,polygon,1557.148839,None,TRUE,2.7042276,2.7051987,0.537037037,-0.072222222,0,0,1,2.7042276,two_middle_right,1560.936388,None,1563.580718,None,17,1,2021_Dec_29_1145,untitled_1,2020.2.6,60.02119951
ירוק,green,x,1,Image_certainty//image127_alemnt14.jpg,14.jpg,one_up_left,two_middle_right,widespread,certainty,,,,,,,,,0,107,107,127,1566.147873,1566.347705,x,1,1566.147873,None,0.5726143,0,0,0,0,1,0.579342,polygon,1564.080809,None,TRUE,,3.9223807,,,,,,,,1567.784961,None,1571.662891,None,17,1,2021_Dec_29_1145,untitled_1,2020.2.6,60.02119951
ירוק,green,x,1,Image_certainty//image130_alemnt11.jpg,11.jpg,three_middle_left,two_down_right,widespread,certainty,,,,,,,,,0,108,108,130,1574.230263,1574.42972,x,1,1574.230263,None,0.5457698,0,0,0,0,1,0.5676577,polygon,1572.163228,None,TRUE,,4.5562075,,,,,,,,1575.823471,None,1580.345079,None,17,1,2021_Dec_29_1145,untitled_1,2020.2.6,60.02119951
אדום,red,z,1,Image_certainty//image105_alemnt7.jpg,7.jpg,one_middle_left,one_up_right,infrequent,certainty,,,,,,,,,0,109,109,105,1582.962357,1583.162217,None,0,1582.962357,None,,0,0,0,0,1,0.6205849,polygon,1580.845313,None,,,,,,,,,,,1585.212808,None,1594.17723,None,17,1,2021_Dec_29_1145,untitled_1,2020.2.6,60.02119951
אדום,green,x,0,Image_certainty//image78_alemnt10.jpg,10.jpg,one_middle_left,two_up_right,widespread,certainty,,,,,,,,,0,110,110,78,1598.643835,1598.843447,x,1,1598.643835,None,0.4251213,-0.012037037,0.00462963,0,0,1,2.469305,polygon,1594.677315,None,TRUE,8.0526433,8.0529985,0.583333333,0.217592593,0,0,1,8.0526433,two_up_right,1600.152872,None,1608.141692,None,17,1,2021_Dec_29_1145,untitled_1,2020.2.6,60.02119951
כחול,blue,c,1,Image_certainty//image146_alemnt12.jpg,12.jpg,one_up_left,two_middle_right,widespread,certainty,,,,,,,,,0,111,111,146,1610.5422,1610.741916,c,1,1610.5422,None,0.7609005,0,0,0,0,1,0.3979977,polygon,1608.642048,None,TRUE,7.8397665,7.8401858,-0.707407407,0.175925926,0,0,1,7.8397665,one_up_left,1612.368362,None,1620.157595,None,17,1,2021_Dec_29_1145,untitled_1,2020.2.6,60.02119951
אדום,blue,c,0,Image_certainty//image49_alemnt11.jpg,11.jpg,three_middle_left,two_middle_right,widespread,certainty,,,,,,,,,0,112,112,49,1622.557211,1622.756466,c,1,1622.557211,None,0.5744804,0,0,0,0,1,0.3966318,polygon,1620.657102,None,TRUE,6.9541484,6.9560806,0.591666667,-0.037037037,0,0,1,6.9541484,two_middle_right,1624.195657,None,1631.107293,None,17,1,2021_Dec_29_1145,untitled_1,2020.2.6,60.02119951
כחול,red,z,0,Image_certainty//image16_alemnt4.jpg,4.jpg,one_middle_left,two_up_right,infrequent,certainty,,,,,,,,,0,113,113,16,1633.972492,1634.172217,z,1,1633.972492,None,0.9555956,0,0,0,0,1,0.8486327,polygon,1631.622423,None,TRUE,5.8759209,5.8761136,0.597222222,0.212037037,0,0,1,5.8759209,two_up_right,1635.988039,None,1641.82217,None,17,1,2021_Dec_29_1145,untitled_1,2020.2.6,60.02119951
ירוק,blue,c,0,Image_certainty//image93_alemnt14.jpg,14.jpg,one_down_left,one_middle_right,widespread,certainty,,,,,,,,,0,114,114,93,1644.420992,1644.620808,None,0,1644.420992,None,,0,0,0,0,1,0.5792653,polygon,1642.337723,None,,,,,,,,,,,1646.673345,None,1655.635934,None,17,1,2021_Dec_29_1145,untitled_1,2020.2.6,60.02119951
אדום,green,x,0,Image_certainty//image36_alemnt10.jpg,10.jpg,three_middle_left,three_middle_right,widespread,certainty,,,,,,,,,0,115,115,36,1658.402608,1658.602351,x,1,1658.402608,None,0.8021238,0,0,0,0,1,0.7655458,polygon,1656.135877,None,TRUE,6.9200501,6.9231599,0.714814815,0.050925926,0,0,1,6.9200501,three_middle_right,1660.279641,None,1667.153078,None,17,1,2021_Dec_29_1145,untitled_1,2020.2.6,60.02119951
ירוק,red,z,0,Image_certainty//image92_alemnt10.jpg,10.jpg,one_down_left,two_middle_right,widespread,certainty,,,,,,,,,0,116,116,92,1669.684302,1669.884174,z,1,1669.684302,None,0.7197839,0,0,0,0,1,0.5141958,polygon,1667.66775,None,TRUE,5.6027512,5.6057259,-0.663888889,-0.243518519,0,0,1,5.6027512,one_down_left,1671.490864,None,1677.03396,None,17,1,2021_Dec_29_1145,untitled_1,2020.2.6,60.02119951
ירוק,blue,c,0,Image_certainty//image27_alemnt8.jpg,8.jpg,three_middle_left,two_middle_right,widespread,certainty,,,,,,,,,0,117,117,27,1680.066485,1680.26616,c,1,1680.066485,None,0.8615686,0,0,0,0,1,1.014463,polygon,1677.549792,None,TRUE,4.8220014,4.8254697,0.565740741,-0.056481481,0,0,1,4.8220014,two_middle_right,1681.986657,None,1686.770796,None,17,1,2021_Dec_29_1145,untitled_1,2020.2.6,60.02119951
אדום,blue,c,0,Image_certainty//image7_alemnt7.jpg,7.jpg,one_down_left,one_down_right,infrequent,certainty,,,,,,,,,0,118,118,7,1689.365199,1689.564997,c,1,1689.365199,None,1.0599953,0,0,0,0,1,0.5812418,polygon,1687.28177,None,TRUE,2.8708786,2.8745757,0.450925926,-0.231481481,0,0,1,2.8708786,one_down_right,1691.504557,None,1694.317054,None,17,1,2021_Dec_29_1145,untitled_1,2020.2.6,60.02119951
ירוק,green,x,1,Image_certainty//image145_alemnt12.jpg,12.jpg,two_down_left,two_down_right,widespread,certainty,,,,,,,,,0,119,119,145,1696.930905,1697.129777,x,1,1696.930905,None,0.8945408,0,0,0,0,1,0.5969637,polygon,1694.830866,None,TRUE,3.3750588,3.3798114,0.72962963,-0.237037037,0,0,1,3.3750588,two_down_right,1698.8773,None,1702.221378,None,17,1,2021_Dec_29_1145,untitled_1,2020.2.6,60.02119951
ירוק,green,x,1,Image_certainty//image142_alemnt14.jpg,14.jpg,three_middle_left,two_down_right,widespread,certainty,,,,,,,,,0,120,120,142,1704.779664,1704.97964,x,1,1704.779664,None,0.8486626,0,0,0,0,1,0.5459854,polygon,1702.729826,None,,,,,,,,,,,1706.684266,1715.682122,1715.694439,None,17,1,2021_Dec_29_1145,untitled_1,2020.2.6,60.02119951
אדום,blue,c,0,Image_certainty//image79_alemnt13.jpg,13.jpg,one_down_left,one_up_right,widespread,certainty,,,,,,,,,0,121,121,79,1718.227834,1718.427868,c,1,1718.227834,None,0.8707875,0,0,0,0,1,0.548325,polygon,1716.194686,None,TRUE,6.203282,6.20397,0.375,0.172222222,0,0,1,6.203282,one_up_right,1720.16216,None,1726.327877,None,17,1,2021_Dec_29_1145,untitled_1,2020.2.6,60.02119951
כחול,blue,c,1,Image_certainty//image185_alemnt14.jpg,14.jpg,three_middle_left,three_middle_right,widespread,certainty,,,,,,,,,0,122,122,185,1728.62679,1728.826512,c,1,1728.62679,None,0.7854924,0,0,0,0,1,0.2836118,polygon,1726.843287,None,TRUE,,3.4893801,,,,,,,,1730.47286,None,1733.92504,None,17,1,2021_Dec_29_1145,untitled_1,2020.2.6,60.02119951
ירוק,red,z,0,Image_certainty//image20_alemnt10.jpg,10.jpg,two_up_left,two_up_right,widespread,certainty,,,,,,,,,0,123,123,20,1736.342114,1736.542174,c,0,1736.342114,None,0.7299569,0,0,0,0,1,0.4182301,polygon,1734.425696,None,,,,,,,,,,,1738.12952,1747.111102,1747.140018,None,17,1,2021_Dec_29_1145,untitled_1,2020.2.6,60.02119951
כחול,red,z,0,Image_certainty//image46_alemnt8.jpg,8.jpg,two_middle_left,two_up_right,widespread,certainty,,,,,,,,,0,124,124,46,1749.623236,1749.823524,z,1,1749.623236,None,0.4236258,0,0,0,0,1,0.4830398,polygon,1747.640117,None,TRUE,4.3731031,4.3748694,-0.546296296,-0.064814815,0,0,1,4.3731031,two_middle_left,1751.0984,None,1755.441917,None,17,1,2021_Dec_29_1145,untitled_1,2020.2.6,60.02119951
אדום,red,z,1,Image_certainty//image138_alemnt9.jpg,9.jpg,one_down_left,two_down_right,widespread,certainty,,,,,,,,,0,125,125,138,1758.021969,1758.221811,z,1,1758.021969,None,0.4386564,0,0,0,0,1,0.5648346,polygon,1755.955888,None,,,,,,,,,,,1759.517057,1768.491076,1768.520704,None,17,1,2021_Dec_29_1145,untitled_1,2020.2.6,60.02119951
אדום,blue,c,0,Image_certainty//image85_alemnt14.jpg,14.jpg,two_down_left,three_middle_right,widespread,certainty,,,,,,,,,0,126,126,85,1770.920298,1771.120998,c,1,1770.920298,None,1.0192493,0,0,0,0,1,0.3976902,polygon,1769.021104,None,TRUE,2.7703002,2.7737866,-0.365740741,-0.216666667,0,0,1,2.7703002,two_down_left,1773.020443,None,1775.739476,None,17,1,2021_Dec_29_1145,untitled_1,2020.2.6,60.02119951
ירוק,green,x,1,Image_certainty//image124_alemnt10.jpg,10.jpg,one_up_left,two_middle_right,widespread,certainty,,,,,,,,,0,127,127,124,1778.053501,1778.253292,x,1,1778.053501,None,0.620292,0,0,0,0,1,0.2973947,polygon,1776.253563,None,TRUE,3.9207973,3.9217556,0.6,-0.046296296,0,0,1,3.9207973,two_middle_right,1779.739377,None,1783.618597,None,17,1,2021_Dec_29_1145,untitled_1,2020.2.6,60.02119951
ירוק,blue,c,0,Image_certainty//image21_alemnt14.jpg,14.jpg,one_down_left,one_middle_right,widespread,certainty,,,,,,,,,0,128,128,21,1786.318695,1786.518877,c,1,1786.318695,None,0.9133631,0,0,0,0,1,0.7118062,polygon,1784.1191,None,TRUE,2.5538816,2.5555204,0.421296296,-0.001851852,0,0,1,2.5538816,one_middle_right,1788.301911,None,1790.80145,None,17,1,2021_Dec_29_1145,untitled_1,2020.2.6,60.02119951
ירוק,green,x,1,Image_certainty//image157_alemnt8.jpg,8.jpg,one_middle_left,three_middle_right,widespread,certainty,,,,,,,,,0,129,129,157,1793.351217,1793.551236,x,1,1793.351217,None,0.6094647,0,0,0,0,1,0.5476875,polygon,1791.301597,None,TRUE,6.1065694,6.1092042,0.718518519,0.059259259,0,0,1,6.1065694,three_middle_right,1795.01485,None,1801.088503,None,17,1,2021_Dec_29_1145,untitled_1,2020.2.6,60.02119951
אדום,red,z,1,Image_certainty//image186_alemnt11.jpg,11.jpg,one_down_left,two_up_right,widespread,certainty,,,,,,,,,0,130,130,186,1803.350397,1803.550086,z,1,1803.350397,None,0.6204922,0,0,0,0,1,0.2473537,polygon,1801.600251,None,TRUE,6.6757041,6.6771217,-0.678703704,-0.180555556,0,0,1,6.6757041,one_down_left,1805.04954,None,1811.668854,None,17,1,2021_Dec_29_1145,untitled_1,2020.2.6,60.02119951
ירוק,red,z,0,Image_certainty//image26_alemnt11.jpg,11.jpg,one_middle_left,two_down_right,widespread,certainty,,,,,,,,,0,131,131,26,1813.948855,1814.14853,z,1,1813.948855,None,0.8670419,0,0,0,0,1,0.2682698,polygon,1812.181606,None,,,,,,,,,,,1815.879191,1824.867608,1824.880064,None,17,1,2021_Dec_29_1145,untitled_1,2020.2.6,60.02119951
ירוק,blue,c,0,Image_certainty//image69_alemnt14.jpg,14.jpg,one_middle_left,two_down_right,widespread,certainty,,,,,,,,,0,132,132,69,1828.647039,1828.847563,c,1,1828.647039,None,0.8486528,0,0.000925926,0,0,1,1.7660764,polygon,1825.380033,None,TRUE,7.2064067,7.2082512,0.733333333,-0.210185185,0,0,1,7.2064067,two_down_right,1830.563766,None,1837.715102,None,17,1,2021_Dec_29_1145,untitled_1,2020.2.6,60.02119951
כחול,red,z,0,Image_certainty//image34_alemnt8.jpg,8.jpg,one_middle_left,two_up_right,widespread,certainty,,,,,,,,,0,133,133,34,1840.428513,1840.628429,z,1,1840.428513,None,0.6735073,0,0,0,0,1,0.6985006,polygon,1838.228492,None,TRUE,6.7384605,6.7400232,-0.723148148,-0.02037037,0,0,1,6.7384605,one_middle_left,1842.177049,None,1848.862868,None,17,1,2021_Dec_29_1145,untitled_1,2020.2.6,60.02119951
ירוק,green,x,1,Image_certainty//image118_alemnt6.jpg,6.jpg,one_up_left,one_up_right,infrequent,certainty,,,,,,,,,0,134,134,118,1851.326995,1851.52712,x,1,1851.326995,None,0.6287853,0,0,0,0,1,0.4469397,polygon,1849.377388,None,,,,,,,,,,,1853.028836,1862.01297,1862.025597,None,17,1,2021_Dec_29_1145,untitled_1,2020.2.6,60.02119951
אדום,green,x,0,Image_certainty//image18_alemnt4.jpg,4.jpg,three_middle_left,one_down_right,infrequent,certainty,,,,,,,,,0,135,135,18,1865.058632,1865.258045,x,1,1865.058632,None,0.8234704,0,0.00462963,0,0,1,1.0299237,polygon,1862.525564,None,TRUE,2.5688171,2.5704807,0.412962963,-0.259259259,0,0,1,2.5688171,one_down_right,1866.950315,None,1869.474102,None,17,1,2021_Dec_29_1145,untitled_1,2020.2.6,60.02119951
כחול,blue,c,1,Image_certainty//image158_alemnt11.jpg,11.jpg,one_up_left,two_down_right,widespread,certainty,,,,,,,,,0,136,136,158,1871.907986,1872.107833,c,1,1871.907986,None,0.7351867,0,0,0,0,1,0.4314452,polygon,1869.974514,None,,,,,,,,,,,1873.717199,1882.710331,1882.72253,None,17,1,2021_Dec_29_1145,untitled_1,2020.2.6,60.02119951
ירוק,green,x,1,Image_certainty//image193_alemnt12.jpg,12.jpg,three_middle_left,three_middle_right,widespread,certainty,,,,,,,,,0,137,137,193,1885.139556,1885.339283,x,1,1885.139556,None,0.7073611,0,0,0,0,1,0.413591,polygon,1883.223094,None,TRUE,5.5713818,5.5726261,0.716666667,0.032407407,0,0,1,5.5713818,three_middle_right,1886.93266,None,1892.437674,None,17,1,2021_Dec_29_1145,untitled_1,2020.2.6,60.02119951
כחול,blue,c,1,Image_certainty//image191_alemnt12.jpg,12.jpg,two_middle_left,one_up_right,widespread,certainty,,,,,,,,,0,138,138,191,1894.921754,1895.12102,c,1,1894.921754,None,0.817813,0,0,0,0,1,0.4815769,polygon,1892.938221,None,TRUE,3.3090453,3.310035,0.37037037,0.186111111,0,0,1,3.3090453,one_up_right,1896.808946,None,1900.06007,None,17,1,2021_Dec_29_1145,untitled_1,2020.2.6,60.02119951
אדום,red,z,1,Image_certainty//image189_alemnt8.jpg,8.jpg,one_middle_left,one_middle_right,widespread,certainty,,,,,,,,,0,139,139,189,1902.620436,1902.82029,z,1,1902.620436,None,0.761844,0,0,0,0,1,0.5465875,polygon,1900.57066,None,TRUE,2.7059257,2.7088337,0.380555556,-0.026851852,0,0,1,2.7059257,one_middle_right,1904.43825,None,1907.106437,None,17,1,2021_Dec_29_1145,untitled_1,2020.2.6,60.02119951
ירוק,green,x,1,Image_certainty//image190_alemnt12.jpg,12.jpg,one_down_left,one_middle_right,widespread,certainty,,,,,,,,,0,140,140,190,1909.969638,1910.169551,x,1,1909.969638,None,1.0777862,0,0,0,0,1,0.850473,polygon,1907.619773,None,TRUE,1.9198746,1.9216101,0.377777778,-0.02962963,0,0,1,1.9198746,one_middle_right,1912.113314,None,1913.98535,None,17,1,2021_Dec_29_1145,untitled_1,2020.2.6,60.02119951
ירוק,green,x,1,Image_certainty//image187_alemnt10.jpg,10.jpg,two_up_left,three_middle_right,widespread,certainty,,,,,,,,,0,141,141,187,1916.952098,1917.151733,x,1,1916.952098,None,0.6691654,0,0,0,0,1,0.9789703,polygon,1914.485529,None,TRUE,7.7058223,7.7081506,0.715740741,0.030555556,0,0,1,7.7058223,three_middle_right,1918.697628,None,1926.353647,None,17,1,2021_Dec_29_1145,untitled_1,2020.2.6,60.02119951
אדום,green,x,0,Image_certainty//image66_alemnt11.jpg,11.jpg,one_up_left,two_up_right,widespread,certainty,,,,,,,,,0,142,142,66,1928.800563,1929.000242,x,1,1928.800563,None,0.7117926,0,0,0,0,1,0.4348655,polygon,1926.866854,None,,,,,,,,,,,1930.592092,1939.58653,1939.598467,None,17,1,2021_Dec_29_1145,untitled_1,2020.2.6,60.02119951
כחול,blue,c,1,Image_certainty//image116_alemnt2.jpg,2.jpg,one_middle_left,two_down_right,infrequent,certainty,,,,,,,,,0,143,143,116,1941.78212,1941.981862,None,0,1941.78212,None,,0,0,0,0,1,0.1808192,polygon,1940.098827,None,TRUE,5.139743,5.1412187,0.721296296,-0.24537037,0,0,1,5.139743,two_down_right,1944.030414,None,1949.115088,None,17,1,2021_Dec_29_1145,untitled_1,2020.2.6,60.02119951
ירוק,blue,c,0,Image_certainty//image3_alemnt4.jpg,4.jpg,one_middle_left,one_up_right,infrequent,certainty,,,,,,,,,0,144,144,3,1951.380973,1951.580634,c,1,1951.380973,None,0.9514057,0,0,0,0,1,0.265107,polygon,1949.614085,None,TRUE,5.0707595,5.0715708,0.360185185,0.168518519,0,0,1,5.0707595,one_up_right,1953.418409,None,1958.42984,None,17,1,2021_Dec_29_1145,untitled_1,2020.2.6,60.02119951
אדום,red,z,1,Image_certainty//image168_alemnt10.jpg,10.jpg,two_middle_left,two_down_right,widespread,certainty,,,,,,,,,0,145,145,168,1960.846512,1961.046074,z,1,1960.846512,None,0.6565853,0,0,0,0,1,0.4183087,polygon,1958.929705,None,TRUE,5.3707953,5.3740062,0.721296296,-0.22962963,0,0,1,5.3707953,two_down_right,1962.585442,None,1967.896742,None,17,1,2021_Dec_29_1145,untitled_1,2020.2.6,60.02119951
ירוק,green,x,1,Image_certainty//image112_alemnt3.jpg,3.jpg,one_down_left,two_up_right,infrequent,certainty,,,,,,,,,0,146,146,112,1970.545061,1970.744913,None,0,1970.545061,None,,0,0,0,0,1,0.6326562,polygon,1968.411654,None,TRUE,6.0561461,6.0573295,-0.625,-0.262962963,0,0,1,6.0561461,one_down_left,1972.781482,None,1978.793749,None,17,1,2021_Dec_29_1145,untitled_1,2020.2.6,60.02119951
ירוק,green,x,1,Image_certainty//image160_alemnt8.jpg,8.jpg,two_down_left,two_up_right,widespread,certainty,,,,,,,,,0,147,147,160,1981.060475,1981.260203,x,1,1981.060475,None,0.7999445,0,0,0,0,1,0.2647386,polygon,1979.293315,None,TRUE,,1.8901136,,,,,,,,1982.925146,None,1984.759147,None,17,1,2021_Dec_29_1145,untitled_1,2020.2.6,60.02119951
אדום,red,z,1,Image_certainty//image153_alemnt9.jpg,9.jpg,three_middle_left,two_middle_right,widespread,certainty,,,,,,,,,0,148,148,153,1987.192629,1987.392754,z,1,1987.192629,None,0.9508753,0,0,0,0,1,0.4311189,polygon,1985.259587,None,TRUE,6.1228924,6.1236961,-0.35,0.065740741,0,0,1,6.1228924,three_middle_left,1989.205915,None,1995.276774,None,17,1,2021_Dec_29_1145,untitled_1,2020.2.6,60.02119951
כחול,blue,c,1,Image_certainty//image125_alemnt12.jpg,12.jpg,one_down_left,one_down_right,widespread,certainty,,,,,,,,,0,149,149,125,1997.691461,1997.891345,c,1,1997.691461,None,0.995573,0,0,0,0,1,0.3961382,polygon,1995.791555,None,TRUE,4.1034834,4.1063311,-0.64537037,-0.226851852,0,0,1,4.1034834,one_down_left,1999.759279,None,2003.80794,None,17,1,2021_Dec_29_1145,untitled_1,2020.2.6,60.02119951
אדום,red,z,1,Image_certainty//image150_alemnt13.jpg,13.jpg,one_down_left,two_down_right,widespread,certainty,,,,,,,,,0,150,150,150,2006.289984,2006.490223,z,1,2006.289984,None,0.7471545,0,0,0,0,1,0.4804211,polygon,2004.307135,None,TRUE,5.7870239,5.7900557,0.72037037,-0.219444444,0,0,1,5.7870239,two_down_right,2008.112703,None,2013.841509,None,17,1,2021_Dec_29_1145,untitled_1,2020.2.6,60.02119951
אדום,blue,c,0,Image_certainty//image67_alemnt13.jpg,13.jpg,three_middle_left,one_middle_right,widespread,certainty,,,,,,,,,0,151,151,67,2016.82241,2017.022016,c,1,2016.82241,None,0.8100732,0,0,0,0,1,0.9672774,polygon,2014.355808,None,TRUE,2.0561112,2.0570912,0.42037037,0,0,0,1,2.0561112,one_middle_right,2018.691821,None,2020.704985,None,17,1,2021_Dec_29_1145,untitled_1,2020.2.6,60.02119951
אדום,green,x,0,Image_certainty//image6_alemnt7.jpg,7.jpg,three_middle_left,three_middle_right,infrequent,certainty,,,,,,,,,0,152,152,6,2023.388317,2023.587739,None,0,2023.388317,None,,0,0,0,0,1,0.681823,polygon,2021.204938,None,,,,,,,,,,,2025.619832,None,2034.602845,None,17,1,2021_Dec_29_1145,untitled_1,2020.2.6,60.02119951
אדום,red,z,1,Image_certainty//image129_alemnt8.jpg,8.jpg,one_middle_left,three_middle_right,widespread,certainty,,,,,,,,,0,153,153,129,2037.102865,2037.302799,z,1,2037.102865,None,0.7233565,0,0,0,0,1,0.4986413,polygon,2035.102798,None,TRUE,6.4704787,6.4732395,0.686111111,0.060185185,0,0,1,6.4704787,three_middle_right,2038.904492,None,2045.320591,None,17,1,2021_Dec_29_1145,untitled_1,2020.2.6,60.02119951
ירוק,green,x,1,Image_certainty//image136_alemnt8.jpg,8.jpg,three_middle_left,two_down_right,widespread,certainty,,,,,,,,,0,154,154,136,2047.934937,2048.134832,x,1,2047.934937,None,0.6388371,0,0,0,0,1,0.5972247,polygon,2045.835021,None,TRUE,6.7049589,6.7093613,0.716666667,-0.222222222,0,0,1,6.7049589,two_down_right,2049.650285,None,2056.304284,None,17,1,2021_Dec_29_1145,untitled_1,2020.2.6,60.02119951
ירוק,blue,c,0,Image_certainty//image45_alemnt9.jpg,9.jpg,one_down_left,three_middle_right,widespread,certainty,,,,,,,,,0,155,155,45,2058.633333,2058.833437,c,1,2058.633333,None,0.9784398,0,0,0,0,1,0.3290719,polygon,2056.816903,None,TRUE,7.4048733,7.4084011,0.746296296,0.056481481,0,0,1,7.4048733,three_middle_right,2060.686557,None,2068.037637,None,17,1,2021_Dec_29_1145,untitled_1,2020.2.6,60.02119951
אדום,green,x,0,Image_certainty//image12_alemnt1.jpg,1.jpg,one_up_left,two_up_right,infrequent,certainty,,,,,,,,,0,156,156,12,2070.648303,2070.848523,None,0,2070.648303,None,,0,0,0,0,1,0.5965462,polygon,2068.548227,None,,,,,,,,,,,2072.873141,None,2081.863184,None,17,1,2021_Dec_29_1145,untitled_1,2020.2.6,60.02119951
אדום,red,z,1,Image_certainty//image132_alemnt9.jpg,9.jpg,one_down_left,two_down_right,widespread,certainty,,,,,,,,,0,157,157,132,2084.896617,2085.096649,z,1,2084.896617,None,0.6822654,-0.001851852,0.00462963,0,0,1,1.034931,polygon,2082.363233,None,TRUE,8.8380911,8.8397344,0.694444444,-0.243518519,0,0,1,8.8380911,two_down_right,2086.642928,None,2095.428515,None,17,1,2021_Dec_29_1145,untitled_1,2020.2.6,60.02119951
כחול,blue,c,1,Image_certainty//image155_alemnt11.jpg,11.jpg,one_up_left,two_middle_right,widespread,certainty,,,,,,,,,0,158,158,155,2097.74489,2097.944863,c,1,2097.74489,None,0.9893919,0,0,0,0,1,0.3168536,polygon,2095.92844,None,,,,,,,,,,,2099.808868,2108.797751,2108.809943,None,17,1,2021_Dec_29_1145,untitled_1,2020.2.6,60.02119951
אדום,red,z,1,Image_certainty//image156_alemnt11.jpg,11.jpg,two_down_left,one_down_right,widespread,certainty,,,,,,,,,0,159,159,156,2111.726747,2111.926511,z,1,2111.726747,None,0.7030998,0,0,0,0,1,0.9133582,polygon,2109.310109,None,TRUE,1.8202479,1.8222475,-0.367592593,-0.234259259,0,0,1,1.8202479,two_down_left,2113.49527,None,2115.275233,None,17,1,2021_Dec_29_1145,untitled_1,2020.2.6,60.02119951
כחול,blue,c,1,Image_certainty//image161_alemnt12.jpg,12.jpg,one_down_left,two_middle_right,widespread,certainty,,,,,,,,,0,160,160,161,2117.875887,2118.075474,c,1,2117.875887,None,0.6182902,0,0,0,0,1,0.5985061,polygon,2115.775876,None,TRUE,3.4047005,3.4078508,-0.647222222,-0.209259259,0,0,1,3.4047005,one_down_left,2119.571659,None,2122.927897,None,17,1,2021_Dec_29_1145,untitled_1,2020.2.6,60.02119951
ירוק,blue,c,0,Image_certainty//image75_alemnt11.jpg,11.jpg,two_up_left,one_middle_right,widespread,certainty,,,,,,,,,0,161,161,75,2125.457729,2125.657999,c,1,2125.457729,None,1.050075,0,0,0,0,1,0.5170867,polygon,2123.441645,None,TRUE,2.3036522,2.3046034,-0.478703704,0.214814815,0,0,1,2.3036522,two_up_left,2127.560782,None,2129.823864,None,17,1,2021_Dec_29_1145,untitled_1,2020.2.6,60.02119951
כחול,blue,c,1,Image_certainty//image122_alemnt14.jpg,14.jpg,one_down_left,two_up_right,widespread,certainty,,,,,,,,,0,162,162,122,2132.307006,2132.507137,c,1,2132.307006,None,0.7699965,0,0,0,0,1,0.4803212,polygon,2130.323981,None,TRUE,8.3375811,8.3377876,0.599074074,0.203703704,0,0,1,8.3375811,two_up_right,2134.146578,None,2142.438566,None,17,1,2021_Dec_29_1145,untitled_1,2020.2.6,60.02119951
אדום,red,z,1,Image_certainty//image171_alemnt12.jpg,12.jpg,one_up_left,two_down_right,widespread,certainty,,,,,,,,,0,163,163,171,2144.83901,2145.038786,z,1,2144.83901,None,0.6559879,0,0,0,0,1,0.4006138,polygon,2142.939043,None,TRUE,4.2578623,4.2620427,0.719444444,-0.233333333,0,0,1,4.2578623,two_down_right,2146.56921,None,2150.778142,None,17,1,2021_Dec_29_1145,untitled_1,2020.2.6,60.02119951
אדום,red,z,1,Image_certainty//image165_alemnt8.jpg,8.jpg,one_middle_left,one_up_right,widespread,certainty,,,,,,,,,0,164,164,165,2153.204416,2153.404381,z,1,2153.204416,None,0.467637,0,0,0,0,1,0.4138836,polygon,2151.287964,None,TRUE,6.4354335,6.4360668,-0.741666667,-0.030555556,0,0,1,6.4354335,one_middle_left,2154.726515,None,2161.119295,None,17,1,2021_Dec_29_1145,untitled_1,2020.2.6,60.02119951
כחול,green,x,0,Image_certainty//image89_alemnt13.jpg,13.jpg,two_up_left,three_middle_right,widespread,certainty,,,,,,,,,0,165,165,89,2163.452788,2163.65305,x,1,2163.452788,None,0.7573391,0,0,0,0,1,0.3316478,polygon,2161.619912,None,TRUE,,8.4730308,,,,,,,,2165.286879,None,2173.701295,None,17,1,2021_Dec_29_1145,untitled_1,2020.2.6,60.02119951
אדום,red,z,1,Image_certainty//image192_alemnt11.jpg,11.jpg,one_up_left,one_down_right,widespread,certainty,,,,,,,,,0,166,166,192,2176.068293,2176.268091,z,1,2176.068293,None,0.6483627,0,0,0,0,1,0.3637712,polygon,2174.201654,None,,,,,,,,,,,2177.77686,2186.76976,2186.783074,None,17,1,2021_Dec_29_1145,untitled_1,2020.2.6,60.02119951
ירוק,green,x,1,Image_certainty//image196_alemnt13.jpg,13.jpg,three_middle_left,one_down_right,widespread,certainty,,,,,,,,,0,167,167,196,2189.516534,2189.716238,x,1,2189.516534,None,0.5990397,0,0,0,0,1,0.7313152,polygon,2187.28301,None,TRUE,5.9525434,5.9535229,-0.343518519,0.062037037,0,0,1,5.9525434,three_middle_left,2191.166076,None,2197.081363,None,17,1,2021_Dec_29_1145,untitled_1,2020.2.6,60.02119951
ירוק,green,x,1,Image_certainty//image163_alemnt12.jpg,12.jpg,two_middle_left,three_middle_right,widespread,certainty,,,,,,,,,0,168,168,163,2199.515214,2199.714932,x,1,2199.515214,None,0.8130059,0,0,0,0,1,0.4308423,polygon,2197.581844,None,TRUE,8.6517946,8.6525569,-0.535185185,-0.062962963,0,0,1,8.6517946,two_middle_left,2201.38335,None,2209.996401,None,17,1,2021_Dec_29_1145,untitled_1,2020.2.6,60.02119951
כחול,blue,c,1,Image_certainty//image107_alemnt6.jpg,6.jpg,two_middle_left,two_up_right,infrequent,certainty,,,,,,,,,0,169,169,107,2212.996843,2213.196637,c,1,2212.996843,None,0.9176835,0,0,1,0,0,1.0139902,polygon,2210.496367,None,TRUE,4.4846749,4.4848815,0.589814815,0.251851852,0,0,1,4.4846749,two_up_right,2214.997459,None,2219.428511,None,17,1,2021_Dec_29_1145,untitled_1,2020.2.6,60.02119951
כחול,green,x,0,Image_certainty//image41_alemnt12.jpg,12.jpg,two_up_left,one_up_right,widespread,certainty,,,,,,,,,0,170,170,41,2221.862296,2222.061862,x,1,2221.862296,None,0.7281471,0,0,0,0,1,0.4297445,polygon,2219.928673,None,TRUE,5.524695,5.5254289,0.359259259,0.171296296,0,0,1,5.524695,one_up_right,2223.658427,None,2229.131302,None,17,1,2021_Dec_29_1145,untitled_1,2020.2.6,60.02119951
אדום,green,x,0,Image_certainty//image90_alemnt12.jpg,12.jpg,three_middle_left,two_up_right,widespread,certainty,,,,,,,,,0,171,171,90,2231.494029,2231.693295,x,1,2231.494029,None,0.8861597,0,0,0,0,1,0.347626,polygon,2229.644336,None,TRUE,3.370605,3.3707938,0.624074074,0.211111111,0,0,1,3.370605,two_up_right,2233.4386,None,2236.775926,None,17,1,2021_Dec_29_1145,untitled_1,2020.2.6,60.02119951
אדום,red,z,1,Image_certainty//image162_alemnt10.jpg,10.jpg,two_down_left,two_middle_right,widespread,certainty,,,,,,,,,0,172,172,162,2239.242824,2239.442432,z,1,2239.242824,None,0.4982352,0,0,0,0,1,0.4809468,polygon,2237.276105,None,TRUE,4.8697684,4.8708018,0.6,-0.056481481,0,0,1,4.8697684,two_middle_right,2240.78752,None,2245.624853,None,17,1,2021_Dec_29_1145,untitled_1,2020.2.6,60.02119951
ירוק,blue,c,0,Image_certainty//image87_alemnt11.jpg,11.jpg,three_middle_left,two_middle_right,widespread,certainty,,,,,,,,,0,173,173,87,2248.142138,2248.341618,c,1,2248.142138,None,0.8615633,0,0,0,0,1,0.5307799,polygon,2246.124825,None,TRUE,5.057564,5.0609836,0.556481481,-0.037962963,0,0,1,5.057564,two_middle_right,2250.071882,None,2255.08033,None,17,1,2021_Dec_29_1145,untitled_1,2020.2.6,60.02119951
ירוק,green,x,1,Image_certainty//image178_alemnt8.jpg,8.jpg,two_up_left,one_up_right,widespread,certainty,,,,,,,,,0,174,174,178,2257.440527,2257.640351,None,0,2257.440527,None,,0,0,0,0,1,0.3617902,polygon,2255.590867,None,,,,,,,,,,,2259.685269,2268.659162,2268.67225,None,17,1,2021_Dec_29_1145,untitled_1,2020.2.6,60.02119951
כחול,red,z,0,Image_certainty//image22_alemnt11.jpg,11.jpg,two_up_left,one_down_right,widespread,certainty,,,,,,,,,0,175,175,22,2270.872673,2271.072272,None,0,2270.872673,None,,0,0,1,0,0,0.2000491,polygon,2269.172589,None,,,,,,,,,,,2273.12413,None,2282.087156,None,17,1,2021_Dec_29_1145,untitled_1,2020.2.6,60.02119951
כחול,red,z,0,Image_certainty//image82_alemnt14.jpg,14.jpg,three_middle_left,two_down_right,widespread,certainty,,,,,,,,,0,176,176,82,2284.204152,2284.403461,z,1,2284.204152,None,0.7378787,0,0,0,0,1,0.1166592,polygon,2282.587473,None,TRUE,3.9570467,3.9600733,-0.348148148,0.081481481,0,0,1,3.9570467,three_middle_left,2286.023935,None,2289.924519,None,17,1,2021_Dec_29_1145,untitled_1,2020.2.6,60.02119951
אדום,blue,c,0,Image_certainty//image55_alemnt12.jpg,12.jpg,three_middle_left,one_middle_right,widespread,certainty,,,,,,,,,0,177,177,55,2297.019222,2297.218992,c,1,2297.019222,None,0.6918584,0,0,0,0,1,5.0856163,polygon,2290.436021,None,TRUE,2.4877604,2.4895313,0.421296296,0.001851852,0,0,1,2.4877604,one_middle_right,2298.794427,None,2301.218773,None,17,1,2021_Dec_29_1145,untitled_1,2020.2.6,60.02119951
ירוק,red,z,0,Image_certainty//image74_alemnt8.jpg,8.jpg,two_up_left,three_middle_right,widespread,certainty,,,,,,,,,0,178,178,74,2304.018237,2304.217985,z,1,2304.018237,None,0.701162,0,0,0,0,1,0.7978598,polygon,2301.718292,None,,,,,,,,,,,2305.773014,2314.770444,2314.782806,None,17,1,2021_Dec_29_1145,untitled_1,2020.2.6,60.02119951
כחול,green,x,0,Image_certainty//image65_alemnt9.jpg,9.jpg,two_middle_left,two_up_right,widespread,certainty,,,,,,,,,0,179,179,65,2317.69971,2317.899568,x,1,2317.69971,None,0.7367664,0,0,0,0,1,0.9148651,polygon,2315.283207,None,TRUE,3.9216972,3.9235547,-0.515740741,-0.031481481,0,0,1,3.9216972,two_middle_left,2319.50198,None,2323.384582,None,17,1,2021_Dec_29_1145,untitled_1,2020.2.6,60.02119951
כחול,green,x,0,Image_certainty//image71_alemnt12.jpg,12.jpg,three_middle_left,two_down_right,widespread,certainty,,,,,,,,,0,180,180,71,2326.065099,2326.265163,None,0,2326.065099,None,,0,0,0,0,1,0.678606,polygon,2323.898712,None,TRUE,7.7556329,7.760993,0.698148148,-0.214814815,0,0,1,7.7556329,two_down_right,2328.30693,None,2336.022975,None,17,1,2021_Dec_29_1145,untitled_1,2020.2.6,60.02119951
אדום,blue,c,0,Image_certainty//image91_alemnt8.jpg,8.jpg,two_up_left,one_up_right,widespread,certainty,,,,,,,,,0,181,181,91,2338.463382,2338.663408,c,1,2338.463382,None,0.777713,0,0,0,0,1,0.4306506,polygon,2336.530114,None,TRUE,2.8534131,2.8537523,0.330555556,0.173148148,0,0,1,2.8534131,one_up_right,2340.314507,None,2343.112438,None,17,1,2021_Dec_29_1145,untitled_1,2020.2.6,60.02119951
כחול,blue,c,1,Image_certainty//image149_alemnt11.jpg,11.jpg,one_middle_left,three_middle_right,widespread,certainty,,,,,,,,,0,182,182,149,2345.728681,2345.929177,c,1,2345.728681,None,0.7170245,0,0,0,0,1,0.6168001,polygon,2343.612765,None,TRUE,7.0871143,7.0883278,0.760185185,0.052777778,0,0,1,7.0871143,three_middle_right,2347.512591,None,2354.544452,None,17,1,2021_Dec_29_1145,untitled_1,2020.2.6,60.02119951
כחול,blue,c,1,Image_certainty//image197_alemnt11.jpg,11.jpg,two_down_left,two_middle_right,widespread,certainty,,,,,,,,,0,183,183,197,2356.844846,2357.044559,c,1,2356.844846,None,0.8390202,0,0,0,0,1,0.2987306,polygon,2355.044456,None,TRUE,2.7400198,2.7435085,-0.368518519,-0.19537037,0,0,1,2.7400198,two_down_left,2358.758951,None,2361.448886,None,17,1,2021_Dec_29_1145,untitled_1,2020.2.6,60.02119951
אדום,red,z,1,Image_certainty//image114_alemnt2.jpg,2.jpg,one_middle_left,one_middle_right,infrequent,certainty,,,,,,,,,0,184,184,114,2364.0271,2364.226929,z,1,2364.0271,None,1.0959056,0,0,0,0,1,0.5632707,polygon,2361.9605,None,TRUE,2.0357699,2.0363443,-0.72037037,-0.005555556,0,0,1,2.0357699,one_middle_left,2366.181916,None,2368.175749,None,17,1,2021_Dec_29_1145,untitled_1,2020.2.6,60.02119951
ירוק,green,x,1,Image_certainty//image106_alemnt5.jpg,5.jpg,one_down_left,three_middle_right,infrequent,certainty,,,,,,,,,0,185,185,106,2370.659647,2370.859308,x,1,2370.659647,None,0.643284,0,0,0,0,1,0.4997744,polygon,2368.676223,None,TRUE,8.1516343,8.1528185,-0.67037037,-0.230555556,1,0,0,8.1516343,one_down_left,2372.361371,None,2380.474152,None,17,1,2021_Dec_29_1145,untitled_1,2020.2.6,60.02119951
כחול,blue,c,1,Image_certainty//image173_alemnt12.jpg,12.jpg,two_up_left,three_middle_right,widespread,certainty,,,,,,,,,0,186,186,173,2383.057602,2383.25696,c,1,2383.057602,None,0.7429687,0,0,0,0,1,0.5812102,polygon,2380.974316,None,TRUE,7.7208361,7.7221362,-0.509259259,0.224074074,0,0,1,7.7208361,two_up_left,2384.863528,None,2392.541467,None,17,1,2021_Dec_29_1145,untitled_1,2020.2.6,60.02119951
ירוק,green,x,1,Image_certainty//image169_alemnt11.jpg,11.jpg,one_middle_left,one_up_right,widespread,certainty,,,,,,,,,0,187,187,169,2394.82271,2395.022931,x,1,2394.82271,None,0.5919514,0,0,0,0,1,0.280582,polygon,2393.05649,None,TRUE,5.5864067,5.5869595,0.337962963,0.174074074,0,0,1,5.5864067,one_up_right,2396.487899,None,2402.021455,None,17,1,2021_Dec_29_1145,untitled_1,2020.2.6,60.02119951
ירוק,blue,c,0,Image_certainty//image51_alemnt14.jpg,14.jpg,three_middle_left,one_down_right,widespread,certainty,,,,,,,,,0,188,188,51,2404.454893,2404.654968,c,1,2404.454893,None,0.6227346,0,0,0,0,1,0.4315198,polygon,2402.521537,None,,,,,,,,,,,2406.159363,2415.139869,2415.16974,None,17,1,2021_Dec_29_1145,untitled_1,2020.2.6,60.02119951
ירוק,red,z,0,Image_certainty//image44_alemnt11.jpg,11.jpg,two_middle_left,one_up_right,widespread,certainty,,,,,,,,,0,189,189,44,2417.853369,2418.053163,z,1,2417.853369,None,0.7599337,0,0,0,0,1,0.6795776,polygon,2415.67011,None,TRUE,4.7905748,4.7908766,0.359259259,0.165740741,0,0,1,4.7905748,one_up_right,2419.675563,None,2424.419422,None,17,1,2021_Dec_29_1145,untitled_1,2020.2.6,60.02119951
כחול,green,x,0,Image_certainty//image11_alemnt7.jpg,7.jpg,two_middle_left,one_middle_right,infrequent,certainty,,,,,,,,,0,190,190,11,2427.618819,2427.818337,x,1,2427.618819,None,0.811577,0,0,0,0,1,1.1968891,polygon,2424.918579,None,TRUE,3.2405035,3.2430899,-0.557407407,-0.071296296,0,0,1,3.2405035,two_middle_left,2429.497621,None,2432.689835,None,17,1,2021_Dec_29_1145,untitled_1,2020.2.6,60.02119951
כחול,blue,c,1,Image_certainty//image131_alemnt13.jpg,13.jpg,one_middle_left,one_middle_right,widespread,certainty,,,,,,,,,0,191,191,131,2435.217805,2435.417316,c,1,2435.217805,None,0.6773443,0,0,0,0,1,0.5132827,polygon,2433.200795,None,TRUE,,5.234863,,,,,,,,2436.961489,None,2442.149644,None,17,1,2021_Dec_29_1145,untitled_1,2020.2.6,60.02119951
אדום,red,z,1,Image_certainty//image126_alemnt9.jpg,9.jpg,two_down_left,one_middle_right,widespread,certainty,,,,,,,,,0,192,192,126,2445.483231,2445.682908,z,1,2445.483231,None,0.8673905,0.014814815,0.000925926,0,0,1,1.330982,polygon,2442.649734,None,TRUE,3.7060951,3.7075604,-0.365740741,-0.230555556,0,0,1,3.7060951,two_down_left,2447.420082,None,2451.083154,None,17,1,2021_Dec_29_1145,untitled_1,2020.2.6,60.02119951
ירוק,red,z,0,Image_certainty//image50_alemnt11.jpg,11.jpg,three_middle_left,one_down_right,widespread,certainty,,,,,,,,,0,193,193,50,2453.631791,2453.831394,None,0,2453.631791,None,,0,0,0,0,1,0.5459926,polygon,2451.598694,None,TRUE,,2.7564055,,,,,,,,2455.872962,None,2458.580369,None,17,1,2021_Dec_29_1145,untitled_1,2020.2.6,60.02119951
אדום,green,x,0,Image_certainty//image0_alemnt7.jpg,7.jpg,one_down_left,two_up_right,infrequent,certainty,,,,,,,,,0,194,194,0,2461.081069,2461.280286,None,0,2461.081069,None,,0,0,0,0,1,0.4984593,polygon,2459.081031,None,TRUE,8.5862044,8.5880306,-0.666666667,-0.226851852,0,0,1,8.5862044,one_down_left,2463.311865,None,2471.862239,None,17,1,2021_Dec_29_1145,untitled_1,2020.2.6,60.02119951
כחול,blue,c,1,Image_certainty//image164_alemnt9.jpg,9.jpg,one_middle_left,three_middle_right,widespread,certainty,,,,,,,,,0,195,195,164,2474.129121,2474.329202,c,1,2474.129121,None,0.6525397,0,0,0,0,1,0.2648449,polygon,2472.362419,None,,,,,,,,,,,2475.860422,2484.847934,2484.860899,None,17,1,2021_Dec_29_1145,untitled_1,2020.2.6,60.02119951
ירוק,red,z,0,Image_certainty//image32_alemnt9.jpg,9.jpg,two_up_left,one_down_right,widespread,certainty,,,,,,,,,0,196,196,32,2508.141679,2508.341554,None,0,2508.141679,None,,0,0,0,0,1,21.2787048,polygon,2485.36098,None,,,,,,,,,,,2510.379348,None,2519.356117,None,17,1,2021_Dec_29_1145,untitled_1,2020.2.6,60.02119951
אדום,green,x,0,Image_certainty//image96_alemnt14.jpg,14.jpg,one_up_left,two_down_right,widespread,certainty,,,,,,,,,0,197,197,96,2521.389981,2521.589326,x,1,2521.389981,None,0.8115853,0,0,1,0,0,0.0324297,polygon,2519.856467,None,,,,,,,,,,,2523.259468,2532.241178,2532.270799,None,17,1,2021_Dec_29_1145,untitled_1,2020.2.6,60.02119951
כחול,blue,c,1,Image_certainty//image119_alemnt6.jpg,6.jpg,two_middle_left,one_down_right,infrequent,certainty,,,,,,,,,0,198,198,119,2534.687422,2534.887747,c,1,2534.687422,None,0.7074533,0,0,0,0,1,0.428749,polygon,2532.771492,None,TRUE,8.3941017,8.3969933,-0.556481481,-0.068518519,0,0,1,8.3941017,two_middle_left,2536.46035,None,2544.814507,None,17,1,2021_Dec_29_1145,untitled_1,2020.2.6,60.02119951
אדום,blue,c,0,Image_certainty//image97_alemnt8.jpg,8.jpg,one_middle_left,three_middle_right,widespread,certainty,,,,,,,,,0,199,199,97,2547.219444,2547.419214,c,1,2547.219444,None,0.8243059,0,0,0,0,1,0.3994902,polygon,2545.319151,None,,,,,,,,,,,2549.110547,2558.105132,2558.117968,None,17,1,2021_Dec_29_1145,untitled_1,2020.2.6,60.02119951
,,,,,,,,,,,,,,,,,,,,,,,,,,,,,,,,,,,,,,,,,,,,,,,,,,,,,,,,,
,,,,,,,,,,,,,,,,,,,,,,,,,,,,,,,,,,,,,,,,5.425097139,,,,,,,,,,,,,,,,,
,,,,,,,,,,,,,,,,,,,,,,,,,,,,,,,,,,,,,,,,1.944840148,,,,,,,,,,,,,,,,,
