﻿word,letterColor,corrAns,congruent,imageTrain,true_shaps,corrAnsLeft,corrAnsRight,common,experiment,stroop_loop.thisRepN,stroop_loop.thisTrialN,stroop_loop.thisN,stroop_loop.thisIndex,trail_certaninty.thisRepN,trail_certaninty.thisTrialN,trail_certaninty.thisN,trail_certaninty.thisIndex,test_certaincy.thisRepN,test_certaincy.thisTrialN,test_certaincy.thisN,test_certaincy.thisIndex,stroop_text.started,stroop_text.stopped,stroop_anser.keys,stroop_anser.corr,stroop_anser.rt,stroop_anser.started,stroop_anser.stopped,test_fixability_certity.x,test_fixability_certity.y,test_fixability_certity.leftButton,test_fixability_certity.midButton,test_fixability_certity.rightButton,test_fixability_certity.time,test_fixability_certity.clicked_name,test_fixability_certity.started,test_fixability_certity.stopped,test_certainty_mouse.started,test_certainty_mouse.stopped,text_5.started,text_5.stopped,test_certainty_anser_currect,finalClickTime,test_certainty_anser_time,test_certainty_mouse.x,test_certainty_mouse.y,test_certainty_mouse.leftButton,test_certainty_mouse.midButton,test_certainty_mouse.rightButton,test_certainty_mouse.time,test_certainty_mouse.clicked_name,participant,session,date,expName,psychopyVersion,frameRate
ירוק,blue,c,0,,,,,,,0,0,0,3,,,,,,,,,19.1692406,19.368457,c,1,0.9039826,19.1692406,None,,,,,,,,,,,,,,,,,,,,,,,,18,1,2021_Dec_29_1204,untitled_1,2020.2.6,60.06034864
ירוק,green,x,1,,,,,,,0,1,1,2,,,,,,,,,24.6518277,24.851593,x,1,0.8828945,24.6518277,None,,,,,,,,,,,,,,,,,,,,,,,,18,1,2021_Dec_29_1204,untitled_1,2020.2.6,60.06034864
אדום,red,z,1,,,,,,,0,2,2,0,,,,,,,,,30.117832,30.3175963,z,1,0.5821172,30.117832,None,,,,,,,,,,,,,,,,,,,,,,,,18,1,2021_Dec_29_1204,untitled_1,2020.2.6,60.06034864
כחול,red,z,0,,,,,,,0,3,3,5,,,,,,,,,35.2837938,35.4836012,z,1,0.8981372,35.2837938,None,,,,,,,,,,,,,,,,,,,,,,,,18,1,2021_Dec_29_1204,untitled_1,2020.2.6,60.06034864
אדום,green,x,0,,,,,,,0,4,4,1,,,,,,,,,40.7162518,40.916212,x,1,1.1049879,40.7162518,None,,,,,,,,,,,,,,,,,,,,,,,,18,1,2021_Dec_29_1204,untitled_1,2020.2.6,60.06034864
כחול,blue,c,1,,,,,,,0,5,5,4,,,,,,,,,46.3990269,46.5988032,c,1,0.7532478,46.3990269,None,,,,,,,,,,,,,,,,,,,,,,,,18,1,2021_Dec_29_1204,untitled_1,2020.2.6,60.06034864
ירוק,blue,c,0,,,,,,,1,0,6,3,,,,,,,,,51.6983763,51.8981799,x,0,0.6984317,51.6983763,None,,,,,,,,,,,,,,,,,,,,,,,,18,1,2021_Dec_29_1204,untitled_1,2020.2.6,60.06034864
כחול,red,z,0,,,,,,,1,1,7,5,,,,,,,,,56.9641977,57.1636146,z,1,0.6582164,56.9641977,None,,,,,,,,,,,,,,,,,,,,,,,,18,1,2021_Dec_29_1204,untitled_1,2020.2.6,60.06034864
כחול,blue,c,1,,,,,,,1,2,8,4,,,,,,,,,62.1970424,62.396817,None,0,,62.1970424,None,,,,,,,,,,,,,,,,,,,,,,,,18,1,2021_Dec_29_1204,untitled_1,2020.2.6,60.06034864
ירוק,green,x,1,,,,,,,1,3,9,2,,,,,,,,,67.9294016,68.1293869,x,1,0.6972882,67.9294016,None,,,,,,,,,,,,,,,,,,,,,,,,18,1,2021_Dec_29_1204,untitled_1,2020.2.6,60.06034864
אדום,red,z,1,,,,,,,1,4,10,0,,,,,,,,,73.1789855,73.3787423,z,1,0.6575102,73.1789855,None,,,,,,,,,,,,,,,,,,,,,,,,18,1,2021_Dec_29_1204,untitled_1,2020.2.6,60.06034864
אדום,green,x,0,,,,,,,1,5,11,1,,,,,,,,,78.4116445,78.6113865,x,1,1.0491173,78.4116445,None,,,,,,,,,,,,,,,,,,,,,,,,18,1,2021_Dec_29_1204,untitled_1,2020.2.6,60.06034864
אדום,red,z,1,,,,,,,2,0,12,0,,,,,,,,,84.0109479,84.1940979,z,1,0.8701658,84.0109479,None,,,,,,,,,,,,,,,,,,,,,,,,18,1,2021_Dec_29_1204,untitled_1,2020.2.6,60.06034864
ירוק,green,x,1,,,,,,,2,1,13,2,,,,,,,,,89.4435071,89.6433778,x,1,0.7188733,89.4435071,None,,,,,,,,,,,,,,,,,,,,,,,,18,1,2021_Dec_29_1204,untitled_1,2020.2.6,60.06034864
כחול,red,z,0,,,,,,,2,2,14,5,,,,,,,,,94.74279,94.9427255,z,1,0.6033391,94.74279,None,,,,,,,,,,,,,,,,,,,,,,,,18,1,2021_Dec_29_1204,untitled_1,2020.2.6,60.06034864
כחול,blue,c,1,,,,,,,2,3,15,4,,,,,,,,,99.9086529,100.1087194,c,1,0.7530712,99.9086529,None,,,,,,,,,,,,,,,,,,,,,,,,18,1,2021_Dec_29_1204,untitled_1,2020.2.6,60.06034864
אדום,green,x,0,,,,,,,2,4,16,1,,,,,,,,,105.2248637,105.4243886,x,1,0.9844165,105.2248637,None,,,,,,,,,,,,,,,,,,,,,,,,18,1,2021_Dec_29_1204,untitled_1,2020.2.6,60.06034864
ירוק,blue,c,0,,,,,,,2,5,17,3,,,,,,,,,110.7740706,110.973875,c,1,0.8525504,110.7740706,None,,,,,,,,,,,,,,,,,,,,,,,,18,1,2021_Dec_29_1204,untitled_1,2020.2.6,60.06034864
אדום,green,x,0,train_Image_certainty//image6_alemnt6.jpg,6.jpg,one_middle_left,two_up_right,widespread,train_certainty,,,,,0,0,0,5,,,,,133.7210911,133.9204593,None,0,,133.7210911,None,0.003703704,-0.000925926,1,0,0,5.0346107,polygon,127.1813749,None,137.0027443,None,147.9358071,None,,,,,,,,,,,18,1,2021_Dec_29_1204,untitled_1,2020.2.6,60.06034864
כחול,blue,c,1,train_Image_certainty//image11_alemnt11.jpg,11.jpg,two_down_left,one_down_right,widespread,train_certainty,,,,,0,1,1,10,,,,,165.6335907,165.8335714,None,0,,165.6335907,None,-0.002777778,-0.008333333,1,0,0,15.69751,polygon,148.4357211,None,168.8862209,None,174.5656324,None,TRUE,3.7052452,3.7090004,0.437962963,-0.192592593,1,0,0,3.7052452,one_down_right,18,1,2021_Dec_29_1204,untitled_1,2020.2.6,60.06034864
אדום,blue,c,0,train_Image_certainty//image1_alemnt1.jpg,1.jpg,two_middle_left,one_down_right,widespread,train_certainty,,,,,0,2,2,0,,,,,177.7322215,177.9319925,None,0,,177.7322215,None,0,0,1,0,0,1.1645228,polygon,175.0656738,None,180.994418,None,184.8477651,None,TRUE,1.8878631,1.8912503,0.451851852,-0.22962963,1,0,0,1.8878631,one_down_right,18,1,2021_Dec_29_1204,untitled_1,2020.2.6,60.06034864
ירוק,green,x,1,train_Image_certainty//image13_alemnt13.jpg,13.jpg,two_up_left,one_up_right,widespread,train_certainty,,,,,0,3,3,12,,,,,187.7143475,187.9141607,x,1,0.6158163,187.7143475,None,0,0,1,0,0,0.8644439,polygon,185.3476244,None,190.4331592,None,197.7292044,None,TRUE,5.3207096,5.3214233,0.342592593,0.189814815,1,0,0,5.3207096,one_up_right,18,1,2021_Dec_29_1204,untitled_1,2020.2.6,60.06034864
ירוק,red,z,0,train_Image_certainty//image2_alemnt2.jpg,2.jpg,two_down_left,three_middle_right,widespread,train_certainty,,,,,0,4,4,1,,,,,200.579349,200.7790631,z,1,0.6624961,200.579349,None,0,0,1,0,0,0.8481119,polygon,198.2293269,None,203.3256474,None,209.9778535,None,TRUE,,4.6729293,,,,,,,,18,1,2021_Dec_29_1204,untitled_1,2020.2.6,60.06034864
אדום,red,z,1,train_Image_certainty//image15_alemnt1.jpg,1.jpg,one_up_left,one_middle_right,infrequent,train_certainty,,,,,0,5,5,14,,,,,212.894228,213.0941779,z,1,0.6144648,212.894228,None,0,0,1,0,0,0.9179458,polygon,210.4773944,None,215.6041394,None,222.5594198,None,TRUE,4.9733915,4.9768604,0.387962963,-0.00462963,1,0,0,4.9733915,one_middle_right,18,1,2021_Dec_29_1204,untitled_1,2020.2.6,60.06034864
ירוק,red,z,0,train_Image_certainty//image8_alemnt8.jpg,8.jpg,two_down_left,two_middle_right,widespread,train_certainty,,,,,0,6,6,7,,,,,225.5258707,225.7259059,z,1,0.7072434,225.5258707,None,0,0,1,0,0,0.9651139,polygon,223.05946,None,228.3238281,None,234.4247061,None,TRUE,4.1059645,4.1097304,0.533333333,-0.044444444,1,0,0,4.1059645,two_middle_right,18,1,2021_Dec_29_1204,untitled_1,2020.2.6,60.06034864
אדום,blue,c,0,train_Image_certainty//image7_alemnt7.jpg,7.jpg,one_middle_left,one_up_right,widespread,train_certainty,,,,,0,7,7,6,,,,,237.791293,237.9908928,x,0,1.1529584,237.791293,None,0,0,1,0,0,1.367392,polygon,234.9246146,None,241.0373959,None,252.0057368,None,,,,,,,,,,,18,1,2021_Dec_29_1204,untitled_1,2020.2.6,60.06034864
כחול,green,x,0,train_Image_certainty//image5_alemnt5.jpg,5.jpg,one_middle_left,three_middle_right,widespread,train_certainty,,,,,0,8,8,4,,,,,256.7554571,256.9553565,x,1,0.8207304,256.7554571,None,0,0,1,0,0,2.7527149,polygon,252.5055264,None,259.6848468,None,264.9040665,None,TRUE,3.2364642,3.2392223,0.72037037,0.035185185,1,0,0,3.2364642,three_middle_right,18,1,2021_Dec_29_1204,untitled_1,2020.2.6,60.06034864
אדום,red,z,1,train_Image_certainty//image12_alemnt12.jpg,12.jpg,one_down_left,one_up_right,widespread,train_certainty,,,,,0,9,9,11,,,,,267.7208056,267.9203542,z,1,0.5977486,267.7208056,None,0,0,1,0,0,0.8163629,polygon,265.4040207,None,270.427818,279.422521,281.4517307,None,,,,,,,,,,,18,1,2021_Dec_29_1204,untitled_1,2020.2.6,60.06034864
ירוק,blue,c,0,train_Image_certainty//image9_alemnt9.jpg,9.jpg,two_up_left,one_middle_right,widespread,train_certainty,,,,,0,10,10,8,,,,,284.3351069,284.5349296,None,0,,284.3351069,None,0,0,1,0,0,0.8808476,polygon,281.9516549,None,287.5853026,None,298.5497903,None,,,,,,,,,,,18,1,2021_Dec_29_1204,untitled_1,2020.2.6,60.06034864
כחול,red,z,0,train_Image_certainty//image4_alemnt4.jpg,4.jpg,two_middle_left,two_up_right,widespread,train_certainty,,,,,0,11,11,3,,,,,301.349579,301.5494644,z,1,0.7652898,301.349579,None,0,0,1,0,0,0.8000862,polygon,299.0497584,None,304.2120274,313.2012762,315.2309906,None,,,,,,,,,,,18,1,2021_Dec_29_1204,untitled_1,2020.2.6,60.06034864
כחול,blue,c,1,train_Image_certainty//image14_alemnt14.jpg,14.jpg,three_middle_left,one_middle_right,widespread,train_certainty,,,,,0,12,12,13,,,,,328.6629484,328.8626492,c,1,1.0570255,328.6629484,None,0.008333333,0.010185185,1,0,0,9.4121294,polygon,315.7309287,None,331.828993,None,338.1780427,None,TRUE,4.3570871,4.3604051,0.402777778,0.010185185,1,0,0,4.3570871,one_middle_right,18,1,2021_Dec_29_1204,untitled_1,2020.2.6,60.06034864
ירוק,green,x,1,train_Image_certainty//image10_alemnt10.jpg,10.jpg,two_up_left,three_middle_right,widespread,train_certainty,,,,,0,13,13,9,,,,,340.9112855,341.1109399,c,0,0.8678069,340.9112855,None,0,0,1,0,0,0.7322737,polygon,338.6779797,None,343.8755106,None,348.2100787,None,TRUE,2.3379628,2.342381,0.70462963,0.051851852,1,0,0,2.3379628,three_middle_right,18,1,2021_Dec_29_1204,untitled_1,2020.2.6,60.06034864
ירוק,blue,c,0,train_Image_certainty//image3_alemnt3.jpg,3.jpg,two_down_left,three_middle_right,widespread,train_certainty,,,,,0,14,14,2,,,,,351.210007,351.4097712,c,1,0.7176355,351.210007,None,0,0,1,0,0,0.9977008,polygon,348.7100448,None,354.0232258,None,363.0581777,None,TRUE,7.0544691,7.0585438,0.731481481,0.084259259,1,0,0,7.0544691,three_middle_right,18,1,2021_Dec_29_1204,untitled_1,2020.2.6,60.06034864
כחול,blue,c,1,Image_certainty//image119_alemnt6.jpg,6.jpg,two_middle_left,one_down_right,infrequent,certainty,,,,,,,,,0,0,0,119,370.7574981,370.9569573,c,1,0.7137716,370.7574981,None,0,0,1,0,0,1.9911546,polygon,367.2588194,None,372.5273475,381.5256992,381.5387298,None,,,,,,,,,,,18,1,2021_Dec_29_1204,untitled_1,2020.2.6,60.06034864
ירוק,green,x,1,Image_certainty//image100_alemnt4.jpg,4.jpg,two_down_left,one_middle_right,infrequent,certainty,,,,,,,,,0,1,1,100,385.3724438,385.5718081,None,0,,385.3724438,None,-0.014814815,-0.000925926,1,0,0,1.8292203,polygon,382.0390457,None,387.6180278,None,393.158502,None,TRUE,5.5890672,5.5912422,0.351851852,-0.05,1,0,0,5.5890672,one_middle_right,18,1,2021_Dec_29_1204,untitled_1,2020.2.6,60.06034864
אדום,red,z,1,Image_certainty//image129_alemnt8.jpg,8.jpg,one_middle_left,three_middle_right,widespread,certainty,,,,,,,,,0,2,2,129,396.8536264,397.0538949,z,1,0.7268897,396.8536264,None,0,0,1,0,0,1.6807299,polygon,393.670982,None,398.6330974,None,403.4040815,None,TRUE,4.8042009,4.8066576,0.723148148,0.060185185,1,0,0,4.8042009,three_middle_right,18,1,2021_Dec_29_1204,untitled_1,2020.2.6,60.06034864
אדום,blue,c,0,Image_certainty//image19_alemnt4.jpg,4.jpg,one_middle_left,two_middle_right,infrequent,certainty,,,,,,,,,0,3,3,19,406.6859122,406.8860067,c,1,0.9320083,406.6859122,None,0,0,1,0,0,1.2644736,polygon,403.9195949,None,408.6788568,None,412.3562544,None,TRUE,3.7217404,3.7252328,0.575,-0.042592593,1,0,0,3.7217404,two_middle_right,18,1,2021_Dec_29_1204,untitled_1,2020.2.6,60.06034864
אדום,green,x,0,Image_certainty//image42_alemnt12.jpg,12.jpg,two_up_left,one_up_right,widespread,certainty,,,,,,,,,0,4,4,42,415.0516918,415.2513422,x,1,0.8818312,415.0516918,None,0,0,1,0,0,0.6805018,polygon,412.8684638,None,416.9898659,None,423.0179665,None,TRUE,6.0701369,6.0711323,0.339814815,0.166666667,1,0,0,6.0701369,one_up_right,18,1,2021_Dec_29_1204,untitled_1,2020.2.6,60.06034864
אדום,blue,c,0,Image_certainty//image37_alemnt13.jpg,13.jpg,two_down_left,one_up_right,widespread,certainty,,,,,,,,,0,5,5,37,425.7170241,425.9164478,c,1,0.9991882,425.7170241,None,0,0,1,0,0,0.699762,polygon,423.5170903,None,427.7666036,None,429.3990912,None,TRUE,1.6705266,1.6708651,0.361111111,0.175,1,0,0,1.6705266,one_up_right,18,1,2021_Dec_29_1204,untitled_1,2020.2.6,60.06034864
ירוק,green,x,1,Image_certainty//image151_alemnt13.jpg,13.jpg,two_middle_left,one_down_right,widespread,certainty,,,,,,,,,0,6,6,151,432.1495245,432.3492916,x,1,1.1194864,432.1495245,None,0,0,1,0,0,0.7477594,polygon,429.8996074,None,434.3336226,None,437.0179127,None,TRUE,2.7210754,2.7244449,0.456481481,-0.2,1,0,0,2.7210754,one_down_right,18,1,2021_Dec_29_1204,untitled_1,2020.2.6,60.06034864
ירוק,green,x,1,Image_certainty//image190_alemnt12.jpg,12.jpg,one_down_left,one_middle_right,widespread,certainty,,,,,,,,,0,7,7,190,439.6319012,439.8315608,x,1,0.8291428,439.6319012,None,0,0,1,0,0,0.5977406,polygon,437.5319437,None,441.5295984,None,443.0521125,None,TRUE,1.5716269,1.5749204,0.362962963,0.002777778,1,0,0,1.5716269,one_middle_right,18,1,2021_Dec_29_1204,untitled_1,2020.2.6,60.06034864
כחול,red,z,0,Image_certainty//image22_alemnt11.jpg,11.jpg,two_up_left,one_down_right,widespread,certainty,,,,,,,,,0,8,8,22,445.6644194,445.8641551,z,1,0.6729125,445.6644194,None,0,0,1,0,0,0.6011146,polygon,443.5644815,None,447.3884007,456.3829895,456.3959012,None,,,,,,,,,,,18,1,2021_Dec_29_1204,untitled_1,2020.2.6,60.06034864
ירוק,red,z,0,Image_certainty//image74_alemnt8.jpg,8.jpg,two_up_left,three_middle_right,widespread,certainty,,,,,,,,,0,9,9,74,459.9793708,460.179138,z,1,0.6672829,459.9793708,None,0.003703704,0.009259259,1,0,0,1.5960258,polygon,456.896032,None,461.7089725,470.6976869,470.710781,None,,,,,,,,,,,18,1,2021_Dec_29_1204,untitled_1,2020.2.6,60.06034864
כחול,green,x,0,Image_certainty//image23_alemnt9.jpg,9.jpg,one_up_left,two_up_right,widespread,certainty,,,,,,,,,0,10,10,23,474.2772139,474.477202,x,1,0.7502501,474.2772139,None,0.001851852,0.010185185,1,0,0,1.5647485,polygon,471.2106681,None,476.0794771,None,479.5425929,None,TRUE,3.5036107,3.5040799,0.571296296,0.216666667,1,0,0,3.5036107,two_up_right,18,1,2021_Dec_29_1204,untitled_1,2020.2.6,60.06034864
כחול,red,z,0,Image_certainty//image58_alemnt8.jpg,8.jpg,two_middle_left,two_up_right,widespread,certainty,,,,,,,,,0,11,11,58,483.2930466,483.4927578,z,1,0.6600786,483.2930466,None,0.000925926,0.008333333,1,0,0,1.7476088,polygon,480.0431001,None,485.0232597,None,487.6083456,None,TRUE,2.6367371,2.6371918,0.575,0.237037037,1,0,0,2.6367371,two_up_right,18,1,2021_Dec_29_1204,untitled_1,2020.2.6,60.06034864
ירוק,red,z,0,Image_certainty//image62_alemnt11.jpg,11.jpg,two_down_left,two_middle_right,widespread,certainty,,,,,,,,,0,12,12,62,490.2420109,490.4416494,z,1,0.5903758,490.2420109,None,0,0,1,0,0,0.6314619,polygon,488.1087486,None,491.8981696,None,498.0747604,None,TRUE,6.2231867,6.2242853,0.538888889,-0.035185185,1,0,0,6.2231867,two_middle_right,18,1,2021_Dec_29_1204,untitled_1,2020.2.6,60.06034864
כחול,green,x,0,Image_certainty//image77_alemnt10.jpg,10.jpg,one_middle_left,two_up_right,widespread,certainty,,,,,,,,,0,13,13,77,501.8905528,502.090401,x,1,0.8688306,501.8905528,None,0,0,1,0,0,1.8181578,polygon,498.5737138,None,503.8245709,None,509.2942987,None,TRUE,5.5071061,5.5077716,0.60462963,0.247222222,1,0,0,5.5071061,two_up_right,18,1,2021_Dec_29_1204,untitled_1,2020.2.6,60.06034864
כחול,blue,c,1,Image_certainty//image164_alemnt9.jpg,9.jpg,one_middle_left,three_middle_right,widespread,certainty,,,,,,,,,0,14,14,164,513.8056513,514.0055075,c,1,1.1320673,513.8056513,None,0,0,1,0,0,2.4982891,polygon,509.8056874,None,515.9870873,None,518.2875449,None,TRUE,2.3359599,2.3384898,0.737037037,0.061111111,1,0,0,2.3359599,three_middle_right,18,1,2021_Dec_29_1204,untitled_1,2020.2.6,60.06034864
אדום,green,x,0,Image_certainty//image36_alemnt10.jpg,10.jpg,three_middle_left,three_middle_right,widespread,certainty,,,,,,,,,0,15,15,36,520.9881894,521.1875021,x,1,0.8503173,520.9881894,None,0,0,1,0,0,0.7003064,polygon,518.7879005,None,522.889629,None,525.6034519,None,TRUE,2.7525317,2.7541615,0.715740741,0.060185185,1,0,0,2.7525317,three_middle_right,18,1,2021_Dec_29_1204,untitled_1,2020.2.6,60.06034864
אדום,green,x,0,Image_certainty//image72_alemnt9.jpg,9.jpg,one_middle_left,two_down_right,widespread,certainty,,,,,,,,,0,16,16,72,528.2368997,528.4370238,x,1,0.7307851,528.2368997,None,0,0,1,0,0,0.6310553,polygon,526.1039206,None,530.0252843,None,535.4049158,None,TRUE,5.4197357,5.4234007,0.719444444,-0.214814815,1,0,0,5.4197357,two_down_right,18,1,2021_Dec_29_1204,untitled_1,2020.2.6,60.06034864
אדום,red,z,1,Image_certainty//image180_alemnt12.jpg,12.jpg,one_up_left,one_middle_right,widespread,certainty,,,,,,,,,0,17,17,180,538.0521686,538.2523229,z,1,1.0488775,538.0521686,None,0,0,1,0,0,0.6314551,polygon,535.9192464,None,540.1678481,None,543.4568294,None,TRUE,3.340494,3.3437847,0.376851852,0.00462963,1,0,0,3.340494,one_middle_right,18,1,2021_Dec_29_1204,untitled_1,2020.2.6,60.06034864
אדום,blue,c,0,Image_certainty//image67_alemnt13.jpg,13.jpg,three_middle_left,one_middle_right,widespread,certainty,,,,,,,,,0,18,18,67,546.0680075,546.2679837,None,0,,546.0680075,None,0,0,1,0,0,0.5971848,polygon,543.9682959,None,548.3060283,None,557.2828907,None,,,,,,,,,,,18,1,2021_Dec_29_1204,untitled_1,2020.2.6,60.06034864
אדום,red,z,1,Image_certainty//image171_alemnt12.jpg,12.jpg,one_up_left,two_down_right,widespread,certainty,,,,,,,,,0,19,19,171,561.0997082,561.2994813,z,1,0.7140362,561.0997082,None,-0.000925926,-0.000925926,1,0,0,1.8162,polygon,557.7831265,None,562.8680718,None,567.7056262,None,TRUE,4.8713904,4.8768031,0.716666667,-0.25462963,1,0,0,4.8713904,two_down_right,18,1,2021_Dec_29_1204,untitled_1,2020.2.6,60.06034864
כחול,red,z,0,Image_certainty//image10_alemnt6.jpg,6.jpg,two_middle_left,three_middle_right,infrequent,certainty,,,,,,,,,0,20,20,10,574.4976518,574.6973821,z,1,0.6383504,574.4976518,None,-0.005555556,0.008333333,1,0,0,1.5832391,polygon,568.2151431,None,576.2022151,585.1996562,585.2127157,None,,,,,,,,,,,18,1,2021_Dec_29_1204,untitled_1,2020.2.6,60.06034864
כחול,red,z,0,Image_certainty//image40_alemnt14.jpg,14.jpg,one_up_left,one_middle_right,widespread,certainty,,,,,,,,,0,21,21,40,591.7290172,591.9288685,z,1,0.5951135,591.7290172,None,0.019444444,0.013888889,1,0,0,1.2479351,polygon,585.7126928,None,593.3770438,None,597.917396,None,TRUE,4.5729875,4.5763316,0.380555556,-0.006481481,1,0,0,4.5729875,one_middle_right,18,1,2021_Dec_29_1204,untitled_1,2020.2.6,60.06034864
כחול,red,z,0,Image_certainty//image16_alemnt4.jpg,4.jpg,one_middle_left,two_up_right,infrequent,certainty,,,,,,,,,0,22,22,16,600.5444875,600.7443067,z,1,0.5778384,600.5444875,None,0,0,1,0,0,0.6146213,polygon,598.4279099,None,602.1895549,None,605.1000691,None,TRUE,2.9587365,2.9593763,0.585185185,0.239814815,1,0,0,2.9587365,two_up_right,18,1,2021_Dec_29_1204,untitled_1,2020.2.6,60.06034864
ירוק,green,x,1,Image_certainty//image169_alemnt11.jpg,11.jpg,one_middle_left,one_up_right,widespread,certainty,,,,,,,,,0,23,23,169,607.8936167,608.0933683,x,1,0.8899165,607.8936167,None,0,0,1,0,0,0.7826624,polygon,605.6103082,None,609.8573682,618.8453249,618.8584141,None,,,,,,,,,,,18,1,2021_Dec_29_1204,untitled_1,2020.2.6,60.06034864
כחול,blue,c,1,Image_certainty//image128_alemnt13.jpg,13.jpg,two_up_left,three_middle_right,widespread,certainty,,,,,,,,,0,24,24,128,623.8749457,624.0746773,c,1,1.0551542,623.8749457,None,-0.012037037,0.006481481,1,0,0,1.4481547,polygon,619.3583352,None,625.9985586,634.9927194,635.0064554,None,,,,,,,,,,,18,1,2021_Dec_29_1204,untitled_1,2020.2.6,60.06034864
ירוק,blue,c,0,Image_certainty//image87_alemnt11.jpg,11.jpg,three_middle_left,two_middle_right,widespread,certainty,,,,,,,,,0,25,25,87,638.2729771,638.4728695,None,0,,638.2729771,None,0,0,1,0,0,1.2654243,polygon,635.506167,None,640.5193807,None,643.7383219,None,TRUE,3.2694482,3.2715437,0.562962963,-0.052777778,1,0,0,3.2694482,two_middle_right,18,1,2021_Dec_29_1204,untitled_1,2020.2.6,60.06034864
ירוק,green,x,1,Image_certainty//image181_alemnt12.jpg,12.jpg,two_up_left,one_down_right,widespread,certainty,,,,,,,,,0,26,26,181,646.5217381,646.7218237,c,0,0.9147671,646.5217381,None,0,0,1,0,0,0.7812417,polygon,644.2384786,None,648.4977993,None,652.2440431,None,TRUE,3.7899832,3.7948642,0.42962963,-0.228703704,1,0,0,3.7899832,one_down_right,18,1,2021_Dec_29_1204,untitled_1,2020.2.6,60.06034864
ירוק,red,z,0,Image_certainty//image26_alemnt11.jpg,11.jpg,one_middle_left,two_down_right,widespread,certainty,,,,,,,,,0,27,27,26,654.9206861,655.1206033,z,1,1.0864233,654.9206861,None,0,0,1,0,0,0.6644764,polygon,652.7543307,None,657.082852,None,659.9755886,None,TRUE,2.9376689,2.9424666,0.696296296,-0.194444444,1,0,0,2.9376689,two_down_right,18,1,2021_Dec_29_1204,untitled_1,2020.2.6,60.06034864
ירוק,blue,c,0,Image_certainty//image39_alemnt12.jpg,12.jpg,one_middle_left,one_middle_right,widespread,certainty,,,,,,,,,0,28,28,39,664.6864165,664.8859227,None,0,,664.6864165,None,-0.006481481,0.011111111,1,0,0,1.3479923,polygon,660.4866316,None,666.9329946,None,669.5016749,None,TRUE,2.6182431,2.6194184,0.378703704,-0.009259259,1,0,0,2.6182431,one_middle_right,18,1,2021_Dec_29_1204,untitled_1,2020.2.6,60.06034864
אדום,red,z,1,Image_certainty//image123_alemnt13.jpg,13.jpg,one_up_left,one_down_right,widespread,certainty,,,,,,,,,0,29,29,123,672.2017887,672.4017888,z,1,0.6826987,672.2017887,None,0,0,1,0,0,0.6970068,polygon,670.0020954,None,673.9395601,None,676.6732179,None,TRUE,2.773007,2.7774148,0.437962963,-0.247222222,1,0,0,2.773007,one_down_right,18,1,2021_Dec_29_1204,untitled_1,2020.2.6,60.06034864
כחול,blue,c,1,Image_certainty//image104_alemnt3.jpg,3.jpg,three_middle_left,two_down_right,infrequent,certainty,,,,,,,,,0,30,30,104,679.2842814,679.4842951,c,1,1.10695,679.2842814,None,0,0,1,0,0,0.5973982,polygon,677.1845188,None,681.4392902,None,687.0837016,None,TRUE,5.6729836,5.6745824,0.74537037,-0.216666667,1,0,0,5.6729836,two_down_right,18,1,2021_Dec_29_1204,untitled_1,2020.2.6,60.06034864
אדום,green,x,0,Image_certainty//image12_alemnt1.jpg,1.jpg,one_up_left,two_up_right,infrequent,certainty,,,,,,,,,0,31,31,12,689.6997897,689.8995454,x,1,1.150575,689.6997897,None,0,0,1,0,0,0.6161595,polygon,687.5831045,None,691.9262582,700.9007095,700.9142565,None,,,,,,,,,,,18,1,2021_Dec_29_1204,untitled_1,2020.2.6,60.06034864
ירוק,green,x,1,Image_certainty//image133_alemnt11.jpg,11.jpg,one_middle_left,two_up_right,widespread,certainty,,,,,,,,,0,32,32,133,704.09789,704.2976881,None,0,,704.09789,None,-0.017592593,-0.000925926,1,0,0,1.183619,polygon,701.4148769,None,706.329782,None,714.412412,None,TRUE,8.1190544,8.1193149,0.588888889,0.24537037,1,0,0,8.1190544,two_up_right,18,1,2021_Dec_29_1204,untitled_1,2020.2.6,60.06034864
ירוק,red,z,0,Image_certainty//image56_alemnt11.jpg,11.jpg,three_middle_left,two_up_right,widespread,certainty,,,,,,,,,0,33,33,56,717.0962126,717.2959844,z,1,0.8554894,717.0962126,None,0,0,1,0,0,0.6809869,polygon,714.9129968,None,719.0272221,None,720.4617384,None,TRUE,1.4873055,1.4878041,0.575,0.233333333,1,0,0,1.4873055,two_up_right,18,1,2021_Dec_29_1204,untitled_1,2020.2.6,60.06034864
אדום,blue,c,0,Image_certainty//image1_alemnt6.jpg,6.jpg,two_down_left,one_up_right,infrequent,certainty,,,,,,,,,0,34,34,1,723.3454059,723.5452041,c,1,1.0822239,723.3454059,None,0,0,1,0,0,0.8809214,polygon,720.9622148,None,725.4834723,None,727.2442889,None,TRUE,1.8037707,1.8044391,0.362037037,0.192592593,1,0,0,1.8037707,one_up_right,18,1,2021_Dec_29_1204,untitled_1,2020.2.6,60.06034864
ירוק,blue,c,0,Image_certainty//image81_alemnt14.jpg,14.jpg,three_middle_left,one_down_right,widespread,certainty,,,,,,,,,0,35,35,81,729.9279239,730.1277222,c,1,0.8715042,729.9279239,None,0,0,1,0,0,0.6814157,polygon,727.7447525,None,731.8476261,None,734.4930648,None,TRUE,2.6692581,2.6706087,0.412037037,-0.242592593,1,0,0,2.6692581,one_down_right,18,1,2021_Dec_29_1204,untitled_1,2020.2.6,60.06034864
ירוק,blue,c,0,Image_certainty//image15_alemnt3.jpg,3.jpg,three_middle_left,two_down_right,infrequent,certainty,,,,,,,,,0,36,36,15,737.1933495,737.3934389,c,1,0.8317201,737.1933495,None,0,0,1,0,0,0.7148622,polygon,734.9930212,None,739.0959267,None,741.2482562,None,TRUE,2.2055165,2.2108453,0.733333333,-0.209259259,1,0,0,2.2055165,two_down_right,18,1,2021_Dec_29_1204,untitled_1,2020.2.6,60.06034864
ירוק,blue,c,0,Image_certainty//image45_alemnt9.jpg,9.jpg,one_down_left,three_middle_right,widespread,certainty,,,,,,,,,0,37,37,45,743.9594574,744.1592199,c,1,0.7222851,743.9594574,None,0,0,1,0,0,0.6973932,polygon,741.7595658,None,745.7332492,None,751.874467,None,TRUE,6.1690383,6.1710526,0.718518519,0.014814815,1,0,0,6.1690383,three_middle_right,18,1,2021_Dec_29_1204,untitled_1,2020.2.6,60.06034864
אדום,green,x,0,Image_certainty//image84_alemnt12.jpg,12.jpg,one_up_left,one_up_right,widespread,certainty,,,,,,,,,0,38,38,84,754.5914661,754.7906309,x,1,1.143969,754.5914661,None,0,0,1,0,0,0.712555,polygon,752.3747866,None,756.8044893,765.7928604,765.8061911,None,,,,,,,,,,,18,1,2021_Dec_29_1204,untitled_1,2020.2.6,60.06034864
אדום,green,x,0,Image_certainty//image66_alemnt11.jpg,11.jpg,one_up_left,two_up_right,widespread,certainty,,,,,,,,,0,39,39,66,769.1228541,769.3226699,x,1,0.7249894,769.1228541,None,0.00462963,0.021296296,1,0,0,1.3166137,polygon,766.3060011,None,770.9135844,None,775.638277,None,TRUE,4.7712252,4.7716373,0.600925926,0.215740741,1,0,0,4.7712252,two_up_right,18,1,2021_Dec_29_1204,untitled_1,2020.2.6,60.06034864
אדום,green,x,0,Image_certainty//image78_alemnt10.jpg,10.jpg,one_middle_left,two_up_right,widespread,certainty,,,,,,,,,0,40,40,78,778.1550181,778.3547307,x,1,0.780517,778.1550181,None,0,0,1,0,0,0.5184565,polygon,776.1383768,None,780.0055413,788.9894618,789.0030082,None,,,,,,,,,,,18,1,2021_Dec_29_1204,untitled_1,2020.2.6,60.06034864
ירוק,green,x,1,Image_certainty//image172_alemnt8.jpg,8.jpg,two_middle_left,two_down_right,widespread,certainty,,,,,,,,,0,41,41,172,793.5865414,793.7859308,x,1,0.7206796,793.5865414,None,-0.010185185,0.008333333,1,0,0,1.3010341,polygon,789.5031105,None,795.374699,None,798.7722008,None,TRUE,3.4367863,3.4405308,0.717592593,-0.232407407,1,0,0,3.4367863,two_down_right,18,1,2021_Dec_29_1204,untitled_1,2020.2.6,60.06034864
כחול,red,z,0,Image_certainty//image28_alemnt10.jpg,10.jpg,one_down_left,two_down_right,widespread,certainty,,,,,,,,,0,42,42,28,801.4686969,801.6685588,z,1,0.6581582,801.4686969,None,0,0,1,0,0,0.6842781,polygon,799.2854855,None,803.2041268,None,806.5248424,None,TRUE,3.3714319,3.3767906,0.691666667,-0.193518519,1,0,0,3.3714319,two_down_right,18,1,2021_Dec_29_1204,untitled_1,2020.2.6,60.06034864
ירוק,red,z,0,Image_certainty//image98_alemnt13.jpg,13.jpg,three_middle_left,two_down_right,widespread,certainty,,,,,,,,,0,43,43,98,809.2009811,809.4007853,z,1,0.6109348,809.2009811,None,0,0,1,0,0,0.6640049,polygon,807.0342639,None,810.8718034,None,815.1697804,None,TRUE,4.3373685,4.3411113,0.711111111,-0.237962963,1,0,0,4.3373685,two_down_right,18,1,2021_Dec_29_1204,untitled_1,2020.2.6,60.06034864
אדום,blue,c,0,Image_certainty//image97_alemnt8.jpg,8.jpg,one_middle_left,three_middle_right,widespread,certainty,,,,,,,,,0,44,44,97,817.8832946,818.0830201,None,0,,817.8832946,None,0,0,1,0,0,0.6969218,polygon,815.6833397,None,820.1192683,None,824.2483032,None,TRUE,,4.1731869,,,,,,,,18,1,2021_Dec_29_1204,untitled_1,2020.2.6,60.06034864
ירוק,green,x,1,Image_certainty//image157_alemnt8.jpg,8.jpg,one_middle_left,three_middle_right,widespread,certainty,,,,,,,,,0,45,45,157,827.8152832,828.0152024,None,0,,827.8152832,None,0,0,1,0,0,1.5785128,polygon,824.7488329,None,830.0582502,None,836.2646869,None,TRUE,6.2530486,6.2558059,0.721296296,0.069444444,1,0,0,6.2530486,three_middle_right,18,1,2021_Dec_29_1204,untitled_1,2020.2.6,60.06034864
כחול,green,x,0,Image_certainty//image65_alemnt9.jpg,9.jpg,two_middle_left,two_up_right,widespread,certainty,,,,,,,,,0,46,46,65,838.8306333,839.0303608,x,1,0.7582296,838.8306333,None,0,0,1,0,0,0.5638961,polygon,836.7640163,None,840.6643836,None,843.8292983,None,TRUE,3.2181398,3.2184379,0.611111111,0.222222222,1,0,0,3.2181398,two_up_right,18,1,2021_Dec_29_1204,untitled_1,2020.2.6,60.06034864
כחול,blue,c,1,Image_certainty//image101_alemnt6.jpg,6.jpg,one_down_left,two_middle_right,infrequent,certainty,,,,,,,,,0,47,47,101,846.4960407,846.6960513,c,1,1.0229791,846.4960407,None,0,0,1,0,0,0.6649963,polygon,844.3296803,None,848.5920353,857.580599,857.5938877,None,,,,,,,,,,,18,1,2021_Dec_29_1204,untitled_1,2020.2.6,60.06034864
אדום,red,z,1,Image_certainty//image174_alemnt10.jpg,10.jpg,one_down_left,three_middle_right,widespread,certainty,,,,,,,,,0,48,48,174,861.7445124,861.9441485,z,1,0.7967251,861.7445124,None,-0.017592593,0.005555556,1,0,0,0.7481373,polygon,858.093789,None,863.6134221,None,868.982683,None,TRUE,5.4217368,5.4257205,0.72037037,0.048148148,1,0,0,5.4217368,three_middle_right,18,1,2021_Dec_29_1204,untitled_1,2020.2.6,60.06034864
אדום,red,z,1,Image_certainty//image192_alemnt11.jpg,11.jpg,one_up_left,one_down_right,widespread,certainty,,,,,,,,,0,49,49,192,871.5597706,871.7595151,z,1,0.5938078,871.5597706,None,0,0,1,0,0,0.5663999,polygon,869.4931459,None,873.2243408,None,879.9099679,None,TRUE,6.7389576,6.7406027,0.447222222,-0.194444444,1,0,0,6.7389576,one_down_right,18,1,2021_Dec_29_1204,untitled_1,2020.2.6,60.06034864
כחול,blue,c,1,Image_certainty//image161_alemnt12.jpg,12.jpg,one_down_left,two_middle_right,widespread,certainty,,,,,,,,,0,50,50,161,882.5247282,882.7245345,c,1,1.0273547,882.5247282,None,0,0,1,0,0,0.597768,polygon,880.4250682,None,884.6142748,None,886.9577584,None,TRUE,2.3871401,2.3894154,0.553703704,-0.049074074,1,0,0,2.3871401,two_middle_right,18,1,2021_Dec_29_1204,untitled_1,2020.2.6,60.06034864
ירוק,blue,c,0,Image_certainty//image63_alemnt13.jpg,13.jpg,three_middle_left,one_down_right,widespread,certainty,,,,,,,,,0,51,51,63,889.6901501,889.8737567,c,1,0.9921923,889.6901501,None,0,0,1,0,0,0.7172762,polygon,887.4573694,None,891.7446272,None,895.3429308,None,TRUE,3.638542,3.6423127,0.425925926,-0.208333333,1,0,0,3.638542,one_down_right,18,1,2021_Dec_29_1204,untitled_1,2020.2.6,60.06034864
אדום,red,z,1,Image_certainty//image111_alemnt3.jpg,3.jpg,one_middle_left,two_up_right,infrequent,certainty,,,,,,,,,0,52,52,111,897.9230054,898.122789,z,1,0.7124378,897.9230054,None,0,0,1,0,0,0.5651832,polygon,895.8563269,None,899.702072,908.6906617,908.7044654,None,,,,,,,,,,,18,1,2021_Dec_29_1204,untitled_1,2020.2.6,60.06034864
אדום,red,z,1,Image_certainty//image165_alemnt8.jpg,8.jpg,one_middle_left,one_up_right,widespread,certainty,,,,,,,,,0,53,53,165,911.987901,912.1877002,z,1,0.653588,911.987901,None,0.000925926,0.015740741,1,0,0,1.2800845,polygon,909.2042319,None,913.7109785,None,919.4551458,None,TRUE,5.7872674,5.7881533,0.333333333,0.17962963,1,0,0,5.7872674,one_up_right,18,1,2021_Dec_29_1204,untitled_1,2020.2.6,60.06034864
ירוק,blue,c,0,Image_certainty//image93_alemnt14.jpg,14.jpg,one_down_left,one_middle_right,widespread,certainty,,,,,,,,,0,54,54,93,922.0363284,922.2363215,c,1,1.009473,922.0363284,None,0,0,1,0,0,0.5783443,polygon,919.9699838,None,924.1176355,None,927.7083858,None,TRUE,3.638102,3.6429761,0.385185185,-0.016666667,1,0,0,3.638102,one_middle_right,18,1,2021_Dec_29_1204,untitled_1,2020.2.6,60.06034864
אדום,red,z,1,Image_certainty//image168_alemnt10.jpg,10.jpg,two_middle_left,two_down_right,widespread,certainty,,,,,,,,,0,55,55,168,930.1520983,930.3519497,z,1,0.6625353,930.1520983,None,0,0,1,0,0,0.4339494,polygon,928.2185162,None,931.8756715,940.8701817,940.8835057,None,,,,,,,,,,,18,1,2021_Dec_29_1204,untitled_1,2020.2.6,60.06034864
כחול,green,x,0,Image_certainty//image47_alemnt13.jpg,13.jpg,one_middle_left,one_middle_right,widespread,certainty,,,,,,,,,0,56,56,47,947.1001303,947.2998942,None,0,,947.1001303,None,0.037037037,0.016666667,1,0,0,1.7131756,polygon,941.3838471,None,949.339435,None,958.3148274,None,,,,,,,,,,,18,1,2021_Dec_29_1204,untitled_1,2020.2.6,60.06034864
כחול,green,x,0,Image_certainty//image95_alemnt9.jpg,9.jpg,two_up_left,two_down_right,widespread,certainty,,,,,,,,,0,57,57,95,962.9306254,963.1302735,x,1,1.0835275,962.9306254,None,-0.006481481,0.011111111,1,0,0,1.3514956,polygon,958.8148575,None,965.071289,974.0656866,974.0791252,None,,,,,,,,,,,18,1,2021_Dec_29_1204,untitled_1,2020.2.6,60.06034864
כחול,green,x,0,Image_certainty//image53_alemnt12.jpg,12.jpg,two_down_left,two_middle_right,widespread,certainty,,,,,,,,,0,58,58,53,977.6294265,977.8289964,x,1,1.0474471,977.6294265,None,0.003703704,-0.005555556,1,0,0,1.5513416,polygon,974.5795054,None,979.7406929,None,983.2510983,None,TRUE,3.5572622,3.5605792,0.57037037,-0.055555556,1,0,0,3.5572622,two_middle_right,18,1,2021_Dec_29_1204,untitled_1,2020.2.6,60.06034864
אדום,red,z,1,Image_certainty//image144_alemnt8.jpg,8.jpg,two_middle_left,two_down_right,widespread,certainty,,,,,,,,,0,59,59,144,985.9450487,986.144921,z,1,0.7381089,985.9450487,None,0,0,1,0,0,0.6804227,polygon,983.76177,None,987.7604326,None,993.7211757,None,TRUE,6.0074632,6.0135382,0.724074074,-0.241666667,1,0,0,6.0074632,two_down_right,18,1,2021_Dec_29_1204,untitled_1,2020.2.6,60.06034864
ירוק,blue,c,0,Image_certainty//image75_alemnt11.jpg,11.jpg,two_up_left,one_middle_right,widespread,certainty,,,,,,,,,0,60,60,75,996.2599975,996.4597421,None,0,,996.2599975,None,0,0,1,0,0,0.5456513,polygon,994.2270877,None,998.5081382,None,1007.241705,None,TRUE,8.7841067,8.7851761,0.402777778,-0.008333333,1,0,0,8.7841067,one_middle_right,18,1,2021_Dec_29_1204,untitled_1,2020.2.6,60.06034864
ירוק,green,x,1,Image_certainty//image175_alemnt11.jpg,11.jpg,one_middle_left,two_down_right,widespread,certainty,,,,,,,,,0,61,61,175,1009.875018,1010.075087,None,0,,1009.875018,None,0,0,1,0,0,0.633906,polygon,1007.742043,None,1012.112036,None,1021.089892,None,,,,,,,,,,,18,1,2021_Dec_29_1204,untitled_1,2020.2.6,60.06034864
אדום,red,z,1,Image_certainty//image186_alemnt11.jpg,11.jpg,one_down_left,two_up_right,widespread,certainty,,,,,,,,,0,62,62,186,1025.956372,1026.156432,z,1,0.643906,1025.956372,None,-0.001851852,0.005555556,1,0,0,2.8657687,polygon,1021.590045,None,1027.670029,None,1033.088359,None,TRUE,5.4696466,5.4700868,0.581481481,0.238888889,1,0,0,5.4696466,two_up_right,18,1,2021_Dec_29_1204,untitled_1,2020.2.6,60.06034864
אדום,blue,c,0,Image_certainty//image61_alemnt10.jpg,10.jpg,one_down_left,one_middle_right,widespread,certainty,,,,,,,,,0,63,63,61,1035.62177,1035.821647,None,0,,1035.62177,None,0,0,1,0,0,0.5302613,polygon,1033.588755,None,1037.853371,None,1046.836581,None,,,,,,,,,,,18,1,2021_Dec_29_1204,untitled_1,2020.2.6,60.06034864
אדום,red,z,1,Image_certainty//image147_alemnt9.jpg,9.jpg,three_middle_left,two_up_right,widespread,certainty,,,,,,,,,0,64,64,147,1049.869948,1050.070083,z,1,1.1261134,1049.869948,None,0,0,1,0,0,1.0326255,polygon,1047.336909,None,1052.058445,None,1056.071767,None,TRUE,4.0550072,4.055638,0.614814815,0.237037037,1,0,0,4.0550072,two_up_right,18,1,2021_Dec_29_1204,untitled_1,2020.2.6,60.06034864
אדום,red,z,1,Image_certainty//image189_alemnt8.jpg,8.jpg,one_middle_left,one_middle_right,widespread,certainty,,,,,,,,,0,65,65,189,1059.318882,1059.518637,z,1,0.5394081,1059.318882,None,-0.001851852,0.001851852,1,0,0,1.2322775,polygon,1056.585764,None,1060.934036,None,1067.768263,None,TRUE,6.8861744,6.8884538,0.406481481,0.001851852,1,0,0,6.8861744,one_middle_right,18,1,2021_Dec_29_1204,untitled_1,2020.2.6,60.06034864
כחול,green,x,0,Image_certainty//image11_alemnt7.jpg,7.jpg,two_middle_left,one_middle_right,infrequent,certainty,,,,,,,,,0,66,66,11,1070.36732,1070.567354,None,0,,1070.36732,None,0,0,1,0,0,0.6123781,polygon,1068.267531,None,1072.604855,None,1081.598946,None,,,,,,,,,,,18,1,2021_Dec_29_1204,untitled_1,2020.2.6,60.06034864
ירוק,green,x,1,Image_certainty//image196_alemnt13.jpg,13.jpg,three_middle_left,one_down_right,widespread,certainty,,,,,,,,,0,67,67,196,1087.431987,1087.631859,x,1,0.6539671,1087.431987,None,0.017592593,0.015740741,1,0,0,0.9997164,polygon,1082.099152,None,1089.155168,None,1093.05376,None,TRUE,3.9402821,3.944018,0.422222222,-0.235185185,1,0,0,3.9402821,one_down_right,18,1,2021_Dec_29_1204,untitled_1,2020.2.6,60.06034864
ירוק,red,z,0,Image_certainty//image38_alemnt8.jpg,8.jpg,two_up_left,two_down_right,widespread,certainty,,,,,,,,,0,68,68,38,1095.614287,1095.813625,z,1,0.5708393,1095.614287,None,0,0,1,0,0,0.5476261,polygon,1093.564282,None,1097.258825,1106.232112,1106.262334,None,,,,,,,,,,,18,1,2021_Dec_29_1204,untitled_1,2020.2.6,60.06034864
ירוק,blue,c,0,Image_certainty//image27_alemnt8.jpg,8.jpg,three_middle_left,two_middle_right,widespread,certainty,,,,,,,,,0,69,69,27,1109.39559,1109.595598,None,0,,1109.39559,None,-0.00462963,0.000925926,1,0,0,1.1301195,polygon,1106.762271,None,1111.638427,None,1115.734696,None,TRUE,4.1393789,4.1434847,0.558333333,-0.046296296,1,0,0,4.1393789,two_middle_right,18,1,2021_Dec_29_1204,untitled_1,2020.2.6,60.06034864
אדום,red,z,1,Image_certainty//image141_alemnt11.jpg,11.jpg,two_down_left,three_middle_right,widespread,certainty,,,,,,,,,0,70,70,141,1118.344719,1118.544482,z,1,0.7856458,1118.344719,None,0,0,1,0,0,0.6018104,polygon,1116.24472,None,1120.206293,1129.196216,1129.209441,None,,,,,,,,,,,18,1,2021_Dec_29_1204,untitled_1,2020.2.6,60.06034864
ירוק,red,z,0,Image_certainty//image8_alemnt6.jpg,6.jpg,one_down_left,one_up_right,infrequent,certainty,,,,,,,,,0,71,71,8,1134.625888,1134.825977,None,0,,1134.625888,None,0.006481481,0.005555556,1,0,0,1.3138589,polygon,1129.709591,None,1136.872287,None,1145.840785,None,,,,,,,,,,,18,1,2021_Dec_29_1204,untitled_1,2020.2.6,60.06034864
כחול,red,z,0,Image_certainty//image46_alemnt8.jpg,8.jpg,two_middle_left,two_up_right,widespread,certainty,,,,,,,,,0,72,72,46,1149.007206,1149.207171,z,1,0.723774,1149.007206,None,-0.000925926,0.014814815,1,0,0,1.1663867,polygon,1146.340782,None,1150.80277,None,1159.54518,None,TRUE,8.7910865,8.7917423,0.575925926,0.228703704,1,0,0,8.7910865,two_up_right,18,1,2021_Dec_29_1204,untitled_1,2020.2.6,60.06034864
כחול,red,z,0,Image_certainty//image70_alemnt14.jpg,14.jpg,two_down_left,one_middle_right,widespread,certainty,,,,,,,,,0,73,73,70,1162.139076,1162.338899,z,1,0.6445986,1162.139076,None,0,0,1,0,0,0.579878,polygon,1160.055803,None,1163.852504,None,1165.690931,None,TRUE,1.8877015,1.8903018,0.400925926,0,1,0,0,1.8877015,one_middle_right,18,1,2021_Dec_29_1204,untitled_1,2020.2.6,60.06034864
אדום,green,x,0,Image_certainty//image24_alemnt13.jpg,13.jpg,three_middle_left,one_middle_right,widespread,certainty,,,,,,,,,0,74,74,24,1168.288303,1168.487849,x,1,1.0089594,1168.288303,None,0,0,1,0,0,0.5842701,polygon,1166.20501,None,1170.367826,None,1171.955195,None,TRUE,1.6371176,1.6393171,0.380555556,0.000925926,1,0,0,1.6371176,one_middle_right,18,1,2021_Dec_29_1204,untitled_1,2020.2.6,60.06034864
אדום,red,z,1,Image_certainty//image105_alemnt7.jpg,7.jpg,one_middle_left,one_up_right,infrequent,certainty,,,,,,,,,0,75,75,105,1175.287172,1175.487273,z,1,0.5821539,1175.287172,None,0,0,1,0,0,1.3134531,polygon,1172.470874,None,1176.917184,None,1180.735736,None,TRUE,3.854316,3.8549549,0.360185185,0.198148148,1,0,0,3.854316,one_up_right,18,1,2021_Dec_29_1204,untitled_1,2020.2.6,60.06034864
ירוק,red,z,0,Image_certainty//image86_alemnt13.jpg,13.jpg,two_middle_left,one_up_right,widespread,certainty,,,,,,,,,0,76,76,86,1183.353019,1183.552775,z,1,0.7970538,1183.353019,None,0,0,1,0,0,0.6138243,polygon,1181.236399,None,1185.212721,None,1187.554763,None,TRUE,2.388271,2.3893016,0.380555556,0.192592593,1,0,0,2.388271,one_up_right,18,1,2021_Dec_29_1204,untitled_1,2020.2.6,60.06034864
ירוק,red,z,0,Image_certainty//image20_alemnt10.jpg,10.jpg,two_up_left,two_up_right,widespread,certainty,,,,,,,,,0,77,77,20,1190.202104,1190.401917,z,1,0.5730721,1190.202104,None,0,0,1,0,0,0.6305162,polygon,1188.068919,None,1191.833751,None,1194.319806,None,TRUE,2.5209605,2.5215908,0.591666667,0.250925926,1,0,0,2.5209605,two_up_right,18,1,2021_Dec_29_1204,untitled_1,2020.2.6,60.06034864
ירוק,green,x,1,Image_certainty//image115_alemnt2.jpg,2.jpg,three_middle_left,one_down_right,infrequent,certainty,,,,,,,,,0,78,78,115,1197.001285,1197.201007,None,0,,1197.001285,None,0,0,1,0,0,0.6641523,polygon,1194.834623,None,1199.246096,None,1206.173115,None,TRUE,6.9707723,6.9758882,0.42037037,-0.271296296,1,0,0,6.9707723,one_down_right,18,1,2021_Dec_29_1204,untitled_1,2020.2.6,60.06034864
אדום,blue,c,0,Image_certainty//image91_alemnt8.jpg,8.jpg,two_up_left,one_up_right,widespread,certainty,,,,,,,,,0,79,79,91,1208.816211,1209.016194,None,0,,1208.816211,None,0,0,1,0,0,0.6311468,polygon,1206.683169,None,1211.047271,None,1212.848462,None,TRUE,1.8377837,1.8381413,0.326851852,0.167592593,1,0,0,1.8377837,one_up_right,18,1,2021_Dec_29_1204,untitled_1,2020.2.6,60.06034864
ירוק,blue,c,0,Image_certainty//image69_alemnt14.jpg,14.jpg,one_middle_left,two_down_right,widespread,certainty,,,,,,,,,0,80,80,69,1215.548875,1215.748651,c,1,0.8755316,1215.548875,None,0,0,1,0,0,0.6964785,polygon,1213.348971,None,1217.469897,None,1220.47331,None,TRUE,3.0225678,3.0285312,0.701851852,-0.187037037,1,0,0,3.0225678,two_down_right,18,1,2021_Dec_29_1204,untitled_1,2020.2.6,60.06034864
אדום,blue,c,0,Image_certainty//image49_alemnt11.jpg,11.jpg,three_middle_left,two_middle_right,widespread,certainty,,,,,,,,,0,81,81,49,1223.047937,1223.247709,c,1,0.8238888,1223.047937,None,0,0,1,0,0,0.5643462,polygon,1220.981302,None,1224.932012,None,1229.846149,None,TRUE,,4.941598,,,,,,,,18,1,2021_Dec_29_1204,untitled_1,2020.2.6,60.06034864
אדום,red,z,1,Image_certainty//image132_alemnt9.jpg,9.jpg,one_down_left,two_down_right,widespread,certainty,,,,,,,,,0,82,82,132,1232.42972,1232.62978,z,1,0.5991881,1232.42972,None,0,0,1,0,0,0.5852979,polygon,1230.346543,None,1234.095537,None,1241.128188,None,TRUE,7.0870717,7.0888844,0.719444444,-0.22037037,1,0,0,7.0870717,two_down_right,18,1,2021_Dec_29_1204,untitled_1,2020.2.6,60.06034864
כחול,blue,c,1,Image_certainty//image191_alemnt12.jpg,12.jpg,two_middle_left,one_up_right,widespread,certainty,,,,,,,,,0,83,83,191,1243.595041,1243.795052,c,1,1.0007569,1243.595041,None,0,0,1,0,0,0.4643784,polygon,1241.628613,None,1245.653874,1254.64721,1254.659864,None,,,,,,,,,,,18,1,2021_Dec_29_1204,untitled_1,2020.2.6,60.06034864
כחול,red,z,0,Image_certainty//image34_alemnt8.jpg,8.jpg,one_middle_left,two_up_right,widespread,certainty,,,,,,,,,0,84,84,34,1258.076748,1258.276604,z,1,0.7220621,1258.076748,None,-0.000925926,0.012962963,1,0,0,1.4133012,polygon,1255.160227,None,1259.871618,None,1263.346264,None,TRUE,3.522208,3.5228455,0.590740741,0.206481481,1,0,0,3.522208,two_up_right,18,1,2021_Dec_29_1204,untitled_1,2020.2.6,60.06034864
כחול,blue,c,1,Image_certainty//image149_alemnt11.jpg,11.jpg,one_middle_left,three_middle_right,widespread,certainty,,,,,,,,,0,85,85,149,1268.725521,1268.925236,c,1,1.0041208,1268.725521,None,0,0,1,0,0,3.3665417,polygon,1263.859263,None,1270.801508,None,1279.123256,None,TRUE,8.3684363,8.3705486,0.727777778,0.036111111,1,0,0,8.3684363,three_middle_right,18,1,2021_Dec_29_1204,untitled_1,2020.2.6,60.06034864
ירוק,green,x,1,Image_certainty//image163_alemnt12.jpg,12.jpg,two_middle_left,three_middle_right,widespread,certainty,,,,,,,,,0,86,86,163,1281.789758,1281.990126,c,0,0.8797035,1281.789758,None,0,0,1,0,0,0.6642294,polygon,1279.623771,None,1283.734951,None,1286.695888,None,TRUE,3.0077847,3.0106954,0.731481481,0.05462963,1,0,0,3.0077847,three_middle_right,18,1,2021_Dec_29_1204,untitled_1,2020.2.6,60.06034864
אדום,green,x,0,Image_certainty//image30_alemnt10.jpg,10.jpg,two_down_left,three_middle_right,widespread,certainty,,,,,,,,,0,87,87,30,1289.322772,1289.522506,x,1,1.1593981,1289.322772,None,0,0,1,0,0,0.6155478,polygon,1287.206145,None,1291.552368,None,1294.375586,None,TRUE,2.8714593,2.8743907,0.737962963,0.084259259,1,0,0,2.8714593,three_middle_right,18,1,2021_Dec_29_1204,untitled_1,2020.2.6,60.06034864
כחול,blue,c,1,Image_certainty//image170_alemnt13.jpg,13.jpg,one_down_left,two_middle_right,widespread,certainty,,,,,,,,,0,88,88,170,1296.921502,1297.121521,None,0,,1296.921502,None,0,0,1,0,0,0.5454349,polygon,1294.888479,None,1299.16184,None,1302.19209,None,TRUE,3.0721756,3.0753749,0.589814815,-0.031481481,1,0,0,3.0721756,two_middle_right,18,1,2021_Dec_29_1204,untitled_1,2020.2.6,60.06034864
כחול,red,z,0,Image_certainty//image88_alemnt10.jpg,10.jpg,two_middle_left,two_up_right,widespread,certainty,,,,,,,,,0,89,89,88,1304.887032,1305.087169,z,1,0.7275459,1304.887032,None,0,0,1,0,0,0.6796625,polygon,1302.704161,None,1306.667083,None,1314.002213,None,TRUE,7.3690125,7.3694481,0.582407407,0.234259259,1,0,0,7.3690125,two_up_right,18,1,2021_Dec_29_1204,untitled_1,2020.2.6,60.06034864
ירוק,green,x,1,Image_certainty//image139_alemnt10.jpg,10.jpg,two_up_left,one_middle_right,widespread,certainty,,,,,,,,,0,90,90,139,1317.085611,1317.285391,None,0,,1317.085611,None,0,0,1,0,0,1.0807806,polygon,1314.502627,None,1319.326642,None,1320.451509,None,TRUE,1.1688435,1.1703128,0.387037037,-0.046296296,1,0,0,1.1688435,one_middle_right,18,1,2021_Dec_29_1204,untitled_1,2020.2.6,60.06034864
אדום,blue,c,0,Image_certainty//image73_alemnt10.jpg,10.jpg,two_down_left,one_down_right,widespread,certainty,,,,,,,,,0,91,91,73,1323.101764,1323.301645,None,0,,1323.101764,None,0,0,1,0,0,0.6472366,polygon,1320.951801,None,1325.340082,None,1331.304895,None,TRUE,6.0051806,6.0092924,0.451851852,-0.237962963,1,0,0,6.0051806,one_down_right,18,1,2021_Dec_29_1204,untitled_1,2020.2.6,60.06034864
כחול,red,z,0,Image_certainty//image4_alemnt2.jpg,2.jpg,two_middle_left,two_middle_right,infrequent,certainty,,,,,,,,,0,92,92,4,1333.833703,1334.03343,z,1,0.7348159,1333.833703,None,0,0,1,0,0,0.5145958,polygon,1331.817093,None,1335.634098,None,1341.032081,None,TRUE,5.4355063,5.4370112,0.571296296,-0.061111111,1,0,0,5.4355063,two_middle_right,18,1,2021_Dec_29_1204,untitled_1,2020.2.6,60.06034864
כחול,green,x,0,Image_certainty//image71_alemnt12.jpg,12.jpg,three_middle_left,two_down_right,widespread,certainty,,,,,,,,,0,93,93,71,1343.565546,1343.765502,None,0,,1343.565546,None,0,0,1,0,0,0.5322488,polygon,1341.532077,None,1345.811067,None,1354.116905,None,TRUE,8.3530532,8.3566336,0.691666667,-0.263888889,1,0,0,8.3530532,two_down_right,18,1,2021_Dec_29_1204,untitled_1,2020.2.6,60.06034864
כחול,blue,c,1,Image_certainty//image131_alemnt13.jpg,13.jpg,one_middle_left,one_middle_right,widespread,certainty,,,,,,,,,0,94,94,131,1356.797402,1356.997164,None,0,,1356.797402,None,0,0,1,0,0,0.668552,polygon,1354.630815,None,1359.043542,None,1361.148325,None,TRUE,2.1540413,2.156923,0.371296296,-0.011111111,1,0,0,2.1540413,one_middle_right,18,1,2021_Dec_29_1204,untitled_1,2020.2.6,60.06034864
ירוק,green,x,1,Image_certainty//image160_alemnt8.jpg,8.jpg,two_down_left,two_up_right,widespread,certainty,,,,,,,,,0,95,95,160,1363.72978,1363.9296,x,1,0.9636932,1363.72978,None,0,0,1,0,0,0.5678439,polygon,1361.663263,None,1365.751575,1374.747716,1374.761526,None,,,,,,,,,,,18,1,2021_Dec_29_1204,untitled_1,2020.2.6,60.06034864
כחול,blue,c,1,Image_certainty//image116_alemnt2.jpg,2.jpg,one_middle_left,two_down_right,infrequent,certainty,,,,,,,,,0,96,96,116,1377.561187,1377.761095,c,1,0.9601384,1377.561187,None,0,0,1,0,0,0.7970351,polygon,1375.261491,None,1379.59237,None,1385.4596,None,TRUE,5.9206159,5.9224738,0.739814815,-0.244444444,1,0,0,5.9206159,two_down_right,18,1,2021_Dec_29_1204,untitled_1,2020.2.6,60.06034864
ירוק,green,x,1,Image_certainty//image130_alemnt11.jpg,11.jpg,three_middle_left,two_down_right,widespread,certainty,,,,,,,,,0,97,97,130,1388.026682,1388.226284,None,0,,1388.026682,None,0,0,1,0,0,0.5664014,polygon,1385.960085,None,1390.266736,None,1394.799742,None,TRUE,4.5750272,4.5787382,0.708333333,-0.237037037,1,0,0,4.5750272,two_down_right,18,1,2021_Dec_29_1204,untitled_1,2020.2.6,60.06034864
כחול,blue,c,1,Image_certainty//image179_alemnt12.jpg,12.jpg,two_middle_left,one_down_right,widespread,certainty,,,,,,,,,0,98,98,179,1397.275321,1397.475299,None,0,,1397.275321,None,0,0,1,0,0,0.4647198,polygon,1395.308847,None,1399.526,None,1406.929948,None,TRUE,7.4551923,7.4601463,0.434259259,-0.230555556,1,0,0,7.4551923,one_down_right,18,1,2021_Dec_29_1204,untitled_1,2020.2.6,60.06034864
ירוק,green,x,1,Image_certainty//image118_alemnt6.jpg,6.jpg,one_up_left,one_up_right,infrequent,certainty,,,,,,,,,0,99,99,118,1409.457313,1409.65678,x,1,1.0274459,1409.457313,None,0,0,1,0,0,0.5135325,polygon,1407.440715,None,1411.550816,None,1416.938825,None,TRUE,5.4346157,5.4349685,0.35462963,0.181481481,1,0,0,5.4346157,one_up_right,18,1,2021_Dec_29_1204,untitled_1,2020.2.6,60.06034864
ירוק,green,x,1,Image_certainty//image166_alemnt14.jpg,14.jpg,two_middle_left,one_middle_right,widespread,certainty,,,,,,,,,0,100,100,166,1419.772661,1419.972415,None,0,,1419.772661,None,0,0,1,0,0,0.8463252,polygon,1417.439405,None,1422.015697,None,1424.654779,None,TRUE,2.6846296,2.6857402,0.380555556,0.001851852,1,0,0,2.6846296,one_middle_right,18,1,2021_Dec_29_1204,untitled_1,2020.2.6,60.06034864
ירוק,red,z,0,Image_certainty//image92_alemnt10.jpg,10.jpg,one_down_left,two_middle_right,widespread,certainty,,,,,,,,,0,101,101,92,1427.321665,1427.521588,z,1,0.6748659,1427.321665,None,0,0,1,0,0,0.6632088,polygon,1425.155074,None,1429.065253,None,1431.870369,None,TRUE,2.8551661,2.8562251,0.569444444,-0.04537037,1,0,0,2.8551661,two_middle_right,18,1,2021_Dec_29_1204,untitled_1,2020.2.6,60.06034864
אדום,green,x,0,Image_certainty//image54_alemnt11.jpg,11.jpg,two_down_left,two_middle_right,widespread,certainty,,,,,,,,,0,102,102,54,1434.570752,1434.770455,x,1,1.0085516,1434.570752,None,0,0,1,0,0,0.6979352,polygon,1432.370847,None,1436.648269,1445.621986,1445.652128,None,,,,,,,,,,,18,1,2021_Dec_29_1204,untitled_1,2020.2.6,60.06034864
אדום,blue,c,0,Image_certainty//image43_alemnt11.jpg,11.jpg,two_down_left,one_up_right,widespread,certainty,,,,,,,,,0,103,103,43,1448.65207,1448.852006,None,0,,1448.65207,None,0.000925926,0.001851852,1,0,0,0.9982105,polygon,1446.15241,None,1450.897808,None,1459.866887,None,,,,,,,,,,,18,1,2021_Dec_29_1204,untitled_1,2020.2.6,60.06034864
אדום,red,z,1,Image_certainty//image198_alemnt9.jpg,9.jpg,one_up_left,one_middle_right,widespread,certainty,,,,,,,,,0,104,104,198,1464.383519,1464.583339,z,1,0.599801,1464.383519,None,0.009259259,0.001851852,1,0,0,2.5205064,polygon,1460.367394,None,1466.048639,None,1469.337145,None,TRUE,3.3388668,3.3420923,0.376851852,0.010185185,1,0,0,3.3388668,one_middle_right,18,1,2021_Dec_29_1204,untitled_1,2020.2.6,60.06034864
כחול,blue,c,1,Image_certainty//image107_alemnt6.jpg,6.jpg,two_middle_left,two_up_right,infrequent,certainty,,,,,,,,,0,105,105,107,1472.049023,1472.248976,c,1,0.9304069,1472.049023,None,0,0,1,0,0,0.7143369,polygon,1469.849106,None,1474.018645,1483.017661,1483.030494,None,,,,,,,,,,,18,1,2021_Dec_29_1204,untitled_1,2020.2.6,60.06034864
אדום,blue,c,0,Image_certainty//image55_alemnt12.jpg,12.jpg,three_middle_left,one_middle_right,widespread,certainty,,,,,,,,,0,106,106,55,1486.280746,1486.480517,c,1,1.063496,1486.280746,None,-0.00462963,0.012037037,1,0,0,1.2492542,polygon,1483.530686,None,1488.413173,None,1493.083859,None,TRUE,4.7218449,4.7250062,0.357407407,-0.016666667,1,0,0,4.7218449,one_middle_right,18,1,2021_Dec_29_1204,untitled_1,2020.2.6,60.06034864
כחול,red,z,0,Image_certainty//image76_alemnt14.jpg,14.jpg,three_middle_left,two_middle_right,widespread,certainty,,,,,,,,,0,107,107,76,1495.596245,1495.796006,z,1,0.7465596,1495.596245,None,0,0,1,0,0,0.5130704,polygon,1493.596036,None,1497.406461,None,1501.032787,None,TRUE,3.6714421,3.6749882,0.587037037,-0.068518519,1,0,0,3.6714421,two_middle_right,18,1,2021_Dec_29_1204,untitled_1,2020.2.6,60.06034864
ירוק,green,x,1,Image_certainty//image187_alemnt10.jpg,10.jpg,two_up_left,three_middle_right,widespread,certainty,,,,,,,,,0,108,108,187,1503.578587,1503.778316,x,1,0.905869,1503.578587,None,0,0,1,0,0,0.5329875,polygon,1501.545264,None,1505.557227,None,1508.011497,None,TRUE,,2.5071969,,,,,,,,18,1,2021_Dec_29_1204,untitled_1,2020.2.6,60.06034864
אדום,red,z,1,Image_certainty//image156_alemnt11.jpg,11.jpg,two_down_left,one_down_right,widespread,certainty,,,,,,,,,0,109,109,156,1510.560948,1510.760751,z,1,0.6674403,1510.560948,None,0,0,1,0,0,0.5467742,polygon,1508.511053,None,1512.298125,None,1517.962966,None,TRUE,5.7051997,5.7086316,0.446296296,-0.217592593,1,0,0,5.7051997,one_down_right,18,1,2021_Dec_29_1204,untitled_1,2020.2.6,60.06034864
ירוק,blue,c,0,Image_certainty//image21_alemnt14.jpg,14.jpg,one_down_left,one_middle_right,widespread,certainty,,,,,,,,,0,110,110,21,1520.509651,1520.709445,c,1,0.9779058,1520.509651,None,0,0,1,0,0,0.5311299,polygon,1518.476363,None,1522.553242,None,1525.347546,None,TRUE,2.8382982,2.8419372,0.425,0.002777778,1,0,0,2.8382982,one_middle_right,18,1,2021_Dec_29_1204,untitled_1,2020.2.6,60.06034864
ירוק,green,x,1,Image_certainty//image154_alemnt9.jpg,9.jpg,one_middle_left,one_down_right,widespread,certainty,,,,,,,,,0,111,111,154,1528.008532,1528.208299,None,0,,1528.008532,None,0,0,1,0,0,0.6498845,polygon,1525.858802,None,1530.252972,None,1539.223471,None,,,,,,,,,,,18,1,2021_Dec_29_1204,untitled_1,2020.2.6,60.06034864
כחול,red,z,0,Image_certainty//image82_alemnt14.jpg,14.jpg,three_middle_left,two_down_right,widespread,certainty,,,,,,,,,0,112,112,82,1541.823393,1542.023366,z,1,0.6531889,1541.823393,None,0,0.002777778,1,0,0,0.5993788,polygon,1539.723495,None,1543.553038,1552.542245,1552.554915,None,,,,,,,,,,,18,1,2021_Dec_29_1204,untitled_1,2020.2.6,60.06034864
כחול,red,z,0,Image_certainty//image94_alemnt9.jpg,9.jpg,three_middle_left,two_down_right,widespread,certainty,,,,,,,,,0,113,113,94,1555.171705,1555.371652,z,1,0.6971778,1555.171705,None,-0.002777778,0.001851852,1,0,0,0.6284774,polygon,1553.055303,None,1556.936378,None,1561.49111,None,TRUE,4.6052822,4.6086565,0.688888889,-0.221296296,1,0,0,4.6052822,two_down_right,18,1,2021_Dec_29_1204,untitled_1,2020.2.6,60.06034864
כחול,blue,c,1,Image_certainty//image137_alemnt8.jpg,8.jpg,one_up_left,two_middle_right,widespread,certainty,,,,,,,,,0,114,114,137,1563.954154,1564.153823,None,0,,1563.954154,None,0,0,1,0,0,0.4475515,polygon,1562.004048,None,1566.201378,None,1574.189863,None,TRUE,8.0384207,8.0417177,0.541666667,-0.07037037,1,0,0,8.0384207,two_middle_right,18,1,2021_Dec_29_1204,untitled_1,2020.2.6,60.06034864
אדום,red,z,1,Image_certainty//image138_alemnt9.jpg,9.jpg,one_down_left,two_down_right,widespread,certainty,,,,,,,,,0,115,115,138,1576.652514,1576.85205,z,1,0.782846,1576.652514,None,0,0,1,0,0,0.450153,polygon,1574.702557,None,1578.49711,1587.486787,1587.500484,None,,,,,,,,,,,18,1,2021_Dec_29_1204,untitled_1,2020.2.6,60.06034864
ירוק,red,z,0,Image_certainty//image80_alemnt9.jpg,9.jpg,one_middle_left,one_middle_right,widespread,certainty,,,,,,,,,0,116,116,80,1591.917172,1592.116758,z,1,0.6628912,1591.917172,None,-0.000925926,0.002777778,1,0,0,2.4148368,polygon,1588.000857,None,1593.643451,1602.635254,1602.648656,None,,,,,,,,,,,18,1,2021_Dec_29_1204,untitled_1,2020.2.6,60.06034864
אדום,green,x,0,Image_certainty//image18_alemnt4.jpg,4.jpg,three_middle_left,one_down_right,infrequent,certainty,,,,,,,,,0,117,117,18,1606.282037,1606.481676,None,0,,1606.282037,None,-0.000925926,0.009259259,1,0,0,1.6308145,polygon,1603.1489,None,1608.522742,None,1612.29766,None,TRUE,3.8197157,3.8222978,0.405555556,-0.219444444,1,0,0,3.8197157,one_down_right,18,1,2021_Dec_29_1204,untitled_1,2020.2.6,60.06034864
כחול,green,x,0,Image_certainty//image29_alemnt13.jpg,13.jpg,one_middle_left,one_up_right,widespread,certainty,,,,,,,,,0,118,118,29,1614.930935,1615.130419,x,1,0.8175341,1614.930935,None,0,0,1,0,0,0.6336225,polygon,1612.797648,None,1616.808366,None,1619.251725,None,TRUE,2.492947,2.4937006,0.378703704,0.210185185,1,0,0,2.492947,one_up_right,18,1,2021_Dec_29_1204,untitled_1,2020.2.6,60.06034864
כחול,blue,c,1,Image_certainty//image125_alemnt12.jpg,12.jpg,one_down_left,one_down_right,widespread,certainty,,,,,,,,,0,119,119,125,1621.879968,1622.079762,c,1,0.8476998,1621.879968,None,0,0,1,0,0,0.6150549,polygon,1619.763355,None,1623.777961,None,1628.250278,None,TRUE,4.5042271,4.5089972,0.435185185,-0.217592593,1,0,0,4.5042271,one_down_right,18,1,2021_Dec_29_1204,untitled_1,2020.2.6,60.06034864
ירוק,green,x,1,Image_certainty//image109_alemnt5.jpg,5.jpg,one_down_left,two_middle_right,infrequent,certainty,,,,,,,,,0,120,120,109,1630.945539,1631.14515,None,0,,1630.945539,None,0,0,1,0,0,0.680724,polygon,1628.76228,None,1633.191631,None,1640.078363,None,TRUE,6.9361965,6.9385892,0.575925926,-0.027777778,1,0,0,6.9361965,two_middle_right,18,1,2021_Dec_29_1204,untitled_1,2020.2.6,60.06034864
כחול,blue,c,1,Image_certainty//image155_alemnt11.jpg,11.jpg,one_up_left,two_middle_right,widespread,certainty,,,,,,,,,0,121,121,155,1642.544034,1642.743758,c,1,0.978479,1642.544034,None,0,0,1,0,0,0.4668674,polygon,1640.593773,None,1644.568547,None,1648.459741,None,TRUE,,3.9243786,,,,,,,,18,1,2021_Dec_29_1204,untitled_1,2020.2.6,60.06034864
כחול,blue,c,1,Image_certainty//image143_alemnt9.jpg,9.jpg,two_down_left,one_middle_right,widespread,certainty,,,,,,,,,0,122,122,143,1650.992933,1651.192313,c,1,0.9267961,1650.992933,None,0,0,1,0,0,0.5296434,polygon,1648.959395,None,1652.973692,None,1661.696702,None,TRUE,8.7557153,8.7589519,0.387962963,0.012962963,1,0,0,8.7557153,one_middle_right,18,1,2021_Dec_29_1204,untitled_1,2020.2.6,60.06034864
ירוק,green,x,1,Image_certainty//image112_alemnt3.jpg,3.jpg,one_down_left,two_up_right,infrequent,certainty,,,,,,,,,0,123,123,112,1664.107948,1664.307649,None,0,,1664.107948,None,0,0,1,0,0,0.3976126,polygon,1662.207982,None,1666.354162,None,1673.09067,None,TRUE,6.7875531,6.7881133,0.589814815,0.22962963,1,0,0,6.7875531,two_up_right,18,1,2021_Dec_29_1204,untitled_1,2020.2.6,60.06034864
כחול,blue,c,1,Image_certainty//image176_alemnt9.jpg,9.jpg,two_middle_left,one_down_right,widespread,certainty,,,,,,,,,0,124,124,176,1675.589816,1675.789555,c,1,0.8531193,1675.589816,None,0,0,1,0,0,0.4980134,polygon,1673.589758,None,1677.50466,1686.490842,1686.504454,None,,,,,,,,,,,18,1,2021_Dec_29_1204,untitled_1,2020.2.6,60.06034864
ירוק,green,x,1,Image_certainty//image127_alemnt14.jpg,14.jpg,one_up_left,two_middle_right,widespread,certainty,,,,,,,,,0,125,125,127,1689.771049,1689.971048,None,0,,1689.771049,None,-0.011111111,0.001851852,1,0,0,1.2644093,polygon,1687.004445,None,1692.011361,None,1700.53635,None,TRUE,8.5702865,8.5719623,0.564814815,-0.039814815,1,0,0,8.5702865,two_middle_right,18,1,2021_Dec_29_1204,untitled_1,2020.2.6,60.06034864
ירוק,green,x,1,Image_certainty//image136_alemnt8.jpg,8.jpg,three_middle_left,two_down_right,widespread,certainty,,,,,,,,,0,126,126,136,1703.052909,1703.252678,None,0,,1703.052909,None,0,0,1,0,0,0.5164663,polygon,1701.036315,None,1705.303143,None,1712.572738,None,TRUE,7.3218589,7.3254544,0.739814815,-0.221296296,1,0,0,7.3218589,two_down_right,18,1,2021_Dec_29_1204,untitled_1,2020.2.6,60.06034864
כחול,blue,c,1,Image_certainty//image122_alemnt14.jpg,14.jpg,one_down_left,two_up_right,widespread,certainty,,,,,,,,,0,127,127,122,1715.150799,1715.351118,None,0,,1715.150799,None,0,0,1,0,0,0.5637726,polygon,1713.08481,None,1717.396916,None,1726.366052,None,,,,,,,,,,,18,1,2021_Dec_29_1204,untitled_1,2020.2.6,60.06034864
כחול,blue,c,1,Image_certainty//image140_alemnt11.jpg,11.jpg,one_up_left,two_up_right,widespread,certainty,,,,,,,,,0,128,128,140,1731.166036,1731.365856,c,1,1.0080955,1731.166036,None,-0.002777778,-0.022222222,1,0,0,2.8139449,polygon,1726.865995,None,1733.246049,None,1737.547561,None,TRUE,4.3544721,4.3547173,0.601851852,0.212037037,1,0,0,4.3544721,two_up_right,18,1,2021_Dec_29_1204,untitled_1,2020.2.6,60.06034864
כחול,red,z,0,Image_certainty//image52_alemnt13.jpg,13.jpg,one_middle_left,two_middle_right,widespread,certainty,,,,,,,,,0,129,129,52,1740.131518,1740.330897,z,1,0.7403073,1740.131518,None,0,0,1,0,0,0.5809159,polygon,1738.048172,None,1741.939496,None,1745.671854,None,TRUE,3.774416,3.7791647,0.528703704,-0.069444444,1,0,0,3.774416,two_middle_right,18,1,2021_Dec_29_1204,untitled_1,2020.2.6,60.06034864
כחול,green,x,0,Image_certainty//image5_alemnt2.jpg,2.jpg,two_down_left,two_down_right,infrequent,certainty,,,,,,,,,0,130,130,5,1748.113559,1748.313593,x,1,1.0300401,1748.113559,None,0,0,1,0,0,0.4306169,polygon,1746.18052,None,1750.211797,None,1756.284026,None,TRUE,6.1220294,6.1267239,0.726851852,-0.194444444,1,0,0,6.1220294,two_down_right,18,1,2021_Dec_29_1204,untitled_1,2020.2.6,60.06034864
ירוק,red,z,0,Image_certainty//image50_alemnt11.jpg,11.jpg,three_middle_left,one_down_right,widespread,certainty,,,,,,,,,0,131,131,50,1758.829102,1759.028738,z,1,0.7176843,1758.829102,None,0,0,1,0,0,0.5293878,polygon,1756.795765,None,1760.606041,None,1765.911681,None,TRUE,5.3553897,5.3568282,0.425,-0.205555556,1,0,0,5.3553897,one_down_right,18,1,2021_Dec_29_1204,untitled_1,2020.2.6,60.06034864
אדום,green,x,0,Image_certainty//image0_alemnt7.jpg,7.jpg,one_down_left,two_up_right,infrequent,certainty,,,,,,,,,0,132,132,0,1768.361137,1768.560719,None,0,,1768.361137,None,0,0,1,0,0,0.4480429,polygon,1766.41113,None,1770.605351,None,1776.743039,None,TRUE,6.1856043,6.1860318,0.614814815,0.234259259,1,0,0,6.1856043,two_up_right,18,1,2021_Dec_29_1204,untitled_1,2020.2.6,60.06034864
אדום,green,x,0,Image_certainty//image6_alemnt7.jpg,7.jpg,three_middle_left,three_middle_right,infrequent,certainty,,,,,,,,,0,133,133,6,1779.209595,1779.40929,x,1,1.0123816,1779.209595,None,0,0,1,0,0,0.4651031,polygon,1777.242977,None,1781.287191,None,1783.664933,None,TRUE,2.4218197,2.4263482,0.715740741,0.07962963,1,0,0,2.4218197,three_middle_right,18,1,2021_Dec_29_1204,untitled_1,2020.2.6,60.06034864
אדום,red,z,1,Image_certainty//image183_alemnt9.jpg,9.jpg,three_middle_left,two_down_right,widespread,certainty,,,,,,,,,0,134,134,183,1786.15891,1786.358345,z,1,0.7601879,1786.15891,None,0,0,1,0,0,0.4805263,polygon,1784.175695,None,1787.981585,None,1795.356801,None,TRUE,,7.420848,,,,,,,,18,1,2021_Dec_29_1204,untitled_1,2020.2.6,60.06034864
ירוק,red,z,0,Image_certainty//image2_alemnt4.jpg,4.jpg,one_down_left,two_down_right,infrequent,certainty,,,,,,,,,0,135,135,2,1798.857258,1799.056998,z,1,0.831774,1798.857258,None,0,0,1,0,0,1.4995227,polygon,1795.857353,None,1800.748885,None,1808.32308,None,TRUE,7.6194542,7.6221649,0.688888889,-0.231481481,1,0,0,7.6194542,two_down_right,18,1,2021_Dec_29_1204,untitled_1,2020.2.6,60.06034864
כחול,green,x,0,Image_certainty//image59_alemnt14.jpg,14.jpg,two_down_left,one_down_right,widespread,certainty,,,,,,,,,0,136,136,59,1811.605655,1811.805448,x,1,0.9566976,1811.605655,None,0,0,1,0,0,1.295949,polygon,1808.822358,None,1813.63832,None,1821.720384,None,TRUE,8.1355913,8.1387193,0.42962963,-0.288888889,1,0,0,8.1355913,one_down_right,18,1,2021_Dec_29_1204,untitled_1,2020.2.6,60.06034864
אדום,blue,c,0,Image_certainty//image31_alemnt9.jpg,9.jpg,one_up_left,one_down_right,widespread,certainty,,,,,,,,,0,137,137,31,1824.370364,1824.570363,None,0,,1824.370364,None,0,0,1,0,0,0.6667066,polygon,1822.220233,None,1826.602055,None,1831.852294,None,TRUE,5.2848299,5.2861896,0.460185185,-0.212962963,1,0,0,5.2848299,one_down_right,18,1,2021_Dec_29_1204,untitled_1,2020.2.6,60.06034864
אדום,red,z,1,Image_certainty//image150_alemnt13.jpg,13.jpg,one_down_left,two_down_right,widespread,certainty,,,,,,,,,0,138,138,150,1834.336093,1834.519147,z,1,0.8342432,1834.336093,None,0,0,1,0,0,0.4824087,polygon,1832.352714,None,1836.231498,None,1838.92459,None,TRUE,2.7380614,2.7433625,0.726851852,-0.2,1,0,0,2.7380614,two_down_right,18,1,2021_Dec_29_1204,untitled_1,2020.2.6,60.06034864
כחול,blue,c,1,Image_certainty//image158_alemnt11.jpg,11.jpg,one_up_left,two_down_right,widespread,certainty,,,,,,,,,0,139,139,158,1841.418272,1841.618261,None,0,,1841.418272,None,0,0,1,0,0,0.4973871,polygon,1839.434695,None,1843.658546,None,1850.868278,None,TRUE,7.2535095,7.2563252,0.727777778,-0.215740741,1,0,0,7.2535095,two_down_right,18,1,2021_Dec_29_1204,untitled_1,2020.2.6,60.06034864
ירוק,green,x,1,Image_certainty//image184_alemnt14.jpg,14.jpg,one_up_left,two_middle_right,widespread,certainty,,,,,,,,,0,140,140,184,1853.400189,1853.599872,None,0,,1853.400189,None,0,0,1,0,0,0.5184213,polygon,1851.383305,None,1855.64954,None,1864.615014,None,,,,,,,,,,,18,1,2021_Dec_29_1204,untitled_1,2020.2.6,60.06034864
ירוק,blue,c,0,Image_certainty//image9_alemnt2.jpg,2.jpg,one_up_left,two_down_right,infrequent,certainty,,,,,,,,,0,141,141,9,1868.131737,1868.331487,None,0,,1868.131737,None,0.00462963,0.011111111,1,0,0,1.5162799,polygon,1865.11535,None,1870.376784,None,1873.458569,None,TRUE,3.1265422,3.1317639,0.70462963,-0.218518519,1,0,0,3.1265422,two_down_right,18,1,2021_Dec_29_1204,untitled_1,2020.2.6,60.06034864
כחול,blue,c,1,Image_certainty//image113_alemnt2.jpg,2.jpg,one_up_left,two_up_right,infrequent,certainty,,,,,,,,,0,142,142,113,1876.013979,1876.213742,c,1,1.0923451,1876.013979,None,0,0,1,0,0,0.5629789,polygon,1873.964032,None,1878.175648,1887.165506,1887.178714,None,,,,,,,,,,,18,1,2021_Dec_29_1204,untitled_1,2020.2.6,60.06034864
כחול,red,z,0,Image_certainty//image64_alemnt10.jpg,10.jpg,one_up_left,three_middle_right,widespread,certainty,,,,,,,,,0,143,143,64,1890.328922,1890.528511,z,1,0.9436556,1890.328922,None,-0.001851852,0.005555556,1,0,0,1.1509418,polygon,1887.678767,None,1892.335436,None,1895.98171,None,TRUE,3.6878827,3.6915723,0.738888889,0.068518519,1,0,0,3.6878827,three_middle_right,18,1,2021_Dec_29_1204,untitled_1,2020.2.6,60.06034864
אדום,red,z,1,Image_certainty//image135_alemnt12.jpg,12.jpg,two_middle_left,one_middle_right,widespread,certainty,,,,,,,,,0,144,144,135,1899.011137,1899.210786,z,1,0.8975297,1899.011137,None,0,0,1,0,0,1.0140967,polygon,1896.494458,None,1900.973881,None,1903.048996,None,TRUE,2.1224592,2.12572,0.418518519,-0.002777778,1,0,0,2.1224592,one_middle_right,18,1,2021_Dec_29_1204,untitled_1,2020.2.6,60.06034864
ירוק,green,x,1,Image_certainty//image142_alemnt14.jpg,14.jpg,three_middle_left,two_down_right,widespread,certainty,,,,,,,,,0,145,145,142,1905.626877,1905.82659,x,1,1.0549208,1905.626877,None,0,0,1,0,0,0.5648337,polygon,1903.560251,None,1907.73488,None,1911.743541,None,TRUE,4.0369876,4.0399906,0.723148148,-0.213888889,1,0,0,4.0369876,two_down_right,18,1,2021_Dec_29_1204,untitled_1,2020.2.6,60.06034864
ירוק,blue,c,0,Image_certainty//image99_alemnt10.jpg,10.jpg,three_middle_left,one_middle_right,widespread,certainty,,,,,,,,,0,146,146,99,1914.309151,1914.508469,c,1,1.0035112,1914.309151,None,0,0,1,0,0,0.5486804,polygon,1912.259187,None,1916.39344,None,1917.877117,None,TRUE,1.5386479,1.541067,0.357407407,-0.001851852,1,0,0,1.5386479,one_middle_right,18,1,2021_Dec_29_1204,untitled_1,2020.2.6,60.06034864
אדום,red,z,1,Image_certainty//image117_alemnt1.jpg,1.jpg,one_up_left,two_up_right,infrequent,certainty,,,,,,,,,0,147,147,117,1920.658049,1920.858056,z,1,0.6824201,1920.658049,None,0,0,1,0,0,0.7640821,polygon,1918.391724,None,1922.382528,None,1927.873896,None,TRUE,5.5206853,5.5213132,0.582407407,0.243518519,1,0,0,5.5206853,two_up_right,18,1,2021_Dec_29_1204,untitled_1,2020.2.6,60.06034864
אדום,blue,c,0,Image_certainty//image25_alemnt8.jpg,8.jpg,two_middle_left,one_down_right,widespread,certainty,,,,,,,,,0,148,148,25,1930.307082,1930.506792,c,1,1.0886731,1930.307082,None,0,0,1,0,0,0.4296529,polygon,1928.373846,None,1932.46936,None,1941.107758,None,TRUE,8.6857767,8.6891604,0.438888889,-0.240740741,1,0,0,8.6857767,one_down_right,18,1,2021_Dec_29_1204,untitled_1,2020.2.6,60.06034864
אדום,red,z,1,Image_certainty//image126_alemnt9.jpg,9.jpg,two_down_left,one_middle_right,widespread,certainty,,,,,,,,,0,149,149,126,1943.588719,1943.788449,z,1,0.6807915,1943.588719,None,0,0,1,0,0,0.467133,polygon,1941.622099,None,1945.329344,None,1952.326871,None,TRUE,7.0382542,7.0414555,0.369444444,-0.002777778,1,0,0,7.0382542,one_middle_right,18,1,2021_Dec_29_1204,untitled_1,2020.2.6,60.06034864
אדום,blue,c,0,Image_certainty//image7_alemnt7.jpg,7.jpg,one_down_left,one_down_right,infrequent,certainty,,,,,,,,,0,150,150,7,1954.787111,1954.987018,c,1,0.909807,1954.787111,None,0,0,1,0,0,0.4499676,polygon,1952.836934,None,1956.751591,None,1960.354683,None,TRUE,3.6382733,3.6415124,0.440740741,-0.222222222,1,0,0,3.6382733,one_down_right,18,1,2021_Dec_29_1204,untitled_1,2020.2.6,60.06034864
אדום,green,x,0,Image_certainty//image96_alemnt14.jpg,14.jpg,one_up_left,two_down_right,widespread,certainty,,,,,,,,,0,151,151,96,1962.869502,1963.069353,None,0,,1962.869502,None,0,0,1,0,0,0.5012478,polygon,1960.869038,None,1965.11291,None,1973.633916,None,TRUE,,8.5734105,,,,,,,,18,1,2021_Dec_29_1204,untitled_1,2020.2.6,60.06034864
אדום,green,x,0,Image_certainty//image48_alemnt9.jpg,9.jpg,one_down_left,one_down_right,widespread,certainty,,,,,,,,,0,152,152,48,1976.06786,1976.267617,x,1,0.9749335,1976.06786,None,0,0,1,0,0,0.4461438,polygon,1974.134511,None,1978.102229,None,1983.484706,None,TRUE,5.4230418,5.4244767,0.432407407,-0.243518519,1,0,0,5.4230418,one_down_right,18,1,2021_Dec_29_1204,untitled_1,2020.2.6,60.06034864
אדום,green,x,0,Image_certainty//image60_alemnt13.jpg,13.jpg,one_middle_left,two_up_right,widespread,certainty,,,,,,,,,0,153,153,60,1985.949894,1986.149595,x,1,1.0969596,1985.949894,None,0,0,1,0,0,0.4639989,polygon,1984.000039,None,1988.1106,None,1990.732042,None,TRUE,2.6724137,2.6731476,0.6,0.231481481,1,0,0,2.6724137,two_up_right,18,1,2021_Dec_29_1204,untitled_1,2020.2.6,60.06034864
ירוק,red,z,0,Image_certainty//image14_alemnt6.jpg,6.jpg,two_up_left,one_up_right,infrequent,certainty,,,,,,,,,0,154,154,14,1993.332237,1993.53198,z,1,0.8740412,1993.332237,None,0,0,1,0,0,0.5979658,polygon,1991.232367,None,1995.269048,None,2002.964163,None,TRUE,7.7375469,7.7382752,0.386111111,0.193518519,1,0,0,7.7375469,one_up_right,18,1,2021_Dec_29_1204,untitled_1,2020.2.6,60.06034864
אדום,green,x,0,Image_certainty//image90_alemnt12.jpg,12.jpg,three_middle_left,two_up_right,widespread,certainty,,,,,,,,,0,155,155,90,2006.697051,2006.896843,None,0,,2006.697051,None,0,0,1,0,0,1.7309861,polygon,2003.464179,None,2008.927849,None,2012.829633,None,TRUE,3.9381792,3.9385884,0.580555556,0.210185185,1,0,0,3.9381792,two_up_right,18,1,2021_Dec_29_1204,untitled_1,2020.2.6,60.06034864
ירוק,green,x,1,Image_certainty//image145_alemnt12.jpg,12.jpg,two_down_left,two_down_right,widespread,certainty,,,,,,,,,0,156,156,145,2015.396162,2015.595356,x,1,1.119201,2015.396162,None,0,0,1,0,0,0.5647556,polygon,2013.329472,None,2017.576771,None,2020.431405,None,TRUE,2.8879215,2.8920816,0.733333333,-0.272222222,1,0,0,2.8879215,two_down_right,18,1,2021_Dec_29_1204,untitled_1,2020.2.6,60.06034864
אדום,blue,c,0,Image_certainty//image13_alemnt2.jpg,2.jpg,two_up_left,one_down_right,infrequent,certainty,,,,,,,,,0,157,157,13,2023.128473,2023.328364,None,0,,2023.128473,None,0,0,1,0,0,0.6844806,polygon,2020.945201,None,2025.366066,None,2029.852265,None,TRUE,4.5227894,4.5278583,0.425925926,-0.228703704,1,0,0,4.5227894,one_down_right,18,1,2021_Dec_29_1204,untitled_1,2020.2.6,60.06034864
ירוק,green,x,1,Image_certainty//image193_alemnt12.jpg,12.jpg,three_middle_left,three_middle_right,widespread,certainty,,,,,,,,,0,158,158,193,2032.377209,2032.577006,None,0,,2032.377209,None,0,0,1,0,0,0.5161708,polygon,2030.360376,None,2034.623246,None,2038.032338,None,TRUE,3.454627,3.4586253,0.744444444,0.061111111,1,0,0,3.454627,three_middle_right,18,1,2021_Dec_29_1204,untitled_1,2020.2.6,60.06034864
ירוק,blue,c,0,Image_certainty//image33_alemnt13.jpg,13.jpg,three_middle_left,two_middle_right,widespread,certainty,,,,,,,,,0,159,159,33,2040.792981,2040.992573,None,0,,2040.792981,None,0,0,1,0,0,0.747721,polygon,2038.542944,None,2043.030659,None,2044.958241,None,TRUE,1.9698828,1.9718066,0.541666667,-0.055555556,1,0,0,1.9698828,two_middle_right,18,1,2021_Dec_29_1204,untitled_1,2020.2.6,60.06034864
כחול,blue,c,1,Image_certainty//image134_alemnt9.jpg,9.jpg,two_down_left,three_middle_right,widespread,certainty,,,,,,,,,0,160,160,134,2047.475108,2047.675212,c,1,0.954071,2047.475108,None,0,0,1,0,0,0.5166166,polygon,2045.458679,None,2049.496329,2058.493717,2058.506771,None,,,,,,,,,,,18,1,2021_Dec_29_1204,untitled_1,2020.2.6,60.06034864
כחול,blue,c,1,Image_certainty//image146_alemnt12.jpg,12.jpg,one_up_left,two_middle_right,widespread,certainty,,,,,,,,,0,161,161,146,2062.256764,2062.456431,c,1,0.9135337,2062.256764,None,-0.00462963,0.006481481,1,0,0,1.7476983,polygon,2059.006925,None,2064.228366,2073.224737,2073.238269,None,,,,,,,,,,,18,1,2021_Dec_29_1204,untitled_1,2020.2.6,60.06034864
אדום,red,z,1,Image_certainty//image102_alemnt1.jpg,1.jpg,three_middle_left,two_middle_right,infrequent,certainty,,,,,,,,,0,162,162,102,2076.72161,2076.921336,z,1,0.7371193,2076.72161,None,0.003703704,-0.007407407,1,0,0,1.4799827,polygon,2073.738508,None,2078.520867,None,2082.93651,None,TRUE,4.4549454,4.4560803,0.547222222,-0.028703704,1,0,0,4.4549454,two_middle_right,18,1,2021_Dec_29_1204,untitled_1,2020.2.6,60.06034864
כחול,blue,c,1,Image_certainty//image188_alemnt9.jpg,9.jpg,two_up_left,two_down_right,widespread,certainty,,,,,,,,,0,163,163,188,2085.770438,2085.97019,c,1,0.9945967,2085.770438,None,0,0,1,0,0,0.8334637,polygon,2083.437194,None,2087.834468,2096.822132,2096.835211,None,,,,,,,,,,,18,1,2021_Dec_29_1204,untitled_1,2020.2.6,60.06034864
אדום,red,z,1,Image_certainty//image153_alemnt9.jpg,9.jpg,three_middle_left,two_middle_right,widespread,certainty,,,,,,,,,0,164,164,153,2099.918428,2100.118441,z,1,0.663138,2099.918428,None,-0.00462963,0.005555556,1,0,0,1.0812653,polygon,2097.335103,None,2101.647362,None,2106.067026,None,TRUE,4.4689479,4.4701949,0.54537037,-0.027777778,1,0,0,4.4689479,two_middle_right,18,1,2021_Dec_29_1204,untitled_1,2020.2.6,60.06034864
כחול,blue,c,1,Image_certainty//image110_alemnt5.jpg,5.jpg,three_middle_left,one_up_right,infrequent,certainty,,,,,,,,,0,165,165,110,2108.567165,2108.767218,c,1,0.927965,2108.567165,None,0,0,1,0,0,0.4977851,polygon,2106.567581,None,2110.559198,2119.55215,2119.565461,None,,,,,,,,,,,18,1,2021_Dec_29_1204,untitled_1,2020.2.6,60.06034864
ירוק,green,x,1,Image_certainty//image106_alemnt5.jpg,5.jpg,one_down_left,three_middle_right,infrequent,certainty,,,,,,,,,0,166,166,106,2124.648646,2124.848156,x,1,1.072562,2124.648646,None,-0.011111111,-0.012962963,1,0,0,1.2655826,polygon,2120.065403,None,2126.792173,None,2130.580328,None,TRUE,3.8366485,3.8386367,0.734259259,0.077777778,1,0,0,3.8366485,three_middle_right,18,1,2021_Dec_29_1204,untitled_1,2020.2.6,60.06034864
אדום,blue,c,0,Image_certainty//image79_alemnt13.jpg,13.jpg,one_down_left,one_up_right,widespread,certainty,,,,,,,,,0,167,167,79,2133.097774,2133.297548,None,0,,2133.097774,None,0,0,1,0,0,0.5133159,polygon,2131.080943,None,2135.334979,None,2140.213767,None,TRUE,4.9205885,4.9215722,0.353703704,0.193518519,1,0,0,4.9205885,one_up_right,18,1,2021_Dec_29_1204,untitled_1,2020.2.6,60.06034864
ירוק,green,x,1,Image_certainty//image148_alemnt13.jpg,13.jpg,one_middle_left,two_up_right,widespread,certainty,,,,,,,,,0,168,168,148,2142.829772,2143.029517,None,0,,2142.829772,None,0,0,1,0,0,0.6131695,polygon,2140.713147,None,2145.069336,None,2151.744324,None,TRUE,6.7200433,6.7202528,0.614814815,0.20462963,1,0,0,6.7200433,two_up_right,18,1,2021_Dec_29_1204,untitled_1,2020.2.6,60.06034864
כחול,green,x,0,Image_certainty//image35_alemnt8.jpg,8.jpg,two_down_left,one_up_right,widespread,certainty,,,,,,,,,0,169,169,35,2154.261554,2154.46132,None,0,,2154.261554,None,0,0,1,0,0,0.5131918,polygon,2152.244822,None,2156.51078,None,2161.662112,None,TRUE,5.2049923,5.2059942,0.368518519,0.185185185,1,0,0,5.2049923,one_up_right,18,1,2021_Dec_29_1204,untitled_1,2020.2.6,60.06034864
ירוק,green,x,1,Image_certainty//image124_alemnt10.jpg,10.jpg,one_up_left,two_middle_right,widespread,certainty,,,,,,,,,0,170,170,124,2164.343606,2164.543416,x,1,0.8226906,2164.343606,None,0,0,1,0,0,0.664492,polygon,2162.177081,None,2166.233767,None,2171.091864,None,TRUE,4.9048283,4.9059959,0.52962963,-0.067592593,1,0,0,4.9048283,two_middle_right,18,1,2021_Dec_29_1204,untitled_1,2020.2.6,60.06034864
אדום,red,z,1,Image_certainty//image120_alemnt12.jpg,12.jpg,two_up_left,two_up_right,widespread,certainty,,,,,,,,,0,171,171,120,2173.825799,2174.025663,z,1,0.8117599,2173.825799,None,0,0,1,0,0,0.7295757,polygon,2171.592361,None,2175.696715,2184.694316,2184.707088,None,,,,,,,,,,,18,1,2021_Dec_29_1204,untitled_1,2020.2.6,60.06034864
ירוק,green,x,1,Image_certainty//image121_alemnt12.jpg,12.jpg,two_down_left,three_middle_right,widespread,certainty,,,,,,,,,0,172,172,121,2190.307038,2190.506758,None,0,,2190.307038,None,0.012962963,0.012037037,1,0,0,1.2135655,polygon,2185.20716,None,2192.556213,None,2196.338665,None,TRUE,3.8374652,3.8387387,0.741666667,0.083333333,1,0,0,3.8374652,three_middle_right,18,1,2021_Dec_29_1204,untitled_1,2020.2.6,60.06034864
אדום,red,z,1,Image_certainty//image159_alemnt13.jpg,13.jpg,one_middle_left,two_middle_right,widespread,certainty,,,,,,,,,0,173,173,159,2198.722624,2198.922341,z,1,0.8444198,2198.722624,None,0,0,1,0,0,0.3810878,polygon,2196.83891,None,2200.6335,None,2202.907142,None,TRUE,2.3208239,2.3236675,0.594444444,-0.055555556,1,0,0,2.3208239,two_middle_right,18,1,2021_Dec_29_1204,untitled_1,2020.2.6,60.06034864
ירוק,green,x,1,Image_certainty//image178_alemnt8.jpg,8.jpg,two_up_left,one_up_right,widespread,certainty,,,,,,,,,0,174,174,178,2205.971655,2206.171427,None,0,,2205.971655,None,0,0,1,0,0,1.0664571,polygon,2203.421802,None,2208.216274,None,2214.336329,None,TRUE,6.1698992,6.1701976,0.371296296,0.197222222,1,0,0,6.1698992,one_up_right,18,1,2021_Dec_29_1204,untitled_1,2020.2.6,60.06034864
כחול,green,x,0,Image_certainty//image83_alemnt14.jpg,14.jpg,one_down_left,one_middle_right,widespread,certainty,,,,,,,,,0,175,175,83,2216.720297,2216.919743,x,1,0.8647239,2216.720297,None,0,0,1,0,0,0.385519,polygon,2214.83699,None,2218.650098,None,2220.842015,None,TRUE,2.2423817,2.2445313,0.372222222,-0.016666667,1,0,0,2.2423817,one_middle_right,18,1,2021_Dec_29_1204,untitled_1,2020.2.6,60.06034864
כחול,blue,c,1,Image_certainty//image182_alemnt9.jpg,9.jpg,one_up_left,two_middle_right,widespread,certainty,,,,,,,,,0,176,176,182,2223.302745,2223.502462,c,1,1.041601,2223.302745,None,0,0,1,0,0,0.4474923,polygon,2221.352821,None,2225.406471,None,2229.785173,None,TRUE,4.4221928,4.4231603,0.548148148,-0.037037037,1,0,0,4.4221928,two_middle_right,18,1,2021_Dec_29_1204,untitled_1,2020.2.6,60.06034864
כחול,blue,c,1,Image_certainty//image167_alemnt8.jpg,8.jpg,two_down_left,one_middle_right,widespread,certainty,,,,,,,,,0,177,177,167,2232.218216,2232.417813,None,0,,2232.218216,None,0,0,1,0,0,0.4300275,polygon,2230.284974,None,2234.459678,None,2237.803988,None,TRUE,3.3874419,3.390617,0.378703704,-0.00462963,1,0,0,3.3874419,one_middle_right,18,1,2021_Dec_29_1204,untitled_1,2020.2.6,60.06034864
ירוק,red,z,0,Image_certainty//image32_alemnt9.jpg,9.jpg,two_up_left,one_down_right,widespread,certainty,,,,,,,,,0,178,178,32,2241.183574,2241.383537,z,1,0.7264832,2241.183574,None,0,0,1,0,0,1.3639568,polygon,2238.317285,None,2242.971845,None,2246.351697,None,TRUE,3.4198879,3.4236888,0.459259259,-0.214814815,1,0,0,3.4198879,one_down_right,18,1,2021_Dec_29_1204,untitled_1,2020.2.6,60.06034864
ירוק,blue,c,0,Image_certainty//image3_alemnt4.jpg,4.jpg,one_middle_left,one_up_right,infrequent,certainty,,,,,,,,,0,179,179,3,2248.799483,2248.999181,c,1,0.8319558,2248.799483,None,0,0,1,0,0,0.4319087,polygon,2246.866213,None,2250.687785,None,2253.231994,None,TRUE,2.5886533,2.5893238,0.371296296,0.19537037,1,0,0,2.5886533,one_up_right,18,1,2021_Dec_29_1204,untitled_1,2020.2.6,60.06034864
כחול,blue,c,1,Image_certainty//image173_alemnt12.jpg,12.jpg,two_up_left,three_middle_right,widespread,certainty,,,,,,,,,0,180,180,173,2255.748561,2255.94799,c,1,1.0795975,2255.748561,None,0,0,1,0,0,0.5156936,polygon,2253.731773,None,2257.885302,None,2261.097153,None,TRUE,3.253123,3.2544167,0.696296296,0.057407407,1,0,0,3.253123,three_middle_right,18,1,2021_Dec_29_1204,untitled_1,2020.2.6,60.06034864
אדום,red,z,1,Image_certainty//image114_alemnt2.jpg,2.jpg,one_middle_left,one_middle_right,infrequent,certainty,,,,,,,,,0,181,181,114,2263.564293,2263.763985,z,1,0.758186,2263.564293,None,0,0,1,0,0,0.4644584,polygon,2261.59743,None,2265.392543,None,2267.279675,None,TRUE,1.9377415,1.9391305,0.400925926,-0.001851852,1,0,0,1.9377415,one_middle_right,18,1,2021_Dec_29_1204,untitled_1,2020.2.6,60.06034864
ירוק,red,z,0,Image_certainty//image68_alemnt14.jpg,14.jpg,one_down_left,two_down_right,widespread,certainty,,,,,,,,,0,182,182,68,2269.863184,2270.063187,None,0,,2269.863184,None,0,0,1,0,0,0.5826521,polygon,2267.780169,None,2272.096098,None,2275.935044,None,TRUE,3.8708474,3.8763251,0.699074074,-0.187037037,1,0,0,3.8708474,two_down_right,18,1,2021_Dec_29_1204,untitled_1,2020.2.6,60.06034864
ירוק,blue,c,0,Image_certainty//image57_alemnt13.jpg,13.jpg,two_down_left,two_middle_right,widespread,certainty,,,,,,,,,0,183,183,57,2278.362114,2278.562111,None,0,,2278.362114,None,0,0,1,0,0,0.413515,polygon,2276.445759,None,2280.610581,None,2285.712185,None,TRUE,5.1528046,5.1552392,0.562037037,-0.038888889,1,0,0,5.1528046,two_middle_right,18,1,2021_Dec_29_1204,untitled_1,2020.2.6,60.06034864
אדום,red,z,1,Image_certainty//image162_alemnt10.jpg,10.jpg,two_down_left,two_middle_right,widespread,certainty,,,,,,,,,0,184,184,162,2288.144386,2288.343921,z,1,0.5738846,2288.144386,None,0,0,1,0,0,0.4141058,polygon,2286.227732,None,2289.790472,None,2294.615137,None,TRUE,4.8707422,4.8743407,0.57962963,-0.040740741,1,0,0,4.8707422,two_middle_right,18,1,2021_Dec_29_1204,untitled_1,2020.2.6,60.06034864
כחול,blue,c,1,Image_certainty//image152_alemnt14.jpg,14.jpg,one_middle_left,one_middle_right,widespread,certainty,,,,,,,,,0,185,185,152,2297.226606,2297.42625,c,1,0.8842665,2297.226606,None,0,0,1,0,0,0.6123738,polygon,2295.12658,None,2299.162943,None,2302.130109,None,TRUE,3.0050696,3.0083779,0.383333333,-0.010185185,1,0,0,3.0050696,one_middle_right,18,1,2021_Dec_29_1204,untitled_1,2020.2.6,60.06034864
כחול,blue,c,1,Image_certainty//image197_alemnt11.jpg,11.jpg,two_down_left,two_middle_right,widespread,certainty,,,,,,,,,0,186,186,197,2304.625416,2304.825354,c,1,1.123286,2304.625416,None,0,0,1,0,0,0.4958617,polygon,2302.642314,None,2306.806874,2315.794037,2315.80682,None,,,,,,,,,,,18,1,2021_Dec_29_1204,untitled_1,2020.2.6,60.06034864
כחול,blue,c,1,Image_certainty//image185_alemnt14.jpg,14.jpg,three_middle_left,three_middle_right,widespread,certainty,,,,,,,,,0,187,187,185,2318.373876,2318.573576,c,1,0.830956,2318.373876,None,0,0,1,0,0,0.5647947,polygon,2316.307288,None,2320.261941,2329.258591,2329.27181,None,,,,,,,,,,,18,1,2021_Dec_29_1204,untitled_1,2020.2.6,60.06034864
אדום,red,z,1,Image_certainty//image108_alemnt2.jpg,2.jpg,one_down_left,one_up_right,infrequent,certainty,,,,,,,,,0,188,188,108,2333.871644,2334.071562,None,0,,2333.871644,None,0.011111111,0.011111111,1,0,0,1.0494248,polygon,2329.772161,None,2336.117407,None,2339.253601,None,TRUE,,3.1892467,,,,,,,,18,1,2021_Dec_29_1204,untitled_1,2020.2.6,60.06034864
אדום,red,z,1,Image_certainty//image195_alemnt10.jpg,10.jpg,one_down_left,two_middle_right,widespread,certainty,,,,,,,,,0,189,189,195,2341.720963,2341.920624,z,1,0.6817723,2341.720963,None,0,0,1,0,0,0.4641181,polygon,2339.754257,None,2343.461741,None,2346.389393,None,TRUE,2.9742348,2.9754043,0.573148148,-0.04537037,1,0,0,2.9742348,two_middle_right,18,1,2021_Dec_29_1204,untitled_1,2020.2.6,60.06034864
ירוק,blue,c,0,Image_certainty//image51_alemnt14.jpg,14.jpg,three_middle_left,one_down_right,widespread,certainty,,,,,,,,,0,190,190,51,2348.819749,2349.019661,c,1,0.9675583,2348.819749,None,0,0,1,0,0,0.4141744,polygon,2346.903344,None,2350.841075,None,2353.740278,None,TRUE,2.9384056,2.941763,0.437037037,-0.235185185,1,0,0,2.9384056,one_down_right,18,1,2021_Dec_29_1204,untitled_1,2020.2.6,60.06034864
כחול,green,x,0,Image_certainty//image89_alemnt13.jpg,13.jpg,two_up_left,three_middle_right,widespread,certainty,,,,,,,,,0,191,191,89,2356.285428,2356.485486,c,0,1.146253,2356.285428,None,0,0,1,0,0,0.5344724,polygon,2354.252412,None,2358.497612,2367.487295,2367.500431,None,,,,,,,,,,,18,1,2021_Dec_29_1204,untitled_1,2020.2.6,60.06034864
כחול,green,x,0,Image_certainty//image17_alemnt5.jpg,5.jpg,two_up_left,two_down_right,infrequent,certainty,,,,,,,,,0,192,192,17,2370.41659,2370.616947,None,0,,2370.41659,None,0,0,1,0,0,0.9169385,polygon,2368.000457,None,2372.654479,None,2378.056529,None,TRUE,5.4373442,5.4427896,0.69537037,-0.222222222,1,0,0,5.4373442,two_down_right,18,1,2021_Dec_29_1204,untitled_1,2020.2.6,60.06034864
אדום,blue,c,0,Image_certainty//image85_alemnt14.jpg,14.jpg,two_down_left,three_middle_right,widespread,certainty,,,,,,,,,0,193,193,85,2380.465832,2380.665675,c,1,0.9678024,2380.465832,None,0,0,1,0,0,0.4120461,polygon,2378.565966,None,2382.506044,2391.500642,2391.514261,None,,,,,,,,,,,18,1,2021_Dec_29_1204,untitled_1,2020.2.6,60.06034864
ירוק,red,z,0,Image_certainty//image44_alemnt11.jpg,11.jpg,two_middle_left,one_up_right,widespread,certainty,,,,,,,,,0,194,194,44,2394.497533,2394.696906,z,1,0.6821274,2394.497533,None,-0.014814815,0.001851852,1,0,0,0.9798352,polygon,2392.014124,None,2396.226524,None,2398.348856,None,TRUE,2.1564858,2.1571861,0.332407407,0.197222222,1,0,0,2.1564858,one_up_right,18,1,2021_Dec_29_1204,untitled_1,2020.2.6,60.06034864
אדום,red,z,1,Image_certainty//image177_alemnt11.jpg,11.jpg,two_down_left,three_middle_right,widespread,certainty,,,,,,,,,0,195,195,177,2400.879416,2401.079402,z,1,0.6253486,2400.879416,None,0,0,1,0,0,0.5141998,polygon,2398.863083,None,2402.565124,None,2406.211667,None,TRUE,3.6860165,3.6882777,0.718518519,0.061111111,1,0,0,3.6860165,three_middle_right,18,1,2021_Dec_29_1204,untitled_1,2020.2.6,60.06034864
כחול,blue,c,1,Image_certainty//image194_alemnt11.jpg,11.jpg,three_middle_left,two_down_right,widespread,certainty,,,,,,,,,0,196,196,194,2408.895558,2409.095142,None,0,,2408.895558,None,0,0,1,0,0,0.6814088,polygon,2406.712275,None,2411.139161,None,2417.250687,None,TRUE,6.1542521,6.1596179,0.7,-0.234259259,1,0,0,6.1542521,two_down_right,18,1,2021_Dec_29_1204,untitled_1,2020.2.6,60.06034864
ירוק,green,x,1,Image_certainty//image199_alemnt9.jpg,9.jpg,one_up_left,one_down_right,widespread,certainty,,,,,,,,,0,197,197,199,2419.82747,2420.027344,x,1,1.0890044,2419.82747,None,0,0,1,0,0,0.5631175,polygon,2417.760921,None,2421.988736,2430.9787,2430.992188,None,,,,,,,,,,,18,1,2021_Dec_29_1204,untitled_1,2020.2.6,60.06034864
כחול,green,x,0,Image_certainty//image41_alemnt12.jpg,12.jpg,two_up_left,one_up_right,widespread,certainty,,,,,,,,,0,198,198,41,2434.342105,2434.541695,None,0,,2434.342105,None,0.001851852,0.00462963,1,0,0,1.3487312,polygon,2431.491972,None,2436.587935,None,2445.55707,None,,,,,,,,,,,18,1,2021_Dec_29_1204,untitled_1,2020.2.6,60.06034864
ירוק,green,x,1,Image_certainty//image103_alemnt1.jpg,1.jpg,two_down_left,one_middle_right,infrequent,certainty,,,,,,,,,0,199,199,103,2450.84016,2451.039634,x,1,1.1593529,2450.84016,None,0.013888889,0.015740741,1,0,0,1.7660819,polygon,2446.05726,None,2453.05389,2462.041247,2462.054789,None,,,,,,,,,,,18,1,2021_Dec_29_1204,untitled_1,2020.2.6,60.06034864
,,,,,,,,,,,,,,,,,,,,,,,,,,,,,,,,,,,,,,,,,,,,,,,,,,,,,,,,,
,,,,,,,,,,,,,,,,,,,,,,,,,,,,,,,,,,,,,,,,,,,,,,,,,,,,,,,,,
,,,,,,,,,,,,,,,,,,,,,,,,,,,,,,,,,,,,,,,,,,,4.4137609,,,,,,,,,,,,,,
,,,,,,,,,,,,,,,,,,,,,,,,,,,,,,,,,,,,,,,,,,,1.89580275,,,,,,,,,,,,,,
