﻿word,letterColor,corrAns,congruent,imageTrain,true_shaps,corrAnsLeft,corrAnsRight,common,experiment,stroop_loop.thisRepN,stroop_loop.thisTrialN,stroop_loop.thisN,stroop_loop.thisIndex,trail_certaninty.thisRepN,trail_certaninty.thisTrialN,trail_certaninty.thisN,trail_certaninty.thisIndex,test_certaincy.thisRepN,test_certaincy.thisTrialN,test_certaincy.thisN,test_certaincy.thisIndex,stroop_text.started,stroop_text.stopped,stroop_anser.keys,stroop_anser.corr,stroop_anser.rt,stroop_anser.started,stroop_anser.stopped,test_fixability_certity.x,test_fixability_certity.y,test_fixability_certity.leftButton,test_fixability_certity.midButton,test_fixability_certity.rightButton,test_fixability_certity.time,test_fixability_certity.clicked_name,test_fixability_certity.started,test_fixability_certity.stopped,test_certainty_anser_currect,finalClickTime,test_certainty_anser_time,test_certainty_mouse.x,test_certainty_mouse.y,test_certainty_mouse.leftButton,test_certainty_mouse.midButton,test_certainty_mouse.rightButton,test_certainty_mouse.time,test_certainty_mouse.clicked_name,test_certainty_mouse.started,test_certainty_mouse.stopped,text_5.started,text_5.stopped,participant,session,date,expName,psychopyVersion,frameRate
כחול,blue,c,1,,,,,,,0,0,0,4,,,,,,,,,25.9396058,26.1389661,c,1,0.8428705,25.9396058,None,,,,,,,,,,,,,,,,,,,,,,,,19,1,2021_Dec_29_1302,untitled_1,2020.2.6,59.84397479
ירוק,blue,c,0,,,,,,,0,1,1,3,,,,,,,,,31.3721402,31.5716296,x,0,0.7954939,31.3721402,None,,,,,,,,,,,,,,,,,,,,,,,,19,1,2021_Dec_29_1302,untitled_1,2020.2.6,59.84397479
אדום,red,z,1,,,,,,,0,2,2,0,,,,,,,,,36.7549698,36.9544165,z,1,0.7240215,36.7549698,None,,,,,,,,,,,,,,,,,,,,,,,,19,1,2021_Dec_29_1302,untitled_1,2020.2.6,59.84397479
אדום,green,x,0,,,,,,,0,3,3,1,,,,,,,,,42.0542132,42.2535957,None,0,,42.0542132,None,,,,,,,,,,,,,,,,,,,,,,,,19,1,2021_Dec_29_1302,untitled_1,2020.2.6,59.84397479
ירוק,green,x,1,,,,,,,0,4,4,2,,,,,,,,,47.7866948,47.9861363,x,1,1.0588628,47.7866948,None,,,,,,,,,,,,,,,,,,,,,,,,19,1,2021_Dec_29_1302,untitled_1,2020.2.6,59.84397479
כחול,red,z,0,,,,,,,0,5,5,5,,,,,,,,,53.4194146,53.6191291,z,1,1.1076738,53.4194146,None,,,,,,,,,,,,,,,,,,,,,,,,19,1,2021_Dec_29_1302,untitled_1,2020.2.6,59.84397479
כחול,blue,c,1,,,,,,,1,0,6,4,,,,,,,,,59.0853804,59.2851209,c,1,0.7700002,59.0853804,None,,,,,,,,,,,,,,,,,,,,,,,,19,1,2021_Dec_29_1302,untitled_1,2020.2.6,59.84397479
אדום,green,x,0,,,,,,,1,1,7,1,,,,,,,,,64.4346723,64.6343477,x,1,1.1328247,64.4346723,None,,,,,,,,,,,,,,,,,,,,,,,,19,1,2021_Dec_29_1302,untitled_1,2020.2.6,59.84397479
ירוק,blue,c,0,,,,,,,1,2,8,3,,,,,,,,,70.1339082,70.3338564,c,1,0.8595054,70.1339082,None,,,,,,,,,,,,,,,,,,,,,,,,19,1,2021_Dec_29_1302,untitled_1,2020.2.6,59.84397479
ירוק,green,x,1,,,,,,,1,3,9,2,,,,,,,,,75.5663154,75.7657051,x,1,0.8563969,75.5663154,None,,,,,,,,,,,,,,,,,,,,,,,,19,1,2021_Dec_29_1302,untitled_1,2020.2.6,59.84397479
אדום,red,z,1,,,,,,,1,4,10,0,,,,,,,,,80.9992245,81.1990383,z,1,0.4881237,80.9992245,None,,,,,,,,,,,,,,,,,,,,,,,,19,1,2021_Dec_29_1302,untitled_1,2020.2.6,59.84397479
כחול,red,z,0,,,,,,,1,5,11,5,,,,,,,,,86.0651687,86.2649776,z,1,1.0802926,86.0651687,None,,,,,,,,,,,,,,,,,,,,,,,,19,1,2021_Dec_29_1302,untitled_1,2020.2.6,59.84397479
כחול,red,z,0,,,,,,,2,0,12,5,,,,,,,,,91.6978424,91.8976239,z,1,0.6647485,91.6978424,None,,,,,,,,,,,,,,,,,,,,,,,,19,1,2021_Dec_29_1302,untitled_1,2020.2.6,59.84397479
ירוק,blue,c,0,,,,,,,2,1,13,3,,,,,,,,,96.9301802,97.1302416,c,1,0.9749883,96.9301802,None,,,,,,,,,,,,,,,,,,,,,,,,19,1,2021_Dec_29_1302,untitled_1,2020.2.6,59.84397479
אדום,green,x,0,,,,,,,2,2,14,1,,,,,,,,,102.4630991,102.6626854,x,1,0.6650912,102.4630991,None,,,,,,,,,,,,,,,,,,,,,,,,19,1,2021_Dec_29_1302,untitled_1,2020.2.6,59.84397479
אדום,red,z,1,,,,,,,2,3,15,0,,,,,,,,,107.6954879,107.895532,z,1,0.8002004,107.6954879,None,,,,,,,,,,,,,,,,,,,,,,,,19,1,2021_Dec_29_1302,untitled_1,2020.2.6,59.84397479
כחול,blue,c,1,,,,,,,2,4,16,4,,,,,,,,,113.0780078,113.2781088,c,1,0.7657683,113.0780078,None,,,,,,,,,,,,,,,,,,,,,,,,19,1,2021_Dec_29_1302,untitled_1,2020.2.6,59.84397479
ירוק,green,x,1,,,,,,,2,5,17,2,,,,,,,,,118.3943163,118.5941581,x,1,0.5943896,118.3943163,None,,,,,,,,,,,,,,,,,,,,,,,,19,1,2021_Dec_29_1302,untitled_1,2020.2.6,59.84397479
ירוק,blue,c,0,train_Image_certainty//image3_alemnt3.jpg,3.jpg,two_down_left,three_middle_right,widespread,train_certainty,,,,,0,0,0,2,,,,,138.9418688,139.141604,x,0,0.7457235,138.9418688,None,0,0,0,0,1,1.1153035,polygon,136.3338739,None,TRUE,2.80342,2.8044743,0.722222222,0.072222222,0,0,1,2.80342,three_middle_right,141.8234068,None,146.5738431,None,19,1,2021_Dec_29_1302,untitled_1,2020.2.6,59.84397479
אדום,blue,c,0,train_Image_certainty//image7_alemnt7.jpg,7.jpg,one_middle_left,one_up_right,widespread,train_certainty,,,,,0,1,1,6,,,,,148.9072108,149.1069903,x,0,0.8125053,148.9072108,None,0,0,0,0,1,0.3446122,polygon,147.0738374,None,TRUE,7.4855673,7.4862707,0.350925926,0.187962963,0,0,1,7.4855673,one_up_right,151.8134813,None,161.2719491,None,19,1,2021_Dec_29_1302,untitled_1,2020.2.6,59.84397479
כחול,blue,c,1,train_Image_certainty//image14_alemnt14.jpg,14.jpg,three_middle_left,one_middle_right,widespread,train_certainty,,,,,0,2,2,13,,,,,163.7050931,163.9050404,c,1,0.6988193,163.7050931,None,0,0,0,0,1,0.4309405,polygon,161.7719436,None,TRUE,1.5698772,1.5721641,0.426851852,-0.011111111,0,0,1,1.5698772,one_middle_right,166.4953373,None,170.0375204,None,19,1,2021_Dec_29_1302,untitled_1,2020.2.6,59.84397479
כחול,green,x,0,train_Image_certainty//image5_alemnt5.jpg,5.jpg,one_middle_left,three_middle_right,widespread,train_certainty,,,,,0,3,3,4,,,,,172.3375882,172.5373341,x,1,0.8140952,172.3375882,None,0,0,0,0,1,0.2978683,polygon,170.53751,None,TRUE,7.3842946,7.385965,0.708333333,0.052777778,0,0,1,7.3842946,three_middle_right,175.2420657,None,184.6021417,None,19,1,2021_Dec_29_1302,untitled_1,2020.2.6,59.84397479
ירוק,red,z,0,train_Image_certainty//image8_alemnt8.jpg,8.jpg,two_down_left,two_middle_right,widespread,train_certainty,,,,,0,4,4,7,,,,,187.1686617,187.3687001,z,1,0.9795856,187.1686617,None,0,0,0,0,1,0.5646819,polygon,185.102287,None,TRUE,5.9570353,5.9608399,0.551851852,-0.040740741,0,0,1,5.9570353,two_middle_right,190.2426312,None,198.1839446,None,19,1,2021_Dec_29_1302,untitled_1,2020.2.6,59.84397479
כחול,red,z,0,train_Image_certainty//image4_alemnt4.jpg,4.jpg,two_middle_left,two_up_right,widespread,train_certainty,,,,,0,5,5,3,,,,,200.7671858,200.9670066,z,1,0.7090845,200.7671858,None,0,0,0,0,1,0.5841995,polygon,198.6838411,None,,,,,,,,,,,203.5701002,212.5678526,214.5984877,None,19,1,2021_Dec_29_1302,untitled_1,2020.2.6,59.84397479
כחול,blue,c,1,train_Image_certainty//image11_alemnt11.jpg,11.jpg,two_down_left,one_down_right,widespread,train_certainty,,,,,0,6,6,10,,,,,216.9484483,217.1482369,x,0,0.9324102,216.9484483,None,0,0,0,0,1,0.3475588,polygon,215.0984433,None,TRUE,6.2023788,6.2058032,0.458333333,-0.228703704,0,0,1,6.2023788,one_down_right,219.9730301,None,228.1464004,None,19,1,2021_Dec_29_1302,untitled_1,2020.2.6,59.84397479
ירוק,green,x,1,train_Image_certainty//image10_alemnt10.jpg,10.jpg,two_up_left,three_middle_right,widespread,train_certainty,,,,,0,7,7,9,,,,,230.6298407,230.8297353,x,1,0.9807525,230.6298407,None,0,0,0,0,1,0.4811205,polygon,228.6466187,None,TRUE,4.2373925,4.2406258,0.72037037,0.055555556,0,0,1,4.2373925,three_middle_right,233.7013358,None,239.9118635,None,19,1,2021_Dec_29_1302,untitled_1,2020.2.6,59.84397479
אדום,green,x,0,train_Image_certainty//image6_alemnt6.jpg,6.jpg,one_middle_left,two_up_right,widespread,train_certainty,,,,,0,8,8,5,,,,,242.3786165,242.5777837,c,0,1.0924725,242.3786165,None,0,0,0,0,1,0.4643509,polygon,240.411858,None,,,,,,,,,,,245.5685692,254.5629378,256.5930462,None,19,1,2021_Dec_29_1302,untitled_1,2020.2.6,59.84397479
אדום,blue,c,0,train_Image_certainty//image1_alemnt1.jpg,1.jpg,two_middle_left,one_down_right,widespread,train_certainty,,,,,0,9,9,0,,,,,258.9263889,259.1261975,x,0,0.7984275,258.9263889,None,0,0,0,0,1,0.3337273,polygon,257.0929827,None,TRUE,2.820868,2.8243201,0.435185185,-0.202777778,0,0,1,2.820868,one_down_right,261.8142963,None,266.6084538,None,19,1,2021_Dec_29_1302,untitled_1,2020.2.6,59.84397479
ירוק,blue,c,0,train_Image_certainty//image9_alemnt9.jpg,9.jpg,two_up_left,one_middle_right,widespread,train_certainty,,,,,0,10,10,8,,,,,268.9585326,269.1582724,x,0,1.1089303,268.9585326,None,0,0,0,0,1,0.3501447,polygon,267.1084047,None,TRUE,2.0699011,2.0716177,0.397222222,0.001851852,0,0,1,2.0699011,one_middle_right,272.1664304,None,276.2071741,None,19,1,2021_Dec_29_1302,untitled_1,2020.2.6,59.84397479
ירוק,green,x,1,train_Image_certainty//image13_alemnt13.jpg,13.jpg,two_up_left,one_up_right,widespread,train_certainty,,,,,0,11,11,12,,,,,278.5239128,278.7235818,x,1,0.928818,278.5239128,None,0,0,0,0,1,0.3288607,polygon,276.7071543,None,TRUE,5.4365543,5.4376021,0.360185185,0.187962963,0,0,1,5.4365543,one_up_right,281.5287613,None,288.9555817,None,19,1,2021_Dec_29_1302,untitled_1,2020.2.6,59.84397479
אדום,red,z,1,train_Image_certainty//image15_alemnt1.jpg,1.jpg,one_up_left,one_middle_right,infrequent,train_certainty,,,,,0,12,12,14,,,,,291.3388874,291.5386997,z,1,0.455426,291.3388874,None,0,0,0,0,1,0.3808159,polygon,289.455565,None,TRUE,7.4218561,7.4230277,0.409259259,0.005555556,0,0,1,7.4218561,one_middle_right,293.8931406,None,303.2870254,None,19,1,2021_Dec_29_1302,untitled_1,2020.2.6,59.84397479
אדום,red,z,1,train_Image_certainty//image12_alemnt12.jpg,12.jpg,one_down_left,one_up_right,widespread,train_certainty,,,,,0,13,13,11,,,,,305.7703228,305.9700679,z,1,0.6472851,305.7703228,None,0,0,0,0,1,0.4809469,polygon,303.787051,None,TRUE,2.5691517,2.5698061,0.321296296,0.155555556,0,0,1,2.5691517,one_up_right,308.5082821,None,313.052438,None,19,1,2021_Dec_29_1302,untitled_1,2020.2.6,59.84397479
ירוק,red,z,0,train_Image_certainty//image2_alemnt2.jpg,2.jpg,two_down_left,three_middle_right,widespread,train_certainty,,,,,0,14,14,1,,,,,315.3854692,315.5854255,z,1,1.1513422,315.3854692,None,0,0,0,0,1,0.351282,polygon,313.5524599,None,TRUE,5.5372449,5.5413903,0.731481481,0.035185185,0,0,1,5.5372449,three_middle_right,318.6332544,None,326.1508437,None,19,1,2021_Dec_29_1302,untitled_1,2020.2.6,59.84397479
ירוק,red,z,0,Image_certainty//image68_alemnt14.jpg,14.jpg,one_down_left,two_down_right,widespread,certainty,,,,,,,,,0,0,0,68,368.1622997,368.3621817,z,1,0.9696344,368.1622997,None,0,0,0,0,1,1.1015387,polygon,365.5657063,None,TRUE,5.1388687,5.1445765,0.696296296,-0.244444444,0,0,1,5.1388687,two_down_right,370.2084651,None,375.3028227,None,19,1,2021_Dec_29_1302,untitled_1,2020.2.6,59.84397479
כחול,blue,c,1,Image_certainty//image113_alemnt2.jpg,2.jpg,one_up_left,two_up_right,infrequent,certainty,,,,,,,,,0,1,1,113,377.7777647,377.9774836,None,0,,377.7777647,None,0,0,0,0,1,0.4781295,polygon,375.8112067,None,TRUE,2.9542878,2.9549262,0.592592593,0.187037037,0,0,1,2.9542878,two_up_right,380.0232314,None,382.9283989,None,19,1,2021_Dec_29_1302,untitled_1,2020.2.6,59.84397479
אדום,blue,c,0,Image_certainty//image55_alemnt12.jpg,12.jpg,three_middle_left,one_middle_right,widespread,certainty,,,,,,,,,0,2,2,55,385.4599421,385.6597813,None,0,,385.4599421,None,0,0,0,0,1,0.5160947,polygon,383.4434359,None,FALSE,7.850933,7.8527521,0.464814815,-0.205555556,0,0,1,7.850933,one_down_right,387.7003823,None,395.5080208,None,19,1,2021_Dec_29_1302,untitled_1,2020.2.6,59.84397479
ירוק,green,x,1,Image_certainty//image121_alemnt12.jpg,12.jpg,two_down_left,three_middle_right,widespread,certainty,,,,,,,,,0,3,3,121,397.9751478,398.1749119,None,0,,397.9751478,None,0,0,0,0,1,0.4644552,polygon,396.008393,None,TRUE,,4.0741271,,,,,,,,400.2215235,None,404.2411429,None,19,1,2021_Dec_29_1302,untitled_1,2020.2.6,59.84397479
כחול,blue,c,1,Image_certainty//image176_alemnt9.jpg,9.jpg,two_middle_left,one_down_right,widespread,certainty,,,,,,,,,0,4,4,176,406.7740018,406.9736904,None,0,,406.7740018,None,0,0,0,0,1,0.5303226,polygon,404.7404443,None,TRUE,5.253145,5.2565863,0.463888889,-0.203703704,0,0,1,5.253145,one_down_right,409.0145938,None,414.2238512,None,19,1,2021_Dec_29_1302,untitled_1,2020.2.6,59.84397479
אדום,red,z,1,Image_certainty//image162_alemnt10.jpg,10.jpg,two_down_left,two_middle_right,widespread,certainty,,,,,,,,,0,5,5,162,416.7893581,416.9891595,z,1,0.6955244,416.7893581,None,0,0,0,0,1,0.5619786,polygon,414.7394733,None,TRUE,5.4347014,5.435996,0.546296296,-0.037962963,0,0,1,5.4347014,two_middle_right,418.5555418,None,423.9376941,None,19,1,2021_Dec_29_1302,untitled_1,2020.2.6,59.84397479
אדום,green,x,0,Image_certainty//image12_alemnt1.jpg,1.jpg,one_up_left,two_up_right,infrequent,certainty,,,,,,,,,0,6,6,12,426.3048081,426.5045618,x,1,1.006338,426.3048081,None,0,0,0,0,1,0.365056,polygon,424.4380767,None,,,,,,,,,,,428.3836977,437.3725633,437.3860343,None,19,1,2021_Dec_29_1302,untitled_1,2020.2.6,59.84397479
ירוק,red,z,0,Image_certainty//image56_alemnt11.jpg,11.jpg,three_middle_left,two_up_right,widespread,certainty,,,,,,,,,0,7,7,56,440.0361544,440.2362305,z,1,1.0175291,440.0361544,None,0,0,0,0,1,0.6469909,polygon,437.8863015,None,TRUE,1.8559163,1.8561568,0.587962963,0.262962963,0,0,1,1.8559163,two_up_right,442.1292333,None,443.9349854,None,19,1,2021_Dec_29_1302,untitled_1,2020.2.6,59.84397479
אדום,green,x,0,Image_certainty//image48_alemnt9.jpg,9.jpg,one_down_left,one_down_right,widespread,certainty,,,,,,,,,0,8,8,48,454.6347063,454.8344043,x,1,0.8951051,454.6347063,None,-0.026851852,-0.012037037,0,0,1,0.7359966,polygon,444.4356054,None,TRUE,3.206273,3.2096682,0.437037037,-0.237962963,0,0,1,3.206273,one_down_right,456.5966847,None,459.7542756,None,19,1,2021_Dec_29_1302,untitled_1,2020.2.6,59.84397479
ירוק,blue,c,0,Image_certainty//image39_alemnt12.jpg,12.jpg,one_middle_left,one_middle_right,widespread,certainty,,,,,,,,,0,9,9,39,462.4165705,462.6166107,None,0,,462.4165705,None,0,0,0,0,1,0.6473427,polygon,460.2669551,None,TRUE,8.8864786,8.888719,0.407407407,0.010185185,0,0,1,8.8864786,one_middle_right,464.6614574,None,473.5007653,None,19,1,2021_Dec_29_1302,untitled_1,2020.2.6,59.84397479
כחול,blue,c,1,Image_certainty//image152_alemnt14.jpg,14.jpg,one_middle_left,one_middle_right,widespread,certainty,,,,,,,,,0,10,10,152,476.7150221,476.9148856,None,0,,476.7150221,None,0,0,0,0,1,1.1979933,polygon,474.0151228,None,TRUE,7.0066067,7.007572,0.39537037,-0.033333333,0,0,1,7.0066067,one_middle_right,478.9604573,None,485.9137231,None,19,1,2021_Dec_29_1302,untitled_1,2020.2.6,59.84397479
ירוק,green,x,1,Image_certainty//image166_alemnt14.jpg,14.jpg,two_middle_left,one_middle_right,widespread,certainty,,,,,,,,,0,11,11,166,488.4634953,488.6632532,None,0,,488.4634953,None,0,0,0,0,1,0.5474504,polygon,486.413606,None,TRUE,3.2057925,3.2090537,0.435185185,-0.012037037,0,0,1,3.2057925,one_middle_right,490.7080979,None,493.8692446,None,19,1,2021_Dec_29_1302,untitled_1,2020.2.6,59.84397479
ירוק,red,z,0,Image_certainty//image44_alemnt11.jpg,11.jpg,two_middle_left,one_up_right,widespread,certainty,,,,,,,,,0,12,12,44,496.1958621,496.3956095,z,1,0.8913922,496.1958621,None,0,0,0,0,1,0.331037,polygon,494.3792339,None,TRUE,7.9534041,7.9541162,0.357407407,0.162962963,0,0,1,7.9534041,one_up_right,498.159264,None,506.0608137,None,19,1,2021_Dec_29_1302,untitled_1,2020.2.6,59.84397479
ירוק,blue,c,0,Image_certainty//image27_alemnt8.jpg,8.jpg,three_middle_left,two_middle_right,widespread,certainty,,,,,,,,,0,13,13,27,509.4274632,509.6273705,None,0,,509.4274632,None,0.02037037,0,0,0,1,1.3643786,polygon,506.5605835,None,,,,,,,,,,,511.6720647,None,520.6420391,None,19,1,2021_Dec_29_1302,untitled_1,2020.2.6,59.84397479
ירוק,blue,c,0,Image_certainty//image33_alemnt13.jpg,13.jpg,three_middle_left,two_middle_right,widespread,certainty,,,,,,,,,0,14,14,33,523.4089791,523.6087722,c,1,0.975179,523.4089791,None,0,0,0,0,1,0.7654843,polygon,521.142336,None,TRUE,2.2361648,2.2380701,0.567592593,-0.061111111,0,0,1,2.2361648,two_middle_right,525.4476911,None,527.6413702,None,19,1,2021_Dec_29_1302,untitled_1,2020.2.6,59.84397479
כחול,red,z,0,Image_certainty//image52_alemnt13.jpg,13.jpg,one_middle_left,two_middle_right,widespread,certainty,,,,,,,,,0,15,15,52,530.0248217,530.2245794,z,1,0.9123259,530.0248217,None,0,0,0,0,1,0.3802891,polygon,528.1414056,None,,,,,,,,,,,531.9972783,540.9927415,541.0064407,None,19,1,2021_Dec_29_1302,untitled_1,2020.2.6,59.84397479
כחול,blue,c,1,Image_certainty//image122_alemnt14.jpg,14.jpg,one_down_left,two_up_right,widespread,certainty,,,,,,,,,0,16,16,122,543.7058391,543.9061581,c,1,0.9533826,543.7058391,None,0.002777778,0.001851852,0,0,1,0.6981081,polygon,541.5065444,None,TRUE,8.6536908,8.6541418,0.575,0.199074074,0,0,1,8.6536908,two_up_right,545.7335387,None,554.337617,None,19,1,2021_Dec_29_1302,untitled_1,2020.2.6,59.84397479
אדום,red,z,1,Image_certainty//image141_alemnt11.jpg,11.jpg,two_down_left,three_middle_right,widespread,certainty,,,,,,,,,0,17,17,141,556.788088,556.9879872,z,1,0.6451841,556.788088,None,0,0,0,0,1,0.4466283,polygon,554.8380574,None,TRUE,5.0726729,5.0753498,0.703703704,0.053703704,0,0,1,5.0726729,three_middle_right,558.5064932,None,563.5239201,None,19,1,2021_Dec_29_1302,untitled_1,2020.2.6,59.84397479
אדום,red,z,1,Image_certainty//image108_alemnt2.jpg,2.jpg,one_down_left,one_up_right,infrequent,certainty,,,,,,,,,0,18,18,108,565.8366744,566.0366641,z,1,0.6678813,565.8366744,None,0,0,0,0,1,0.3017729,polygon,564.0369273,None,TRUE,5.3034745,5.3038037,0.371296296,0.194444444,0,0,1,5.3034745,one_up_right,567.5778447,None,572.8352291,None,19,1,2021_Dec_29_1302,untitled_1,2020.2.6,59.84397479
אדום,green,x,0,Image_certainty//image24_alemnt13.jpg,13.jpg,three_middle_left,one_middle_right,widespread,certainty,,,,,,,,,0,19,19,24,575.2857184,575.4854685,x,1,1.0971579,575.2857184,None,0,0,0,0,1,0.4475518,polygon,573.3355676,None,TRUE,1.8530033,1.8551996,0.39537037,0.016666667,0,0,1,1.8530033,one_middle_right,577.4461577,None,579.2515836,None,19,1,2021_Dec_29_1302,untitled_1,2020.2.6,59.84397479
ירוק,green,x,1,Image_certainty//image175_alemnt11.jpg,11.jpg,one_middle_left,two_down_right,widespread,certainty,,,,,,,,,0,20,20,175,581.4682438,581.667784,x,1,1.0956802,581.4682438,None,0,0,0,0,1,0.2130062,polygon,579.7512932,None,TRUE,2.9401146,2.9449805,0.718518519,-0.256481481,0,0,1,2.9401146,two_down_right,583.6138468,None,586.5232077,None,19,1,2021_Dec_29_1302,untitled_1,2020.2.6,59.84397479
אדום,red,z,1,Image_certainty//image153_alemnt9.jpg,9.jpg,three_middle_left,two_middle_right,widespread,certainty,,,,,,,,,0,21,21,153,588.8340076,589.0334696,z,1,0.8946304,588.8340076,None,0,0,0,0,1,0.2965299,polygon,587.0339112,None,TRUE,7.9222895,7.9239183,0.597222222,-0.02962963,0,0,1,7.9222895,two_middle_right,590.7860704,None,598.6671899,None,19,1,2021_Dec_29_1302,untitled_1,2020.2.6,59.84397479
ירוק,green,x,1,Image_certainty//image133_alemnt11.jpg,11.jpg,one_middle_left,two_up_right,widespread,certainty,,,,,,,,,0,22,22,133,601.0323745,601.2321051,None,0,,601.0323745,None,0,0,0,0,1,0.3507604,polygon,599.1823103,None,TRUE,3.0359677,3.0363033,0.553703704,0.17962963,0,0,1,3.0359677,two_up_right,603.2645049,None,606.2643761,None,19,1,2021_Dec_29_1302,untitled_1,2020.2.6,59.84397479
כחול,red,z,0,Image_certainty//image28_alemnt10.jpg,10.jpg,one_down_left,two_down_right,widespread,certainty,,,,,,,,,0,23,23,28,608.5980855,608.7978621,None,0,,608.5980855,None,0,0,0,0,1,0.3310912,polygon,606.7647955,None,TRUE,,5.3088305,,,,,,,,610.8351069,None,616.0987245,None,19,1,2021_Dec_29_1302,untitled_1,2020.2.6,59.84397479
אדום,red,z,1,Image_certainty//image135_alemnt12.jpg,12.jpg,two_middle_left,one_middle_right,widespread,certainty,,,,,,,,,0,24,24,135,618.2801845,618.4799227,z,1,1.0552256,618.2801845,None,0,0,0,0,1,0.162671,polygon,616.6134784,None,TRUE,6.5197383,6.5217241,0.388888889,0.007407407,0,0,1,6.5197383,one_middle_right,620.3980157,None,626.8788328,None,19,1,2021_Dec_29_1302,untitled_1,2020.2.6,59.84397479
ירוק,red,z,0,Image_certainty//image2_alemnt4.jpg,4.jpg,one_down_left,two_down_right,infrequent,certainty,,,,,,,,,0,25,25,2,629.1120497,629.3117014,z,1,1.0706008,629.1120497,None,0,0,0,0,1,0.2318366,polygon,627.3787444,None,TRUE,7.6715344,7.6750604,0.74537037,-0.239814815,0,0,1,7.6715344,two_down_right,631.245473,None,638.8806847,None,19,1,2021_Dec_29_1302,untitled_1,2020.2.6,59.84397479
ירוק,green,x,1,Image_certainty//image118_alemnt6.jpg,6.jpg,one_up_left,one_up_right,infrequent,certainty,,,,,,,,,0,26,26,118,641.0939014,641.2937022,x,1,0.7592605,641.0939014,None,0,0,0,0,1,0.2011248,polygon,639.3938611,None,TRUE,4.5030144,4.5037081,0.334259259,0.192592593,0,0,1,4.5030144,one_up_right,642.9291095,None,647.3757431,None,19,1,2021_Dec_29_1302,untitled_1,2020.2.6,59.84397479
אדום,blue,c,0,Image_certainty//image61_alemnt10.jpg,10.jpg,one_down_left,one_middle_right,widespread,certainty,,,,,,,,,0,27,27,61,649.5261796,649.7259082,None,0,,649.5261796,None,0,0,0,0,1,0.1480986,polygon,647.8757647,None,TRUE,2.2063787,2.2096608,0.358333333,-0.010185185,0,0,1,2.2063787,one_middle_right,651.7729248,None,653.9312775,None,19,1,2021_Dec_29_1302,untitled_1,2020.2.6,59.84397479
ירוק,green,x,1,Image_certainty//image100_alemnt4.jpg,4.jpg,two_down_left,one_middle_right,infrequent,certainty,,,,,,,,,0,28,28,100,656.0086348,656.2084424,x,1,0.8620117,656.0086348,None,0,0,0,0,1,0.0654286,polygon,654.4419334,None,TRUE,4.5025641,4.5042275,0.376851852,-0.011111111,0,0,1,4.5025641,one_middle_right,657.9280093,None,662.3902637,None,19,1,2021_Dec_29_1302,untitled_1,2020.2.6,59.84397479
אדום,red,z,1,Image_certainty//image102_alemnt1.jpg,1.jpg,three_middle_left,two_middle_right,infrequent,certainty,,,,,,,,,0,29,29,102,664.4742808,664.6739831,z,1,0.6912837,664.4742808,None,0,0,0,0,1,0.080331,polygon,662.8909147,None,TRUE,7.4528857,7.4553157,0.534259259,-0.040740741,0,0,1,7.4528857,two_middle_right,666.2372083,None,673.6405766,None,19,1,2021_Dec_29_1302,untitled_1,2020.2.6,59.84397479
כחול,blue,c,1,Image_certainty//image194_alemnt11.jpg,11.jpg,three_middle_left,two_down_right,widespread,certainty,,,,,,,,,0,30,30,194,676.0056496,676.2057427,None,0,,676.0056496,None,0,0,0,0,1,0.3494519,polygon,674.1558583,None,,,,,,,,,,,678.2412389,None,687.2208388,None,19,1,2021_Dec_29_1302,untitled_1,2020.2.6,59.84397479
כחול,blue,c,1,Image_certainty//image137_alemnt8.jpg,8.jpg,one_up_left,two_middle_right,widespread,certainty,,,,,,,,,0,31,31,137,689.9043427,690.1040332,None,0,,689.9043427,None,0,0,0,0,1,0.6844801,polygon,687.7209164,None,,,,,,,,,,,692.1495883,None,701.119199,None,19,1,2021_Dec_29_1302,untitled_1,2020.2.6,59.84397479
כחול,green,x,0,Image_certainty//image23_alemnt9.jpg,9.jpg,one_up_left,two_up_right,widespread,certainty,,,,,,,,,0,32,32,23,704.2857005,704.4855313,x,1,0.9022535,704.2857005,None,0,0,0,0,1,1.1654295,polygon,701.6192906,None,TRUE,4.4728707,4.4730887,0.605555556,0.189814815,0,0,1,4.4728707,two_up_right,706.2632431,None,710.6841045,None,19,1,2021_Dec_29_1302,untitled_1,2020.2.6,59.84397479
כחול,blue,c,1,Image_certainty//image119_alemnt6.jpg,6.jpg,two_middle_left,one_down_right,infrequent,certainty,,,,,,,,,0,33,33,119,713.0007999,713.2005158,c,1,0.8950523,713.0007999,None,0,0,0,0,1,0.3148559,polygon,711.1847135,None,TRUE,5.2042172,5.2093194,0.414814815,-0.199074074,0,0,1,5.2042172,one_down_right,714.9662499,None,720.1237213,None,19,1,2021_Dec_29_1302,untitled_1,2020.2.6,59.84397479
ירוק,green,x,1,Image_certainty//image184_alemnt14.jpg,14.jpg,one_up_left,two_middle_right,widespread,certainty,,,,,,,,,0,34,34,184,722.2501259,722.4497065,x,1,0.9488862,722.2501259,None,0,0,0,0,1,0.1129289,polygon,720.6334862,None,,,,,,,,,,,724.2662476,733.2516459,733.2648295,None,19,1,2021_Dec_29_1302,untitled_1,2020.2.6,59.84397479
אדום,red,z,1,Image_certainty//image192_alemnt11.jpg,11.jpg,one_up_left,one_down_right,widespread,certainty,,,,,,,,,0,35,35,192,735.86505,736.0648184,z,1,0.6317309,735.86505,None,0,0,0,0,1,0.5979308,polygon,733.7651789,None,TRUE,,2.8749396,,,,,,,,737.5603362,None,740.3817526,None,19,1,2021_Dec_29_1302,untitled_1,2020.2.6,59.84397479
אדום,green,x,0,Image_certainty//image6_alemnt7.jpg,7.jpg,three_middle_left,three_middle_right,infrequent,certainty,,,,,,,,,0,36,36,6,742.8141383,743.0135433,x,1,0.8485012,742.8141383,None,0,0,0,0,1,0.4145175,polygon,740.8971445,None,TRUE,4.9387081,4.9426448,0.717592593,0.046296296,0,0,1,4.9387081,three_middle_right,744.7165942,None,749.6204962,None,19,1,2021_Dec_29_1302,untitled_1,2020.2.6,59.84397479
כחול,blue,c,1,Image_certainty//image182_alemnt9.jpg,9.jpg,one_up_left,two_middle_right,widespread,certainty,,,,,,,,,0,37,37,182,751.7463804,751.9460592,c,1,0.9729144,751.7463804,None,0,0,0,0,1,0.1135404,polygon,750.1296968,None,TRUE,7.7024649,7.7044683,0.571296296,-0.083333333,0,0,1,7.7024649,two_middle_right,753.7922851,None,761.4443134,None,19,1,2021_Dec_29_1302,untitled_1,2020.2.6,59.84397479
כחול,green,x,0,Image_certainty//image17_alemnt5.jpg,5.jpg,two_up_left,two_down_right,infrequent,certainty,,,,,,,,,0,38,38,17,763.7781452,763.9778933,x,1,0.8523047,763.7781452,None,0,0,1,0,0,0.3311561,polygon,761.9447748,None,TRUE,3.0526219,3.0544152,0.690740741,-0.256481481,0,0,1,3.0526219,two_down_right,765.7064806,None,768.7098986,None,19,1,2021_Dec_29_1302,untitled_1,2020.2.6,59.84397479
אדום,red,z,1,Image_certainty//image126_alemnt9.jpg,9.jpg,two_down_left,one_middle_right,widespread,certainty,,,,,,,,,0,39,39,126,771.1772311,771.3768934,z,1,0.817345,771.1772311,None,0,0,0,0,1,0.4681396,polygon,769.2105801,None,TRUE,7.7677063,7.7686872,0.406481481,0.032407407,0,0,1,7.7677063,one_middle_right,773.0653404,None,780.7918538,None,19,1,2021_Dec_29_1302,untitled_1,2020.2.6,59.84397479
ירוק,green,x,1,Image_certainty//image103_alemnt1.jpg,1.jpg,two_down_left,one_middle_right,infrequent,certainty,,,,,,,,,0,40,40,103,783.125652,783.3252054,z,0,0.7548188,783.125652,None,0,0,0,0,1,0.3315898,polygon,781.2923747,None,TRUE,6.7049646,6.7067061,0.401851852,-0.024074074,0,0,1,6.7049646,one_middle_right,784.9376091,None,791.6082599,None,19,1,2021_Dec_29_1302,untitled_1,2020.2.6,59.84397479
אדום,green,x,0,Image_certainty//image96_alemnt14.jpg,14.jpg,one_up_left,two_down_right,widespread,certainty,,,,,,,,,0,41,41,96,793.8909665,794.0905477,None,0,,793.8909665,None,0,0,0,0,1,0.2642201,polygon,792.124339,None,,,,,,,,,,,796.1345607,None,805.1055863,None,19,1,2021_Dec_29_1302,untitled_1,2020.2.6,59.84397479
אדום,red,z,1,Image_certainty//image132_alemnt9.jpg,9.jpg,one_down_left,two_down_right,widespread,certainty,,,,,,,,,0,42,42,132,808.5721109,808.7719847,z,1,0.9537244,808.5721109,None,0,0,0,0,1,1.4667507,polygon,805.6056471,None,TRUE,6.1353559,6.1381252,0.730555556,-0.252777778,0,0,1,6.1353559,two_down_right,810.5873396,None,816.6874706,None,19,1,2021_Dec_29_1302,untitled_1,2020.2.6,59.84397479
כחול,blue,c,1,Image_certainty//image167_alemnt8.jpg,8.jpg,two_down_left,one_middle_right,widespread,certainty,,,,,,,,,0,43,43,167,819.0210032,819.2207972,None,0,,819.0210032,None,0,0,0,0,1,0.3315715,polygon,817.1876784,None,TRUE,3.67117,3.672135,0.375,0.001851852,0,0,1,3.67117,one_middle_right,821.2630153,None,824.8860773,None,19,1,2021_Dec_29_1302,untitled_1,2020.2.6,59.84397479
אדום,red,z,1,Image_certainty//image168_alemnt10.jpg,10.jpg,two_middle_left,two_down_right,widespread,certainty,,,,,,,,,0,44,44,168,827.0867084,827.2856337,z,1,0.9834678,827.0867084,None,0,0,0,0,1,0.1974291,polygon,825.3867175,None,TRUE,3.521527,3.5266672,0.690740741,-0.214814815,0,0,1,3.521527,two_down_right,829.1344013,None,832.6084625,None,19,1,2021_Dec_29_1302,untitled_1,2020.2.6,59.84397479
כחול,red,z,0,Image_certainty//image76_alemnt14.jpg,14.jpg,three_middle_left,two_middle_right,widespread,certainty,,,,,,,,,0,45,45,76,834.9189178,835.1187116,None,0,,834.9189178,None,0,0,0,0,1,0.2968626,polygon,833.1190353,None,TRUE,5.0032821,5.0055235,0.576851852,-0.075925926,0,0,1,5.0032821,two_middle_right,837.1635772,None,842.1184971,None,19,1,2021_Dec_29_1302,untitled_1,2020.2.6,59.84397479
כחול,blue,c,1,Image_certainty//image104_alemnt3.jpg,3.jpg,three_middle_left,two_down_right,infrequent,certainty,,,,,,,,,0,46,46,104,844.1678047,844.3675326,c,1,1.0998052,844.1678047,None,0,0,0,0,1,0.0624587,polygon,842.617679,None,TRUE,5.7668831,5.768044,0.713888889,-0.225925926,0,0,1,5.7668831,two_down_right,846.3289954,None,852.0490544,None,19,1,2021_Dec_29_1302,untitled_1,2020.2.6,59.84397479
ירוק,green,x,1,Image_certainty//image127_alemnt14.jpg,14.jpg,one_up_left,two_middle_right,widespread,certainty,,,,,,,,,0,47,47,127,854.3822762,854.5833729,x,1,0.8651311,854.3822762,None,0,0,0,0,1,0.3481812,polygon,852.5490971,None,TRUE,7.0527939,7.0539484,0.552777778,-0.05462963,0,0,1,7.0527939,two_middle_right,856.310916,None,863.3145741,None,19,1,2021_Dec_29_1302,untitled_1,2020.2.6,59.84397479
כחול,green,x,0,Image_certainty//image41_alemnt12.jpg,12.jpg,two_up_left,one_up_right,widespread,certainty,,,,,,,,,0,48,48,41,865.3483507,865.5480089,None,0,,865.3483507,None,0,0,0,0,1,0.0349978,polygon,863.8149211,None,TRUE,1.5724596,1.5733408,0.362962963,0.178703704,0,0,1,1.5724596,one_up_right,867.5847596,None,869.1167254,None,19,1,2021_Dec_29_1302,untitled_1,2020.2.6,59.84397479
כחול,red,z,0,Image_certainty//image46_alemnt8.jpg,8.jpg,two_middle_left,two_up_right,widespread,certainty,,,,,,,,,0,49,49,46,871.5142957,871.7140037,z,1,0.8893085,871.5142957,None,0,0,0,0,1,0.381796,polygon,869.6309193,None,,,,,,,,,,,873.4605939,882.4488569,882.462125,None,19,1,2021_Dec_29_1302,untitled_1,2020.2.6,59.84397479
כחול,red,z,0,Image_certainty//image58_alemnt8.jpg,8.jpg,two_middle_left,two_up_right,widespread,certainty,,,,,,,,,0,50,50,58,885.0958487,885.2956447,z,1,0.9384098,885.0958487,None,0,0,0,0,1,0.632447,polygon,882.9625142,None,TRUE,8.4530332,8.4534706,0.602777778,0.187962963,0,0,1,8.4530332,two_up_right,887.1044438,None,895.5104131,None,19,1,2021_Dec_29_1302,untitled_1,2020.2.6,59.84397479
אדום,green,x,0,Image_certainty//image18_alemnt4.jpg,4.jpg,three_middle_left,one_down_right,infrequent,certainty,,,,,,,,,0,51,51,18,897.8275908,898.02736,x,1,1.1571169,897.8275908,None,0,0,0,0,1,0.3282976,polygon,896.010967,None,TRUE,3.8553598,3.8596197,0.417592593,-0.225,0,0,1,3.8553598,one_down_right,900.0558379,None,903.8645115,None,19,1,2021_Dec_29_1302,untitled_1,2020.2.6,59.84397479
כחול,blue,c,1,Image_certainty//image164_alemnt9.jpg,9.jpg,one_middle_left,three_middle_right,widespread,certainty,,,,,,,,,0,52,52,164,906.0932324,906.2927844,x,0,0.7493017,906.0932324,None,0,0,0,0,1,0.213958,polygon,904.3765657,None,TRUE,4.0044795,4.0085197,0.733333333,0.065740741,0,0,1,4.0044795,three_middle_right,907.9030893,None,911.863966,None,19,1,2021_Dec_29_1302,untitled_1,2020.2.6,59.84397479
כחול,blue,c,1,Image_certainty//image143_alemnt9.jpg,9.jpg,two_down_left,one_middle_right,widespread,certainty,,,,,,,,,0,53,53,143,913.975535,914.1747521,x,0,0.7406818,913.975535,None,0,0,0,0,1,0.0987301,polygon,912.3751139,None,TRUE,4.85518,4.8574053,0.361111111,-0.010185185,0,0,1,4.85518,one_middle_right,915.7711501,None,920.5931332,None,19,1,2021_Dec_29_1302,untitled_1,2020.2.6,59.84397479
אדום,green,x,0,Image_certainty//image66_alemnt11.jpg,11.jpg,one_up_left,two_up_right,widespread,certainty,,,,,,,,,0,54,54,66,922.6410805,922.8408514,x,1,0.8984982,922.6410805,None,0,0,0,0,1,0.0335084,polygon,921.1077097,None,TRUE,4.9348538,4.9350844,0.623148148,0.234259259,0,0,1,4.9348538,two_up_right,924.6068758,None,929.48954,None,19,1,2021_Dec_29_1302,untitled_1,2020.2.6,59.84397479
אדום,blue,c,0,Image_certainty//image91_alemnt8.jpg,8.jpg,two_up_left,one_up_right,widespread,certainty,,,,,,,,,0,55,55,91,932.0731982,932.2730294,c,1,1.0186365,932.0731982,None,0,0,0,0,1,0.5848991,polygon,929.9898719,None,TRUE,2.2070967,2.2073933,0.32037037,0.2,0,0,1,2.2070967,one_up_right,934.1595298,None,936.3217423,None,19,1,2021_Dec_29_1302,untitled_1,2020.2.6,59.84397479
אדום,red,z,1,Image_certainty//image123_alemnt13.jpg,13.jpg,one_up_left,one_down_right,widespread,certainty,,,,,,,,,0,56,56,123,938.7720869,938.9717517,z,1,0.8959459,938.7720869,None,0,0,0,0,1,0.4510637,polygon,936.8223611,None,TRUE,3.506501,3.5115314,0.437962963,-0.206481481,0,0,1,3.506501,one_down_right,940.7134352,None,944.1941186,None,19,1,2021_Dec_29_1302,untitled_1,2020.2.6,59.84397479
כחול,green,x,0,Image_certainty//image89_alemnt13.jpg,13.jpg,two_up_left,three_middle_right,widespread,certainty,,,,,,,,,0,57,57,89,946.2213782,946.4207262,x,1,0.8468864,946.2213782,None,0,0,0,0,1,0.0150804,polygon,944.7044921,None,TRUE,8.9893051,8.992298,0.721296296,0.089814815,0,0,1,8.9893051,three_middle_right,948.1258964,None,957.0747237,None,19,1,2021_Dec_29_1302,untitled_1,2020.2.6,59.84397479
ירוק,green,x,1,Image_certainty//image190_alemnt12.jpg,12.jpg,one_down_left,one_middle_right,widespread,certainty,,,,,,,,,0,58,58,190,959.4527736,959.6527833,x,1,0.9673884,959.4527736,None,0,0,0,0,1,0.3651464,polygon,957.5863578,None,TRUE,7.4860561,7.4876103,0.407407407,-0.018518519,0,0,1,7.4860561,one_middle_right,961.4806938,None,968.9177728,None,19,1,2021_Dec_29_1302,untitled_1,2020.2.6,59.84397479
כחול,red,z,0,Image_certainty//image82_alemnt14.jpg,14.jpg,three_middle_left,two_down_right,widespread,certainty,,,,,,,,,0,59,59,82,970.9848783,971.1842327,z,1,0.9350417,970.9848783,None,0,0,0,0,1,0.0687033,polygon,969.4181992,None,TRUE,7.5730522,7.5746899,0.713888889,-0.214814815,0,0,1,7.5730522,two_down_right,972.9959064,None,980.5187169,None,19,1,2021_Dec_29_1302,untitled_1,2020.2.6,59.84397479
כחול,red,z,0,Image_certainty//image16_alemnt4.jpg,4.jpg,one_middle_left,two_up_right,infrequent,certainty,,,,,,,,,0,60,60,16,982.9500131,983.1496847,z,1,0.8649594,982.9500131,None,0,0,0,0,1,0.4165204,polygon,981.0333839,None,TRUE,3.8369184,3.8373803,0.572222222,0.2,0,0,1,3.8369184,two_up_right,984.8820849,None,988.6651287,None,19,1,2021_Dec_29_1302,untitled_1,2020.2.6,59.84397479
ירוק,blue,c,0,Image_certainty//image93_alemnt14.jpg,14.jpg,one_down_left,one_middle_right,widespread,certainty,,,,,,,,,0,61,61,93,990.7490379,990.9485779,None,0,,990.7490379,None,0,0,0,0,1,0.0812199,polygon,989.1656652,None,TRUE,4.736007,4.7378664,0,0,1,0,0,1.7855393,one_middle_right,992.9935883,None,997.6807958,None,19,1,2021_Dec_29_1302,untitled_1,2020.2.6,59.84397479
אדום,green,x,0,Image_certainty//image60_alemnt13.jpg,13.jpg,one_middle_left,two_up_right,widespread,certainty,,,,,,,,,0,62,62,60,1000.014504,1000.214251,None,0,,1000.014504,None,0,0,0,0,1,0.3296362,polygon,998.1811043,None,,,,,,,,,,,1002.252078,None,1011.228971,None,19,1,2021_Dec_29_1302,untitled_1,2020.2.6,59.84397479
כחול,red,z,0,Image_certainty//image4_alemnt2.jpg,2.jpg,two_middle_left,two_middle_right,infrequent,certainty,,,,,,,,,0,63,63,4,1017.045553,1017.245445,z,1,0.9552163,1017.045553,None,0.260185185,-0.082407407,0,0,1,0.8010703,polygon,1011.729102,None,TRUE,4.9509388,4.9520898,0.557407407,-0.057407407,0,0,1,4.9509388,two_middle_right,1019.073667,None,1023.977432,None,19,1,2021_Dec_29_1302,untitled_1,2020.2.6,59.84397479
אדום,blue,c,0,Image_certainty//image85_alemnt14.jpg,14.jpg,two_down_left,three_middle_right,widespread,certainty,,,,,,,,,0,64,64,85,1026.261129,1026.4606,c,1,1.1275113,1026.261129,None,0,0,0,0,1,0.281464,polygon,1024.477779,None,TRUE,3.7708767,3.773337,0.728703704,0.059259259,0,0,1,3.7708767,three_middle_right,1028.457806,None,1032.178988,None,19,1,2021_Dec_29_1302,untitled_1,2020.2.6,59.84397479
ירוק,green,x,1,Image_certainty//image139_alemnt10.jpg,10.jpg,two_up_left,one_middle_right,widespread,certainty,,,,,,,,,0,65,65,139,1034.493124,1034.693071,None,0,,1034.493124,None,0,0,0,0,1,0.2974081,polygon,1032.693398,None,TRUE,2.1678095,2.1689318,0.367592593,0,0,0,1,2.1678095,one_middle_right,1036.739011,None,1038.858767,None,19,1,2021_Dec_29_1302,untitled_1,2020.2.6,59.84397479
כחול,blue,c,1,Image_certainty//image197_alemnt11.jpg,11.jpg,two_down_left,two_middle_right,widespread,certainty,,,,,,,,,0,66,66,197,1040.942291,1041.142309,c,1,1.1422537,1040.942291,None,0,0,0,0,1,0.0827037,polygon,1039.358971,None,TRUE,8.2205862,8.2237074,0.575925926,-0.062037037,0,0,1,8.2205862,two_middle_right,1043.159024,None,1051.326873,None,19,1,2021_Dec_29_1302,untitled_1,2020.2.6,59.84397479
כחול,blue,c,1,Image_certainty//image185_alemnt14.jpg,14.jpg,three_middle_left,three_middle_right,widespread,certainty,,,,,,,,,0,67,67,185,1053.423991,1053.624135,c,1,1.1522716,1053.423991,None,0,0,0,0,1,0.0832284,polygon,1051.840914,None,TRUE,4.6030579,4.6054331,0.699074074,0.075,0,0,1,4.6030579,three_middle_right,1055.647048,None,1060.207216,None,19,1,2021_Dec_29_1302,untitled_1,2020.2.6,59.84397479
כחול,green,x,0,Image_certainty//image95_alemnt9.jpg,9.jpg,two_up_left,two_down_right,widespread,certainty,,,,,,,,,0,68,68,95,1062.506447,1062.706189,x,1,0.8762033,1062.506447,None,0,0,0,0,1,0.2961685,polygon,1060.706458,None,,,,0.575925926,-0.065740741,0,0,0,4.8534012,two_middle_right,1064.453229,None,1069.254917,None,19,1,2021_Dec_29_1302,untitled_1,2020.2.6,59.84397479
ירוק,blue,c,0,Image_certainty//image45_alemnt9.jpg,9.jpg,one_down_left,three_middle_right,widespread,certainty,,,,,,,,,0,69,69,45,1071.821782,1072.021573,c,1,1.0184245,1071.821782,None,0,0,0,0,1,0.567255,polygon,1069.755221,None,TRUE,7.4203329,7.4230211,0.696296296,0.030555556,0,0,1,7.4203329,three_middle_right,1073.923646,None,1081.289337,None,19,1,2021_Dec_29_1302,untitled_1,2020.2.6,59.84397479
ירוק,blue,c,0,Image_certainty//image63_alemnt13.jpg,13.jpg,three_middle_left,one_down_right,widespread,certainty,,,,,,,,,0,70,70,63,1083.420315,1083.620087,c,1,0.9941648,1083.420315,None,0,0,0,0,1,0.1149906,polygon,1081.803691,None,TRUE,5.8375927,5.843863,0.438888889,-0.225,0,0,1,5.8375927,one_down_right,1085.477919,None,1091.276831,None,19,1,2021_Dec_29_1302,untitled_1,2020.2.6,59.84397479
אדום,red,z,1,Image_certainty//image120_alemnt12.jpg,12.jpg,two_up_left,two_up_right,widespread,certainty,,,,,,,,,0,71,71,120,1093.568386,1093.768104,z,1,0.8756139,1093.568386,None,0,0,0,0,1,0.2988353,polygon,1091.785173,None,,,,,,,,,,,1095.5067,1104.504255,1104.517116,None,19,1,2021_Dec_29_1302,untitled_1,2020.2.6,59.84397479
אדום,green,x,0,Image_certainty//image72_alemnt9.jpg,9.jpg,one_middle_left,two_down_right,widespread,certainty,,,,,,,,,0,72,72,72,1106.850743,1107.050107,x,1,0.8378364,1106.850743,None,0,0,0,0,1,0.3458833,polygon,1105.017317,None,TRUE,5.6860759,5.689125,0.681481481,-0.246296296,0,0,1,5.6860759,two_down_right,1108.756322,None,1114.400206,None,19,1,2021_Dec_29_1302,untitled_1,2020.2.6,59.84397479
כחול,blue,c,1,Image_certainty//image155_alemnt11.jpg,11.jpg,one_up_left,two_middle_right,widespread,certainty,,,,,,,,,0,73,73,155,1116.899068,1117.099221,None,0,,1116.899068,None,0,0,0,0,1,0.4988424,polygon,1114.899466,None,TRUE,3.0703537,3.0735785,0.54537037,-0.061111111,0,0,1,3.0703537,two_middle_right,1119.150104,None,1122.167612,None,19,1,2021_Dec_29_1302,untitled_1,2020.2.6,59.84397479
כחול,blue,c,1,Image_certainty//image173_alemnt12.jpg,12.jpg,two_up_left,three_middle_right,widespread,certainty,,,,,,,,,0,74,74,173,1124.23188,1124.431583,c,1,1.1227494,1124.23188,None,0,0,0,0,1,0.047802,polygon,1122.681798,None,TRUE,,2.4060123,,,,,,,,1126.416902,None,1128.780305,None,19,1,2021_Dec_29_1302,untitled_1,2020.2.6,59.84397479
כחול,blue,c,1,Image_certainty//image125_alemnt12.jpg,12.jpg,one_down_left,one_down_right,widespread,certainty,,,,,,,,,0,75,75,125,1131.530731,1131.730712,None,0,,1131.530731,None,0,0,0,0,1,0.7506813,polygon,1129.280956,None,TRUE,,3.3416209,,,,,,,,1133.763252,None,1137.063481,None,19,1,2021_Dec_29_1302,untitled_1,2020.2.6,59.84397479
כחול,blue,c,1,Image_certainty//image101_alemnt6.jpg,6.jpg,one_down_left,two_middle_right,infrequent,certainty,,,,,,,,,0,76,76,101,1139.413183,1139.612913,c,1,0.7883571,1139.413183,None,0,0,0,0,1,0.3462896,polygon,1137.563258,None,,,,,,,,,,,1141.28117,1150.264439,1150.278137,None,19,1,2021_Dec_29_1302,untitled_1,2020.2.6,59.84397479
אדום,blue,c,0,Image_certainty//image37_alemnt13.jpg,13.jpg,two_down_left,one_up_right,widespread,certainty,,,,,,,,,0,77,77,37,1152.911525,1153.111108,z,0,0.7964297,1152.911525,None,0,0,0,0,1,0.6306226,polygon,1150.778237,None,TRUE,7.9042375,7.9050352,0.325,0.212962963,0,0,1,7.9042375,one_up_right,1154.775358,None,1162.627671,None,19,1,2021_Dec_29_1302,untitled_1,2020.2.6,59.84397479
אדום,red,z,1,Image_certainty//image105_alemnt7.jpg,7.jpg,one_middle_left,one_up_right,infrequent,certainty,,,,,,,,,0,78,78,105,1164.943123,1165.142594,z,1,0.7058448,1164.943123,None,0,0,0,0,1,0.2975623,polygon,1163.143305,None,TRUE,5.0059897,5.007026,0.353703704,0.20462963,0,0,1,5.0059897,one_up_right,1166.723021,None,1171.679187,None,19,1,2021_Dec_29_1302,untitled_1,2020.2.6,59.84397479
ירוק,blue,c,0,Image_certainty//image15_alemnt3.jpg,3.jpg,three_middle_left,two_down_right,infrequent,certainty,,,,,,,,,0,79,79,15,1173.975215,1174.175196,None,0,,1173.975215,None,0,0,0,0,1,0.2810134,polygon,1172.192085,None,TRUE,7.5383651,7.5413443,0.714814815,-0.227777778,0,0,1,7.5383651,two_down_right,1176.215371,None,1183.709278,None,19,1,2021_Dec_29_1302,untitled_1,2020.2.6,59.84397479
אדום,blue,c,0,Image_certainty//image25_alemnt8.jpg,8.jpg,two_middle_left,one_down_right,widespread,certainty,,,,,,,,,0,80,80,25,1185.807353,1186.007007,c,1,0.9442265,1185.807353,None,0,0,0,0,1,0.0844557,polygon,1184.223904,None,TRUE,4.8220915,4.8237889,0.464814815,-0.221296296,0,0,1,4.8220915,one_down_right,1187.810669,None,1192.589849,None,19,1,2021_Dec_29_1302,untitled_1,2020.2.6,59.84397479
ירוק,blue,c,0,Image_certainty//image3_alemnt4.jpg,4.jpg,one_middle_left,one_up_right,infrequent,certainty,,,,,,,,,0,81,81,3,1194.872828,1195.072359,None,0,,1194.872828,None,0,0,0,0,1,0.2809151,polygon,1193.089391,None,TRUE,3.887745,3.8884353,0.374074074,0.174074074,0,0,1,3.887745,one_up_right,1197.117422,None,1200.955475,None,19,1,2021_Dec_29_1302,untitled_1,2020.2.6,59.84397479
אדום,blue,c,0,Image_certainty//image67_alemnt13.jpg,13.jpg,three_middle_left,one_middle_right,widespread,certainty,,,,,,,,,0,82,82,67,1203.088144,1203.287855,c,1,0.9869649,1203.088144,None,0,0,0,0,1,0.1297713,polygon,1201.455072,None,TRUE,5.019972,5.0228393,0.343518519,0.015740741,0,0,1,5.019972,one_middle_right,1205.154995,None,1210.121625,None,19,1,2021_Dec_29_1302,untitled_1,2020.2.6,59.84397479
ירוק,green,x,1,Image_certainty//image145_alemnt12.jpg,12.jpg,two_down_left,two_down_right,widespread,certainty,,,,,,,,,0,83,83,145,1212.187168,1212.386955,None,0,,1212.187168,None,0,0,0,0,1,0.0530755,polygon,1210.637199,None,TRUE,4.2703851,4.2746582,0.697222222,-0.242592593,0,0,1,4.2703851,two_down_right,1214.425762,None,1218.654347,None,19,1,2021_Dec_29_1302,untitled_1,2020.2.6,59.84397479
אדום,red,z,1,Image_certainty//image117_alemnt1.jpg,1.jpg,one_up_left,two_up_right,infrequent,certainty,,,,,,,,,0,84,84,117,1223.818829,1224.01889,z,1,0.9895447,1223.818829,None,-0.035185185,0.021296296,0,0,1,1.2477761,polygon,1219.169428,None,TRUE,6.250813,6.2510311,0.586111111,0.224074074,1,0,0,6.250813,two_up_right,1225.881043,None,1232.083835,None,19,1,2021_Dec_29_1302,untitled_1,2020.2.6,59.84397479
אדום,red,z,1,Image_certainty//image180_alemnt12.jpg,12.jpg,one_up_left,one_middle_right,widespread,certainty,,,,,,,,,0,85,85,180,1234.900924,1235.100735,None,0,,1234.900924,None,0,0,0,0,1,0.8286337,polygon,1232.584387,None,TRUE,3.5367249,3.5387188,0.34537037,0.011111111,0,0,1,3.5367249,one_middle_right,1237.14769,None,1240.63294,None,19,1,2021_Dec_29_1302,untitled_1,2020.2.6,59.84397479
אדום,blue,c,0,Image_certainty//image79_alemnt13.jpg,13.jpg,one_down_left,one_up_right,widespread,certainty,,,,,,,,,0,86,86,79,1242.749916,1242.949643,c,1,0.9699891,1242.749916,None,0,0,0,0,1,0.1166499,polygon,1241.133298,None,TRUE,3.5185928,3.5189604,0.387037037,0.199074074,0,0,1,3.5185928,one_up_right,1244.781731,None,1248.265331,None,19,1,2021_Dec_29_1302,untitled_1,2020.2.6,59.84397479
כחול,red,z,0,Image_certainty//image70_alemnt14.jpg,14.jpg,two_down_left,one_middle_right,widespread,certainty,,,,,,,,,0,87,87,70,1250.315393,1250.515432,z,1,0.8754849,1250.315393,None,0,0,0,0,1,0.0481963,polygon,1248.76554,None,,,,,,,,,,,1252.259702,1261.233567,1261.263766,None,19,1,2021_Dec_29_1302,untitled_1,2020.2.6,59.84397479
אדום,green,x,0,Image_certainty//image84_alemnt12.jpg,12.jpg,one_up_left,one_up_right,widespread,certainty,,,,,,,,,0,88,88,84,1264.697166,1264.896954,x,1,1.0983686,1264.697166,None,-0.025925926,-0.022222222,0,0,1,0.5344181,polygon,1261.763885,None,TRUE,4.4182916,4.4186437,0.397222222,0.180555556,0,0,1,4.4182916,one_up_right,1266.844418,None,1271.22888,None,19,1,2021_Dec_29_1302,untitled_1,2020.2.6,59.84397479
כחול,blue,c,1,Image_certainty//image149_alemnt11.jpg,11.jpg,one_middle_left,three_middle_right,widespread,certainty,,,,,,,,,0,89,89,149,1273.362685,1273.562401,c,1,1.0946476,1273.362685,None,0,0,0,0,1,0.1314803,polygon,1271.729183,None,TRUE,4.3345801,4.3357417,0.725925926,0.068518519,0,0,1,4.3345801,three_middle_right,1275.524298,None,1279.811069,None,19,1,2021_Dec_29_1302,untitled_1,2020.2.6,59.84397479
ירוק,red,z,0,Image_certainty//image50_alemnt11.jpg,11.jpg,three_middle_left,one_down_right,widespread,certainty,,,,,,,,,0,90,90,50,1282.144822,1282.344599,None,0,,1282.144822,None,0,0,0,0,1,0.3312648,polygon,1280.311527,None,TRUE,3.7191259,3.7216692,0.482407407,-0.218518519,0,0,1,3.7191259,one_down_right,1284.387339,None,1288.060447,None,19,1,2021_Dec_29_1302,untitled_1,2020.2.6,59.84397479
ירוק,blue,c,0,Image_certainty//image21_alemnt14.jpg,14.jpg,one_down_left,one_middle_right,widespread,certainty,,,,,,,,,0,91,91,21,1290.360481,1290.560286,None,0,,1290.360481,None,0,0,0,0,1,0.3122975,polygon,1288.560507,None,,,,,,,,,,,1292.60603,1301.578018,1301.591811,None,19,1,2021_Dec_29_1302,untitled_1,2020.2.6,59.84397479
ירוק,green,x,1,Image_certainty//image163_alemnt12.jpg,12.jpg,two_middle_left,three_middle_right,widespread,certainty,,,,,,,,,0,92,92,163,1304.141836,1304.341361,x,1,0.9433939,1304.141836,None,0,0,0,0,1,0.5491003,polygon,1302.091827,None,TRUE,3.6542955,3.6582174,0.72962963,0.017592593,0,0,1,3.6542955,three_middle_right,1306.152783,None,1309.76321,None,19,1,2021_Dec_29_1302,untitled_1,2020.2.6,59.84397479
כחול,blue,c,1,Image_certainty//image107_alemnt6.jpg,6.jpg,two_middle_left,two_up_right,infrequent,certainty,,,,,,,,,0,93,93,107,1311.857518,1312.057607,c,1,1.0933954,1311.857518,None,0,0,0,0,1,0.0805769,polygon,1310.274413,None,,,,,,,,,,,1314.017349,1323.009392,1323.022365,None,19,1,2021_Dec_29_1302,untitled_1,2020.2.6,59.84397479
ירוק,blue,c,0,Image_certainty//image81_alemnt14.jpg,14.jpg,three_middle_left,one_down_right,widespread,certainty,,,,,,,,,0,94,94,81,1325.555952,1325.755551,None,0,,1325.555952,None,0.001851852,0.00462963,0,0,1,0.5351009,polygon,1323.522723,None,TRUE,4.6563982,4.6579313,0.434259259,-0.211111111,0,0,1,4.6563982,one_down_right,1327.802388,None,1332.40648,None,19,1,2021_Dec_29_1302,untitled_1,2020.2.6,59.84397479
אדום,red,z,1,Image_certainty//image195_alemnt10.jpg,10.jpg,one_down_left,two_middle_right,widespread,certainty,,,,,,,,,0,95,95,195,1334.538133,1334.737907,z,1,0.9039536,1334.538133,None,0,0,0,0,1,0.1149153,polygon,1332.921495,None,TRUE,4.9550891,4.9586551,0.55462963,-0.052777778,1,0,0,4.9550891,two_middle_right,1336.514779,None,1341.426397,None,19,1,2021_Dec_29_1302,untitled_1,2020.2.6,59.84397479
אדום,green,x,0,Image_certainty//image90_alemnt12.jpg,12.jpg,three_middle_left,two_up_right,widespread,certainty,,,,,,,,,0,96,96,90,1343.870261,1344.070064,None,0,,1343.870261,None,0,0,1,0,0,0.4317135,polygon,1341.936884,None,TRUE,3.1350608,3.1353421,0.538888889,0.191666667,1,0,0,3.1350608,two_up_right,1346.116343,None,1349.202165,None,19,1,2021_Dec_29_1302,untitled_1,2020.2.6,59.84397479
אדום,red,z,1,Image_certainty//image177_alemnt11.jpg,11.jpg,two_down_left,three_middle_right,widespread,certainty,,,,,,,,,0,97,97,177,1351.485767,1351.68578,z,1,0.73889,1351.485767,None,0,0,1,0,0,0.2841503,polygon,1349.702625,None,TRUE,3.0566156,3.0608897,0.712962963,0.063888889,1,0,0,3.0566156,three_middle_right,1353.293789,None,1356.309592,None,19,1,2021_Dec_29_1302,untitled_1,2020.2.6,59.84397479
ירוק,green,x,1,Image_certainty//image112_alemnt3.jpg,3.jpg,one_down_left,two_up_right,infrequent,certainty,,,,,,,,,0,98,98,112,1358.451541,1358.651592,x,1,0.9844948,1358.451541,None,0,0,1,0,0,0.1310927,polygon,1356.818389,None,TRUE,7.7021403,7.7025714,0.588888889,0.217592593,1,0,0,7.7021403,two_up_right,1360.50376,None,1368.166395,None,19,1,2021_Dec_29_1302,untitled_1,2020.2.6,59.84397479
ירוק,green,x,1,Image_certainty//image148_alemnt13.jpg,13.jpg,one_middle_left,two_up_right,widespread,certainty,,,,,,,,,0,99,99,148,1370.350246,1370.549929,x,1,0.6468621,1370.350246,None,0,0,1,0,0,0.1962796,polygon,1368.666811,None,,,,,,,,,,,1372.062136,1381.0345,1381.064973,None,19,1,2021_Dec_29_1302,untitled_1,2020.2.6,59.84397479
כחול,blue,c,1,Image_certainty//image131_alemnt13.jpg,13.jpg,one_middle_left,one_middle_right,widespread,certainty,,,,,,,,,0,100,100,131,1383.631886,1383.831509,x,0,0.9039395,1383.631886,None,0,0,1,0,0,0.5645363,polygon,1381.565104,None,TRUE,3.3550132,3.357244,0.373148148,-0.001851852,1,0,0,3.3550132,one_middle_right,1385.611321,None,1388.916639,None,19,1,2021_Dec_29_1302,untitled_1,2020.2.6,59.84397479
כחול,green,x,0,Image_certainty//image29_alemnt13.jpg,13.jpg,one_middle_left,one_up_right,widespread,certainty,,,,,,,,,0,101,101,29,1391.097571,1391.297271,x,1,0.8568257,1391.097571,None,0,0,1,0,0,0.1632324,polygon,1389.430888,None,TRUE,3.595156,3.5961486,0.377777778,0.147222222,1,0,0,3.595156,one_up_right,1393.013687,None,1396.571846,None,19,1,2021_Dec_29_1302,untitled_1,2020.2.6,59.84397479
ירוק,green,x,1,Image_certainty//image124_alemnt10.jpg,10.jpg,one_up_left,two_middle_right,widespread,certainty,,,,,,,,,0,102,102,124,1398.729651,1398.929632,x,1,0.753774,1398.729651,None,0,0,1,0,0,0.1516535,polygon,1397.079924,None,TRUE,7.0386475,7.0421732,0.57037037,-0.013888889,1,0,0,7.0386475,two_middle_right,1400.557447,None,1407.549872,None,19,1,2021_Dec_29_1302,untitled_1,2020.2.6,59.84397479
כחול,blue,c,1,Image_certainty//image158_alemnt11.jpg,11.jpg,one_up_left,two_down_right,widespread,certainty,,,,,,,,,0,103,103,158,1410.011766,1410.211562,c,1,1.0603915,1410.011766,None,0,0,1,0,0,0.4476596,polygon,1408.061744,None,TRUE,5.817475,5.8190006,0.69537037,-0.2,1,0,0,5.817475,two_down_right,1412.141842,None,1417.909987,None,19,1,2021_Dec_29_1302,untitled_1,2020.2.6,59.84397479
כחול,blue,c,1,Image_certainty//image116_alemnt2.jpg,2.jpg,one_middle_left,two_down_right,infrequent,certainty,,,,,,,,,0,104,104,116,1420.177553,1420.376932,None,0,,1420.177553,None,0,0,1,0,0,0.2647823,polygon,1418.410431,None,TRUE,4.3047603,4.3101417,0.725,-0.239814815,1,0,0,4.3047603,two_down_right,1422.424735,None,1426.682384,None,19,1,2021_Dec_29_1302,untitled_1,2020.2.6,59.84397479
ירוק,red,z,0,Image_certainty//image8_alemnt6.jpg,6.jpg,one_down_left,one_up_right,infrequent,certainty,,,,,,,,,0,105,105,8,1428.842641,1429.042612,None,0,,1428.842641,None,0,0,1,0,0,0.1479028,polygon,1427.192718,None,TRUE,4.9366237,4.9372872,0.355555556,0.180555556,1,0,0,4.9366237,one_up_right,1431.08943,None,1435.974709,None,19,1,2021_Dec_29_1302,untitled_1,2020.2.6,59.84397479
אדום,red,z,1,Image_certainty//image183_alemnt9.jpg,9.jpg,three_middle_left,two_down_right,widespread,certainty,,,,,,,,,0,106,106,183,1438.107946,1438.307741,z,1,0.7717851,1438.107946,None,0,0,1,0,0,0.130268,polygon,1436.474888,None,TRUE,7.4857085,7.4875067,0.67962963,-0.212962963,1,0,0,7.4857085,two_down_right,1439.954961,None,1447.389493,None,19,1,2021_Dec_29_1302,untitled_1,2020.2.6,59.84397479
אדום,red,z,1,Image_certainty//image150_alemnt13.jpg,13.jpg,one_down_left,two_down_right,widespread,certainty,,,,,,,,,0,107,107,150,1449.573391,1449.773168,z,1,0.8350343,1449.573391,None,0,0,1,0,0,0.1808805,polygon,1447.890089,None,,,,,,,,,,,1451.480833,1460.474719,1460.488048,None,19,1,2021_Dec_29_1302,untitled_1,2020.2.6,59.84397479
כחול,blue,c,1,Image_certainty//image140_alemnt11.jpg,11.jpg,one_up_left,two_up_right,widespread,certainty,,,,,,,,,0,108,108,140,1462.955001,1463.154421,c,1,0.877633,1462.955001,None,0.000925926,0,1,0,0,0.4628996,polygon,1460.988327,None,TRUE,5.2052041,5.2057462,0.563888889,0.20462963,1,0,0,5.2052041,two_up_right,1464.900495,None,1470.055206,None,19,1,2021_Dec_29_1302,untitled_1,2020.2.6,59.84397479
ירוק,red,z,0,Image_certainty//image20_alemnt10.jpg,10.jpg,two_up_left,two_up_right,widespread,certainty,,,,,,,,,0,109,109,20,1472.237165,1472.436888,z,1,1.0639082,1472.237165,None,0,0,1,0,0,0.1648575,polygon,1470.570558,None,TRUE,5.0552881,5.0559047,0.634259259,0.25462963,1,0,0,5.0552881,two_up_right,1474.36443,None,1479.370551,None,19,1,2021_Dec_29_1302,untitled_1,2020.2.6,59.84397479
אדום,green,x,0,Image_certainty//image54_alemnt11.jpg,11.jpg,two_down_left,two_middle_right,widespread,certainty,,,,,,,,,0,110,110,54,1481.585696,1481.78567,x,1,0.9557605,1481.585696,None,0,0,1,0,0,0.1967723,polygon,1479.885872,None,TRUE,7.0345673,7.0359106,0.613888889,-0.061111111,1,0,0,7.0345673,two_middle_right,1483.614781,None,1490.600654,None,19,1,2021_Dec_29_1302,untitled_1,2020.2.6,59.84397479
כחול,blue,c,1,Image_certainty//image161_alemnt12.jpg,12.jpg,one_down_left,two_middle_right,widespread,certainty,,,,,,,,,0,111,111,161,1492.834509,1493.034241,None,0,,1492.834509,None,0,0,1,0,0,0.2312886,polygon,1491.10113,None,TRUE,4.121326,4.1224903,0.599074074,-0.025925926,1,0,0,4.121326,two_middle_right,1495.077376,None,1499.149422,None,19,1,2021_Dec_29_1302,untitled_1,2020.2.6,59.84397479
אדום,blue,c,0,Image_certainty//image31_alemnt9.jpg,9.jpg,one_up_left,one_down_right,widespread,certainty,,,,,,,,,0,112,112,31,1502.033074,1502.233044,None,0,,1502.033074,None,0,0,1,0,0,0.880925,polygon,1499.650086,None,TRUE,5.7053782,5.7098239,0.440740741,-0.177777778,1,0,0,5.7053782,one_down_right,1504.27455,None,1509.937571,None,19,1,2021_Dec_29_1302,untitled_1,2020.2.6,59.84397479
ירוק,red,z,0,Image_certainty//image14_alemnt6.jpg,6.jpg,two_up_left,one_up_right,infrequent,certainty,,,,,,,,,0,113,113,14,1512.248675,1512.448478,z,1,1.0349606,1512.248675,None,0,0,1,0,0,0.2980632,polygon,1510.448622,None,TRUE,2.1032166,2.1038304,0.309259259,0.206481481,1,0,0,2.1032166,one_up_right,1514.358521,None,1516.414129,None,19,1,2021_Dec_29_1302,untitled_1,2020.2.6,59.84397479
אדום,blue,c,0,Image_certainty//image13_alemnt2.jpg,2.jpg,two_up_left,one_down_right,infrequent,certainty,,,,,,,,,0,114,114,13,1519.430751,1519.630795,c,1,1.0779538,1519.430751,None,0.001851852,0.00462963,1,0,0,1.0136968,polygon,1516.914555,None,,,,,,,,,,,1521.568655,1530.565446,1530.579021,None,19,1,2021_Dec_29_1302,untitled_1,2020.2.6,59.84397479
אדום,blue,c,0,Image_certainty//image97_alemnt8.jpg,8.jpg,one_middle_left,three_middle_right,widespread,certainty,,,,,,,,,0,115,115,97,1533.129356,1533.329138,c,1,1.0639176,1533.129356,None,0,0,1,0,0,0.5463609,polygon,1531.079375,None,,,,,,,,,,,1535.259136,1544.247454,1544.260463,None,19,1,2021_Dec_29_1302,untitled_1,2020.2.6,59.84397479
אדום,red,z,1,Image_certainty//image114_alemnt2.jpg,2.jpg,one_middle_left,one_middle_right,infrequent,certainty,,,,,,,,,0,116,116,114,1547.077557,1547.277094,z,1,0.6699537,1547.077557,None,0,0,1,0,0,0.8140977,polygon,1544.760954,None,,,,,,,,,,,1548.822466,1557.812012,1557.825585,None,19,1,2021_Dec_29_1302,untitled_1,2020.2.6,59.84397479
ירוק,green,x,1,Image_certainty//image169_alemnt11.jpg,11.jpg,one_middle_left,one_up_right,widespread,certainty,,,,,,,,,0,117,117,169,1560.308887,1560.508932,None,0,,1560.308887,None,0,0,1,0,0,0.479522,polygon,1558.325529,None,TRUE,8.5887245,8.5890536,0.390740741,0.197222222,1,0,0,8.5887245,one_up_right,1562.550726,None,1571.090237,None,19,1,2021_Dec_29_1302,untitled_1,2020.2.6,59.84397479
אדום,blue,c,0,Image_certainty//image7_alemnt7.jpg,7.jpg,one_down_left,one_down_right,infrequent,certainty,,,,,,,,,0,118,118,7,1573.540471,1573.740611,None,0,,1573.540471,None,0,0,1,0,0,0.4478175,polygon,1571.590803,None,TRUE,6.2531331,6.2547463,0.427777778,-0.284259259,1,0,0,6.2531331,one_down_right,1575.785288,None,1581.989317,None,19,1,2021_Dec_29_1302,untitled_1,2020.2.6,59.84397479
ירוק,red,z,0,Image_certainty//image74_alemnt8.jpg,8.jpg,two_up_left,three_middle_right,widespread,certainty,,,,,,,,,0,119,119,74,1584.456131,1584.655493,None,0,,1584.456131,None,0,0,1,0,0,0.4640892,polygon,1582.489396,None,TRUE,7.1878953,7.1922045,0.721296296,0.082407407,1,0,0,7.1878953,three_middle_right,1586.702778,None,1593.843533,None,19,1,2021_Dec_29_1302,untitled_1,2020.2.6,59.84397479
ירוק,red,z,0,Image_certainty//image38_alemnt8.jpg,8.jpg,two_up_left,two_down_right,widespread,certainty,,,,,,,,,0,120,120,38,1596.937771,1597.13754,z,1,1.1674475,1596.937771,None,0,0,1,0,0,1.0813143,polygon,1594.354585,None,TRUE,5.941418,5.9468175,0.706481481,-0.216666667,1,0,0,5.941418,two_down_right,1599.166355,None,1605.062031,None,19,1,2021_Dec_29_1302,untitled_1,2020.2.6,59.84397479
אדום,red,z,1,Image_certainty//image144_alemnt8.jpg,8.jpg,two_middle_left,two_down_right,widespread,certainty,,,,,,,,,0,121,121,144,1607.453119,1607.652872,z,1,0.75589,1607.453119,None,0,0,1,0,0,0.3813924,polygon,1605.569794,None,TRUE,6.388478,6.3938054,0.70462963,-0.215740741,1,0,0,6.388478,two_down_right,1609.265861,None,1615.624623,None,19,1,2021_Dec_29_1302,untitled_1,2020.2.6,59.84397479
אדום,red,z,1,Image_certainty//image165_alemnt8.jpg,8.jpg,one_middle_left,one_up_right,widespread,certainty,,,,,,,,,0,122,122,165,1617.835101,1618.034857,z,1,0.8036474,1617.835101,None,0,0,1,0,0,0.1977007,polygon,1616.135069,None,TRUE,3.8699411,3.8706182,0.374074074,0.187962963,1,0,0,3.8699411,one_up_right,1619.711608,None,1623.534187,None,19,1,2021_Dec_29_1302,untitled_1,2020.2.6,59.84397479
ירוק,green,x,1,Image_certainty//image160_alemnt8.jpg,8.jpg,two_down_left,two_up_right,widespread,certainty,,,,,,,,,0,123,123,160,1625.717306,1625.917275,x,1,1.0205744,1625.717306,None,0,0,1,0,0,0.1810942,polygon,1624.034041,None,TRUE,7.4364747,7.4369639,0.584259259,0.201851852,1,0,0,7.4364747,two_up_right,1627.815078,None,1635.199101,None,19,1,2021_Dec_29_1302,untitled_1,2020.2.6,59.84397479
אדום,red,z,1,Image_certainty//image159_alemnt13.jpg,13.jpg,one_middle_left,two_middle_right,widespread,certainty,,,,,,,,,0,124,124,159,1637.832496,1638.032251,None,0,,1637.832496,None,0,0,1,0,0,0.6305764,polygon,1635.699278,None,TRUE,3.4214579,3.4238444,0.546296296,-0.05,1,0,0,3.4214579,two_middle_right,1640.075014,None,1643.450575,None,19,1,2021_Dec_29_1302,untitled_1,2020.2.6,59.84397479
כחול,red,z,0,Image_certainty//image64_alemnt10.jpg,10.jpg,one_up_left,three_middle_right,widespread,certainty,,,,,,,,,0,125,125,64,1645.681474,1645.881419,z,1,0.9702412,1645.681474,None,0,0,1,0,0,0.2161892,polygon,1643.964829,None,TRUE,5.4542032,5.4568898,0.747222222,0.056481481,1,0,0,5.4542032,three_middle_right,1647.725065,None,1653.132745,None,19,1,2021_Dec_29_1302,untitled_1,2020.2.6,59.84397479
כחול,red,z,0,Image_certainty//image22_alemnt11.jpg,11.jpg,two_up_left,one_down_right,widespread,certainty,,,,,,,,,0,126,126,22,1655.480281,1655.680014,None,0,,1655.480281,None,0,0,1,0,0,0.3515481,polygon,1653.646687,None,TRUE,2.0394221,2.0444536,0.409259259,-0.234259259,1,0,0,2.0394221,one_down_right,1657.724042,None,1659.720734,None,19,1,2021_Dec_29_1302,untitled_1,2020.2.6,59.84397479
כחול,blue,c,1,Image_certainty//image179_alemnt12.jpg,12.jpg,two_middle_left,one_down_right,widespread,certainty,,,,,,,,,0,127,127,179,1662.01265,1662.21247,None,0,,1662.01265,None,0,0,1,0,0,0.3014472,polygon,1660.22947,None,TRUE,7.2680322,7.2705709,0.425,-0.173148148,1,0,0,7.2680322,one_down_right,1664.247797,None,1671.477312,None,19,1,2021_Dec_29_1302,untitled_1,2020.2.6,59.84397479
ירוק,green,x,1,Image_certainty//image151_alemnt13.jpg,13.jpg,two_middle_left,one_down_right,widespread,certainty,,,,,,,,,0,128,128,151,1674.311147,1674.510915,None,0,,1674.311147,None,0,0,1,0,0,0.8317481,polygon,1671.977774,None,TRUE,3.2553138,3.2586093,0.482407407,-0.241666667,1,0,0,3.2553138,one_down_right,1676.554653,None,1679.763923,None,19,1,2021_Dec_29_1302,untitled_1,2020.2.6,59.84397479
ירוק,green,x,1,Image_certainty//image196_alemnt13.jpg,13.jpg,three_middle_left,one_down_right,widespread,certainty,,,,,,,,,0,129,129,196,1682.160103,1682.360097,x,1,1.0044577,1682.160103,None,0,0,1,0,0,0.3810589,polygon,1680.276886,None,TRUE,1.8366111,1.8399873,0.418518519,-0.249074074,1,0,0,1.8366111,one_down_right,1684.236989,None,1686.027646,None,19,1,2021_Dec_29_1302,untitled_1,2020.2.6,59.84397479
אדום,blue,c,0,Image_certainty//image49_alemnt11.jpg,11.jpg,three_middle_left,two_middle_right,widespread,certainty,,,,,,,,,0,130,130,49,1688.442413,1688.642456,c,1,1.0352247,1688.442413,None,0,0,1,0,0,0.3983526,polygon,1686.542748,None,TRUE,6.4555419,6.4591346,0.549074074,-0.059259259,1,0,0,6.4555419,two_middle_right,1690.546807,None,1696.963489,None,19,1,2021_Dec_29_1302,untitled_1,2020.2.6,59.84397479
ירוק,green,x,1,Image_certainty//image136_alemnt8.jpg,8.jpg,three_middle_left,two_down_right,widespread,certainty,,,,,,,,,0,131,131,136,1699.107991,1699.307753,x,1,0.6396932,1699.107991,None,0,0,1,0,0,0.1315922,polygon,1697.474565,None,TRUE,3.9721941,3.9773806,0.691666667,-0.237962963,1,0,0,3.9721941,two_down_right,1700.816095,None,1704.746805,None,19,1,2021_Dec_29_1302,untitled_1,2020.2.6,59.84397479
ירוק,blue,c,0,Image_certainty//image75_alemnt11.jpg,11.jpg,two_up_left,one_middle_right,widespread,certainty,,,,,,,,,0,132,132,75,1707.640146,1707.839964,None,0,,1707.640146,None,0,0,1,0,0,0.8811703,polygon,1705.257011,None,TRUE,2.5374093,2.5399421,0.4,-0.000925926,1,0,0,2.5374093,one_middle_right,1709.883679,None,1712.374738,None,19,1,2021_Dec_29_1302,untitled_1,2020.2.6,59.84397479
כחול,green,x,0,Image_certainty//image71_alemnt12.jpg,12.jpg,three_middle_left,two_down_right,widespread,certainty,,,,,,,,,0,133,133,71,1714.955387,1715.15571,x,1,0.9666713,1714.955387,None,0,0,1,0,0,0.5642602,polygon,1712.889191,None,,,,,,,,,,,1716.960881,1725.957311,1725.970977,None,19,1,2021_Dec_29_1302,untitled_1,2020.2.6,59.84397479
אדום,blue,c,0,Image_certainty//image19_alemnt4.jpg,4.jpg,one_middle_left,two_middle_right,infrequent,certainty,,,,,,,,,0,134,134,19,1728.420672,1728.62071,None,0,,1728.420672,None,0,0,1,0,0,0.4645579,polygon,1726.470896,None,TRUE,3.0209171,3.0241276,0.593518519,-0.075,1,0,0,3.0209171,two_middle_right,1730.669598,None,1733.639593,None,19,1,2021_Dec_29_1302,untitled_1,2020.2.6,59.84397479
ירוק,blue,c,0,Image_certainty//image51_alemnt14.jpg,14.jpg,three_middle_left,one_down_right,widespread,certainty,,,,,,,,,0,135,135,51,1735.986487,1736.186315,None,0,,1735.986487,None,0,0,1,0,0,0.331102,polygon,1734.153232,None,,,,,,,,,,,1738.217863,None,1747.2011,None,19,1,2021_Dec_29_1302,untitled_1,2020.2.6,59.84397479
כחול,red,z,0,Image_certainty//image34_alemnt8.jpg,8.jpg,one_middle_left,two_up_right,widespread,certainty,,,,,,,,,0,136,136,34,1749.634808,1749.8344,z,1,0.9486873,1749.634808,None,0,0,1,0,0,0.4324638,polygon,1747.701491,None,,,,,,,,,,,1751.647809,1760.635932,1760.64945,None,19,1,2021_Dec_29_1302,untitled_1,2020.2.6,59.84397479
ירוק,green,x,1,Image_certainty//image106_alemnt5.jpg,5.jpg,one_down_left,three_middle_right,infrequent,certainty,,,,,,,,,0,137,137,106,1763.216413,1763.415894,x,1,0.7434288,1763.216413,None,0,0,1,0,0,0.5648674,polygon,1761.149498,None,TRUE,8.2047671,8.2089976,0.681481481,0.053703704,1,0,0,8.2047671,three_middle_right,1765.026472,None,1773.187921,None,19,1,2021_Dec_29_1302,untitled_1,2020.2.6,59.84397479
אדום,blue,c,0,Image_certainty//image1_alemnt6.jpg,6.jpg,two_down_left,one_up_right,infrequent,certainty,,,,,,,,,0,138,138,1,1775.514794,1775.714467,c,1,1.0295035,1775.514794,None,0,0,1,0,0,0.3291298,polygon,1773.69824,None,TRUE,5.2541426,5.2548595,0.355555556,0.157407407,1,0,0,5.2541426,one_up_right,1777.605746,None,1782.813186,None,19,1,2021_Dec_29_1302,untitled_1,2020.2.6,59.84397479
כחול,red,z,0,Image_certainty//image10_alemnt6.jpg,6.jpg,two_middle_left,three_middle_right,infrequent,certainty,,,,,,,,,0,139,139,10,1784.980212,1785.180017,z,1,0.7351771,1784.980212,None,0,0,1,0,0,0.1643772,polygon,1783.313672,None,,,,,,,,,,,1786.788223,1795.781528,1795.794771,None,19,1,2021_Dec_29_1302,untitled_1,2020.2.6,59.84397479
ירוק,green,x,1,Image_certainty//image130_alemnt11.jpg,11.jpg,three_middle_left,two_down_right,widespread,certainty,,,,,,,,,0,140,140,130,1798.228575,1798.428368,x,1,0.9901448,1798.228575,None,0,0,1,0,0,0.4315942,polygon,1796.295275,None,,,,,,,,,,,1800.286848,1809.280159,1809.293219,None,19,1,2021_Dec_29_1302,untitled_1,2020.2.6,59.84397479
ירוק,red,z,0,Image_certainty//image92_alemnt10.jpg,10.jpg,one_down_left,two_middle_right,widespread,certainty,,,,,,,,,0,141,141,92,1811.593271,1811.792974,z,1,1.0807676,1811.593271,None,0,0,1,0,0,0.2978949,polygon,1809.793706,None,TRUE,6.5891158,6.5921391,0.557407407,-0.032407407,1,0,0,6.5891158,two_middle_right,1813.736931,None,1820.278759,None,19,1,2021_Dec_29_1302,untitled_1,2020.2.6,59.84397479
ירוק,blue,c,0,Image_certainty//image69_alemnt14.jpg,14.jpg,one_middle_left,two_down_right,widespread,certainty,,,,,,,,,0,142,142,69,1822.408834,1822.608599,c,1,0.977724,1822.408834,None,0,0,1,0,0,0.1165436,polygon,1820.792036,None,TRUE,6.4885273,6.490294,0.725,-0.256481481,1,0,0,6.4885273,two_down_right,1824.451638,None,1830.891722,None,19,1,2021_Dec_29_1302,untitled_1,2020.2.6,59.84397479
כחול,red,z,0,Image_certainty//image88_alemnt10.jpg,10.jpg,two_middle_left,two_up_right,widespread,certainty,,,,,,,,,0,143,143,88,1833.290762,1833.490541,z,1,0.9416234,1833.290762,None,0,0,1,0,0,0.3811439,polygon,1831.407205,None,TRUE,4.2383682,4.238979,0.613888889,0.259259259,1,0,0,4.2383682,two_up_right,1835.301092,None,1839.492404,None,19,1,2021_Dec_29_1302,untitled_1,2020.2.6,59.84397479
כחול,blue,c,1,Image_certainty//image170_alemnt13.jpg,13.jpg,one_down_left,two_middle_right,widespread,certainty,,,,,,,,,0,144,144,170,1841.65636,1841.856104,c,1,1.047154,1841.65636,None,0,0,1,0,0,0.1464254,polygon,1840.00633,None,TRUE,3.3897141,3.3907968,0.577777778,-0.037037037,1,0,0,3.3897141,two_middle_right,1843.766387,None,1847.106624,None,19,1,2021_Dec_29_1302,untitled_1,2020.2.6,59.84397479
ירוק,red,z,0,Image_certainty//image86_alemnt13.jpg,13.jpg,two_middle_left,one_up_right,widespread,certainty,,,,,,,,,0,145,145,86,1849.355517,1849.555106,z,1,1.1361758,1849.355517,None,0,0,1,0,0,0.2464102,polygon,1847.622075,None,TRUE,2.2393953,2.2403713,0.373148148,0.201851852,1,0,0,2.2393953,one_up_right,1851.567315,None,1853.759368,None,19,1,2021_Dec_29_1302,untitled_1,2020.2.6,59.84397479
כחול,green,x,0,Image_certainty//image53_alemnt12.jpg,12.jpg,two_down_left,two_middle_right,widespread,certainty,,,,,,,,,0,146,146,53,1855.937862,1856.137566,x,1,0.7721401,1855.937862,None,0,0,1,0,0,0.1642623,polygon,1854.27121,None,FALSE,2.4890787,2.8781335,0,0,1,0,0,2.4890787,,1857.758452,None,1860.608707,None,19,1,2021_Dec_29_1302,untitled_1,2020.2.6,59.84397479
ירוק,red,z,0,Image_certainty//image26_alemnt11.jpg,11.jpg,one_middle_left,two_down_right,widespread,certainty,,,,,,,,,0,147,147,26,1863.153592,1863.353107,z,1,1.1512938,1863.153592,None,-0.006481481,-0.000925926,1,0,0,0.5455885,polygon,1861.120194,None,TRUE,6.2870624,6.2903302,0.728703704,-0.210185185,1,0,0,6.2870624,two_down_right,1865.371279,None,1871.619541,None,19,1,2021_Dec_29_1302,untitled_1,2020.2.6,59.84397479
אדום,red,z,1,Image_certainty//image156_alemnt11.jpg,11.jpg,two_down_left,one_down_right,widespread,certainty,,,,,,,,,0,148,148,156,1873.869017,1874.068321,z,1,0.9005857,1873.869017,None,0,0,1,0,0,0.2476402,polygon,1872.118907,None,TRUE,4.7858709,4.7896026,0.45462963,-0.22037037,1,0,0,4.7858709,one_down_right,1875.828991,None,1880.569221,None,19,1,2021_Dec_29_1302,untitled_1,2020.2.6,59.84397479
כחול,green,x,0,Image_certainty//image83_alemnt14.jpg,14.jpg,one_down_left,one_middle_right,widespread,certainty,,,,,,,,,0,149,149,83,1882.834186,1883.033945,None,0,,1882.834186,None,0,0,1,0,0,0.248419,polygon,1881.084345,None,TRUE,7.6844935,7.6855501,0.407407407,-0.071296296,1,0,0,6.9891863,one_middle_right,1885.081555,None,1892.715677,None,19,1,2021_Dec_29_1302,untitled_1,2020.2.6,59.84397479
ירוק,red,z,0,Image_certainty//image98_alemnt13.jpg,13.jpg,three_middle_left,two_down_right,widespread,certainty,,,,,,,,,0,150,150,98,1895.016095,1895.215921,z,1,0.8154944,1895.016095,None,0,0,1,0,0,0.2976368,polygon,1893.216178,None,TRUE,4.6888399,4.6942755,0.700925926,-0.234259259,1,0,0,4.6888399,two_down_right,1896.879037,None,1901.539649,None,19,1,2021_Dec_29_1302,untitled_1,2020.2.6,59.84397479
אדום,blue,c,0,Image_certainty//image73_alemnt10.jpg,10.jpg,two_down_left,one_down_right,widespread,certainty,,,,,,,,,0,151,151,73,1905.481362,1905.681244,None,0,,1905.481362,None,0,0,1,0,0,1.930976,polygon,1902.048261,None,TRUE,4.4048816,4.40982,0.450925926,-0.237037037,1,0,0,4.4048816,one_down_right,1907.723597,None,1912.085824,None,19,1,2021_Dec_29_1302,untitled_1,2020.2.6,59.84397479
ירוק,blue,c,0,Image_certainty//image9_alemnt2.jpg,2.jpg,one_up_left,two_down_right,infrequent,certainty,,,,,,,,,0,152,152,9,1914.480293,1914.680035,None,0,,1914.480293,None,0,0,1,0,0,0.380826,polygon,1912.597037,None,TRUE,3.8882182,3.8924711,0.709259259,-0.214814815,1,0,0,3.8882182,two_down_right,1916.722022,None,1920.566825,None,19,1,2021_Dec_29_1302,untitled_1,2020.2.6,59.84397479
אדום,red,z,1,Image_certainty//image147_alemnt9.jpg,9.jpg,three_middle_left,two_up_right,widespread,certainty,,,,,,,,,0,153,153,147,1923.01232,1923.212111,z,1,0.6276039,1923.01232,None,0,0,1,0,0,0.4313702,polygon,1921.079201,None,TRUE,8.6356325,8.635967,0.644444444,0.185185185,1,0,0,8.6356325,two_up_right,1924.703782,None,1933.293648,None,19,1,2021_Dec_29_1302,untitled_1,2020.2.6,59.84397479
כחול,blue,c,1,Image_certainty//image128_alemnt13.jpg,13.jpg,two_up_left,three_middle_right,widespread,certainty,,,,,,,,,0,154,154,128,1936.37728,1936.577177,c,1,1.1646472,1936.37728,None,-0.014814815,-0.003703704,1,0,0,1.0813099,polygon,1933.794281,None,TRUE,3.9210651,3.9249435,0.74537037,0.082407407,1,0,0,3.9210651,three_middle_right,1938.604589,None,1942.480431,None,19,1,2021_Dec_29_1302,untitled_1,2020.2.6,59.84397479
כחול,green,x,0,Image_certainty//image77_alemnt10.jpg,10.jpg,one_middle_left,two_up_right,widespread,certainty,,,,,,,,,0,155,155,77,1944.843101,1945.042848,x,1,1.0307635,1944.843101,None,0,0,1,0,0,0.3469844,polygon,1942.993131,None,TRUE,5.4200913,5.420538,0.643518519,0.214814815,1,0,0,5.4200913,two_up_right,1946.934714,None,1952.308207,None,19,1,2021_Dec_29_1302,untitled_1,2020.2.6,59.84397479
ירוק,green,x,1,Image_certainty//image193_alemnt12.jpg,12.jpg,three_middle_left,three_middle_right,widespread,certainty,,,,,,,,,0,156,156,193,1954.408541,1954.608282,None,0,,1954.408541,None,0,0,1,0,0,0.0991696,polygon,1952.808544,None,TRUE,7.470561,7.4744349,0.762962963,0.07037037,1,0,0,7.470561,three_middle_right,1956.655691,None,1964.078761,None,19,1,2021_Dec_29_1302,untitled_1,2020.2.6,59.84397479
אדום,green,x,0,Image_certainty//image42_alemnt12.jpg,12.jpg,two_up_left,one_up_right,widespread,certainty,,,,,,,,,0,157,157,42,1966.323624,1966.523454,x,1,0.8561796,1966.323624,None,0,0,1,0,0,0.2298611,polygon,1964.590364,None,TRUE,4.4216019,4.4225837,0.359259259,0.185185185,1,0,0,4.4216019,one_up_right,1968.247815,None,1972.625273,None,19,1,2021_Dec_29_1302,untitled_1,2020.2.6,59.84397479
ירוק,green,x,1,Image_certainty//image187_alemnt10.jpg,10.jpg,two_up_left,three_middle_right,widespread,certainty,,,,,,,,,0,158,158,187,1975.039202,1975.238935,x,1,0.7606515,1975.039202,None,0,0,1,0,0,0.397945,polygon,1973.139209,None,TRUE,3.0359095,3.0371414,0.686111111,0.073148148,1,0,0,3.0359095,three_middle_right,1976.850865,None,1979.854384,None,19,1,2021_Dec_29_1302,untitled_1,2020.2.6,59.84397479
אדום,red,z,1,Image_certainty//image129_alemnt8.jpg,8.jpg,one_middle_left,three_middle_right,widespread,certainty,,,,,,,,,0,159,159,129,1982.238185,1982.438015,z,1,0.8654528,1982.238185,None,0,0,1,0,0,0.380449,polygon,1980.355095,None,TRUE,5.0200939,5.0227162,0.722222222,0.078703704,1,0,0,5.0200939,three_middle_right,1984.16416,None,1989.139022,None,19,1,2021_Dec_29_1302,untitled_1,2020.2.6,59.84397479
כחול,green,x,0,Image_certainty//image65_alemnt9.jpg,9.jpg,two_middle_left,two_up_right,widespread,certainty,,,,,,,,,0,160,160,65,1991.837139,1992.036811,None,0,,1991.837139,None,0,0,1,0,0,0.6958672,polygon,1989.653389,None,TRUE,3.1885923,3.1891795,0.625925926,0.236111111,1,0,0,3.1885923,two_up_right,1994.064328,None,1997.221137,None,19,1,2021_Dec_29_1302,untitled_1,2020.2.6,59.84397479
כחול,blue,c,1,Image_certainty//image146_alemnt12.jpg,12.jpg,one_up_left,two_middle_right,widespread,certainty,,,,,,,,,0,161,161,146,1999.702756,1999.902465,c,1,0.9409955,1999.702756,None,0,0,1,0,0,0.4663971,polygon,1997.735902,None,TRUE,3.468954,3.4700305,0.55462963,-0.009259259,1,0,0,3.468954,two_middle_right,2001.710491,None,2005.134546,None,19,1,2021_Dec_29_1302,untitled_1,2020.2.6,59.84397479
אדום,green,x,0,Image_certainty//image78_alemnt10.jpg,10.jpg,one_middle_left,two_up_right,widespread,certainty,,,,,,,,,0,162,162,78,2007.318409,2007.518107,x,1,1.0330844,2007.318409,None,0,0,1,0,0,0.1957235,polygon,2005.635035,None,TRUE,4.1864793,4.1869051,0.561111111,0.25,1,0,0,4.1864793,two_up_right,2009.414674,None,2013.550182,None,19,1,2021_Dec_29_1302,untitled_1,2020.2.6,59.84397479
אדום,red,z,1,Image_certainty//image186_alemnt11.jpg,11.jpg,one_down_left,two_up_right,widespread,certainty,,,,,,,,,0,163,163,186,2015.700654,2015.900064,z,1,0.7597514,2015.700654,None,0,0,1,0,0,0.1639685,polygon,2014.050671,None,TRUE,6.6855571,6.6858761,0.627777778,0.212962963,1,0,0,6.6855571,two_up_right,2017.523312,None,2024.165597,None,19,1,2021_Dec_29_1302,untitled_1,2020.2.6,59.84397479
ירוק,blue,c,0,Image_certainty//image87_alemnt11.jpg,11.jpg,three_middle_left,two_middle_right,widespread,certainty,,,,,,,,,0,164,164,87,2026.282394,2026.482197,c,1,1.0709207,2026.282394,None,0,0,1,0,0,0.1174021,polygon,2024.665827,None,TRUE,1.6199441,1.6221267,0.57962963,-0.053703704,1,0,0,1.6199441,two_middle_right,2028.424191,None,2029.998024,None,19,1,2021_Dec_29_1302,untitled_1,2020.2.6,59.84397479
ירוק,red,z,0,Image_certainty//image62_alemnt11.jpg,11.jpg,two_down_left,two_middle_right,widespread,certainty,,,,,,,,,0,165,165,62,2032.131868,2032.331207,z,1,0.7888742,2032.131868,None,0,0,1,0,0,0.1314766,polygon,2030.498542,None,TRUE,4.4054871,4.4065553,0.574074074,-0.058333333,1,0,0,4.4054871,two_middle_right,2033.968121,None,2038.347369,None,19,1,2021_Dec_29_1302,untitled_1,2020.2.6,59.84397479
כחול,blue,c,1,Image_certainty//image110_alemnt5.jpg,5.jpg,three_middle_left,one_up_right,infrequent,certainty,,,,,,,,,0,166,166,110,2040.530569,2040.730558,None,0,,2040.530569,None,0,0,1,0,0,0.1804466,polygon,2038.847495,None,TRUE,1.4365095,1.4368609,0.361111111,0.197222222,1,0,0,1.4365095,one_up_right,2042.773926,None,2044.162889,None,19,1,2021_Dec_29_1302,untitled_1,2020.2.6,59.84397479
כחול,blue,c,1,Image_certainty//image191_alemnt12.jpg,12.jpg,two_middle_left,one_up_right,widespread,certainty,,,,,,,,,0,167,167,191,2046.18008,2046.379776,None,0,,2046.18008,None,0,0,1,0,0,0.0144492,polygon,2044.663117,None,TRUE,2.0025325,2.0030802,0.327777778,0.188888889,1,0,0,2.0025325,one_up_right,2048.421526,None,2050.378793,None,19,1,2021_Dec_29_1302,untitled_1,2020.2.6,59.84397479
ירוק,green,x,1,Image_certainty//image178_alemnt8.jpg,8.jpg,two_up_left,one_up_right,widespread,certainty,,,,,,,,,0,168,168,178,2052.412489,2052.612065,x,1,0.6662942,2052.412489,None,0,0,1,0,0,0.0309333,polygon,2050.879052,None,TRUE,7.9537504,7.9544224,0.396296296,0.190740741,1,0,0,7.9537504,one_up_right,2054.128284,None,2062.044255,None,19,1,2021_Dec_29_1302,untitled_1,2020.2.6,59.84397479
אדום,red,z,1,Image_certainty//image189_alemnt8.jpg,8.jpg,one_middle_left,one_middle_right,widespread,certainty,,,,,,,,,0,169,169,189,2064.211055,2064.41067,z,1,0.6777758,2064.211055,None,0,0,1,0,0,0.1641446,polygon,2062.544381,None,TRUE,8.8354145,8.8370185,0.360185185,-0.010185185,1,0,0,8.8354145,one_middle_right,2065.956732,None,2074.742396,None,19,1,2021_Dec_29_1302,untitled_1,2020.2.6,59.84397479
ירוק,green,x,1,Image_certainty//image172_alemnt8.jpg,8.jpg,two_middle_left,two_down_right,widespread,certainty,,,,,,,,,0,170,170,172,2077.12608,2077.325865,x,1,1.0203833,2077.12608,None,0,0,1,0,0,0.3806473,polygon,2075.24269,None,TRUE,5.5043547,5.5060843,0.744444444,-0.217592593,1,0,0,5.5043547,two_down_right,2079.204694,None,2084.675102,None,19,1,2021_Dec_29_1302,untitled_1,2020.2.6,59.84397479
כחול,green,x,0,Image_certainty//image47_alemnt13.jpg,13.jpg,one_middle_left,one_middle_right,widespread,certainty,,,,,,,,,0,171,171,47,2086.924498,2087.124614,None,0,,2086.924498,None,0,0,1,0,0,0.2469539,polygon,2085.174739,None,TRUE,4.5524572,4.5546956,0.391666667,-0.02037037,1,0,0,4.5524572,one_middle_right,2089.168446,None,2093.67319,None,19,1,2021_Dec_29_1302,untitled_1,2020.2.6,59.84397479
ירוק,red,z,0,Image_certainty//image80_alemnt9.jpg,9.jpg,one_middle_left,one_middle_right,widespread,certainty,,,,,,,,,0,172,172,80,2095.840366,2096.040118,z,1,0.9675641,2095.840366,None,0,0,1,0,0,0.1647997,polygon,2094.173587,None,TRUE,9.0017133,9.002759,0.398148148,0.008333333,1,0,0,9.0017133,one_middle_right,2097.866222,None,2106.821477,None,19,1,2021_Dec_29_1302,untitled_1,2020.2.6,59.84397479
ירוק,green,x,1,Image_certainty//image199_alemnt9.jpg,9.jpg,one_up_left,one_down_right,widespread,certainty,,,,,,,,,0,173,173,199,2109.055335,2109.255067,x,1,0.9933227,2109.055335,None,0,0,1,0,0,0.2309886,polygon,2107.321899,None,TRUE,5.6360278,5.639194,0.45,-0.226851852,1,0,0,5.6360278,one_down_right,2111.113953,None,2116.703459,None,19,1,2021_Dec_29_1302,untitled_1,2020.2.6,59.84397479
אדום,blue,c,0,Image_certainty//image43_alemnt11.jpg,11.jpg,two_down_left,one_up_right,widespread,certainty,,,,,,,,,0,174,174,43,2119.037332,2119.237145,c,1,0.9221888,2119.037332,None,0,0,1,0,0,0.33076,polygon,2117.20396,None,TRUE,3.9384591,3.9387987,0.393518519,0.214814815,1,0,0,3.9384591,one_up_right,2121.033511,None,2124.919119,None,19,1,2021_Dec_29_1302,untitled_1,2020.2.6,59.84397479
כחול,green,x,0,Image_certainty//image5_alemnt2.jpg,2.jpg,two_down_left,two_down_right,infrequent,certainty,,,,,,,,,0,175,175,5,2127.286305,2127.486078,x,1,0.8631178,2127.286305,None,0,0,1,0,0,0.3649749,polygon,2125.419705,None,TRUE,4.7702378,4.7738741,0.713888889,-0.237037037,1,0,0,4.7702378,two_down_right,2129.212748,None,2133.938317,None,19,1,2021_Dec_29_1302,untitled_1,2020.2.6,59.84397479
ירוק,green,x,1,Image_certainty//image109_alemnt5.jpg,5.jpg,one_down_left,two_middle_right,infrequent,certainty,,,,,,,,,0,176,176,109,2136.45182,2136.651675,x,1,0.8450262,2136.45182,None,0,0,1,0,0,0.497664,polygon,2134.451813,None,TRUE,7.6200846,7.6224875,0.556481481,-0.075925926,1,0,0,7.6200846,two_middle_right,2138.365232,None,2145.934301,None,19,1,2021_Dec_29_1302,untitled_1,2020.2.6,59.84397479
ירוק,blue,c,0,Image_certainty//image99_alemnt10.jpg,10.jpg,three_middle_left,one_middle_right,widespread,certainty,,,,,,,,,0,177,177,99,2148.133644,2148.333408,c,1,0.8435007,2148.133644,None,0,0,1,0,0,0.1979625,polygon,2146.433516,None,TRUE,2.6715303,2.6747082,0.399074074,-0.016666667,1,0,0,2.6715303,one_middle_right,2150.042073,None,2152.668302,None,19,1,2021_Dec_29_1302,untitled_1,2020.2.6,59.84397479
כחול,green,x,0,Image_certainty//image35_alemnt8.jpg,8.jpg,two_down_left,one_up_right,widespread,certainty,,,,,,,,,0,178,178,35,2154.799421,2154.999236,x,1,0.7821607,2154.799421,None,0,0,1,0,0,0.1140176,polygon,2153.182605,None,,,,,,,,,,,2156.643118,2165.61822,2165.647742,None,19,1,2021_Dec_29_1302,untitled_1,2020.2.6,59.84397479
ירוק,green,x,1,Image_certainty//image157_alemnt8.jpg,8.jpg,one_middle_left,three_middle_right,widespread,certainty,,,,,,,,,0,179,179,157,2168.247484,2168.447488,x,1,0.6473328,2168.247484,None,0,0,1,0,0,0.5975497,polygon,2166.147476,None,,,,,,,,,,,2169.961339,2178.949379,2178.962499,None,19,1,2021_Dec_29_1302,untitled_1,2020.2.6,59.84397479
אדום,green,x,0,Image_certainty//image0_alemnt7.jpg,7.jpg,one_down_left,two_up_right,infrequent,certainty,,,,,,,,,0,180,180,0,2181.496052,2181.695785,x,1,0.8509596,2181.496052,None,0,0,1,0,0,0.5314555,polygon,2179.462641,None,,,,,,,,,,,2183.424985,2192.397773,2192.427362,None,19,1,2021_Dec_29_1302,untitled_1,2020.2.6,59.84397479
ירוק,green,x,1,Image_certainty//image154_alemnt9.jpg,9.jpg,one_middle_left,one_down_right,widespread,certainty,,,,,,,,,0,181,181,154,2194.477693,2194.677224,None,0,,2194.477693,None,0,0,1,0,0,0.0466937,polygon,2192.927466,None,TRUE,3.8208702,3.8242036,0.438888889,-0.226851852,1,0,0,3.8208702,one_down_right,2196.720604,None,2200.4959,None,19,1,2021_Dec_29_1302,untitled_1,2020.2.6,59.84397479
כחול,green,x,0,Image_certainty//image59_alemnt14.jpg,14.jpg,two_down_left,one_down_right,widespread,certainty,,,,,,,,,0,182,182,59,2202.826662,2203.026389,x,1,1.0056005,2202.826662,None,0,0,1,0,0,0.3144703,polygon,2201.009975,None,TRUE,8.9360998,8.940562,0.435185185,-0.225,1,0,0,8.9360998,one_down_right,2204.906699,None,2213.795106,None,19,1,2021_Dec_29_1302,untitled_1,2020.2.6,59.84397479
אדום,red,z,1,Image_certainty//image171_alemnt12.jpg,12.jpg,one_up_left,two_down_right,widespread,certainty,,,,,,,,,0,183,183,171,2216.174994,2216.37446,z,1,0.8687701,2216.174994,None,0,0,1,0,0,0.3664667,polygon,2214.30829,None,TRUE,3.568175,3.5699924,0.699074074,-0.191666667,1,0,0,3.568175,two_down_right,2218.116362,None,2221.640066,None,19,1,2021_Dec_29_1302,untitled_1,2020.2.6,59.84397479
כחול,red,z,0,Image_certainty//image94_alemnt9.jpg,9.jpg,three_middle_left,two_down_right,widespread,certainty,,,,,,,,,0,184,184,94,2223.890372,2224.090062,z,1,0.8420054,2223.890372,None,0,0,1,0,0,0.2483546,polygon,2222.14056,None,,,,,,,,,,,2225.801513,2234.775079,2234.805295,None,19,1,2021_Dec_29_1302,untitled_1,2020.2.6,59.84397479
כחול,red,z,0,Image_certainty//image40_alemnt14.jpg,14.jpg,one_up_left,one_middle_right,widespread,certainty,,,,,,,,,0,185,185,40,2238.555365,2238.75493,z,1,0.7903605,2238.555365,None,0.021296296,0.023148148,1,0,0,0.9308908,polygon,2235.305594,None,TRUE,7.6878016,7.6899475,0.410185185,0.02962963,1,0,0,7.6878016,one_middle_right,2240.420458,None,2248.056779,None,19,1,2021_Dec_29_1302,untitled_1,2020.2.6,59.84397479
כחול,blue,c,1,Image_certainty//image134_alemnt9.jpg,9.jpg,two_down_left,three_middle_right,widespread,certainty,,,,,,,,,0,186,186,134,2250.286984,2250.486951,c,1,0.8546504,2250.286984,None,0,0,1,0,0,0.2172782,polygon,2248.570476,None,TRUE,3.5216156,3.5242664,0.712037037,0.071296296,1,0,0,3.5216156,three_middle_right,2252.20798,None,2255.688815,None,19,1,2021_Dec_29_1302,untitled_1,2020.2.6,59.84397479
ירוק,green,x,1,Image_certainty//image181_alemnt12.jpg,12.jpg,two_up_left,one_down_right,widespread,certainty,,,,,,,,,0,187,187,181,2257.819545,2258.019286,x,1,0.9698102,2257.819545,None,0,0,1,0,0,0.1142142,polygon,2256.202819,None,TRUE,2.571669,2.576632,0.431481481,-0.233333333,1,0,0,2.571669,one_down_right,2259.860421,None,2262.391155,None,19,1,2021_Dec_29_1302,untitled_1,2020.2.6,59.84397479
ירוק,red,z,0,Image_certainty//image32_alemnt9.jpg,9.jpg,two_up_left,one_down_right,widespread,certainty,,,,,,,,,0,188,188,32,2265.268521,2265.468395,z,1,0.8350379,2265.268521,None,0,0,1,0,0,0.8638121,polygon,2262.902085,None,TRUE,5.5204279,5.5238516,0.446296296,-0.203703704,1,0,0,5.5204279,one_down_right,2267.167439,None,2272.651427,None,19,1,2021_Dec_29_1302,untitled_1,2020.2.6,59.84397479
אדום,red,z,1,Image_certainty//image198_alemnt9.jpg,9.jpg,one_up_left,one_middle_right,widespread,certainty,,,,,,,,,0,189,189,198,2275.06732,2275.266721,z,1,0.8655685,2275.06732,None,0,0,1,0,0,0.4142224,polygon,2273.150734,None,TRUE,4.8549658,4.8581049,0.361111111,-0.005555556,1,0,0,4.8549658,one_middle_right,2276.995075,None,2281.803864,None,19,1,2021_Dec_29_1302,untitled_1,2020.2.6,59.84397479
ירוק,blue,c,0,Image_certainty//image57_alemnt13.jpg,13.jpg,two_down_left,two_middle_right,widespread,certainty,,,,,,,,,0,190,190,57,2284.132834,2284.332523,c,1,0.9550686,2284.132834,None,0,0,1,0,0,0.3143116,polygon,2282.316188,None,TRUE,3.054661,3.0582246,0.55462963,-0.046296296,1,0,0,3.054661,two_middle_right,2286.163133,None,2289.167981,None,19,1,2021_Dec_29_1302,untitled_1,2020.2.6,59.84397479
כחול,green,x,0,Image_certainty//image11_alemnt7.jpg,7.jpg,two_middle_left,one_middle_right,infrequent,certainty,,,,,,,,,0,191,191,11,2291.531886,2291.73163,x,1,0.7983945,2291.531886,None,0,0,1,0,0,0.3477876,polygon,2289.681955,None,TRUE,1.9387756,1.9396823,0.363888889,0,1,0,0,1.9387756,one_middle_right,2293.382426,None,2295.280481,None,19,1,2021_Dec_29_1302,untitled_1,2020.2.6,59.84397479
אדום,red,z,1,Image_certainty//image111_alemnt3.jpg,3.jpg,one_middle_left,two_up_right,infrequent,certainty,,,,,,,,,0,192,192,111,2297.414371,2297.614183,z,1,0.7681017,2297.414371,None,0,0,1,0,0,0.1300684,polygon,2295.781156,None,,,,,,,,,,,2299.248754,2308.233068,2308.245941,None,19,1,2021_Dec_29_1302,untitled_1,2020.2.6,59.84397479
כחול,blue,c,1,Image_certainty//image188_alemnt9.jpg,9.jpg,two_up_left,two_down_right,widespread,certainty,,,,,,,,,0,193,193,188,2310.629369,2310.829205,None,0,,2310.629369,None,0,0,1,0,0,0.3801524,polygon,2308.74605,None,TRUE,4.1037749,4.1074153,0.712962963,-0.246296296,1,0,0,4.1037749,two_down_right,2312.859208,None,2316.931027,None,19,1,2021_Dec_29_1302,untitled_1,2020.2.6,59.84397479
ירוק,green,x,1,Image_certainty//image142_alemnt14.jpg,14.jpg,three_middle_left,two_down_right,widespread,certainty,,,,,,,,,0,194,194,142,2319.311498,2319.511481,x,1,0.8457424,2319.311498,None,0,0,1,0,0,0.36827,polygon,2317.445027,None,TRUE,5.219701,5.2211591,0.708333333,-0.203703704,1,0,0,5.219701,two_down_right,2321.220937,None,2326.393274,None,19,1,2021_Dec_29_1302,untitled_1,2020.2.6,59.84397479
אדום,red,z,1,Image_certainty//image138_alemnt9.jpg,9.jpg,one_down_left,two_down_right,widespread,certainty,,,,,,,,,0,195,195,138,2328.843828,2329.043104,z,1,0.6517367,2328.843828,None,0,0,1,0,0,0.447597,polygon,2326.893758,None,TRUE,5.2538689,5.2586163,0.715740741,-0.258333333,1,0,0,5.2538689,two_down_right,2330.569362,None,2335.779513,None,19,1,2021_Dec_29_1302,untitled_1,2020.2.6,59.84397479
אדום,green,x,0,Image_certainty//image36_alemnt10.jpg,10.jpg,three_middle_left,three_middle_right,widespread,certainty,,,,,,,,,0,196,196,36,2338.292313,2338.492318,x,1,0.9416084,2338.292313,None,0,0,1,0,0,0.497263,polygon,2336.292238,None,TRUE,5.6380291,5.6412963,0.730555556,0.053703704,1,0,0,5.6380291,three_middle_right,2340.294493,None,2345.894164,None,19,1,2021_Dec_29_1302,untitled_1,2020.2.6,59.84397479
ירוק,green,x,1,Image_certainty//image115_alemnt2.jpg,2.jpg,three_middle_left,one_down_right,infrequent,certainty,,,,,,,,,0,197,197,115,2348.107511,2348.307664,x,1,0.6780731,2348.107511,None,0,0,1,0,0,0.1969569,polygon,2346.407974,None,,,,,,,,,,,2349.851341,2358.842579,2358.856209,None,19,1,2021_Dec_29_1302,untitled_1,2020.2.6,59.84397479
אדום,green,x,0,Image_certainty//image30_alemnt10.jpg,10.jpg,two_down_left,three_middle_right,widespread,certainty,,,,,,,,,0,198,198,30,2361.289633,2361.489092,z,0,0.9302653,2361.289633,None,0,0,1,0,0,0.4307851,polygon,2359.356279,None,TRUE,4.3214343,4.3249069,0.7,0.050925926,1,0,0,4.3214343,three_middle_right,2363.28381,None,2367.560572,None,19,1,2021_Dec_29_1302,untitled_1,2020.2.6,59.84397479
אדום,red,z,1,Image_certainty//image174_alemnt10.jpg,10.jpg,one_down_left,three_middle_right,widespread,certainty,,,,,,,,,0,199,199,174,2369.805214,2370.004901,None,0,,2369.805214,None,0,0,1,0,0,0.2309387,polygon,2368.071812,None,TRUE,8.0382313,8.0418615,0.722222222,0.042592593,1,0,0,8.0382313,three_middle_right,2372.033217,None,2380.041363,None,19,1,2021_Dec_29_1302,untitled_1,2020.2.6,59.84397479
,,,,,,,,,,,,,,,,,,,,,,,,,,,,,,,,,,,,,,,,,,,,,,,,,,,,,,,,,
,,,,,,,,,,,,,,,,,,,,,,,,,,,,,,,,,,,,,,,8.0382313,,,,,,,,,,,,,,,,,,
,,,,,,,,,,,,,,,,,,,,,,,,,,,,,,,,,,,,,,,,,,,,,,,,,,,,,,,,,
,,,,,,,,,,,,,,,,,,,,,,,,,,,,,,,,,,,,,,,,,,,,,,,,,,,,,,,,,
,,,,,,,,,,,,,,,,,,,,,,,,,,,,,,,,,,,,,,,,,,,,,,,,,,,,,,,,,
,,,,,,,,,,,,,,,,,,,,,,,,,,,,,,,,,,,,,,,5.022630497,,,,,,,,,,,,,,,,,,
,,,,,,,,,,,,,,,,,,,,,,,,,,,,,,,,,,,,,,,1.9660954,,,,,,,,,,,,,,,,,,
