﻿word,letterColor,corrAns,congruent,imageTrain,true_shaps,corrAnsLeft,corrAnsRight,common,experiment,stroop_loop.thisRepN,stroop_loop.thisTrialN,stroop_loop.thisN,stroop_loop.thisIndex,trail_certaninty.thisRepN,trail_certaninty.thisTrialN,trail_certaninty.thisN,trail_certaninty.thisIndex,test_certaincy.thisRepN,test_certaincy.thisTrialN,test_certaincy.thisN,test_certaincy.thisIndex,stroop_text.started,stroop_text.stopped,stroop_anser.keys,stroop_anser.corr,stroop_anser.rt,stroop_anser.started,stroop_anser.stopped,test_fixability_certity.x,test_fixability_certity.y,test_fixability_certity.leftButton,test_fixability_certity.midButton,test_fixability_certity.rightButton,test_fixability_certity.time,test_fixability_certity.clicked_name,test_fixability_certity.started,test_fixability_certity.stopped,test_certainty_anser_currect,finalClickTime,test_certainty_anser_time,test_certainty_mouse.x,test_certainty_mouse.y,test_certainty_mouse.leftButton,test_certainty_mouse.midButton,test_certainty_mouse.rightButton,test_certainty_mouse.time,test_certainty_mouse.clicked_name,test_certainty_mouse.started,test_certainty_mouse.stopped,text_5.started,text_5.stopped,participant,session,date,expName,psychopyVersion,frameRate
ירוק,green,x,1,,,,,,,0,0,0,2,,,,,,,,,19.0485715,19.2486866,x,1,0.8275952,19.0485715,None,,,,,,,,,,,,,,,,,,,,,,,,21,1,2021_Dec_29_1400,untitled_1,2020.2.6,59.82424832
כחול,blue,c,1,,,,,,,0,1,1,4,,,,,,,,,24.4647931,24.6645399,c,1,0.7272514,24.4647931,None,,,,,,,,,,,,,,,,,,,,,,,,21,1,2021_Dec_29_1400,untitled_1,2020.2.6,59.82424832
אדום,green,x,0,,,,,,,0,2,2,1,,,,,,,,,29.7641588,29.9639411,z,0,0.6821068,29.7641588,None,,,,,,,,,,,,,,,,,,,,,,,,21,1,2021_Dec_29_1400,untitled_1,2020.2.6,59.82424832
אדום,red,z,1,,,,,,,0,3,3,0,,,,,,,,,35.0134949,35.2132022,z,1,0.6488426,35.0134949,None,,,,,,,,,,,,,,,,,,,,,,,,21,1,2021_Dec_29_1400,untitled_1,2020.2.6,59.82424832
כחול,red,z,0,,,,,,,0,4,4,5,,,,,,,,,40.2294363,40.4289182,z,1,0.722323,40.2294363,None,,,,,,,,,,,,,,,,,,,,,,,,21,1,2021_Dec_29_1400,untitled_1,2020.2.6,59.82424832
ירוק,blue,c,0,,,,,,,0,5,5,3,,,,,,,,,45.5121299,45.7118167,c,1,0.7649047,45.5121299,None,,,,,,,,,,,,,,,,,,,,,,,,21,1,2021_Dec_29_1400,untitled_1,2020.2.6,59.82424832
כחול,blue,c,1,,,,,,,1,0,6,4,,,,,,,,,50.8278475,51.0276673,c,1,0.7156204,50.8278475,None,,,,,,,,,,,,,,,,,,,,,,,,21,1,2021_Dec_29_1400,untitled_1,2020.2.6,59.82424832
ירוק,green,x,1,,,,,,,1,1,7,2,,,,,,,,,56.0604597,56.2603397,x,1,0.7053308,56.0604597,None,,,,,,,,,,,,,,,,,,,,,,,,21,1,2021_Dec_29_1400,untitled_1,2020.2.6,59.82424832
אדום,red,z,1,,,,,,,1,2,8,0,,,,,,,,,61.3101967,61.5095733,z,1,0.5259521,61.3101967,None,,,,,,,,,,,,,,,,,,,,,,,,21,1,2021_Dec_29_1400,untitled_1,2020.2.6,59.82424832
ירוק,blue,c,0,,,,,,,1,3,9,3,,,,,,,,,66.3927274,66.59249,c,1,0.7832433,66.3927274,None,,,,,,,,,,,,,,,,,,,,,,,,21,1,2021_Dec_29_1400,untitled_1,2020.2.6,59.82424832
אדום,green,x,0,,,,,,,1,4,10,1,,,,,,,,,71.7254146,71.9251942,x,1,1.1312417,71.7254146,None,,,,,,,,,,,,,,,,,,,,,,,,21,1,2021_Dec_29_1400,untitled_1,2020.2.6,59.82424832
כחול,red,z,0,,,,,,,1,5,11,5,,,,,,,,,77.4079997,77.6076441,z,1,0.8917709,77.4079997,None,,,,,,,,,,,,,,,,,,,,,,,,21,1,2021_Dec_29_1400,untitled_1,2020.2.6,59.82424832
אדום,red,z,1,,,,,,,2,0,12,0,,,,,,,,,82.8573148,83.0567369,z,1,0.8124117,82.8573148,None,,,,,,,,,,,,,,,,,,,,,,,,21,1,2021_Dec_29_1400,untitled_1,2020.2.6,59.82424832
ירוק,blue,c,0,,,,,,,2,1,13,3,,,,,,,,,88.2233096,88.422986,x,0,0.879511,88.2233096,None,,,,,,,,,,,,,,,,,,,,,,,,21,1,2021_Dec_29_1400,untitled_1,2020.2.6,59.82424832
כחול,red,z,0,,,,,,,2,2,14,5,,,,,,,,,93.6725183,93.8723363,z,1,0.7158854,93.6725183,None,,,,,,,,,,,3.956841417,,,,,,,,,,,,,21,1,2021_Dec_29_1400,untitled_1,2020.2.6,59.82424832
כחול,blue,c,1,,,,,,,2,3,15,4,,,,,,,,,98.9218627,99.1214005,c,1,0.9886712,98.9218627,None,,,,,,,,,,,2.025951839,,,,,,,,,,,,,21,1,2021_Dec_29_1400,untitled_1,2020.2.6,59.82424832
אדום,green,x,0,,,,,,,2,4,16,1,,,,,,,,,104.4711259,104.67075,z,0,0.7652885,104.4711259,None,,,,,,,,,,,,,,,,,,,,,,,,21,1,2021_Dec_29_1400,untitled_1,2020.2.6,59.82424832
ירוק,green,x,1,,,,,,,2,5,17,2,,,,,,,,,109.803861,110.0036132,x,1,0.8776398,109.803861,None,,,,,,,,,,,,,,,,,,,,,,,,21,1,2021_Dec_29_1400,untitled_1,2020.2.6,59.82424832
ירוק,green,x,1,train_Image_certainty//image10_alemnt10.jpg,10.jpg,two_up_left,three_middle_right,widespread,train_certainty,,,,,0,0,0,9,,,,,178.4283965,178.6115774,x,1,0.8827544,178.4283965,None,0.003703704,0.007407407,1,0,0,59.7593788,polygon,117.1614763,None,TRUE,2.8013892,2.8022914,-0.484259259,0.235185185,1,0,0,2.8013892,two_up_left,181.457609,None,186.1938192,None,21,1,2021_Dec_29_1400,untitled_1,2020.2.6,59.82424832
כחול,red,z,0,train_Image_certainty//image4_alemnt4.jpg,4.jpg,two_middle_left,two_up_right,widespread,train_certainty,,,,,0,1,1,3,,,,,191.6928395,191.8930785,z,1,0.6725217,191.6928395,None,0.009259259,0.003703704,1,0,0,3.4974758,polygon,186.6937811,None,TRUE,1.554446,1.5570249,-0.487962963,-0.038888889,1,0,0,1.554446,two_middle_left,194.456875,None,197.9923034,None,21,1,2021_Dec_29_1400,untitled_1,2020.2.6,59.82424832
ירוק,blue,c,0,train_Image_certainty//image3_alemnt3.jpg,3.jpg,two_down_left,three_middle_right,widespread,train_certainty,,,,,0,2,2,2,,,,,201.9420728,202.141687,None,0,,201.9420728,None,0.008333333,-0.006481481,1,0,0,0.4802469,polygon,198.4923839,None,TRUE,4.2363719,4.2381892,-0.337037037,-0.237962963,1,0,0,4.2363719,two_down_left,205.2001941,None,211.4069914,None,21,1,2021_Dec_29_1400,untitled_1,2020.2.6,59.82424832
אדום,blue,c,0,train_Image_certainty//image7_alemnt7.jpg,7.jpg,one_middle_left,one_up_right,widespread,train_certainty,,,,,0,3,3,6,,,,,218.9566223,219.1563507,x,0,0.8513447,218.9566223,None,0.008333333,0.025925926,1,0,0,4.8809491,polygon,211.9071261,None,FALSE,2.1521138,2.1535478,-0.4,-0.196296296,1,0,0,2.1521138,two_down_left,221.9276059,None,226.0553295,None,21,1,2021_Dec_29_1400,untitled_1,2020.2.6,59.82424832
כחול,blue,c,1,train_Image_certainty//image14_alemnt14.jpg,14.jpg,three_middle_left,one_middle_right,widespread,train_certainty,,,,,0,4,4,13,,,,,228.8220236,229.0217462,c,1,0.9574044,228.8220236,None,-0.000925926,0.008333333,1,0,0,0.7641542,polygon,226.5552265,None,,,,,,,,,,,231.8864589,240.8727106,242.9031844,None,21,1,2021_Dec_29_1400,untitled_1,2020.2.6,59.82424832
אדום,red,z,1,train_Image_certainty//image15_alemnt1.jpg,1.jpg,one_up_left,one_middle_right,infrequent,train_certainty,,,,,0,5,5,14,,,,,247.3529921,247.5526992,z,1,1.1657923,247.3529921,None,0.010185185,0.012962963,1,0,0,0.9338206,polygon,243.4031382,None,FALSE,6.2389232,6.2418525,-0.608333333,-0.237962963,1,0,0,6.2389232,one_down_left,250.5995503,None,258.8178166,None,21,1,2021_Dec_29_1400,untitled_1,2020.2.6,59.82424832
אדום,blue,c,0,train_Image_certainty//image1_alemnt1.jpg,1.jpg,two_middle_left,one_down_right,widespread,train_certainty,,,,,0,6,6,0,,,,,261.667546,261.8676669,None,0,,261.667546,None,-0.006481481,-0.000925926,1,0,0,0.8479267,polygon,259.3177662,None,FALSE,4.0056787,4.0070656,-0.777777778,0.221296296,1,0,0,4.0056787,one_up_left,264.9303578,None,270.8995963,None,21,1,2021_Dec_29_1400,untitled_1,2020.2.6,59.82424832
כחול,blue,c,1,train_Image_certainty//image11_alemnt11.jpg,11.jpg,two_down_left,one_down_right,widespread,train_certainty,,,,,0,7,7,10,,,,,273.7162836,273.9158604,c,1,0.8612431,273.7162836,None,-0.001851852,-0.015740741,1,0,0,0.8334421,polygon,271.3995489,None,TRUE,5.1201229,5.1234881,-0.371296296,-0.199074074,1,0,0,5.1201229,two_down_left,276.6796388,None,283.7646252,None,21,1,2021_Dec_29_1400,untitled_1,2020.2.6,59.82424832
ירוק,red,z,0,train_Image_certainty//image8_alemnt8.jpg,8.jpg,two_down_left,two_middle_right,widespread,train_certainty,,,,,0,8,8,7,,,,,287.0477287,287.2476163,z,1,1.0820951,287.0477287,None,0,0,1,0,0,1.281044,polygon,284.2645782,None,FALSE,4.9374994,4.9389407,-0.647222222,-0.009259259,1,0,0,4.9374994,one_middle_left,290.2247033,None,297.146223,None,21,1,2021_Dec_29_1400,untitled_1,2020.2.6,59.82424832
אדום,green,x,0,train_Image_certainty//image6_alemnt6.jpg,6.jpg,one_middle_left,two_up_right,widespread,train_certainty,,,,,0,9,9,5,,,,,302.595925,302.7956498,x,1,0.8971227,302.595925,None,0.018518519,-0.014814815,1,0,0,1.0815441,polygon,297.6461119,None,TRUE,3.6551056,3.6571694,-0.717592593,-0.018518519,1,0,0,3.6551056,one_middle_left,305.5733831,None,311.2109925,None,21,1,2021_Dec_29_1400,untitled_1,2020.2.6,59.82424832
ירוק,green,x,1,train_Image_certainty//image13_alemnt13.jpg,13.jpg,two_up_left,one_up_right,widespread,train_certainty,,,,,0,10,10,12,,,,,327.5090673,327.7089658,x,1,0.8274507,327.5090673,None,-0.016666667,0.023148148,1,0,0,2.9963809,polygon,311.7110412,None,TRUE,1.8050962,1.8067977,-0.488888889,0.2,1,0,0,1.8050962,two_up_left,330.4403109,None,334.2412084,None,21,1,2021_Dec_29_1400,untitled_1,2020.2.6,59.82424832
אדום,red,z,1,train_Image_certainty//image12_alemnt12.jpg,12.jpg,one_down_left,one_up_right,widespread,train_certainty,,,,,0,11,11,11,,,,,337.1246633,337.3244813,z,1,0.7330044,337.1246633,None,0,0,1,0,0,0.9001134,polygon,334.7411261,None,FALSE,3.2041895,3.205941,-0.473148148,0.226851852,1,0,0,3.2041895,two_up_left,339.9561461,None,345.1398453,None,21,1,2021_Dec_29_1400,untitled_1,2020.2.6,59.82424832
ירוק,blue,c,0,train_Image_certainty//image9_alemnt9.jpg,9.jpg,two_up_left,one_middle_right,widespread,train_certainty,,,,,0,12,12,8,,,,,347.8897784,348.0897834,c,1,0.8535354,347.8897784,None,0,0,1,0,0,0.7641072,polygon,345.640009,None,TRUE,3.4853744,3.4864673,-0.525925926,0.215740741,1,0,0,3.4853744,two_up_left,350.8505545,None,356.3052445,None,21,1,2021_Dec_29_1400,untitled_1,2020.2.6,59.82424832
כחול,green,x,0,train_Image_certainty//image5_alemnt5.jpg,5.jpg,one_middle_left,three_middle_right,widespread,train_certainty,,,,,0,13,13,4,,,,,359.0551559,359.2550194,None,0,,359.0551559,None,0,0,1,0,0,0.7474632,polygon,356.8052515,None,TRUE,2.7719326,2.7733418,-0.687962963,-0.000925926,1,0,0,2.7719326,one_middle_left,362.3179513,None,367.0539104,None,21,1,2021_Dec_29_1400,untitled_1,2020.2.6,59.82424832
ירוק,red,z,0,train_Image_certainty//image2_alemnt2.jpg,2.jpg,two_down_left,three_middle_right,widespread,train_certainty,,,,,0,14,14,1,,,,,369.703884,369.903529,z,1,0.6472434,369.703884,None,0,0,1,0,0,0.6474495,polygon,367.5538644,None,TRUE,5.154587,5.1592424,-0.310185185,-0.273148148,1,0,0,5.154587,two_down_left,372.4403041,None,379.585694,None,21,1,2021_Dec_29_1400,untitled_1,2020.2.6,59.82424832
אדום,green,x,0,Image_certainty//image66_alemnt11.jpg,11.jpg,one_up_left,two_up_right,widespread,certainty,,,,,,,,,0,0,0,66,417.9809044,418.180742,x,1,0.8701526,417.9809044,None,0,0.003703704,1,0,0,0.9399976,polygon,415.5338642,None,TRUE,2.0231509,2.0245407,-0.722222222,0.193518519,1,0,0,2.0231509,one_up_left,419.9188634,None,421.9036298,None,21,1,2021_Dec_29_1400,untitled_1,2020.2.6,59.82424832
כחול,red,z,0,Image_certainty//image28_alemnt10.jpg,10.jpg,one_down_left,two_down_right,widespread,certainty,,,,,,,,,0,1,1,28,426.8964318,427.0962438,z,1,0.4778051,426.8964318,None,0,0.008333333,1,0,0,2.9797716,polygon,422.4134733,None,TRUE,3.9561387,3.9605391,-0.610185185,-0.271296296,1,0,0,3.9561387,one_down_left,428.4438902,None,432.352352,None,21,1,2021_Dec_29_1400,untitled_1,2020.2.6,59.82424832
כחול,blue,c,1,Image_certainty//image149_alemnt11.jpg,11.jpg,one_middle_left,three_middle_right,widespread,certainty,,,,,,,,,0,2,2,149,435.5614818,435.7617235,c,1,0.8074466,435.5614818,None,0.000925926,-0.008333333,1,0,0,1.1965933,polygon,432.8621315,None,TRUE,8.1703901,8.172235,-0.688888889,0.019444444,1,0,0,8.1703901,one_middle_left,437.4345971,None,445.561649,None,21,1,2021_Dec_29_1400,untitled_1,2020.2.6,59.82424832
כחול,red,z,0,Image_certainty//image64_alemnt10.jpg,10.jpg,one_up_left,three_middle_right,widespread,certainty,,,,,,,,,0,3,3,64,448.6436621,448.8430324,c,0,0.6742839,448.6436621,None,0.00462963,0.001851852,1,0,0,1.062889,polygon,446.0771265,None,TRUE,1.5353241,1.5359094,-0.726851852,0.192592593,1,0,0,1.5353241,one_up_left,450.37534,None,451.8757858,None,21,1,2021_Dec_29_1400,untitled_1,2020.2.6,59.82424832
כחול,green,x,0,Image_certainty//image83_alemnt14.jpg,14.jpg,one_down_left,one_middle_right,widespread,certainty,,,,,,,,,0,4,4,83,457.2757968,457.4757393,x,1,0.6637379,457.2757968,None,-0.009259259,-0.008333333,1,0,0,1.3474372,polygon,452.3762854,None,TRUE,2.2056401,2.2101148,-0.599074074,-0.193518519,1,0,0,2.2056401,one_down_left,459.0077871,None,461.164286,None,21,1,2021_Dec_29_1400,untitled_1,2020.2.6,59.82424832
אדום,red,z,1,Image_certainty//image165_alemnt8.jpg,8.jpg,one_middle_left,one_up_right,widespread,certainty,,,,,,,,,0,5,5,165,465.608119,465.8078416,z,1,0.7233077,465.608119,None,0.000925926,0.007407407,1,0,0,2.4454878,polygon,461.6750935,None,TRUE,4.1057166,4.1078093,-0.723148148,0.015740741,1,0,0,4.1057166,one_middle_left,467.39077,None,471.4605598,None,21,1,2021_Dec_29_1400,untitled_1,2020.2.6,59.82424832
אדום,red,z,1,Image_certainty//image132_alemnt9.jpg,9.jpg,one_down_left,two_down_right,widespread,certainty,,,,,,,,,0,6,6,132,474.4069502,474.6067563,z,1,0.8718668,474.4069502,None,0.011111111,0.003703704,1,0,0,0.9311394,polygon,471.9737329,None,TRUE,5.7859315,5.7879597,-0.653703704,-0.208333333,1,0,0,5.7859315,one_down_left,476.3411189,None,482.0885428,None,21,1,2021_Dec_29_1400,untitled_1,2020.2.6,59.82424832
כחול,blue,c,1,Image_certainty//image155_alemnt11.jpg,11.jpg,one_up_left,two_middle_right,widespread,certainty,,,,,,,,,0,7,7,155,485.0056463,485.2054692,c,1,0.7586488,485.0056463,None,-0.001851852,0.00462963,1,0,0,0.9143903,polygon,482.5890908,None,TRUE,7.3712684,7.3721973,-0.737037037,0.184259259,1,0,0,7.3712684,one_up_left,486.8327984,None,494.1537222,None,21,1,2021_Dec_29_1400,untitled_1,2020.2.6,59.82424832
כחול,blue,c,1,Image_certainty//image179_alemnt12.jpg,12.jpg,two_middle_left,one_down_right,widespread,certainty,,,,,,,,,0,8,8,179,497.1873992,497.3867812,c,1,0.7788905,497.1873992,None,-0.008333333,0.00462963,1,0,0,1.0289817,polygon,494.654199,None,TRUE,5.10292,5.1038589,-0.573148148,-0.061111111,1,0,0,5.10292,two_middle_left,499.0338582,None,504.0857481,None,21,1,2021_Dec_29_1400,untitled_1,2020.2.6,59.82424832
אדום,blue,c,0,Image_certainty//image31_alemnt9.jpg,9.jpg,one_up_left,one_down_right,widespread,certainty,,,,,,,,,0,9,9,31,507.6193523,507.8191211,c,1,1.0616553,507.6193523,None,0.008333333,0.015740741,1,0,0,0.7645794,polygon,504.5861869,None,TRUE,3.3847158,3.3850905,-0.773148148,0.175925926,1,0,0,3.3847158,one_up_left,509.7492932,None,513.084436,None,21,1,2021_Dec_29_1400,untitled_1,2020.2.6,59.82424832
ירוק,blue,c,0,Image_certainty//image75_alemnt11.jpg,11.jpg,two_up_left,one_middle_right,widespread,certainty,,,,,,,,,0,10,10,75,518.2513572,518.4511395,x,0,0.8445026,518.2513572,None,0,0.006481481,1,0,0,3.1646538,polygon,513.5853011,None,TRUE,7.3694212,7.3706086,-0.564814815,0.232407407,1,0,0,7.3694212,two_up_left,520.1600036,None,527.4831535,None,21,1,2021_Dec_29_1400,untitled_1,2020.2.6,59.82424832
ירוק,green,x,1,Image_certainty//image160_alemnt8.jpg,8.jpg,two_down_left,two_up_right,widespread,certainty,,,,,,,,,0,11,11,160,530.6497061,530.849553,x,1,0.7816909,530.6497061,None,-0.001851852,0.00462963,1,0,0,1.1649279,polygon,527.9832296,None,TRUE,6.4700359,6.4739669,-0.343518519,-0.209259259,1,0,0,6.4700359,two_down_left,532.4880622,None,538.9186414,None,21,1,2021_Dec_29_1400,untitled_1,2020.2.6,59.82424832
כחול,green,x,0,Image_certainty//image95_alemnt9.jpg,9.jpg,two_up_left,two_down_right,widespread,certainty,,,,,,,,,0,12,12,95,542.5307393,542.730483,x,1,0.9855968,542.5307393,None,0.00462963,-0.000925926,1,0,0,1.5965395,polygon,539.4317875,None,TRUE,6.0053249,6.0070376,-0.50462963,0.160185185,1,0,0,6.0053249,two_up_left,544.5936473,None,550.5512452,None,21,1,2021_Dec_29_1400,untitled_1,2020.2.6,59.82424832
כחול,green,x,0,Image_certainty//image41_alemnt12.jpg,12.jpg,two_up_left,one_up_right,widespread,certainty,,,,,,,,,0,13,13,41,555.4633086,555.6629778,x,1,0.8818595,555.4633086,None,-0.010185185,0.007407407,1,0,0,1.2981738,polygon,551.0636097,None,TRUE,1.7049279,1.7054601,-0.506481481,0.226851852,1,0,0,1.7049279,two_up_left,557.4096886,None,559.0621989,None,21,1,2021_Dec_29_1400,untitled_1,2020.2.6,59.82424832
אדום,green,x,0,Image_certainty//image96_alemnt14.jpg,14.jpg,one_up_left,two_down_right,widespread,certainty,,,,,,,,,0,14,14,96,562.5621449,562.762215,x,1,0.8318033,562.5621449,None,0.001851852,0.008333333,1,0,0,1.4966507,polygon,559.5621748,None,TRUE,1.8056256,1.8069984,-0.771296296,0.180555556,1,0,0,1.8056256,one_up_left,564.4524988,None,566.2153565,None,21,1,2021_Dec_29_1400,untitled_1,2020.2.6,59.82424832
אדום,red,z,1,Image_certainty//image144_alemnt8.jpg,8.jpg,two_middle_left,two_down_right,widespread,certainty,,,,,,,,,0,15,15,144,569.4949656,569.6945472,z,1,0.7638823,569.4949656,None,0.009259259,-0.001851852,1,0,0,1.2647525,polygon,566.7282136,None,,,,,,,,,,,571.3248671,580.3133385,580.3261219,None,21,1,2021_Dec_29_1400,untitled_1,2020.2.6,59.82424832
כחול,red,z,0,Image_certainty//image40_alemnt14.jpg,14.jpg,one_up_left,one_middle_right,widespread,certainty,,,,,,,,,0,16,16,40,583.4096103,583.6093891,z,1,1.0959928,583.4096103,None,0.007407407,0.002777778,1,0,0,1.0808291,polygon,580.8264803,None,TRUE,2.0206406,2.0210854,-0.75462963,0.211111111,1,0,0,2.0206406,one_up_left,585.5711124,None,587.54167,None,21,1,2021_Dec_29_1400,untitled_1,2020.2.6,59.82424832
אדום,blue,c,0,Image_certainty//image91_alemnt8.jpg,8.jpg,two_up_left,one_up_right,widespread,certainty,,,,,,,,,0,17,17,91,591.9585519,592.1582512,c,1,0.9786164,591.9585519,None,-0.006481481,0.012037037,1,0,0,0.9670362,polygon,588.0419497,None,TRUE,3.1720237,3.1725273,-0.542592593,0.222222222,1,0,0,3.1720237,two_up_left,593.9998939,None,597.1236,None,21,1,2021_Dec_29_1400,untitled_1,2020.2.6,59.82424832
ירוק,green,x,1,Image_certainty//image166_alemnt14.jpg,14.jpg,two_middle_left,one_middle_right,widespread,certainty,,,,,,,,,0,18,18,166,600.2407807,600.4405792,x,1,0.9494912,600.2407807,None,0.003703704,0.023148148,1,0,0,1.1148627,polygon,597.624237,None,FALSE,7.2025843,7.2054956,-0.356481481,-0.237037037,1,0,0,7.2025843,two_down_left,602.2386913,None,609.4064979,None,21,1,2021_Dec_29_1400,untitled_1,2020.2.6,59.82424832
כחול,blue,c,1,Image_certainty//image134_alemnt9.jpg,9.jpg,two_down_left,three_middle_right,widespread,certainty,,,,,,,,,0,19,19,134,612.9558995,613.1556332,c,1,0.8487394,612.9558995,None,0.005555556,0.000925926,1,0,0,1.5468267,polygon,609.9059283,None,TRUE,7.8699341,7.8740024,-0.373148148,-0.208333333,1,0,0,7.8699341,two_down_left,614.8658602,None,622.6924175,None,21,1,2021_Dec_29_1400,untitled_1,2020.2.6,59.82424832
אדום,red,z,1,Image_certainty//image159_alemnt13.jpg,13.jpg,one_middle_left,two_middle_right,widespread,certainty,,,,,,,,,0,20,20,159,626.4708684,626.6705518,z,1,0.8457255,626.4708684,None,-0.011111111,0.011111111,1,0,0,1.2128246,polygon,623.2044245,None,TRUE,1.6542423,1.6555594,-0.746296296,-0.015740741,1,0,0,1.6542423,one_middle_left,628.3848724,None,629.986398,None,21,1,2021_Dec_29_1400,untitled_1,2020.2.6,59.82424832
ירוק,green,x,1,Image_certainty//image133_alemnt11.jpg,11.jpg,one_middle_left,two_up_right,widespread,certainty,,,,,,,,,0,21,21,133,633.0698289,633.2697607,x,1,0.9318877,633.0698289,None,0.010185185,-0.003703704,1,0,0,1.0810566,polygon,630.4866761,None,TRUE,3.5879562,3.5900308,-0.716666667,0.00462963,1,0,0,3.5879562,one_middle_left,635.0590864,None,638.606407,None,21,1,2021_Dec_29_1400,untitled_1,2020.2.6,59.82424832
אדום,red,z,1,Image_certainty//image123_alemnt13.jpg,13.jpg,one_up_left,one_down_right,widespread,certainty,,,,,,,,,0,22,22,123,641.3189268,641.5186957,z,1,0.8653518,641.3189268,None,0,0,1,0,0,0.697008,polygon,639.1189866,None,TRUE,2.452318,2.4528655,-0.796296296,0.2,1,0,0,2.452318,one_up_left,643.2486059,None,645.65091,None,21,1,2021_Dec_29_1400,untitled_1,2020.2.6,59.82424832
כחול,blue,c,1,Image_certainty//image143_alemnt9.jpg,9.jpg,two_down_left,one_middle_right,widespread,certainty,,,,,,,,,0,23,23,143,649.7344652,649.9342388,c,1,1.117482,649.7344652,None,-0.009259259,-0.014814815,1,0,0,1.1973266,polygon,646.1511331,None,TRUE,3.6359339,3.6395861,-0.431481481,-0.19537037,1,0,0,3.6359339,two_down_left,651.9091518,None,655.5030227,None,21,1,2021_Dec_29_1400,untitled_1,2020.2.6,59.82424832
אדום,red,z,1,Image_certainty//image150_alemnt13.jpg,13.jpg,one_down_left,two_down_right,widespread,certainty,,,,,,,,,0,24,24,150,658.8500227,659.0497507,z,1,1.0015171,658.8500227,None,0.007407407,0.011111111,1,0,0,0.7847562,polygon,656.0167866,None,,,,,,,,,,,660.9297063,669.9181578,669.9313907,None,21,1,2021_Dec_29_1400,untitled_1,2020.2.6,59.82424832
אדום,red,z,1,Image_certainty//image102_alemnt1.jpg,1.jpg,three_middle_left,two_middle_right,infrequent,certainty,,,,,,,,,0,25,25,102,673.0314712,673.2311767,z,1,0.9855454,673.0314712,None,-0.007407407,-0.001851852,1,0,0,1.0977558,polygon,670.431416,None,TRUE,2.3724013,2.375224,-0.37037037,0.048148148,1,0,0,2.3724013,three_middle_left,675.0994369,None,677.4179564,None,21,1,2021_Dec_29_1400,untitled_1,2020.2.6,59.82424832
ירוק,red,z,0,Image_certainty//image86_alemnt13.jpg,13.jpg,two_middle_left,one_up_right,widespread,certainty,,,,,,,,,0,26,26,86,680.1138767,680.3134865,z,1,0.8612486,680.1138767,None,0.005555556,-0.00462963,1,0,0,0.6808449,polygon,677.9306595,None,TRUE,3.5529352,3.5546384,-0.563888889,-0.050925926,1,0,0,3.5529352,two_middle_left,682.0384311,None,685.5466199,None,21,1,2021_Dec_29_1400,untitled_1,2020.2.6,59.82424832
ירוק,green,x,1,Image_certainty//image196_alemnt13.jpg,13.jpg,three_middle_left,one_down_right,widespread,certainty,,,,,,,,,0,27,27,196,689.1461593,689.3459595,None,0,,689.1461593,None,-0.016666667,0.009259259,1,0,0,0.8825091,polygon,686.0462817,None,TRUE,1.924072,1.9259707,-0.390740741,0.047222222,1,0,0,1.924072,three_middle_left,691.3897917,None,693.2662792,None,21,1,2021_Dec_29_1400,untitled_1,2020.2.6,59.82424832
ירוק,green,x,1,Image_certainty//image100_alemnt4.jpg,4.jpg,two_down_left,one_middle_right,infrequent,certainty,,,,,,,,,0,28,28,100,696.2951557,696.4949083,x,1,1.0030606,696.2951557,None,-0.000925926,-0.002777778,1,0,0,1.0142119,polygon,693.7786185,None,TRUE,4.4546363,4.4591889,-0.380555556,-0.20462963,1,0,0,4.4546363,two_down_left,698.3594645,None,702.7834214,None,21,1,2021_Dec_29_1400,untitled_1,2020.2.6,59.82424832
אדום,green,x,0,Image_certainty//image84_alemnt12.jpg,12.jpg,one_up_left,one_up_right,widespread,certainty,,,,,,,,,0,29,29,84,705.6272181,705.8270127,x,1,1.0010574,705.6272181,None,0.001851852,0.013888889,1,0,0,0.8355613,polygon,703.2939718,None,TRUE,4.3200807,4.3210747,-0.744444444,0.200925926,1,0,0,4.3200807,one_up_left,707.689281,None,711.9591578,None,21,1,2021_Dec_29_1400,untitled_1,2020.2.6,59.82424832
ירוק,green,x,1,Image_certainty//image175_alemnt11.jpg,11.jpg,one_middle_left,two_down_right,widespread,certainty,,,,,,,,,0,30,30,175,714.8594468,715.0592205,x,1,0.7539542,714.8594468,None,-0.001851852,0.021296296,1,0,0,0.8980325,polygon,712.4594894,None,TRUE,2.0053287,2.0067875,-0.736111111,-0.00462963,1,0,0,2.0053287,one_middle_left,716.6919181,None,718.6447531,None,21,1,2021_Dec_29_1400,untitled_1,2020.2.6,59.82424832
אדום,red,z,1,Image_certainty//image168_alemnt10.jpg,10.jpg,two_middle_left,two_down_right,widespread,certainty,,,,,,,,,0,31,31,168,721.3586457,721.5584509,z,1,0.4864596,721.3586457,None,0,0,1,0,0,0.6981664,polygon,719.1586995,None,TRUE,5.8563259,5.8572452,-0.550925926,-0.043518519,1,0,0,5.8563259,two_middle_left,722.8982478,None,728.7242806,None,21,1,2021_Dec_29_1400,untitled_1,2020.2.6,59.82424832
ירוק,green,x,1,Image_certainty//image118_alemnt6.jpg,6.jpg,one_up_left,one_up_right,infrequent,certainty,,,,,,,,,0,32,32,118,731.8405927,732.0404747,x,1,0.6299227,731.8405927,None,-0.018518519,0.028703704,1,0,0,0.763298,polygon,729.2236147,None,TRUE,4.8863339,4.8872609,-0.727777778,0.184259259,1,0,0,4.8863339,one_up_left,733.5202996,None,738.3726184,None,21,1,2021_Dec_29_1400,untitled_1,2020.2.6,59.82424832
ירוק,green,x,1,Image_certainty//image154_alemnt9.jpg,9.jpg,one_middle_left,one_down_right,widespread,certainty,,,,,,,,,0,33,33,154,741.2890218,741.489083,x,1,0.7762792,741.2890218,None,0.006481481,-0.001851852,1,0,0,0.9136194,polygon,738.8727741,None,TRUE,3.4218702,3.4239567,-0.74537037,0.006481481,1,0,0,3.4218702,one_middle_left,743.1346672,None,746.5088697,None,21,1,2021_Dec_29_1400,untitled_1,2020.2.6,59.82424832
כחול,green,x,0,Image_certainty//image11_alemnt7.jpg,7.jpg,two_middle_left,one_middle_right,infrequent,certainty,,,,,,,,,0,34,34,11,750.5046666,750.7047312,x,1,0.765619,750.5046666,None,0.012962963,0.005555556,1,0,0,0.9799987,polygon,747.0217635,None,,,,,,,,,,,752.3320558,761.3066281,761.3362849,None,21,1,2021_Dec_29_1400,untitled_1,2020.2.6,59.82424832
אדום,red,z,1,Image_certainty//image189_alemnt8.jpg,8.jpg,one_middle_left,one_middle_right,widespread,certainty,,,,,,,,,0,35,35,189,765.186349,765.3860719,z,1,0.7334206,765.186349,None,-0.019444444,0.009259259,1,0,0,1.0309296,polygon,761.8364426,None,TRUE,6.0703466,6.0717545,-0.730555556,0.009259259,1,0,0,6.0703466,one_middle_left,766.979663,None,773.0020139,None,21,1,2021_Dec_29_1400,untitled_1,2020.2.6,59.82424832
כחול,blue,c,1,Image_certainty//image197_alemnt11.jpg,11.jpg,two_down_left,two_middle_right,widespread,certainty,,,,,,,,,0,36,36,197,775.7846058,775.9842637,c,1,0.8461153,775.7846058,None,0.003703704,-0.000925926,1,0,0,0.7958235,polygon,773.5017366,None,TRUE,6.0014652,6.0030357,-0.353703704,-0.205555556,1,0,0,6.0014652,two_down_left,777.6945474,None,783.6498171,None,21,1,2021_Dec_29_1400,untitled_1,2020.2.6,59.82424832
אדום,red,z,1,Image_certainty//image126_alemnt9.jpg,9.jpg,two_down_left,one_middle_right,widespread,certainty,,,,,,,,,0,37,37,126,786.9502141,787.1500592,z,1,0.7834829,786.9502141,None,0,0.028703704,1,0,0,0.7816262,polygon,784.1502554,None,,,,,,,,,,,788.7966799,797.7859108,797.7983164,None,21,1,2021_Dec_29_1400,untitled_1,2020.2.6,59.82424832
ירוק,green,x,1,Image_certainty//image181_alemnt12.jpg,12.jpg,two_up_left,one_down_right,widespread,certainty,,,,,,,,,0,38,38,181,800.6150322,800.8145757,x,1,0.7067613,800.6150322,None,0.013888889,0,1,0,0,0.8142013,polygon,798.2985182,None,FALSE,7.8376089,7.8391119,-0.763888889,-0.008333333,1,0,0,7.8376089,one_middle_left,802.3955907,None,810.1823371,None,21,1,2021_Dec_29_1400,untitled_1,2020.2.6,59.82424832
אדום,blue,c,0,Image_certainty//image73_alemnt10.jpg,10.jpg,two_down_left,one_down_right,widespread,certainty,,,,,,,,,0,39,39,73,815.5466411,815.7463102,c,1,0.5727177,815.5466411,None,-0.023148148,-0.014814815,1,0,0,0.8977399,polygon,810.6970157,None,TRUE,5.8357334,5.8381014,-0.343518519,-0.236111111,1,0,0,5.8357334,two_down_left,817.1906491,None,822.9779361,None,21,1,2021_Dec_29_1400,untitled_1,2020.2.6,59.82424832
ירוק,green,x,1,Image_certainty//image148_alemnt13.jpg,13.jpg,one_middle_left,two_up_right,widespread,certainty,,,,,,,,,0,40,40,148,825.8615646,826.0616253,x,1,1.0193464,825.8615646,None,0.007407407,0,1,0,0,0.8806905,polygon,823.4785898,None,TRUE,7.454364,7.4564312,-0.738888889,-0.001851852,1,0,0,7.454364,one_middle_left,827.944945,None,835.3632625,None,21,1,2021_Dec_29_1400,untitled_1,2020.2.6,59.82424832
אדום,blue,c,0,Image_certainty//image13_alemnt2.jpg,2.jpg,two_up_left,one_down_right,infrequent,certainty,,,,,,,,,0,41,41,13,838.0769501,838.2766642,c,1,0.8818133,838.0769501,None,-0.002777778,0.003703704,1,0,0,0.6970731,polygon,835.8768429,None,TRUE,5.337844,5.3395843,-0.538888889,0.225,1,0,0,5.337844,two_up_left,840.0244266,None,845.3118227,None,21,1,2021_Dec_29_1400,untitled_1,2020.2.6,59.82424832
כחול,green,x,0,Image_certainty//image23_alemnt9.jpg,9.jpg,one_up_left,two_up_right,widespread,certainty,,,,,,,,,0,42,42,23,848.1255991,848.3253591,None,0,,848.1255991,None,0.001851852,-0.003703704,1,0,0,0.7976461,polygon,845.8255235,None,TRUE,3.0062732,3.0067072,-0.768518519,0.180555556,1,0,0,3.0062732,one_up_left,850.3751197,None,853.3243374,None,21,1,2021_Dec_29_1400,untitled_1,2020.2.6,59.82424832
ירוק,green,x,1,Image_certainty//image163_alemnt12.jpg,12.jpg,two_middle_left,three_middle_right,widespread,certainty,,,,,,,,,0,43,43,163,858.3577616,858.5574284,None,0,,858.3577616,None,-0.017592593,0.021296296,1,0,0,1.2821761,polygon,853.8245542,None,,,,,,,,,,,860.6014228,None,869.5722559,None,21,1,2021_Dec_29_1400,untitled_1,2020.2.6,59.82424832
ירוק,green,x,1,Image_certainty//image136_alemnt8.jpg,8.jpg,three_middle_left,two_down_right,widespread,certainty,,,,,,,,,0,44,44,136,872.7556385,872.9556584,x,1,0.5695877,872.7556385,None,-0.034259259,0.005555556,1,0,0,0.8659646,polygon,870.0726727,None,TRUE,4.3701927,4.3719315,-0.39537037,0.032407407,1,0,0,4.3701927,three_middle_left,874.3930301,None,878.7209084,None,21,1,2021_Dec_29_1400,untitled_1,2020.2.6,59.82424832
אדום,red,z,1,Image_certainty//image129_alemnt8.jpg,8.jpg,one_middle_left,three_middle_right,widespread,certainty,,,,,,,,,0,45,45,129,881.4879829,881.6875567,z,1,0.9241424,881.4879829,None,0.010185185,-0.001851852,1,0,0,0.7647738,polygon,879.2214119,None,,,,,,,,,,,883.4882788,892.4731603,892.4861872,None,21,1,2021_Dec_29_1400,untitled_1,2020.2.6,59.82424832
אדום,green,x,0,Image_certainty//image6_alemnt7.jpg,7.jpg,three_middle_left,three_middle_right,infrequent,certainty,,,,,,,,,0,46,46,6,895.5695321,895.7692869,z,0,0.9637996,895.5695321,None,-0.000925926,0.006481481,1,0,0,1.0804279,polygon,892.9861342,None,TRUE,6.9203093,6.9224434,-0.382407407,0.036111111,1,0,0,6.9203093,three_middle_left,897.5856044,None,904.4685816,None,21,1,2021_Dec_29_1400,untitled_1,2020.2.6,59.82424832
כחול,blue,c,1,Image_certainty//image116_alemnt2.jpg,2.jpg,one_middle_left,two_down_right,infrequent,certainty,,,,,,,,,0,47,47,116,907.3344566,907.534502,c,1,0.8163198,907.3344566,None,0.009259259,-0.00462963,1,0,0,0.8651821,polygon,904.9682253,None,TRUE,3.8538416,3.8552557,-0.750925926,-0.021296296,1,0,0,3.8538416,one_middle_left,909.2126419,None,913.0169017,None,21,1,2021_Dec_29_1400,untitled_1,2020.2.6,59.82424832
אדום,red,z,1,Image_certainty//image171_alemnt12.jpg,12.jpg,one_up_left,two_down_right,widespread,certainty,,,,,,,,,0,48,48,171,916.7166305,916.9167448,z,1,0.8203566,916.7166305,None,-0.012962963,0.006481481,1,0,0,0.9159289,polygon,913.5170626,None,TRUE,6.269884,6.2711103,-0.763888889,0.183333333,1,0,0,6.269884,one_up_left,918.6095061,None,924.8333986,None,21,1,2021_Dec_29_1400,untitled_1,2020.2.6,59.82424832
אדום,green,x,0,Image_certainty//image18_alemnt4.jpg,4.jpg,three_middle_left,one_down_right,infrequent,certainty,,,,,,,,,0,49,49,18,927.9651292,928.1652245,None,0,,927.9651292,None,0.003703704,-0.003703704,1,0,0,1.1152949,polygon,925.3488709,None,TRUE,5.1878656,5.190741,-0.396296296,0.05,1,0,0,5.1878656,three_middle_left,930.2101054,None,935.3511513,None,21,1,2021_Dec_29_1400,untitled_1,2020.2.6,59.82424832
ירוק,green,x,1,Image_certainty//image172_alemnt8.jpg,8.jpg,two_middle_left,two_down_right,widespread,certainty,,,,,,,,,0,50,50,172,939.1467991,939.3470892,x,1,0.5231266,939.1467991,None,0.00462963,-0.002777778,1,0,0,1.7811354,polygon,935.8641164,None,TRUE,6.4027873,6.4044755,-0.57037037,-0.040740741,1,0,0,6.4027873,two_middle_left,940.738955,None,947.0970777,None,21,1,2021_Dec_29_1400,untitled_1,2020.2.6,59.82424832
ירוק,green,x,1,Image_certainty//image112_alemnt3.jpg,3.jpg,one_down_left,two_up_right,infrequent,certainty,,,,,,,,,0,51,51,112,950.8624947,951.0622549,x,1,0.8931331,950.8624947,None,-0.010185185,0.007407407,1,0,0,1.0153907,polygon,947.6122717,None,TRUE,6.2679091,6.2694891,-0.647222222,-0.264814815,1,0,0,6.2679091,one_down_left,952.8094964,None,959.0439549,None,21,1,2021_Dec_29_1400,untitled_1,2020.2.6,59.82424832
ירוק,red,z,0,Image_certainty//image26_alemnt11.jpg,11.jpg,one_middle_left,two_down_right,widespread,certainty,,,,,,,,,0,52,52,26,961.8776905,962.0774499,x,0,0.8145623,961.8776905,None,0,0.024074074,1,0,0,0.8331075,polygon,959.5442956,None,TRUE,1.9376531,1.9391353,-0.701851852,-0.02962963,1,0,0,1.9376531,one_middle_left,963.7570561,None,965.6431898,None,21,1,2021_Dec_29_1400,untitled_1,2020.2.6,59.82424832
אדום,blue,c,0,Image_certainty//image61_alemnt10.jpg,10.jpg,one_down_left,one_middle_right,widespread,certainty,,,,,,,,,0,53,53,61,968.5268234,968.7263217,c,1,0.7304958,968.5268234,None,-0.000925926,0.00462963,1,0,0,0.8814493,polygon,966.1436723,None,TRUE,3.7357641,3.7371207,-0.62962963,-0.225,1,0,0,3.7357641,one_down_left,970.2938354,None,974.0085208,None,21,1,2021_Dec_29_1400,untitled_1,2020.2.6,59.82424832
אדום,red,z,1,Image_certainty//image138_alemnt9.jpg,9.jpg,one_down_left,two_down_right,widespread,certainty,,,,,,,,,0,54,54,138,977.3755063,977.5754761,z,1,0.9292478,977.3755063,None,0.024074074,0.015740741,1,0,0,0.9822431,polygon,974.5087966,None,TRUE,2.920352,2.9231854,-0.682407407,-0.256481481,1,0,0,2.920352,one_down_left,979.371301,None,982.243528,None,21,1,2021_Dec_29_1400,untitled_1,2020.2.6,59.82424832
ירוק,blue,c,0,Image_certainty//image9_alemnt2.jpg,2.jpg,one_up_left,two_down_right,infrequent,certainty,,,,,,,,,0,55,55,9,985.3245248,985.5241335,c,1,0.8537952,985.3245248,None,0.010185185,0.001851852,1,0,0,1.0673014,polygon,982.7581069,None,TRUE,4.486344,4.4874387,-0.751851852,0.19537037,1,0,0,4.486344,one_up_left,987.2538931,None,991.6897106,None,21,1,2021_Dec_29_1400,untitled_1,2020.2.6,59.82424832
אדום,blue,c,0,Image_certainty//image37_alemnt13.jpg,13.jpg,two_down_left,one_up_right,widespread,certainty,,,,,,,,,0,56,56,37,994.6568538,994.8565629,None,0,,994.6568538,None,0.021296296,-0.000925926,1,0,0,0.9644841,polygon,992.1902583,None,TRUE,3.3881461,3.3917015,-0.375,-0.253703704,1,0,0,3.3881461,two_down_left,996.8882787,None,1000.241899,None,21,1,2021_Dec_29_1400,untitled_1,2020.2.6,59.82424832
כחול,blue,c,1,Image_certainty//image158_alemnt11.jpg,11.jpg,one_up_left,two_down_right,widespread,certainty,,,,,,,,,0,57,57,158,1003.589027,1003.788529,c,1,0.7492796,1003.589027,None,-0.007407407,0.024074074,1,0,0,0.6970758,polygon,1000.755724,None,TRUE,2.8369996,2.8379365,-0.72962963,0.185185185,1,0,0,2.8369996,one_up_left,1005.402468,None,1008.187881,None,21,1,2021_Dec_29_1400,untitled_1,2020.2.6,59.82424832
כחול,red,z,0,Image_certainty//image46_alemnt8.jpg,8.jpg,two_middle_left,two_up_right,widespread,certainty,,,,,,,,,0,58,58,46,1010.988088,1011.187927,z,1,0.7350063,1010.988088,None,-0.00462963,0.017592593,1,0,0,0.8009879,polygon,1008.688146,None,TRUE,5.5888547,5.5914346,-0.575925926,-0.058333333,1,0,0,5.5888547,two_middle_left,1012.783769,None,1018.341957,None,21,1,2021_Dec_29_1400,untitled_1,2020.2.6,59.82424832
כחול,blue,c,1,Image_certainty//image194_alemnt11.jpg,11.jpg,three_middle_left,two_down_right,widespread,certainty,,,,,,,,,0,59,59,194,1021.769629,1021.969877,c,1,0.8893887,1021.769629,None,-0.017592593,0.013888889,1,0,0,0.9645379,polygon,1018.853322,None,TRUE,1.5209446,1.5228456,-0.375925926,0.05462963,1,0,0,1.5209446,three_middle_left,1023.736868,None,1025.203951,None,21,1,2021_Dec_29_1400,untitled_1,2020.2.6,59.82424832
ירוק,green,x,1,Image_certainty//image151_alemnt13.jpg,13.jpg,two_middle_left,one_down_right,widespread,certainty,,,,,,,,,0,60,60,151,1027.869247,1028.069008,x,1,1.0494067,1027.869247,None,0,0.009259259,1,0,0,0.6478841,polygon,1025.719405,None,TRUE,4.8203496,4.8212123,-0.574074074,-0.052777778,1,0,0,4.8203496,two_middle_left,1029.974111,None,1034.75099,None,21,1,2021_Dec_29_1400,untitled_1,2020.2.6,59.82424832
ירוק,red,z,0,Image_certainty//image56_alemnt11.jpg,11.jpg,three_middle_left,two_up_right,widespread,certainty,,,,,,,,,0,61,61,56,1037.284443,1037.484486,z,1,0.9176805,1037.284443,None,-0.001851852,-0.00462963,1,0,0,0.533655,polygon,1035.251336,None,TRUE,1.2849184,1.2860739,-0.333333333,0.032407407,1,0,0,1.2849184,three_middle_left,1039.256668,None,1040.500171,None,21,1,2021_Dec_29_1400,untitled_1,2020.2.6,59.82424832
כחול,green,x,0,Image_certainty//image59_alemnt14.jpg,14.jpg,two_down_left,one_down_right,widespread,certainty,,,,,,,,,0,62,62,59,1042.933888,1043.13367,x,1,1.0036675,1042.933888,None,0.008333333,0.000925926,1,0,0,0.4339232,polygon,1041.000557,None,TRUE,,6.9418904,,,,,,,,1045.014897,None,1051.901642,None,21,1,2021_Dec_29_1400,untitled_1,2020.2.6,59.82424832
כחול,blue,c,1,Image_certainty//image188_alemnt9.jpg,9.jpg,two_up_left,two_down_right,widespread,certainty,,,,,,,,,0,63,63,188,1054.71575,1054.915477,c,1,0.7099867,1054.71575,None,-0.008333333,-0.003703704,1,0,0,0.7963231,polygon,1052.415328,None,TRUE,4.635773,4.6370514,-0.528703704,0.184259259,1,0,0,4.635773,two_up_left,1056.4876,None,1061.081092,None,21,1,2021_Dec_29_1400,untitled_1,2020.2.6,59.82424832
אדום,blue,c,0,Image_certainty//image97_alemnt8.jpg,8.jpg,one_middle_left,three_middle_right,widespread,certainty,,,,,,,,,0,64,64,97,1064.081253,1064.280816,c,1,0.9243608,1064.081253,None,0.006481481,-0.001851852,1,0,0,1.0126216,polygon,1061.581337,None,TRUE,6.7513493,6.7520889,-0.722222222,0.016666667,1,0,0,6.7513493,one_middle_left,1066.064009,None,1072.779361,None,21,1,2021_Dec_29_1400,untitled_1,2020.2.6,59.82424832
אדום,green,x,0,Image_certainty//image78_alemnt10.jpg,10.jpg,one_middle_left,two_up_right,widespread,certainty,,,,,,,,,0,65,65,78,1078.145755,1078.3457,x,1,0.6036987,1078.145755,None,-0.00462963,0.027777778,1,0,0,0.5311216,polygon,1073.27991,None,TRUE,,2.6392298,,,,,,,,1079.815737,None,1082.411444,None,21,1,2021_Dec_29_1400,untitled_1,2020.2.6,59.82424832
כחול,blue,c,1,Image_certainty//image185_alemnt14.jpg,14.jpg,three_middle_left,three_middle_right,widespread,certainty,,,,,,,,,0,66,66,185,1086.128258,1086.328135,c,1,0.8578243,1086.128258,None,0.011111111,-0.006481481,1,0,0,1.0482299,polygon,1082.911996,None,TRUE,1.1540163,1.1559696,-0.409259259,0.023148148,1,0,0,1.1540163,three_middle_left,1088.056626,None,1089.161648,None,21,1,2021_Dec_29_1400,untitled_1,2020.2.6,59.82424832
אדום,green,x,0,Image_certainty//image90_alemnt12.jpg,12.jpg,three_middle_left,two_up_right,widespread,certainty,,,,,,,,,0,67,67,90,1092.077424,1092.277366,x,1,0.8759463,1092.077424,None,-0.008333333,0.000925926,1,0,0,0.914698,polygon,1089.661062,None,TRUE,1.1539725,1.1555686,-0.374074074,0.064814815,1,0,0,1.1539725,three_middle_left,1094.018837,None,1095.126585,None,21,1,2021_Dec_29_1400,untitled_1,2020.2.6,59.82424832
ירוק,blue,c,0,Image_certainty//image81_alemnt14.jpg,14.jpg,three_middle_left,one_down_right,widespread,certainty,,,,,,,,,0,68,68,81,1098.009853,1098.20979,c,1,0.9160188,1098.009853,None,-0.00462963,0.011111111,1,0,0,0.8803319,polygon,1095.627068,None,TRUE,1.3536147,1.355864,-0.40462963,0.081481481,1,0,0,1.3536147,three_middle_left,1099.983313,None,1101.293372,None,21,1,2021_Dec_29_1400,untitled_1,2020.2.6,59.82424832
אדום,red,z,1,Image_certainty//image174_alemnt10.jpg,10.jpg,one_down_left,three_middle_right,widespread,certainty,,,,,,,,,0,69,69,174,1103.926167,1104.125878,z,1,0.853778,1103.926167,None,0.00462963,0.002777778,1,0,0,0.6318978,polygon,1101.792911,None,TRUE,3.586982,3.5892931,-0.653703704,-0.252777778,1,0,0,3.586982,one_down_left,1105.847757,None,1109.392084,None,21,1,2021_Dec_29_1400,untitled_1,2020.2.6,59.82424832
אדום,green,x,0,Image_certainty//image12_alemnt1.jpg,1.jpg,one_up_left,two_up_right,infrequent,certainty,,,,,,,,,0,70,70,12,1112.141779,1112.341251,x,1,1.166356,1112.141779,None,-0.003703704,-0.00462963,1,0,0,0.7490807,polygon,1109.891559,None,TRUE,5.2709816,5.2716816,-0.721296296,0.182407407,1,0,0,5.2709816,one_up_left,1114.349801,None,1119.58993,None,21,1,2021_Dec_29_1400,untitled_1,2020.2.6,59.82424832
כחול,green,x,0,Image_certainty//image71_alemnt12.jpg,12.jpg,three_middle_left,two_down_right,widespread,certainty,,,,,,,,,0,71,71,71,1122.32373,1122.523528,x,1,0.8395794,1122.32373,None,-0.014814815,-0.001851852,1,0,0,0.7308125,polygon,1120.09023,None,TRUE,2.9705327,2.9713652,-0.40462963,0.048148148,1,0,0,2.9705327,three_middle_left,1124.231072,None,1127.15569,None,21,1,2021_Dec_29_1400,untitled_1,2020.2.6,59.82424832
אדום,red,z,1,Image_certainty//image186_alemnt11.jpg,11.jpg,one_down_left,two_up_right,widespread,certainty,,,,,,,,,0,72,72,186,1129.906177,1130.105902,z,1,0.7553336,1129.906177,None,-0.015740741,0.002777778,1,0,0,0.7475436,polygon,1127.656201,None,TRUE,5.8196599,5.8225057,-0.619444444,-0.206481481,1,0,0,5.8196599,one_down_left,1131.735802,None,1137.505367,None,21,1,2021_Dec_29_1400,untitled_1,2020.2.6,59.82424832
ירוק,green,x,1,Image_certainty//image124_alemnt10.jpg,10.jpg,one_up_left,two_middle_right,widespread,certainty,,,,,,,,,0,73,73,124,1140.704501,1140.904473,x,1,0.5392828,1140.704501,None,0.031481481,-0.007407407,1,0,0,0.830051,polygon,1138.004899,None,TRUE,6.4855432,6.4864061,-0.739814815,0.175,1,0,0,6.4855432,one_up_left,1142.311239,None,1148.753054,None,21,1,2021_Dec_29_1400,untitled_1,2020.2.6,59.82424832
ירוק,green,x,1,Image_certainty//image106_alemnt5.jpg,5.jpg,one_down_left,three_middle_right,infrequent,certainty,,,,,,,,,0,74,74,106,1151.553247,1151.75308,x,1,0.6624267,1151.553247,None,-0.003703704,-0.000925926,1,0,0,0.812198,polygon,1149.253387,None,TRUE,5.6225043,5.6264041,-0.625925926,-0.262037037,1,0,0,5.6225043,one_down_left,1153.28777,None,1158.857767,None,21,1,2021_Dec_29_1400,untitled_1,2020.2.6,59.82424832
כחול,blue,c,1,Image_certainty//image167_alemnt8.jpg,8.jpg,two_down_left,one_middle_right,widespread,certainty,,,,,,,,,0,75,75,167,1161.81866,1162.018118,c,1,0.915056,1161.81866,None,-0.010185185,-0.003703704,1,0,0,0.9464134,polygon,1159.368762,None,TRUE,2.7696902,2.772501,-0.411111111,-0.231481481,1,0,0,2.7696902,two_down_left,1163.800976,None,1166.518128,None,21,1,2021_Dec_29_1400,untitled_1,2020.2.6,59.82424832
ירוק,blue,c,0,Image_certainty//image15_alemnt3.jpg,3.jpg,three_middle_left,two_down_right,infrequent,certainty,,,,,,,,,0,76,76,15,1169.417736,1169.617481,c,1,0.570138,1169.417736,None,-0.00462963,0.009259259,1,0,0,0.8977945,polygon,1167.017591,None,TRUE,1.202449,1.2036124,-0.324074074,0.041666667,1,0,0,1.202449,three_middle_left,1171.055102,None,1172.216573,None,21,1,2021_Dec_29_1400,untitled_1,2020.2.6,59.82424832
כחול,blue,c,1,Image_certainty//image164_alemnt9.jpg,9.jpg,one_middle_left,three_middle_right,widespread,certainty,,,,,,,,,0,77,77,164,1175.367009,1175.566725,c,1,0.6336975,1175.367009,None,0.006481481,0.007407407,1,0,0,0.596162,polygon,1172.717031,None,TRUE,2.6049164,2.6067961,-0.712037037,-0.012962963,1,0,0,2.6049164,one_middle_left,1177.058834,None,1179.619434,None,21,1,2021_Dec_29_1400,untitled_1,2020.2.6,59.82424832
כחול,red,z,0,Image_certainty//image82_alemnt14.jpg,14.jpg,three_middle_left,two_down_right,widespread,certainty,,,,,,,,,0,78,78,82,1182.549339,1182.748871,z,1,0.876778,1182.549339,None,0.014814815,0.000925926,1,0,0,0.9316744,polygon,1180.132871,None,TRUE,1.1880265,1.1905795,-0.405555556,0.033333333,1,0,0,1.1880265,three_middle_left,1184.472802,None,1185.635134,None,21,1,2021_Dec_29_1400,untitled_1,2020.2.6,59.82424832
ירוק,red,z,0,Image_certainty//image68_alemnt14.jpg,14.jpg,one_down_left,two_down_right,widespread,certainty,,,,,,,,,0,79,79,68,1188.615266,1188.815094,z,1,0.7795607,1188.615266,None,-0.019444444,0.019444444,1,0,0,0.6300036,polygon,1186.148708,None,TRUE,3.1402629,3.1417244,-0.662037037,-0.196296296,1,0,0,3.1402629,one_down_left,1190.453334,None,1193.54896,None,21,1,2021_Dec_29_1400,untitled_1,2020.2.6,59.82424832
ירוק,green,x,1,Image_certainty//image178_alemnt8.jpg,8.jpg,two_up_left,one_up_right,widespread,certainty,,,,,,,,,0,80,80,178,1196.53052,1196.730874,x,1,0.9967263,1196.53052,None,-0.002777778,0.002777778,1,0,0,0.9649259,polygon,1194.064368,None,TRUE,4.0727791,4.0740814,-0.512037037,0.176851852,1,0,0,4.0727791,two_up_left,1198.590011,None,1202.615544,None,21,1,2021_Dec_29_1400,untitled_1,2020.2.6,59.82424832
ירוק,green,x,1,Image_certainty//image142_alemnt14.jpg,14.jpg,three_middle_left,two_down_right,widespread,certainty,,,,,,,,,0,81,81,142,1205.379724,1205.579245,x,1,1.0587546,1205.379724,None,0.001851852,0.010185185,1,0,0,0.7507592,polygon,1203.129677,None,TRUE,2.3032339,2.305108,-0.386111111,0.069444444,1,0,0,2.3032339,three_middle_left,1207.503171,None,1209.762406,None,21,1,2021_Dec_29_1400,untitled_1,2020.2.6,59.82424832
אדום,red,z,1,Image_certainty//image108_alemnt2.jpg,2.jpg,one_down_left,one_up_right,infrequent,certainty,,,,,,,,,0,82,82,108,1212.37886,1212.578434,z,1,0.6611209,1212.37886,None,-0.007407407,0.003703704,1,0,0,0.6154598,polygon,1210.262257,None,,,,,,,,,,,1214.10497,1223.097072,1223.109868,None,21,1,2021_Dec_29_1400,untitled_1,2020.2.6,59.82424832
ירוק,blue,c,0,Image_certainty//image51_alemnt14.jpg,14.jpg,three_middle_left,one_down_right,widespread,certainty,,,,,,,,,0,83,83,51,1225.842988,1226.042717,c,1,1.1289668,1225.842988,None,0.002777778,0,1,0,0,0.7497551,polygon,1223.609774,None,,,,,,,,,,,1228.015952,1237.011673,1237.025125,None,21,1,2021_Dec_29_1400,untitled_1,2020.2.6,59.82424832
ירוק,green,x,1,Image_certainty//image199_alemnt9.jpg,9.jpg,one_up_left,one_down_right,widespread,certainty,,,,,,,,,0,84,84,199,1239.874995,1240.074911,x,1,1.0053942,1239.874995,None,0.007407407,0.003703704,1,0,0,0.8666173,polygon,1237.525361,None,TRUE,3.084658,3.0851185,-0.725,0.186111111,1,0,0,3.084658,one_up_left,1241.941179,None,1244.990673,None,21,1,2021_Dec_29_1400,untitled_1,2020.2.6,59.82424832
ירוק,green,x,1,Image_certainty//image127_alemnt14.jpg,14.jpg,one_up_left,two_middle_right,widespread,certainty,,,,,,,,,0,85,85,127,1247.724345,1247.924071,x,1,0.7963183,1247.724345,None,-0.002777778,0.00462963,1,0,0,0.7339175,polygon,1245.490999,None,TRUE,1.6715404,1.6727391,-0.689814815,0.166666667,1,0,0,1.6715404,one_up_left,1249.589299,None,1251.209306,None,21,1,2021_Dec_29_1400,untitled_1,2020.2.6,59.82424832
ירוק,red,z,0,Image_certainty//image80_alemnt9.jpg,9.jpg,one_middle_left,one_middle_right,widespread,certainty,,,,,,,,,0,86,86,80,1254.390196,1254.589887,z,1,0.7220722,1254.390196,None,0.012037037,0.012037037,1,0,0,0.5807467,polygon,1251.723546,None,TRUE,1.7048225,1.7069639,-0.70462963,-0.028703704,1,0,0,1.7048225,one_middle_left,1256.167484,None,1257.841741,None,21,1,2021_Dec_29_1400,untitled_1,2020.2.6,59.82424832
כחול,green,x,0,Image_certainty//image53_alemnt12.jpg,12.jpg,two_down_left,two_middle_right,widespread,certainty,,,,,,,,,0,87,87,53,1261.439221,1261.638944,x,1,0.7935924,1261.439221,None,-0.005555556,0.005555556,1,0,0,0.8632709,polygon,1258.356074,None,TRUE,8.6714769,8.6762633,-0.406481481,-0.202777778,1,0,0,8.6714769,two_down_left,1263.303809,None,1271.926285,None,21,1,2021_Dec_29_1400,untitled_1,2020.2.6,59.82424832
ירוק,blue,c,0,Image_certainty//image63_alemnt13.jpg,13.jpg,three_middle_left,one_down_right,widespread,certainty,,,,,,,,,0,88,88,63,1274.887291,1275.087275,c,1,0.672995,1274.887291,None,0.000925926,-0.000925926,1,0,0,0.9478635,polygon,1272.437682,None,TRUE,1.2401198,1.2430374,-0.373148148,0.044444444,1,0,0,1.2401198,three_middle_left,1276.630839,None,1277.826634,None,21,1,2021_Dec_29_1400,untitled_1,2020.2.6,59.82424832
כחול,blue,c,1,Image_certainty//image140_alemnt11.jpg,11.jpg,one_up_left,two_up_right,widespread,certainty,,,,,,,,,0,89,89,140,1280.320159,1280.519849,c,1,0.5734867,1280.320159,None,-0.00462963,0.003703704,1,0,0,0.4805301,polygon,1278.336918,None,TRUE,3.7054,3.7067471,-0.796296296,0.203703704,1,0,0,3.7054,one_up_left,1281.955312,None,1285.622627,None,21,1,2021_Dec_29_1400,untitled_1,2020.2.6,59.82424832
כחול,blue,c,1,Image_certainty//image122_alemnt14.jpg,14.jpg,one_down_left,two_up_right,widespread,certainty,,,,,,,,,0,90,90,122,1289.052289,1289.252226,c,1,0.6311444,1289.052289,None,0.007407407,0.011111111,1,0,0,0.7309378,polygon,1286.135899,None,TRUE,,5.5716704,,,,,,,,1290.752495,None,1296.267153,None,21,1,2021_Dec_29_1400,untitled_1,2020.2.6,59.82424832
כחול,blue,c,1,Image_certainty//image125_alemnt12.jpg,12.jpg,one_down_left,one_down_right,widespread,certainty,,,,,,,,,0,91,91,125,1299.267737,1299.467434,c,1,0.6989707,1299.267737,None,0.014814815,0.017592593,1,0,0,0.6494671,polygon,1296.767725,None,TRUE,1.8892416,1.8932532,-0.627777778,-0.232407407,1,0,0,1.8892416,one_down_left,1301.033809,None,1302.872111,None,21,1,2021_Dec_29_1400,untitled_1,2020.2.6,59.82424832
ירוק,green,x,1,Image_certainty//image157_alemnt8.jpg,8.jpg,one_middle_left,three_middle_right,widespread,certainty,,,,,,,,,0,92,92,157,1305.616636,1305.816627,x,1,0.8148929,1305.616636,None,-0.002777778,0.003703704,1,0,0,0.7459333,polygon,1303.383394,None,TRUE,2.187659,2.1897532,-0.7,-0.031481481,1,0,0,2.187659,one_middle_left,1307.491269,None,1309.633865,None,21,1,2021_Dec_29_1400,untitled_1,2020.2.6,59.82424832
אדום,red,z,1,Image_certainty//image195_alemnt10.jpg,10.jpg,one_down_left,two_middle_right,widespread,certainty,,,,,,,,,0,93,93,195,1312.865984,1313.065528,z,1,1.0364917,1312.865984,None,-0.032407407,0.014814815,1,0,0,0.8136515,polygon,1310.149388,None,TRUE,3.1035958,3.1056088,-0.634259259,-0.255555556,1,0,0,3.1035958,one_down_left,1314.980497,None,1318.031023,None,21,1,2021_Dec_29_1400,untitled_1,2020.2.6,59.82424832
ירוק,blue,c,0,Image_certainty//image87_alemnt11.jpg,11.jpg,three_middle_left,two_middle_right,widespread,certainty,,,,,,,,,0,94,94,87,1320.798041,1320.997973,c,1,0.8839495,1320.798041,None,-0.000925926,0,1,0,0,0.7646364,polygon,1318.531715,None,TRUE,1.4700178,1.4719462,-0.362962963,0.039814815,1,0,0,1.4700178,three_middle_left,1322.745086,None,1324.164755,None,21,1,2021_Dec_29_1400,untitled_1,2020.2.6,59.82424832
כחול,green,x,0,Image_certainty//image35_alemnt8.jpg,8.jpg,two_down_left,one_up_right,widespread,certainty,,,,,,,,,0,95,95,35,1327.864182,1328.06383,None,0,,1327.864182,None,0.001851852,0,1,0,0,1.6977745,polygon,1324.664208,None,TRUE,4.4868003,4.4899302,-0.452777778,-0.20462963,1,0,0,4.4868003,two_down_left,1330.108533,None,1334.547157,None,21,1,2021_Dec_29_1400,untitled_1,2020.2.6,59.82424832
אדום,red,z,1,Image_certainty//image162_alemnt10.jpg,10.jpg,two_down_left,two_middle_right,widespread,certainty,,,,,,,,,0,96,96,162,1338.362714,1338.562329,z,1,0.7631356,1338.362714,None,-0.006481481,0.007407407,1,0,0,1.0643875,polygon,1335.046243,None,TRUE,3.6885859,3.6926597,-0.428703704,-0.183333333,1,0,0,3.6885859,two_down_left,1340.183492,None,1343.834393,None,21,1,2021_Dec_29_1400,untitled_1,2020.2.6,59.82424832
כחול,red,z,0,Image_certainty//image76_alemnt14.jpg,14.jpg,three_middle_left,two_middle_right,widespread,certainty,,,,,,,,,0,97,97,76,1346.494973,1346.694238,z,1,0.9416518,1346.494973,None,0.002777778,0.000925926,1,0,0,0.6486457,polygon,1344.344915,None,TRUE,4.9533682,4.9552228,-0.453703704,0.050925926,1,0,0,4.9533682,three_middle_left,1348.50522,None,1353.409862,None,21,1,2021_Dec_29_1400,untitled_1,2020.2.6,59.82424832
כחול,blue,c,1,Image_certainty//image131_alemnt13.jpg,13.jpg,one_middle_left,one_middle_right,widespread,certainty,,,,,,,,,0,98,98,131,1356.526764,1356.726887,c,1,0.9014781,1356.526764,None,0.015740741,-0.005555556,1,0,0,0.6295641,polygon,1353.910491,None,TRUE,6.7540892,6.7557412,-0.713888889,-0.012962963,1,0,0,6.7540892,one_middle_left,1358.490727,None,1365.209911,None,21,1,2021_Dec_29_1400,untitled_1,2020.2.6,59.82424832
ירוק,red,z,0,Image_certainty//image92_alemnt10.jpg,10.jpg,one_down_left,two_middle_right,widespread,certainty,,,,,,,,,0,99,99,92,1367.825513,1368.025296,z,1,0.5759005,1367.825513,None,-0.005555556,0.002777778,1,0,0,0.596651,polygon,1365.725651,None,TRUE,2.3232775,2.3261411,-0.67037037,-0.219444444,1,0,0,2.3232775,one_down_left,1369.471717,None,1371.746206,None,21,1,2021_Dec_29_1400,untitled_1,2020.2.6,59.82424832
אדום,red,z,1,Image_certainty//image156_alemnt11.jpg,11.jpg,two_down_left,one_down_right,widespread,certainty,,,,,,,,,0,100,100,156,1374.391146,1374.59106,z,1,0.7967265,1374.391146,None,0.007407407,0.002777778,1,0,0,0.6308368,polygon,1372.257994,None,TRUE,4.6727122,4.6768647,-0.425925926,-0.221296296,1,0,0,4.6727122,two_down_left,1376.253549,None,1380.878797,None,21,1,2021_Dec_29_1400,untitled_1,2020.2.6,59.82424832
ירוק,blue,c,0,Image_certainty//image57_alemnt13.jpg,13.jpg,two_down_left,two_middle_right,widespread,certainty,,,,,,,,,0,101,101,57,1384.673345,1384.872989,c,1,0.9306426,1384.673345,None,0.042592593,0.014814815,1,0,0,0.5481314,polygon,1381.390315,None,TRUE,5.4369191,5.4395844,-0.35462963,-0.219444444,1,0,0,5.4369191,two_down_left,1386.664273,None,1392.056196,None,21,1,2021_Dec_29_1400,untitled_1,2020.2.6,59.82424832
כחול,blue,c,1,Image_certainty//image176_alemnt9.jpg,9.jpg,two_middle_left,one_down_right,widespread,certainty,,,,,,,,,0,102,102,176,1395.238169,1395.438542,c,1,0.6463365,1395.238169,None,0.015740741,0.006481481,1,0,0,0.6475718,polygon,1392.555438,None,TRUE,5.157216,5.1596108,-0.557407407,-0.096296296,1,0,0,5.157216,two_middle_left,1396.947359,None,1402.060325,None,21,1,2021_Dec_29_1400,untitled_1,2020.2.6,59.82424832
אדום,blue,c,0,Image_certainty//image85_alemnt14.jpg,14.jpg,two_down_left,three_middle_right,widespread,certainty,,,,,,,,,0,103,103,85,1404.870848,1405.05389,c,1,0.9484403,1404.870848,None,0.005555556,-0.000925926,1,0,0,0.8004776,polygon,1402.570765,None,TRUE,1.7193354,1.7218741,-0.363888889,-0.232407407,1,0,0,1.7193354,two_down_left,1406.88316,None,1408.552783,None,21,1,2021_Dec_29_1400,untitled_1,2020.2.6,59.82424832
כחול,red,z,0,Image_certainty//image88_alemnt10.jpg,10.jpg,two_middle_left,two_up_right,widespread,certainty,,,,,,,,,0,104,104,88,1412.169883,1412.369651,z,1,0.8359158,1412.169883,None,-0.010185185,-0.025,1,0,0,0.5474199,polygon,1409.053382,None,TRUE,2.0413472,2.0430142,-0.523148148,-0.030555556,1,0,0,2.0413472,two_middle_left,1414.058017,None,1416.073793,None,21,1,2021_Dec_29_1400,untitled_1,2020.2.6,59.82424832
אדום,blue,c,0,Image_certainty//image67_alemnt13.jpg,13.jpg,three_middle_left,one_middle_right,widespread,certainty,,,,,,,,,0,105,105,67,1419.318948,1419.518725,c,1,0.7811495,1419.318948,None,-0.008333333,-0.015740741,1,0,0,0.7476005,polygon,1416.585544,None,TRUE,1.8870816,1.8889715,-0.362962963,0.035185185,1,0,0,1.8870816,three_middle_left,1421.154356,None,1423.001322,None,21,1,2021_Dec_29_1400,untitled_1,2020.2.6,59.82424832
ירוק,green,x,1,Image_certainty//image187_alemnt10.jpg,10.jpg,two_up_left,three_middle_right,widespread,certainty,,,,,,,,,0,106,106,187,1425.668048,1425.867811,x,1,0.9940894,1425.668048,None,0.001851852,-0.000925926,1,0,0,0.6687195,polygon,1423.50158,None,TRUE,,1.6063847,,,,,,,,1427.725845,None,1429.283613,None,21,1,2021_Dec_29_1400,untitled_1,2020.2.6,59.82424832
כחול,blue,c,1,Image_certainty//image173_alemnt12.jpg,12.jpg,two_up_left,three_middle_right,widespread,certainty,,,,,,,,,0,107,107,173,1433.550545,1433.750329,None,0,,1433.550545,None,-0.011111111,0.007407407,1,0,0,0.9636838,polygon,1429.784049,None,TRUE,1.7585073,1.7590734,-0.523148148,0.194444444,1,0,0,1.7585073,two_up_left,1435.796152,None,1437.501468,None,21,1,2021_Dec_29_1400,untitled_1,2020.2.6,59.82424832
אדום,red,z,1,Image_certainty//image147_alemnt9.jpg,9.jpg,three_middle_left,two_up_right,widespread,certainty,,,,,,,,,0,108,108,147,1440.316036,1440.515528,z,1,0.9492986,1440.316036,None,0.002777778,0.006481481,1,0,0,0.7999413,polygon,1438.016385,None,TRUE,1.4055878,1.4083808,-0.37962963,0.051851852,1,0,0,1.4055878,three_middle_left,1442.319055,None,1443.68576,None,21,1,2021_Dec_29_1400,untitled_1,2020.2.6,59.82424832
כחול,blue,c,1,Image_certainty//image191_alemnt12.jpg,12.jpg,two_middle_left,one_up_right,widespread,certainty,,,,,,,,,0,109,109,191,1446.548802,1446.748294,z,0,0.8671241,1446.548802,None,0.001851852,0.006481481,1,0,0,0.84993,polygon,1444.198545,None,TRUE,2.5222575,2.5230138,-0.525,-0.046296296,1,0,0,2.5222575,two_middle_left,1448.467507,None,1450.947849,None,21,1,2021_Dec_29_1400,untitled_1,2020.2.6,59.82424832
אדום,red,z,1,Image_certainty//image135_alemnt12.jpg,12.jpg,two_middle_left,one_middle_right,widespread,certainty,,,,,,,,,0,110,110,135,1453.397918,1453.597639,z,1,0.6702215,1453.397918,None,0,0.001851852,1,0,0,0.4495842,polygon,1451.44775,None,TRUE,4.4696264,4.4714454,-0.558333333,-0.062037037,1,0,0,4.4696264,two_middle_left,1455.134343,None,1459.564807,None,21,1,2021_Dec_29_1400,untitled_1,2020.2.6,59.82424832
ירוק,blue,c,0,Image_certainty//image3_alemnt4.jpg,4.jpg,one_middle_left,one_up_right,infrequent,certainty,,,,,,,,,0,111,111,3,1462.346758,1462.546256,c,1,0.8586959,1462.346758,None,0.012037037,0,1,0,0,0.763779,polygon,1460.08008,None,TRUE,,8.3722855,,,,,,,,1464.259349,None,1472.594546,None,21,1,2021_Dec_29_1400,untitled_1,2020.2.6,59.82424832
אדום,red,z,1,Image_certainty//image183_alemnt9.jpg,9.jpg,three_middle_left,two_down_right,widespread,certainty,,,,,,,,,0,112,112,183,1475.22842,1475.428124,z,1,0.7356787,1475.22842,None,-0.023148148,0.000925926,1,0,0,0.6508358,polygon,1473.095164,None,TRUE,6.5224598,6.5249401,-0.400925926,0.039814815,1,0,0,6.5224598,three_middle_left,1477.043115,None,1483.514834,None,21,1,2021_Dec_29_1400,untitled_1,2020.2.6,59.82424832
כחול,blue,c,1,Image_certainty//image119_alemnt6.jpg,6.jpg,two_middle_left,one_down_right,infrequent,certainty,,,,,,,,,0,113,113,119,1485.993414,1486.193466,c,1,0.936658,1485.993414,None,-0.006481481,0.00462963,1,0,0,0.4633923,polygon,1484.027078,None,TRUE,1.6899242,1.6927343,-0.527777778,-0.05,1,0,0,1.6899242,two_middle_left,1488.002641,None,1489.649051,None,21,1,2021_Dec_29_1400,untitled_1,2020.2.6,59.82424832
כחול,blue,c,1,Image_certainty//image137_alemnt8.jpg,8.jpg,one_up_left,two_middle_right,widespread,certainty,,,,,,,,,0,114,114,137,1492.19285,1492.392428,c,1,0.7147442,1492.19285,None,0.014814815,-0.002777778,1,0,0,0.5300241,polygon,1490.159755,None,TRUE,4.7206945,4.7220116,-0.7,0.150925926,1,0,0,4.7206945,one_up_left,1493.972109,None,1498.643531,None,21,1,2021_Dec_29_1400,untitled_1,2020.2.6,59.82424832
ירוק,red,z,0,Image_certainty//image20_alemnt10.jpg,10.jpg,two_up_left,two_up_right,widespread,certainty,,,,,,,,,0,115,115,20,1501.191502,1501.391553,z,1,1.1060999,1501.191502,None,-0.017592593,0.001851852,1,0,0,0.5309957,polygon,1499.158085,None,TRUE,1.271525,1.2730493,-0.50462963,0.228703704,1,0,0,1.271525,two_up_left,1503.353843,None,1504.591742,None,21,1,2021_Dec_29_1400,untitled_1,2020.2.6,59.82424832
כחול,red,z,0,Image_certainty//image22_alemnt11.jpg,11.jpg,two_up_left,one_down_right,widespread,certainty,,,,,,,,,0,116,116,22,1509.490701,1509.690549,z,1,0.7931353,1509.490701,None,0.009259259,0.007407407,1,0,0,0.8963402,polygon,1505.090988,None,TRUE,1.9551357,1.9564896,-0.503703704,0.201851852,1,0,0,1.9551357,two_up_left,1511.350817,None,1513.257635,None,21,1,2021_Dec_29_1400,untitled_1,2020.2.6,59.82424832
ירוק,blue,c,0,Image_certainty//image99_alemnt10.jpg,10.jpg,three_middle_left,one_middle_right,widespread,certainty,,,,,,,,,0,117,117,99,1516.206299,1516.406305,None,0,,1516.206299,None,-0.001851852,-0.008333333,1,0,0,0.9309961,polygon,1513.773221,None,TRUE,3.2190839,3.2205167,-0.462037037,0.037037037,1,0,0,2.922424,three_middle_left,1518.439744,None,1521.621582,None,21,1,2021_Dec_29_1400,untitled_1,2020.2.6,59.82424832
ירוק,red,z,0,Image_certainty//image44_alemnt11.jpg,11.jpg,two_middle_left,one_up_right,widespread,certainty,,,,,,,,,0,118,118,44,1524.15545,1524.354504,z,1,0.8113081,1524.15545,None,0.002777778,-0.00462963,1,0,0,0.5336588,polygon,1522.121749,None,,,,,,,,,,,1526.029954,1535.023381,1535.036679,None,21,1,2021_Dec_29_1400,untitled_1,2020.2.6,59.82424832
ירוק,green,x,1,Image_certainty//image169_alemnt11.jpg,11.jpg,one_middle_left,one_up_right,widespread,certainty,,,,,,,,,0,119,119,169,1537.770396,1537.969752,x,1,1.1538333,1537.770396,None,0.003703704,0,1,0,0,0.7311143,polygon,1535.537134,None,TRUE,2.5401815,2.5422296,-0.698148148,0.015740741,1,0,0,2.5401815,one_middle_left,1540.00214,None,1542.492308,None,21,1,2021_Dec_29_1400,untitled_1,2020.2.6,59.82424832
כחול,green,x,0,Image_certainty//image17_alemnt5.jpg,5.jpg,two_up_left,two_down_right,infrequent,certainty,,,,,,,,,0,120,120,17,1546.418965,1546.618725,x,1,0.5820505,1546.418965,None,-0.003703704,-0.002777778,1,0,0,1.9138554,polygon,1543.002867,None,TRUE,7.4035149,7.4050252,-0.548148148,0.175925926,1,0,0,7.4035149,two_up_left,1548.064621,None,1555.418927,None,21,1,2021_Dec_29_1400,untitled_1,2020.2.6,59.82424832
אדום,red,z,1,Image_certainty//image120_alemnt12.jpg,12.jpg,two_up_left,two_up_right,widespread,certainty,,,,,,,,,0,121,121,120,1558.051074,1558.250637,z,1,0.7753526,1558.051074,None,-0.02037037,0.002777778,1,0,0,0.6128001,polygon,1555.934411,None,TRUE,1.3728047,1.3744836,-0.480555556,0.218518519,1,0,0,1.3728047,two_up_left,1559.899302,None,1561.221734,None,21,1,2021_Dec_29_1400,untitled_1,2020.2.6,59.82424832
כחול,blue,c,1,Image_certainty//image113_alemnt2.jpg,2.jpg,one_up_left,two_up_right,infrequent,certainty,,,,,,,,,0,122,122,113,1563.766999,1563.966553,c,1,1.0803827,1563.766999,None,0,-0.005555556,1,0,0,0.5311885,polygon,1561.733812,None,TRUE,5.1721449,5.1735495,-0.735185185,0.167592593,1,0,0,5.1721449,one_up_left,1565.90214,None,1571.036954,None,21,1,2021_Dec_29_1400,untitled_1,2020.2.6,59.82424832
כחול,green,x,0,Image_certainty//image29_alemnt13.jpg,13.jpg,one_middle_left,one_up_right,widespread,certainty,,,,,,,,,0,123,123,29,1574.115518,1574.31541,x,1,0.9610141,1574.115518,None,-0.014814815,0.007407407,1,0,0,0.6129442,polygon,1571.549145,None,FALSE,8.151858,8.1541952,-0.424074074,-0.202777778,1,0,0,8.151858,two_down_left,1576.145349,None,1584.24734,None,21,1,2021_Dec_29_1400,untitled_1,2020.2.6,59.82424832
כחול,blue,c,1,Image_certainty//image101_alemnt6.jpg,6.jpg,one_down_left,two_middle_right,infrequent,certainty,,,,,,,,,0,124,124,101,1588.39723,1588.596816,c,1,0.7472764,1588.39723,None,-0.005555556,0.006481481,1,0,0,0.6985087,polygon,1584.747421,None,TRUE,2.3043964,2.307045,-0.659259259,-0.24537037,1,0,0,2.3043964,one_down_left,1590.208841,None,1592.465076,None,21,1,2021_Dec_29_1400,untitled_1,2020.2.6,59.82424832
כחול,green,x,0,Image_certainty//image5_alemnt2.jpg,2.jpg,two_down_left,two_down_right,infrequent,certainty,,,,,,,,,0,125,125,5,1595.462961,1595.662765,x,1,0.830678,1595.462961,None,0.000925926,0.010185185,1,0,0,0.9809669,polygon,1592.979484,None,TRUE,4.4366128,4.4397061,-0.363888889,-0.206481481,1,0,0,4.4366128,two_down_left,1597.342458,None,1601.747395,None,21,1,2021_Dec_29_1400,untitled_1,2020.2.6,59.82424832
אדום,green,x,0,Image_certainty//image60_alemnt13.jpg,13.jpg,one_middle_left,two_up_right,widespread,certainty,,,,,,,,,0,126,126,60,1604.811822,1605.011504,x,1,0.8093989,1604.811822,None,0.034259259,0.001851852,1,0,0,0.6479596,polygon,1602.261943,None,TRUE,3.7876139,3.7889959,-0.730555556,-0.031481481,1,0,0,3.7876139,one_middle_left,1606.681393,None,1610.428283,None,21,1,2021_Dec_29_1400,untitled_1,2020.2.6,59.82424832
ירוק,blue,c,0,Image_certainty//image33_alemnt13.jpg,13.jpg,three_middle_left,two_middle_right,widespread,certainty,,,,,,,,,0,127,127,33,1613.177337,1613.376855,c,1,0.8522151,1613.177337,None,0.00462963,-0.009259259,1,0,0,0.7625085,polygon,1610.927478,None,TRUE,2.0713074,2.0738031,-0.364814815,0.037037037,1,0,0,2.0713074,three_middle_left,1615.101477,None,1617.130564,None,21,1,2021_Dec_29_1400,untitled_1,2020.2.6,59.82424832
אדום,red,z,1,Image_certainty//image105_alemnt7.jpg,7.jpg,one_middle_left,one_up_right,infrequent,certainty,,,,,,,,,0,128,128,105,1619.7765,1619.976297,z,1,1.0842708,1619.7765,None,0.000925926,-0.002777778,1,0,0,0.6321945,polygon,1617.642933,None,TRUE,3.1709289,3.1723676,-0.691666667,0,1,0,0,3.1709289,one_middle_left,1621.921802,None,1625.04307,None,21,1,2021_Dec_29_1400,untitled_1,2020.2.6,59.82424832
כחול,red,z,0,Image_certainty//image94_alemnt9.jpg,9.jpg,three_middle_left,two_down_right,widespread,certainty,,,,,,,,,0,129,129,94,1627.542203,1627.741986,z,1,0.8445615,1627.542203,None,0,0,1,0,0,0.499244,polygon,1625.542149,None,TRUE,1.5555716,1.5574418,-0.338888889,0.033333333,1,0,0,1.5555716,three_middle_left,1629.450826,None,1630.959992,None,21,1,2021_Dec_29_1400,untitled_1,2020.2.6,59.82424832
אדום,red,z,1,Image_certainty//image177_alemnt11.jpg,11.jpg,two_down_left,three_middle_right,widespread,certainty,,,,,,,,,0,130,130,177,1633.674775,1633.874509,z,1,0.6905778,1633.674775,None,0.018518519,-0.001851852,1,0,0,0.6978704,polygon,1631.474916,None,TRUE,6.2523984,6.2551498,-0.387962963,-0.212962963,1,0,0,6.2523984,two_down_left,1635.413121,None,1641.639571,None,21,1,2021_Dec_29_1400,untitled_1,2020.2.6,59.82424832
ירוק,blue,c,0,Image_certainty//image45_alemnt9.jpg,9.jpg,one_down_left,three_middle_right,widespread,certainty,,,,,,,,,0,131,131,45,1644.273426,1644.473088,c,1,0.8952214,1644.273426,None,-0.003703704,0.010185185,1,0,0,0.6301673,polygon,1642.140088,None,TRUE,6.1363052,6.1384705,-0.628703704,-0.218518519,1,0,0,6.1363052,one_down_left,1646.232649,None,1652.321681,None,21,1,2021_Dec_29_1400,untitled_1,2020.2.6,59.82424832
ירוק,red,z,0,Image_certainty//image14_alemnt6.jpg,6.jpg,two_up_left,one_up_right,infrequent,certainty,,,,,,,,,0,132,132,14,1654.905329,1655.105064,z,1,0.8452522,1654.905329,None,-0.003703704,-0.003703704,1,0,0,0.5806877,polygon,1652.822057,None,FALSE,3.9032861,3.9037576,-0.714814815,0.187962963,1,0,0,3.9032861,one_up_left,1656.813699,None,1660.670472,None,21,1,2021_Dec_29_1400,untitled_1,2020.2.6,59.82424832
אדום,blue,c,0,Image_certainty//image19_alemnt4.jpg,4.jpg,one_middle_left,two_middle_right,infrequent,certainty,,,,,,,,,0,133,133,19,1663.637643,1663.837333,c,1,0.6718776,1663.637643,None,-0.019444444,0.000925926,1,0,0,0.9668457,polygon,1661.170941,None,TRUE,5.1406423,5.1423362,-0.714814815,-0.009259259,1,0,0,5.1406423,one_middle_left,1665.377024,None,1670.47492,None,21,1,2021_Dec_29_1400,untitled_1,2020.2.6,59.82424832
אדום,red,z,1,Image_certainty//image153_alemnt9.jpg,9.jpg,three_middle_left,two_middle_right,widespread,certainty,,,,,,,,,0,134,134,153,1682.485156,1682.668229,z,1,0.7270658,1682.485156,None,-0.010185185,-0.00462963,1,0,0,9.9996661,polygon,1670.986343,None,TRUE,3.9882068,3.9909816,-0.384259259,0.065740741,1,0,0,3.9882068,three_middle_left,1684.28124,None,1688.221341,None,21,1,2021_Dec_29_1400,untitled_1,2020.2.6,59.82424832
אדום,green,x,0,Image_certainty//image36_alemnt10.jpg,10.jpg,three_middle_left,three_middle_right,widespread,certainty,,,,,,,,,0,135,135,36,1696.766734,1696.966528,x,1,1.1282245,1696.766734,None,0.00462963,-0.002777778,1,0,0,6.5320175,polygon,1688.733707,None,TRUE,3.1877345,3.1910785,-0.4,0.038888889,1,0,0,3.1877345,three_middle_left,1698.959163,None,1702.102177,None,21,1,2021_Dec_29_1400,untitled_1,2020.2.6,59.82424832
כחול,red,z,0,Image_certainty//image16_alemnt4.jpg,4.jpg,one_middle_left,two_up_right,infrequent,certainty,,,,,,,,,0,136,136,16,1705.048997,1705.248558,z,1,0.8476564,1705.048997,None,0.012037037,0.001851852,1,0,0,0.9311465,polygon,1702.615692,None,TRUE,3.1880334,3.1897228,-0.674074074,-0.016666667,1,0,0,3.1880334,one_middle_left,1706.964419,None,1710.099318,None,21,1,2021_Dec_29_1400,untitled_1,2020.2.6,59.82424832
ירוק,blue,c,0,Image_certainty//image21_alemnt14.jpg,14.jpg,one_down_left,one_middle_right,widespread,certainty,,,,,,,,,0,137,137,21,1712.781329,1712.981007,c,1,0.7273699,1712.781329,None,0,0.005555556,1,0,0,0.6662821,polygon,1710.614542,None,TRUE,2.3553842,2.3596084,-0.675925926,-0.181481481,1,0,0,2.3553842,one_down_left,1714.562104,None,1716.88652,None,21,1,2021_Dec_29_1400,untitled_1,2020.2.6,59.82424832
כחול,blue,c,1,Image_certainty//image107_alemnt6.jpg,6.jpg,two_middle_left,two_up_right,infrequent,certainty,,,,,,,,,0,138,138,107,1719.347186,1719.546689,c,1,0.6583226,1719.347186,None,0.011111111,0.001851852,1,0,0,0.4472245,polygon,1717.397063,None,,,,,,,,,,,1721.069028,1730.065028,1730.078516,None,21,1,2021_Dec_29_1400,untitled_1,2020.2.6,59.82424832
כחול,green,x,0,Image_certainty//image89_alemnt13.jpg,13.jpg,two_up_left,three_middle_right,widespread,certainty,,,,,,,,,0,139,139,89,1733.395274,1733.595039,x,1,0.9723145,1733.395274,None,-0.010185185,0.021296296,1,0,0,0.7140446,polygon,1730.578667,None,TRUE,6.9078767,6.9096065,-0.517592593,0.225925926,1,0,0,6.9078767,two_up_left,1735.441065,None,1742.30027,None,21,1,2021_Dec_29_1400,untitled_1,2020.2.6,59.82424832
אדום,red,z,1,Image_certainty//image180_alemnt12.jpg,12.jpg,one_up_left,one_middle_right,widespread,certainty,,,,,,,,,0,140,140,180,1745.343784,1745.543481,z,1,0.6812387,1745.343784,None,-0.011111111,0.026851852,1,0,0,0.6475619,polygon,1742.810438,None,TRUE,3.0898882,3.0902997,-0.719444444,0.181481481,1,0,0,3.0898882,one_up_left,1747.087259,None,1750.127358,None,21,1,2021_Dec_29_1400,untitled_1,2020.2.6,59.82424832
ירוק,blue,c,0,Image_certainty//image93_alemnt14.jpg,14.jpg,one_down_left,one_middle_right,widespread,certainty,,,,,,,,,0,141,141,93,1752.859464,1753.059192,c,1,0.7778922,1752.859464,None,-0.001851852,0.005555556,1,0,0,0.7145864,polygon,1750.642236,None,TRUE,7.5855214,7.587436,-0.646296296,-0.213888889,1,0,0,7.5855214,one_down_left,1754.702434,None,1762.240825,None,21,1,2021_Dec_29_1400,untitled_1,2020.2.6,59.82424832
כחול,blue,c,1,Image_certainty//image152_alemnt14.jpg,14.jpg,one_middle_left,one_middle_right,widespread,certainty,,,,,,,,,0,142,142,152,1765.424478,1765.624285,c,1,0.7672407,1765.424478,None,-0.035185185,-0.025925926,1,0,0,0.8644476,polygon,1762.740967,None,TRUE,3.2712249,3.2732843,-0.741666667,-0.027777778,1,0,0,3.2712249,one_middle_left,1767.249691,None,1770.476569,None,21,1,2021_Dec_29_1400,untitled_1,2020.2.6,59.82424832
ירוק,red,z,0,Image_certainty//image32_alemnt9.jpg,9.jpg,two_up_left,one_down_right,widespread,certainty,,,,,,,,,0,143,143,32,1773.240139,1773.440036,z,1,0.899623,1773.240139,None,0.006481481,0.003703704,1,0,0,0.7626547,polygon,1770.990103,None,TRUE,5.3712274,5.3729217,-0.506481481,0.194444444,1,0,0,5.3712274,two_up_left,1775.199315,None,1780.523503,None,21,1,2021_Dec_29_1400,untitled_1,2020.2.6,59.82424832
ירוק,green,x,1,Image_certainty//image139_alemnt10.jpg,10.jpg,two_up_left,one_middle_right,widespread,certainty,,,,,,,,,0,144,144,139,1784.405335,1784.605265,x,1,1.0364492,1784.405335,None,-0.007407407,0.005555556,1,0,0,0.647465,polygon,1781.038859,None,TRUE,1.4187202,1.4192846,-0.460185185,0.198148148,1,0,0,1.4187202,two_up_left,1786.514396,None,1787.887396,None,21,1,2021_Dec_29_1400,untitled_1,2020.2.6,59.82424832
ירוק,red,z,0,Image_certainty//image8_alemnt6.jpg,6.jpg,one_down_left,one_up_right,infrequent,certainty,,,,,,,,,0,145,145,8,1790.521203,1790.720944,z,1,1.1254799,1790.521203,None,-0.00462963,0.003703704,1,0,0,0.6314816,polygon,1788.388011,None,FALSE,8.8194025,8.8219012,-0.377777778,-0.234259259,1,0,0,8.8194025,two_down_left,1792.706668,None,1801.486937,None,21,1,2021_Dec_29_1400,untitled_1,2020.2.6,59.82424832
ירוק,blue,c,0,Image_certainty//image39_alemnt12.jpg,12.jpg,one_middle_left,one_middle_right,widespread,certainty,,,,,,,,,0,146,146,39,1804.835871,1805.035791,c,1,0.6700377,1804.835871,None,0.015740741,0.006481481,1,0,0,0.6814967,polygon,1802.002901,None,TRUE,2.1211712,2.1230118,-0.702777778,-0.016666667,1,0,0,2.1211712,one_middle_left,1806.579818,None,1808.652441,None,21,1,2021_Dec_29_1400,untitled_1,2020.2.6,59.82424832
אדום,green,x,0,Image_certainty//image0_alemnt7.jpg,7.jpg,one_down_left,two_up_right,infrequent,certainty,,,,,,,,,0,147,147,0,1812.418413,1812.618354,x,1,0.8935123,1812.418413,None,0.013888889,0.008333333,1,0,0,0.6654951,polygon,1809.151757,None,TRUE,8.6700775,8.6726937,-0.635185185,-0.197222222,1,0,0,8.6700775,one_down_left,1814.378249,None,1823.000857,None,21,1,2021_Dec_29_1400,untitled_1,2020.2.6,59.82424832
אדום,blue,c,0,Image_certainty//image79_alemnt13.jpg,13.jpg,one_down_left,one_up_right,widespread,certainty,,,,,,,,,0,148,148,79,1825.533456,1825.733172,c,1,0.7153477,1825.533456,None,0.003703704,-0.008333333,1,0,0,0.5307931,polygon,1823.500158,None,TRUE,1.892014,1.8954632,-0.632407407,-0.250925926,1,0,0,1.892014,one_down_left,1827.31087,None,1829.155962,None,21,1,2021_Dec_29_1400,untitled_1,2020.2.6,59.82424832
אדום,red,z,1,Image_certainty//image117_alemnt1.jpg,1.jpg,one_up_left,two_up_right,infrequent,certainty,,,,,,,,,0,149,149,117,1831.682668,1831.882147,z,1,0.6647522,1831.682668,None,0.00462963,-0.00462963,1,0,0,0.5319936,polygon,1829.665998,None,TRUE,3.2538799,3.2548024,-0.742592593,0.193518519,1,0,0,3.2538799,one_up_left,1833.401706,None,1836.614589,None,21,1,2021_Dec_29_1400,untitled_1,2020.2.6,59.82424832
ירוק,green,x,1,Image_certainty//image145_alemnt12.jpg,12.jpg,two_down_left,two_down_right,widespread,certainty,,,,,,,,,0,150,150,145,1839.181663,1839.381434,x,1,0.8161439,1839.181663,None,-0.001851852,0.001851852,1,0,0,0.5644232,polygon,1837.114981,None,TRUE,1.7223989,1.726945,-0.347222222,-0.205555556,1,0,0,1.7223989,two_down_left,1841.055163,None,1842.736915,None,21,1,2021_Dec_29_1400,untitled_1,2020.2.6,59.82424832
אדום,red,z,1,Image_certainty//image111_alemnt3.jpg,3.jpg,one_middle_left,two_up_right,infrequent,certainty,,,,,,,,,0,151,151,111,1845.230942,1845.430673,z,1,0.8486366,1845.230942,None,0.011111111,0.00462963,1,0,0,0.4811887,polygon,1843.247632,None,FALSE,8.325401,8.3300774,-0.432407407,-0.223148148,1,0,0,8.325401,two_down_left,1847.131503,None,1855.421612,None,21,1,2021_Dec_29_1400,untitled_1,2020.2.6,59.82424832
אדום,green,x,0,Image_certainty//image72_alemnt9.jpg,9.jpg,one_middle_left,two_down_right,widespread,certainty,,,,,,,,,0,152,152,72,1858.229242,1858.42873,x,1,1.1126948,1858.229242,None,0,0.015740741,1,0,0,0.7983071,polygon,1855.929185,None,,,,,,,,,,,1860.389624,1869.363529,1869.393827,None,21,1,2021_Dec_29_1400,untitled_1,2020.2.6,59.82424832
כחול,red,z,0,Image_certainty//image70_alemnt14.jpg,14.jpg,two_down_left,one_middle_right,widespread,certainty,,,,,,,,,0,153,153,70,1872.094107,1872.293961,z,1,0.8635176,1872.094107,None,0.006481481,0.001851852,1,0,0,0.6987245,polygon,1869.893948,None,,,,,,,,,,,1874.008123,1882.995328,1883.008748,None,21,1,2021_Dec_29_1400,untitled_1,2020.2.6,59.82424832
ירוק,green,x,1,Image_certainty//image130_alemnt11.jpg,11.jpg,three_middle_left,two_down_right,widespread,certainty,,,,,,,,,0,154,154,130,1885.709007,1885.908762,x,1,0.9292659,1885.709007,None,-0.012037037,0.001851852,1,0,0,0.7004989,polygon,1883.509078,None,TRUE,1.6537925,1.6555097,-0.302777778,0.063888889,1,0,0,1.3694672,three_middle_left,1887.702667,None,1889.307727,None,21,1,2021_Dec_29_1400,untitled_1,2020.2.6,59.82424832
כחול,blue,c,1,Image_certainty//image110_alemnt5.jpg,5.jpg,three_middle_left,one_up_right,infrequent,certainty,,,,,,,,,0,155,155,110,1892.191483,1892.391146,None,0,,1892.191483,None,-0.003703704,-0.00462963,1,0,0,0.8809776,polygon,1889.808332,None,TRUE,3.3381469,3.3408838,-0.381481481,0.042592593,1,0,0,3.3381469,three_middle_left,1894.430185,None,1897.726736,None,21,1,2021_Dec_29_1400,untitled_1,2020.2.6,59.82424832
כחול,blue,c,1,Image_certainty//image146_alemnt12.jpg,12.jpg,one_up_left,two_middle_right,widespread,certainty,,,,,,,,,0,156,156,146,1900.723705,1900.923647,c,1,1.0492793,1900.723705,None,0.028703704,-0.007407407,1,0,0,0.6154103,polygon,1898.240411,None,TRUE,4.6868064,4.6879119,-0.737962963,0.166666667,1,0,0,4.6868064,one_up_left,1902.835371,None,1907.473446,None,21,1,2021_Dec_29_1400,untitled_1,2020.2.6,59.82424832
כחול,blue,c,1,Image_certainty//image170_alemnt13.jpg,13.jpg,one_down_left,two_middle_right,widespread,certainty,,,,,,,,,0,157,157,170,1911.589067,1911.788643,c,1,0.6881592,1911.589067,None,-0.030555556,-0.001851852,1,0,0,0.7806893,polygon,1907.972776,None,,,,,,,,,,,1913.353079,1922.340308,1922.353754,None,21,1,2021_Dec_29_1400,untitled_1,2020.2.6,59.82424832
ירוק,green,x,1,Image_certainty//image193_alemnt12.jpg,12.jpg,three_middle_left,three_middle_right,widespread,certainty,,,,,,,,,0,158,158,193,1924.920616,1925.120426,x,1,0.9278383,1924.920616,None,-0.002777778,-0.008333333,1,0,0,0.5640992,polygon,1922.854059,None,TRUE,1.2878626,1.2899224,-0.357407407,0.07962963,1,0,0,1.2878626,three_middle_left,1926.911615,None,1928.155102,None,21,1,2021_Dec_29_1400,untitled_1,2020.2.6,59.82424832
ירוק,green,x,1,Image_certainty//image109_alemnt5.jpg,5.jpg,one_down_left,two_middle_right,infrequent,certainty,,,,,,,,,0,159,159,109,1934.219435,1934.419266,x,1,0.6888279,1934.219435,None,0.001851852,0.001851852,1,0,0,4.0465919,polygon,1928.669994,None,TRUE,4.3033308,4.3054926,-0.669444444,-0.233333333,1,0,0,4.3033308,one_down_left,1935.966232,None,1940.235013,None,21,1,2021_Dec_29_1400,untitled_1,2020.2.6,59.82424832
ירוק,red,z,0,Image_certainty//image2_alemnt4.jpg,4.jpg,one_down_left,two_down_right,infrequent,certainty,,,,,,,,,0,160,160,2,1943.201453,1943.40151,z,1,1.0258016,1943.201453,None,0.000925926,0.001851852,1,0,0,0.9629094,polygon,1940.735099,None,TRUE,5.2046932,5.2089546,-0.650925926,-0.189814815,1,0,0,5.2046932,one_down_left,1945.295715,None,1950.456366,None,21,1,2021_Dec_29_1400,untitled_1,2020.2.6,59.82424832
אדום,blue,c,0,Image_certainty//image25_alemnt8.jpg,8.jpg,two_middle_left,one_down_right,widespread,certainty,,,,,,,,,0,161,161,25,1953.183704,1953.383475,c,1,0.7499769,1953.183704,None,0.017592593,-0.001851852,1,0,0,0.7146687,polygon,1950.967087,None,TRUE,1.6691223,1.6703005,-0.537962963,-0.047222222,1,0,0,1.6691223,two_middle_left,1954.994817,None,1956.615901,None,21,1,2021_Dec_29_1400,untitled_1,2020.2.6,59.82424832
כחול,green,x,0,Image_certainty//image77_alemnt10.jpg,10.jpg,one_middle_left,two_up_right,widespread,certainty,,,,,,,,,0,162,162,77,1959.899263,1960.099271,x,1,0.8638988,1959.899263,None,0.015740741,0.005555556,1,0,0,0.7010025,polygon,1957.116341,None,TRUE,2.3388963,2.3409841,-0.707407407,-0.025925926,1,0,0,2.3388963,one_middle_left,1961.825517,None,1964.119276,None,21,1,2021_Dec_29_1400,untitled_1,2020.2.6,59.82424832
אדום,red,z,1,Image_certainty//image114_alemnt2.jpg,2.jpg,one_middle_left,one_middle_right,infrequent,certainty,,,,,,,,,0,163,163,114,1967.065226,1967.264944,z,1,0.8486405,1967.065226,None,-0.02037037,-0.005555556,1,0,0,0.534038,polygon,1964.632002,None,TRUE,4.2038312,4.2052188,-0.671296296,-0.062037037,1,0,0,4.2038312,one_middle_left,1968.970641,None,1973.131656,None,21,1,2021_Dec_29_1400,untitled_1,2020.2.6,59.82424832
אדום,green,x,0,Image_certainty//image30_alemnt10.jpg,10.jpg,two_down_left,three_middle_right,widespread,certainty,,,,,,,,,0,164,164,30,1975.880595,1976.080549,x,1,0.7939303,1975.880595,None,0.015740741,0.002777778,1,0,0,0.7463733,polygon,1973.630792,None,TRUE,1.3580001,1.3614061,-0.340740741,-0.182407407,1,0,0,1.3580001,two_down_left,1977.728984,None,1979.052592,None,21,1,2021_Dec_29_1400,untitled_1,2020.2.6,59.82424832
כחול,red,z,0,Image_certainty//image58_alemnt8.jpg,8.jpg,two_middle_left,two_up_right,widespread,certainty,,,,,,,,,0,165,165,58,1981.580085,1981.779827,x,0,0.6725232,1981.580085,None,0.002777778,-0.002777778,1,0,0,0.5173585,polygon,1979.563179,None,FALSE,7.6702626,7.6728527,-0.39537037,0.051851852,1,0,0,7.6702626,three_middle_left,1983.314495,None,1990.947844,None,21,1,2021_Dec_29_1400,untitled_1,2020.2.6,59.82424832
ירוק,green,x,1,Image_certainty//image121_alemnt12.jpg,12.jpg,two_down_left,three_middle_right,widespread,certainty,,,,,,,,,0,166,166,121,1993.828203,1994.027921,x,1,0.8200797,1993.828203,None,-0.028703704,0.011111111,1,0,0,0.5147123,polygon,1991.461922,None,TRUE,1.9527719,1.9549946,-0.388888889,-0.231481481,1,0,0,1.9527719,two_down_left,1995.710251,None,1997.627094,None,21,1,2021_Dec_29_1400,untitled_1,2020.2.6,59.82424832
אדום,green,x,0,Image_certainty//image48_alemnt9.jpg,9.jpg,one_down_left,one_down_right,widespread,certainty,,,,,,,,,0,167,167,48,2000.144364,2000.344103,x,1,1.0029356,2000.144364,None,-0.001851852,-0.005555556,1,0,0,0.5146156,polygon,1998.127701,None,TRUE,2.6534647,2.6565373,-0.636111111,-0.217592593,1,0,0,2.6534647,one_down_left,2002.221269,None,2004.827438,None,21,1,2021_Dec_29_1400,untitled_1,2020.2.6,59.82424832
ירוק,green,x,1,Image_certainty//image190_alemnt12.jpg,12.jpg,one_down_left,one_middle_right,widespread,certainty,,,,,,,,,0,168,168,190,2007.410015,2007.60984,x,1,0.817884,2007.410015,None,0.000925926,-0.002777778,1,0,0,0.5808866,polygon,2005.326719,None,,,,,,,,,,,2009.290138,2018.277799,2018.291662,None,21,1,2021_Dec_29_1400,untitled_1,2020.2.6,59.82424832
כחול,blue,c,1,Image_certainty//image161_alemnt12.jpg,12.jpg,one_down_left,two_middle_right,widespread,certainty,,,,,,,,,0,169,169,161,2021.558269,2021.757621,c,1,0.828822,2021.558269,None,-0.009259259,0.014814815,1,0,0,0.7810802,polygon,2018.791606,None,TRUE,2.738619,2.7400275,-0.627777778,-0.199074074,1,0,0,2.738619,one_down_left,2023.449137,None,2026.14039,None,21,1,2021_Dec_29_1400,untitled_1,2020.2.6,59.82424832
ירוק,red,z,0,Image_certainty//image62_alemnt11.jpg,11.jpg,two_down_left,two_middle_right,widespread,certainty,,,,,,,,,0,170,170,62,2030.707015,2030.906768,z,1,0.9389309,2030.707015,None,0.013888889,0.012962963,1,0,0,0.8145592,polygon,2026.640899,None,TRUE,6.6699066,6.6729578,-0.416666667,-0.20462963,1,0,0,6.6699066,two_down_left,2032.717514,None,2039.340334,None,21,1,2021_Dec_29_1400,untitled_1,2020.2.6,59.82424832
ירוק,red,z,0,Image_certainty//image74_alemnt8.jpg,8.jpg,two_up_left,three_middle_right,widespread,certainty,,,,,,,,,0,171,171,74,2042.155623,2042.35537,z,1,0.8918621,2042.155623,None,0.012037037,0.003703704,1,0,0,0.7970473,polygon,2039.855724,None,,,,,,,,,,,2044.116243,2053.090134,2053.120568,None,21,1,2021_Dec_29_1400,untitled_1,2020.2.6,59.82424832
כחול,blue,c,1,Image_certainty//image128_alemnt13.jpg,13.jpg,two_up_left,three_middle_right,widespread,certainty,,,,,,,,,0,172,172,128,2056.63706,2056.836847,c,1,0.9419102,2056.63706,None,0.010185185,0.012037037,1,0,0,0.7808882,polygon,2053.620511,None,TRUE,4.3719577,4.3736556,-0.52037037,0.176851852,1,0,0,4.3719577,two_up_left,2058.648069,None,2062.972513,None,21,1,2021_Dec_29_1400,untitled_1,2020.2.6,59.82424832
אדום,blue,c,0,Image_certainty//image7_alemnt7.jpg,7.jpg,one_down_left,one_down_right,infrequent,certainty,,,,,,,,,0,173,173,7,2065.785979,2065.985398,c,1,0.8179645,2065.785979,None,0.000925926,-0.007407407,1,0,0,0.7966276,polygon,2063.485941,None,TRUE,5.0052815,5.0095771,-0.652777778,-0.213888889,1,0,0,5.0052815,one_down_left,2067.680344,None,2072.640224,None,21,1,2021_Dec_29_1400,untitled_1,2020.2.6,59.82424832
כחול,red,z,0,Image_certainty//image10_alemnt6.jpg,6.jpg,two_middle_left,three_middle_right,infrequent,certainty,,,,,,,,,0,174,174,10,2075.284686,2075.484246,z,1,0.9610433,2075.284686,None,0.02037037,0.001851852,1,0,0,0.633803,polygon,2073.151428,None,,,,,,,,,,,2077.309609,2086.302474,2086.315994,None,21,1,2021_Dec_29_1400,untitled_1,2020.2.6,59.82424832
אדום,green,x,0,Image_certainty//image54_alemnt11.jpg,11.jpg,two_down_left,two_middle_right,widespread,certainty,,,,,,,,,0,175,175,54,2089.099313,2089.299352,x,1,0.8986976,2089.099313,None,0,-0.005555556,1,0,0,0.780364,polygon,2086.816204,None,,,,,,,,,,,2091.057118,2100.050981,2100.064199,None,21,1,2021_Dec_29_1400,untitled_1,2020.2.6,59.82424832
כחול,blue,c,1,Image_certainty//image104_alemnt3.jpg,3.jpg,three_middle_left,two_down_right,infrequent,certainty,,,,,,,,,0,176,176,104,2102.831156,2103.031016,c,1,0.9772018,2102.831156,None,-0.003703704,-0.00462963,1,0,0,0.7632105,polygon,2100.564577,None,TRUE,5.4845158,5.4859243,-0.412037037,0.042592593,1,0,0,5.4845158,three_middle_left,2104.876397,None,2110.312725,None,21,1,2021_Dec_29_1400,untitled_1,2020.2.6,59.82424832
אדום,blue,c,0,Image_certainty//image49_alemnt11.jpg,11.jpg,three_middle_left,two_middle_right,widespread,certainty,,,,,,,,,0,177,177,49,2113.379823,2113.57957,c,1,0.839123,2113.379823,None,-0.006481481,0.010185185,1,0,0,0.5806656,polygon,2110.813155,None,TRUE,1.2866028,1.288205,-0.336111111,0.041666667,1,0,0,1.2866028,three_middle_left,2115.288242,None,2116.528648,None,21,1,2021_Dec_29_1400,untitled_1,2020.2.6,59.82424832
כחול,blue,c,1,Image_certainty//image182_alemnt9.jpg,9.jpg,one_up_left,two_middle_right,widespread,certainty,,,,,,,,,0,178,178,182,2119.178708,2119.378777,c,1,0.6751679,2119.178708,None,0.002777778,-0.005555556,1,0,0,0.6623104,polygon,2117.029083,None,TRUE,4.1217082,4.1235427,-0.762962963,0.147222222,1,0,0,4.1217082,one_up_left,2120.914265,None,2124.998329,None,21,1,2021_Dec_29_1400,untitled_1,2020.2.6,59.82424832
כחול,green,x,0,Image_certainty//image65_alemnt9.jpg,9.jpg,two_middle_left,two_up_right,widespread,certainty,,,,,,,,,0,179,179,65,2127.644582,2127.844338,x,1,1.0980867,2127.644582,None,0.001851852,-0.005555556,1,0,0,0.6319804,polygon,2125.511299,None,TRUE,4.0543872,4.0568124,-0.54537037,-0.077777778,1,0,0,4.0543872,two_middle_left,2129.808122,None,2133.812468,None,21,1,2021_Dec_29_1400,untitled_1,2020.2.6,59.82424832
כחול,red,z,0,Image_certainty//image52_alemnt13.jpg,13.jpg,one_middle_left,two_middle_right,widespread,certainty,,,,,,,,,0,180,180,52,2136.61009,2136.809664,z,1,0.7450276,2136.61009,None,-0.011111111,0.002777778,1,0,0,0.7814203,polygon,2134.326798,None,TRUE,5.4890834,5.4911582,-0.765740741,-0.05,1,0,0,5.4890834,one_middle_left,2138.419119,None,2143.862772,None,21,1,2021_Dec_29_1400,untitled_1,2020.2.6,59.82424832
אדום,blue,c,0,Image_certainty//image1_alemnt6.jpg,6.jpg,two_down_left,one_up_right,infrequent,certainty,,,,,,,,,0,181,181,1,2146.492072,2146.691639,c,1,1.0972893,2146.492072,None,0.021296296,-0.002777778,1,0,0,0.6170209,polygon,2144.375633,None,TRUE,5.2376675,5.2421684,-0.390740741,-0.212037037,1,0,0,5.2376675,two_down_left,2148.651165,None,2153.845568,None,21,1,2021_Dec_29_1400,untitled_1,2020.2.6,59.82424832
כחול,red,z,0,Image_certainty//image34_alemnt8.jpg,8.jpg,one_middle_left,two_up_right,widespread,certainty,,,,,,,,,0,182,182,34,2156.457586,2156.657372,z,1,0.665259,2156.457586,None,-0.005555556,0.000925926,1,0,0,0.5972762,polygon,2154.357513,None,FALSE,,2.7720156,,,,,,,,2158.188292,None,2160.906197,None,21,1,2021_Dec_29_1400,untitled_1,2020.2.6,59.82424832
אדום,red,z,1,Image_certainty//image192_alemnt11.jpg,11.jpg,one_up_left,one_down_right,widespread,certainty,,,,,,,,,0,183,183,192,2163.80656,2164.006412,z,1,0.8054772,2163.80656,None,0,0.006481481,1,0,0,0.9006215,polygon,2161.406764,None,TRUE,7.9549793,7.9554287,-0.710185185,0.177777778,1,0,0,7.9549793,one_up_left,2165.685428,None,2173.588615,None,21,1,2021_Dec_29_1400,untitled_1,2020.2.6,59.82424832
ירוק,blue,c,0,Image_certainty//image27_alemnt8.jpg,8.jpg,three_middle_left,two_middle_right,widespread,certainty,,,,,,,,,0,184,184,27,2176.488288,2176.687846,c,1,0.7636326,2176.488288,None,-0.031481481,0.015740741,1,0,0,0.5477737,polygon,2174.088279,None,TRUE,5.8179694,5.8189598,-0.372222222,0.041666667,1,0,0,5.8179694,three_middle_left,2178.302006,None,2184.086593,None,21,1,2021_Dec_29_1400,untitled_1,2020.2.6,59.82424832
אדום,green,x,0,Image_certainty//image24_alemnt13.jpg,13.jpg,three_middle_left,one_middle_right,widespread,certainty,,,,,,,,,0,185,185,24,2186.986936,2187.18663,x,1,0.9410544,2186.986936,None,-0.016666667,0.009259259,1,0,0,0.448364,polygon,2184.586834,None,TRUE,1.6884405,1.6910844,-0.363888889,0.049074074,1,0,0,1.6884405,three_middle_left,2188.997057,None,2190.638196,None,21,1,2021_Dec_29_1400,untitled_1,2020.2.6,59.82424832
אדום,red,z,1,Image_certainty//image198_alemnt9.jpg,9.jpg,one_up_left,one_middle_right,widespread,certainty,,,,,,,,,0,186,186,198,2193.219446,2193.418915,z,1,0.7804273,2193.219446,None,0.00462963,-0.002777778,1,0,0,0.5694613,polygon,2191.153119,None,TRUE,4.0888252,4.0897336,-0.72962963,0.162962963,1,0,0,4.0888252,one_up_left,2195.057447,None,2199.104123,None,21,1,2021_Dec_29_1400,untitled_1,2020.2.6,59.82424832
כחול,green,x,0,Image_certainty//image47_alemnt13.jpg,13.jpg,one_middle_left,one_middle_right,widespread,certainty,,,,,,,,,0,187,187,47,2201.918428,2202.118179,x,1,0.6630258,2201.918428,None,0.007407407,-0.003703704,1,0,0,0.7975415,polygon,2199.618471,None,TRUE,2.5860639,2.5875724,-0.700925926,-0.02037037,1,0,0,2.5860639,one_middle_left,2203.647449,None,2206.184001,None,21,1,2021_Dec_29_1400,untitled_1,2020.2.6,59.82424832
ירוק,green,x,1,Image_certainty//image184_alemnt14.jpg,14.jpg,one_up_left,two_middle_right,widespread,certainty,,,,,,,,,0,188,188,184,2208.883947,2209.083961,x,1,0.7543314,2208.883947,None,0,0.001851852,1,0,0,0.6978745,polygon,2206.684377,None,TRUE,6.8370208,6.837936,-0.72037037,0.164814815,1,0,0,6.8370208,one_up_left,2210.688781,None,2217.500342,None,21,1,2021_Dec_29_1400,untitled_1,2020.2.6,59.82424832
ירוק,green,x,1,Image_certainty//image115_alemnt2.jpg,2.jpg,three_middle_left,one_down_right,infrequent,certainty,,,,,,,,,0,189,189,115,2220.632305,2220.832243,x,1,0.8309141,2220.632305,None,0.009259259,-0.007407407,1,0,0,0.6176884,polygon,2217.99947,None,TRUE,1.5867261,1.5889713,-0.375,0.042592593,1,0,0,1.5867261,three_middle_left,2222.513154,None,2224.064797,None,21,1,2021_Dec_29_1400,untitled_1,2020.2.6,59.82424832
ירוק,green,x,1,Image_certainty//image103_alemnt1.jpg,1.jpg,two_down_left,one_middle_right,infrequent,certainty,,,,,,,,,0,190,190,103,2226.814989,2227.01498,x,1,0.9348254,2226.814989,None,0,-0.008333333,1,0,0,0.7471529,polygon,2224.565323,None,TRUE,6.520316,6.5243598,-0.413888889,-0.222222222,1,0,0,6.520316,two_down_left,2228.820212,None,2235.302349,None,21,1,2021_Dec_29_1400,untitled_1,2020.2.6,59.82424832
ירוק,red,z,0,Image_certainty//image98_alemnt13.jpg,13.jpg,three_middle_left,two_down_right,widespread,certainty,,,,,,,,,0,191,191,98,2237.897071,2238.096842,z,1,0.8458622,2237.897071,None,-0.023148148,0.000925926,1,0,0,0.5814688,polygon,2235.813578,None,TRUE,1.4432109,1.4460235,-0.315740741,0.05462963,1,0,0,1.4432109,three_middle_left,2239.795447,None,2241.204731,None,21,1,2021_Dec_29_1400,untitled_1,2020.2.6,59.82424832
ירוק,red,z,0,Image_certainty//image38_alemnt8.jpg,8.jpg,two_up_left,two_down_right,widespread,certainty,,,,,,,,,0,192,192,38,2245.04621,2245.245796,z,1,0.6270748,2245.04621,None,0.025,-0.003703704,1,0,0,0.4312343,polygon,2241.713211,None,,,,,,,,,,,2246.738246,2255.73068,2255.744328,None,21,1,2021_Dec_29_1400,untitled_1,2020.2.6,59.82424832
אדום,blue,c,0,Image_certainty//image43_alemnt11.jpg,11.jpg,two_down_left,one_up_right,widespread,certainty,,,,,,,,,0,193,193,43,2258.311191,2258.510738,c,1,0.8675247,2258.311191,None,-0.010185185,0.003703704,1,0,0,0.5642179,polygon,2256.244583,None,,,,,,,,,,,2260.238967,2269.21278,2269.242605,None,21,1,2021_Dec_29_1400,untitled_1,2020.2.6,59.82424832
אדום,red,z,1,Image_certainty//image141_alemnt11.jpg,11.jpg,two_down_left,three_middle_right,widespread,certainty,,,,,,,,,0,194,194,141,2272.875926,2273.075425,z,1,0.9541559,2272.875926,None,-0.014814815,0.010185185,1,0,0,1.0177367,polygon,2269.742661,None,,,,,,,,,,,2274.903267,2283.877145,2283.907528,None,21,1,2021_Dec_29_1400,untitled_1,2020.2.6,59.82424832
ירוק,red,z,0,Image_certainty//image50_alemnt11.jpg,11.jpg,three_middle_left,one_down_right,widespread,certainty,,,,,,,,,0,195,195,50,2286.657533,2286.857218,z,1,0.5965198,2286.657533,None,-0.005555556,-0.002777778,1,0,0,0.7462509,polygon,2284.407587,None,TRUE,3.2228496,3.2259618,-0.435185185,0.039814815,1,0,0,3.2228496,three_middle_left,2288.316936,None,2291.495338,None,21,1,2021_Dec_29_1400,untitled_1,2020.2.6,59.82424832
ירוק,blue,c,0,Image_certainty//image69_alemnt14.jpg,14.jpg,one_middle_left,two_down_right,widespread,certainty,,,,,,,,,0,196,196,69,2294.489653,2294.689693,c,1,0.9368553,2294.489653,None,-0.031481481,0,1,0,0,0.5964406,polygon,2292.006621,None,TRUE,4.5223874,4.5231871,-0.780555556,-0.025,1,0,0,4.5223874,one_middle_left,2296.504953,None,2300.971943,None,21,1,2021_Dec_29_1400,untitled_1,2020.2.6,59.82424832
אדום,green,x,0,Image_certainty//image42_alemnt12.jpg,12.jpg,two_up_left,one_up_right,widespread,certainty,,,,,,,,,0,197,197,42,2303.488708,2303.688449,x,1,0.9681196,2303.488708,None,-0.013888889,0.000925926,1,0,0,0.5145471,polygon,2301.472083,None,,,,,,,,,,,2305.53218,2314.506443,2314.537034,None,21,1,2021_Dec_29_1400,untitled_1,2020.2.6,59.82424832
כחול,red,z,0,Image_certainty//image4_alemnt2.jpg,2.jpg,two_middle_left,two_middle_right,infrequent,certainty,,,,,,,,,0,198,198,4,2317.686664,2317.886663,z,1,0.8341753,2317.686664,None,0.008333333,0.005555556,1,0,0,0.6309187,polygon,2315.037012,None,TRUE,7.3872638,7.3888945,-0.547222222,-0.060185185,1,0,0,7.3872638,two_middle_left,2319.56766,None,2326.918711,None,21,1,2021_Dec_29_1400,untitled_1,2020.2.6,59.82424832
אדום,blue,c,0,Image_certainty//image55_alemnt12.jpg,12.jpg,three_middle_left,one_middle_right,widespread,certainty,,,,,,,,,0,199,199,55,2329.452058,2329.651777,c,1,1.0012919,2329.452058,None,0,0.013888889,1,0,0,0.5497473,polygon,2327.418655,None,TRUE,1.6087666,1.6106756,-0.363888889,0.043518519,1,0,0,1.6087666,three_middle_left,2331.515934,None,2333.090235,None,21,1,2021_Dec_29_1400,untitled_1,2020.2.6,59.82424832
