﻿word,letterColor,corrAns,congruent,imageTrain,true_shaps,corrAnsLeft,corrAnsRight,common,experiment,stroop_loop.thisRepN,stroop_loop.thisTrialN,stroop_loop.thisN,stroop_loop.thisIndex,trail_certaninty.thisRepN,trail_certaninty.thisTrialN,trail_certaninty.thisN,trail_certaninty.thisIndex,test_certaincy.thisRepN,test_certaincy.thisTrialN,test_certaincy.thisN,test_certaincy.thisIndex,stroop_text.started,stroop_text.stopped,stroop_anser.keys,stroop_anser.corr,stroop_anser.rt,stroop_anser.started,stroop_anser.stopped,test_fixability_certity.x,test_fixability_certity.y,test_fixability_certity.leftButton,test_fixability_certity.midButton,test_fixability_certity.rightButton,test_fixability_certity.time,test_fixability_certity.clicked_name,test_fixability_certity.started,test_fixability_certity.stopped,test_certainty_anser_currect,finalClickTime,test_certainty_anser_time,test_certainty_mouse.x,test_certainty_mouse.y,test_certainty_mouse.leftButton,test_certainty_mouse.midButton,test_certainty_mouse.rightButton,test_certainty_mouse.time,test_certainty_mouse.clicked_name,test_certainty_mouse.started,test_certainty_mouse.stopped,text_5.started,text_5.stopped,participant,session,date,expName,psychopyVersion,frameRate
כחול,blue,c,1,,,,,,,0,0,0,4,,,,,,,,,20.7095513,20.9092863,c,1,0.9437496,20.7095513,None,,,,,,,,,,,,,,,,,,,,,,,,22,1,2021_Dec_29_1446,untitled_1,2020.2.6,59.87977339
אדום,red,z,1,,,,,,,0,1,1,0,,,,,,,,,26.2088225,26.4082465,z,1,0.4985507,26.2088225,None,,,,,,,,,,,,,,,,,,,,,,,,22,1,2021_Dec_29_1446,untitled_1,2020.2.6,59.87977339
אדום,green,x,0,,,,,,,0,2,2,1,,,,,,,,,31.2746161,31.4743782,x,1,0.6689162,31.2746161,None,,,,,,,,,,,,,,,,,,,,,,,,22,1,2021_Dec_29_1446,untitled_1,2020.2.6,59.87977339
כחול,red,z,0,,,,,,,0,3,3,5,,,,,,,,,36.5241786,36.7233214,z,1,0.5939043,36.5241786,None,,,,,,,,,,,,,,,,,,,,,,,,22,1,2021_Dec_29_1446,untitled_1,2020.2.6,59.87977339
ירוק,blue,c,0,,,,,,,0,4,4,3,,,,,,,,,41.7067917,41.9066275,c,1,0.5842408,41.7067917,None,,,,,,,,,,,,,,,,,,,,,,,,22,1,2021_Dec_29_1446,untitled_1,2020.2.6,59.87977339
ירוק,green,x,1,,,,,,,0,5,5,2,,,,,,,,,46.8728321,47.0726063,x,1,0.5671531,46.8728321,None,,,,,,,,,,,,,,,,,,,,,,,,22,1,2021_Dec_29_1446,untitled_1,2020.2.6,59.87977339
כחול,blue,c,1,,,,,,,1,0,6,4,,,,,,,,,52.0221312,52.2219831,c,1,0.6858958,52.0221312,None,,,,,,,,,,,,,,,,,,,,,,,,22,1,2021_Dec_29_1446,untitled_1,2020.2.6,59.87977339
אדום,green,x,0,,,,,,,1,1,7,1,,,,,,,,,57.2714707,57.4713396,x,1,0.599201,57.2714707,None,,,,,,,,,,,,,,,,,,,,,,,,22,1,2021_Dec_29_1446,untitled_1,2020.2.6,59.87977339
ירוק,blue,c,0,,,,,,,1,2,8,3,,,,,,,,,62.43749,62.6372437,c,1,0.6599523,62.43749,None,,,,,,,,,,,,,,,,,,,,,,,,22,1,2021_Dec_29_1446,untitled_1,2020.2.6,59.87977339
כחול,red,z,0,,,,,,,1,3,9,5,,,,,,,,,67.6701717,67.8699374,z,1,0.5184621,67.6701717,None,,,,,,,,,,,,,,,,,,,,,,,,22,1,2021_Dec_29_1446,untitled_1,2020.2.6,59.87977339
ירוק,green,x,1,,,,,,,1,4,10,2,,,,,,,,,72.7693875,72.9687169,c,0,0.7315116,72.7693875,None,,,,,,,,,,,,,,,,,,,,,,,,22,1,2021_Dec_29_1446,untitled_1,2020.2.6,59.87977339
אדום,red,z,1,,,,,,,1,5,11,0,,,,,,,,,78.0688312,78.2682658,z,1,0.6874067,78.0688312,None,,,,,,,,,,,,,,,,,,,,,,,,22,1,2021_Dec_29_1446,untitled_1,2020.2.6,59.87977339
ירוק,blue,c,0,,,,,,,2,0,12,3,,,,,,,,,83.334806,83.5341252,c,1,0.5407497,83.334806,None,,,,,,,,,,,,,,,,,,,,,,,,22,1,2021_Dec_29_1446,untitled_1,2020.2.6,59.87977339
אדום,green,x,0,,,,,,,2,1,13,1,,,,,,,,,88.4341402,88.6339489,x,1,0.5781802,88.4341402,None,,,,,,,,,,,,,,,,,,,,,,,,22,1,2021_Dec_29_1446,untitled_1,2020.2.6,59.87977339
כחול,red,z,0,,,,,,,2,2,14,5,,,,,,,,,93.5834794,93.7832854,z,1,0.5104606,93.5834794,None,,,,,,,,,,,,,,,,,,,,,,,,22,1,2021_Dec_29_1446,untitled_1,2020.2.6,59.87977339
אדום,red,z,1,,,,,,,2,3,15,0,,,,,,,,,98.6326536,98.8326246,z,1,0.8892919,98.6326536,None,,,,,,,,,,,,,,,,,,,,,,,,22,1,2021_Dec_29_1446,untitled_1,2020.2.6,59.87977339
ירוק,green,x,1,,,,,,,2,4,16,2,,,,,,,,,104.0988589,104.2983122,x,1,0.6729819,104.0988589,None,,,,,,,,,,,,,,,,,,,,,,,,22,1,2021_Dec_29_1446,untitled_1,2020.2.6,59.87977339
כחול,blue,c,1,,,,,,,2,5,17,4,,,,,,,,,109.3481686,109.531272,c,1,0.5003732,109.3481686,None,,,,,,,,,,,,,,,,,,,,,,,,22,1,2021_Dec_29_1446,untitled_1,2020.2.6,59.87977339
כחול,blue,c,1,train_Image_certainty//image14_alemnt14.jpg,14.jpg,three_middle_left,one_middle_right,widespread,train_certainty,,,,,0,0,0,13,,,,,189.3210831,189.5210874,c,1,0.9698834,189.3210831,None,0,0,1,0,0,1.8564134,polygon,185.9570305,None,FALSE,2.1549,2.1570229,-0.724074074,-0.036111111,1,0,0,2.1549,one_middle_left,192.4420366,None,196.5533561,None,22,1,2021_Dec_29_1446,untitled_1,2020.2.6,59.87977339
אדום,blue,c,0,train_Image_certainty//image1_alemnt1.jpg,1.jpg,two_middle_left,one_down_right,widespread,train_certainty,,,,,0,1,1,0,,,,,200.1032525,200.3027543,z,0,0.7574514,200.1032525,None,0.002777778,0.001851852,1,0,0,1.5479452,polygon,197.0534633,None,TRUE,3.5528421,3.5543318,0.437962963,-0.19537037,1,0,0,3.5528421,one_down_right,202.9502087,None,208.4848899,None,22,1,2021_Dec_29_1446,untitled_1,2020.2.6,59.87977339
ירוק,green,x,1,train_Image_certainty//image13_alemnt13.jpg,13.jpg,two_up_left,one_up_right,widespread,train_certainty,,,,,0,2,2,12,,,,,211.4351867,211.6343887,x,1,0.722116,211.4351867,None,0,0,1,0,0,0.9304848,polygon,208.9851349,None,TRUE,2.656308,2.6580206,-0.509259259,0.218518519,1,0,0,2.656308,two_up_left,214.2556948,None,218.8836847,None,22,1,2021_Dec_29_1446,untitled_1,2020.2.6,59.87977339
כחול,blue,c,1,train_Image_certainty//image11_alemnt11.jpg,11.jpg,two_down_left,one_down_right,widespread,train_certainty,,,,,0,3,3,10,,,,,221.3670787,221.5664572,c,1,0.7328322,221.3670787,None,0,0,1,0,0,0.4803019,polygon,219.3839032,None,TRUE,,2.904859,,,,,,,,224.1922082,None,229.0658505,None,22,1,2021_Dec_29_1446,untitled_1,2020.2.6,59.87977339
אדום,red,z,1,train_Image_certainty//image12_alemnt12.jpg,12.jpg,one_down_left,one_up_right,widespread,train_certainty,,,,,0,4,4,11,,,,,231.899178,232.0989233,z,1,0.638169,231.899178,None,0.000925926,0.010185185,1,0,0,0.8333424,polygon,229.5659904,None,TRUE,4.7542634,4.7569997,-0.674074074,-0.241666667,1,0,0,4.7542634,one_down_left,234.6346277,None,241.3642181,None,22,1,2021_Dec_29_1446,untitled_1,2020.2.6,59.87977339
ירוק,blue,c,0,train_Image_certainty//image3_alemnt3.jpg,3.jpg,two_down_left,three_middle_right,widespread,train_certainty,,,,,0,5,5,2,,,,,244.0973355,244.2972025,c,1,0.8680075,244.0973355,None,-0.005555556,0,1,0,0,0.7308663,polygon,241.8639632,None,TRUE,6.6533236,6.6558945,-0.402777778,-0.185185185,1,0,0,6.6533236,two_down_left,247.0680393,None,255.6957745,None,22,1,2021_Dec_29_1446,untitled_1,2020.2.6,59.87977339
כחול,red,z,0,train_Image_certainty//image4_alemnt4.jpg,4.jpg,two_middle_left,two_up_right,widespread,train_certainty,,,,,0,6,6,3,,,,,261.1953619,261.3951115,z,1,0.6629991,261.1953619,None,-0.003703704,0,1,0,0,3.5001039,polygon,256.1954789,None,TRUE,1.9038676,1.905388,-0.49537037,-0.025,1,0,0,1.9038676,two_middle_left,263.9541609,None,267.827344,None,22,1,2021_Dec_29_1446,untitled_1,2020.2.6,59.87977339
ירוק,blue,c,0,train_Image_certainty//image9_alemnt9.jpg,9.jpg,two_up_left,one_middle_right,widespread,train_certainty,,,,,0,7,7,8,,,,,270.2942999,270.494029,c,1,1.0304806,270.2942999,None,0.005555556,0,1,0,0,0.4673411,polygon,268.3275209,None,TRUE,8.7036495,8.705339,-0.536111111,0.202777778,1,0,0,8.7036495,two_up_left,273.3998456,None,284.1089675,None,22,1,2021_Dec_29_1446,untitled_1,2020.2.6,59.87977339
ירוק,red,z,0,train_Image_certainty//image2_alemnt2.jpg,2.jpg,two_down_left,three_middle_right,widespread,train_certainty,,,,,0,8,8,1,,,,,286.6253478,286.8243344,z,1,0.6792754,286.6253478,None,0.005555556,0,1,0,0,0.5148323,polygon,284.6086957,None,TRUE,3.5514601,3.553766,0.722222222,0.035185185,1,0,0,3.5514601,three_middle_right,289.4209664,None,294.9407492,None,22,1,2021_Dec_29_1446,untitled_1,2020.2.6,59.87977339
אדום,blue,c,0,train_Image_certainty//image7_alemnt7.jpg,7.jpg,one_middle_left,one_up_right,widespread,train_certainty,,,,,0,9,9,6,,,,,297.4407771,297.6404317,x,0,0.9179094,297.4407771,None,0,0,1,0,0,0.5014104,polygon,295.4407033,None,TRUE,3.0051947,3.0055076,0.352777778,0.197222222,1,0,0,3.0051947,one_up_right,300.4539302,None,305.4224828,None,22,1,2021_Dec_29_1446,untitled_1,2020.2.6,59.87977339
ירוק,red,z,0,train_Image_certainty//image8_alemnt8.jpg,8.jpg,two_down_left,two_middle_right,widespread,train_certainty,,,,,0,10,10,7,,,,,307.8226142,308.0223736,z,1,0.6857732,307.8226142,None,0,0,1,0,0,0.3976421,polygon,305.9227186,None,TRUE,4.9687728,4.9699407,0.548148148,-0.035185185,1,0,0,4.9687728,two_middle_right,310.5972269,None,317.5379689,None,22,1,2021_Dec_29_1446,untitled_1,2020.2.6,59.87977339
ירוק,green,x,1,train_Image_certainty//image10_alemnt10.jpg,10.jpg,two_up_left,three_middle_right,widespread,train_certainty,,,,,0,11,11,9,,,,,320.0375332,320.2376297,x,1,0.6472341,320.0375332,None,0,0,1,0,0,0.4965157,polygon,318.0377868,None,TRUE,2.9383632,2.9431196,0.734259259,0.09537037,1,0,0,2.9383632,three_middle_right,322.7913066,None,327.7198755,None,22,1,2021_Dec_29_1446,untitled_1,2020.2.6,59.87977339
אדום,red,z,1,train_Image_certainty//image15_alemnt1.jpg,1.jpg,one_up_left,one_middle_right,infrequent,train_certainty,,,,,0,12,12,14,,,,,330.0865405,330.2860181,z,1,0.582058,330.0865405,None,0,0,1,0,0,0.3640263,polygon,328.2194483,None,TRUE,4.8009146,4.8018506,0.367592593,-0.017592593,1,0,0,4.8009146,one_middle_right,332.7735263,None,339.5517183,None,22,1,2021_Dec_29_1446,untitled_1,2020.2.6,59.87977339
אדום,green,x,0,train_Image_certainty//image6_alemnt6.jpg,6.jpg,one_middle_left,two_up_right,widespread,train_certainty,,,,,0,13,13,5,,,,,341.9016884,342.1011701,x,1,0.8313173,341.9016884,None,0,0,1,0,0,0.3468219,polygon,340.0516347,None,TRUE,6.2848489,6.2859295,-0.691666667,-0.028703704,1,0,0,6.2848489,one_middle_left,344.8129469,None,353.0828173,None,22,1,2021_Dec_29_1446,untitled_1,2020.2.6,59.87977339
כחול,green,x,0,train_Image_certainty//image5_alemnt5.jpg,5.jpg,one_middle_left,three_middle_right,widespread,train_certainty,,,,,0,14,14,4,,,,,355.5665404,355.7664057,c,0,0.6762343,355.5665404,None,0,0,1,0,0,0.4828837,polygon,353.5831843,None,TRUE,6.6175191,6.6189327,0.764814815,0.047222222,1,0,0,6.6175191,three_middle_right,358.3375332,None,366.9314913,None,22,1,2021_Dec_29_1446,untitled_1,2020.2.6,59.87977339
ירוק,blue,c,0,Image_certainty//image87_alemnt11.jpg,11.jpg,three_middle_left,two_middle_right,widespread,certainty,,,,,,,,,0,0,0,87,372.9976181,373.1975205,c,1,0.8812492,372.9976181,None,0,0,1,0,0,1.9064967,polygon,369.5817737,None,TRUE,1.467707,1.4683918,-0.392592593,0.062037037,1,0,0,1.467707,three_middle_left,374.94407,None,376.3627899,None,22,1,2021_Dec_29_1446,untitled_1,2020.2.6,59.87977339
אדום,green,x,0,Image_certainty//image24_alemnt13.jpg,13.jpg,three_middle_left,one_middle_right,widespread,certainty,,,,,,,,,0,1,1,24,379.3465258,379.5465559,x,1,0.9071157,379.3465258,None,0.000925926,0.001851852,1,0,0,0.9842222,polygon,376.8627365,None,TRUE,1.5072923,1.5091692,-0.347222222,0.051851852,1,0,0,1.5072923,three_middle_left,381.3170703,None,382.7827052,None,22,1,2021_Dec_29_1446,untitled_1,2020.2.6,59.87977339
ירוק,blue,c,0,Image_certainty//image15_alemnt3.jpg,3.jpg,three_middle_left,two_down_right,infrequent,certainty,,,,,,,,,0,2,2,15,387.1792576,387.378924,c,1,0.6046958,387.1792576,None,-0.007407407,0.006481481,1,0,0,0.7156482,polygon,383.2957756,None,,,,,,,,,,,388.8587768,397.8471081,397.8604357,None,22,1,2021_Dec_29_1446,untitled_1,2020.2.6,59.87977339
אדום,red,z,1,Image_certainty//image165_alemnt8.jpg,8.jpg,one_middle_left,one_up_right,widespread,certainty,,,,,,,,,0,3,3,165,401.0939972,401.2937406,z,1,0.5842044,401.0939972,None,0.00462963,-0.002777778,1,0,0,1.2317346,polygon,398.360729,None,TRUE,3.4719008,3.4728912,0.330555556,0.217592593,1,0,0,3.4719008,one_up_right,402.7372666,None,406.1627119,None,22,1,2021_Dec_29_1446,untitled_1,2020.2.6,59.87977339
ירוק,blue,c,0,Image_certainty//image39_alemnt12.jpg,12.jpg,one_middle_left,one_middle_right,widespread,certainty,,,,,,,,,0,4,4,39,409.1263123,409.3260625,c,1,0.7664873,409.1263123,None,-0.019444444,-0.002777778,1,0,0,0.9482617,polygon,406.6761516,None,TRUE,1.6380389,1.6413029,0.327777778,-0.006481481,1,0,0,1.6380389,one_middle_right,410.9522508,None,412.5457225,None,22,1,2021_Dec_29_1446,untitled_1,2020.2.6,59.87977339
כחול,blue,c,1,Image_certainty//image152_alemnt14.jpg,14.jpg,one_middle_left,one_middle_right,widespread,certainty,,,,,,,,,0,5,5,152,415.6587947,415.8585696,c,1,0.5674592,415.6587947,None,0.005555556,0.003703704,1,0,0,1.1127441,polygon,413.0590441,None,TRUE,6.5028646,6.5036079,-0.712037037,0.037037037,1,0,0,6.5028646,one_middle_left,417.2779899,None,423.7569852,None,22,1,2021_Dec_29_1446,untitled_1,2020.2.6,59.87977339
אדום,blue,c,0,Image_certainty//image37_alemnt13.jpg,13.jpg,two_down_left,one_up_right,widespread,certainty,,,,,,,,,0,6,6,37,426.7407246,426.9404581,c,1,0.8398131,426.7407246,None,0.012962963,0,1,0,0,0.9811481,polygon,424.257189,None,TRUE,5.6723897,5.6733717,0.330555556,0.199074074,1,0,0,5.6723897,one_up_right,428.6537801,None,434.2746143,None,22,1,2021_Dec_29_1446,untitled_1,2020.2.6,59.87977339
כחול,blue,c,1,Image_certainty//image155_alemnt11.jpg,11.jpg,one_up_left,two_middle_right,widespread,certainty,,,,,,,,,0,7,7,155,437.5054379,437.7055513,c,1,0.6238646,437.5054379,None,-0.011111111,0.00462963,1,0,0,1.2177667,polygon,434.7887764,None,TRUE,7.8378224,7.8391673,-0.712962963,0.173148148,1,0,0,7.8378224,one_up_left,439.2029522,None,446.9898842,None,22,1,2021_Dec_29_1446,untitled_1,2020.2.6,59.87977339
ירוק,green,x,1,Image_certainty//image106_alemnt5.jpg,5.jpg,one_down_left,three_middle_right,infrequent,certainty,,,,,,,,,0,8,8,106,450.2210989,450.4207927,x,1,0.744454,450.2210989,None,0.013888889,0.003703704,1,0,0,1.2140999,polygon,447.5045629,None,TRUE,6.3379704,6.3417013,-0.689814815,-0.19537037,1,0,0,6.3379704,one_down_left,452.0356174,None,458.3223076,None,22,1,2021_Dec_29_1446,untitled_1,2020.2.6,59.87977339
כחול,green,x,0,Image_certainty//image41_alemnt12.jpg,12.jpg,two_up_left,one_up_right,widespread,certainty,,,,,,,,,0,9,9,41,463.1691038,463.3691757,x,1,0.7007304,463.1691038,None,-0.003703704,0.003703704,1,0,0,2.8326923,polygon,458.8363527,None,TRUE,2.5048382,2.5063866,-0.471296296,0.192592593,1,0,0,2.5048382,two_up_left,464.9317901,None,467.3875742,None,22,1,2021_Dec_29_1446,untitled_1,2020.2.6,59.87977339
ירוק,blue,c,0,Image_certainty//image57_alemnt13.jpg,13.jpg,two_down_left,two_middle_right,widespread,certainty,,,,,,,,,0,10,10,57,471.4516458,471.6513296,c,1,0.6989464,471.4516458,None,0.007407407,0.009259259,1,0,0,0.8479113,polygon,467.9017813,None,TRUE,3.3572746,3.3609553,0.537962963,-0.056481481,1,0,0,3.3572746,two_middle_right,473.2089272,None,476.5223096,None,22,1,2021_Dec_29_1446,untitled_1,2020.2.6,59.87977339
אדום,red,z,1,Image_certainty//image186_alemnt11.jpg,11.jpg,one_down_left,two_up_right,widespread,certainty,,,,,,,,,0,11,11,186,479.7672776,479.9671046,z,1,0.6285987,479.7672776,None,0.000925926,-0.001851852,1,0,0,1.232877,polygon,477.0339861,None,TRUE,5.0519561,5.0536817,-0.673148148,-0.233333333,1,0,0,5.0519561,one_down_left,481.4640157,None,486.4655448,None,22,1,2021_Dec_29_1446,untitled_1,2020.2.6,59.87977339
אדום,red,z,1,Image_certainty//image102_alemnt1.jpg,1.jpg,three_middle_left,two_middle_right,infrequent,certainty,,,,,,,,,0,12,12,102,489.4494274,489.6492105,z,1,0.6090939,489.4494274,None,0,0.00462963,1,0,0,0.9804322,polygon,486.9657568,None,,,,,,,,,,,491.1271631,500.1005316,500.1309259,None,22,1,2021_Dec_29_1446,untitled_1,2020.2.6,59.87977339
ירוק,green,x,1,Image_certainty//image196_alemnt13.jpg,13.jpg,three_middle_left,one_down_right,widespread,certainty,,,,,,,,,0,13,13,196,503.1642363,503.3640338,x,1,0.5517939,503.1642363,None,-0.018518519,-0.000925926,1,0,0,1.0305482,polygon,500.6309614,None,TRUE,2.5690614,2.5704875,-0.35,0.092592593,1,0,0,2.5690614,three_middle_left,504.7954393,None,507.3129849,None,22,1,2021_Dec_29_1446,untitled_1,2020.2.6,59.87977339
אדום,red,z,1,Image_certainty//image147_alemnt9.jpg,9.jpg,three_middle_left,two_up_right,widespread,certainty,,,,,,,,,0,14,14,147,510.046685,510.2464285,z,1,0.5434041,510.046685,None,-0.003703704,0.010185185,1,0,0,0.7301718,polygon,507.8134201,None,FALSE,7.4216971,7.4260566,-0.638888889,-0.219444444,1,0,0,7.4216971,one_down_left,511.6504096,None,519.0332647,None,22,1,2021_Dec_29_1446,untitled_1,2020.2.6,59.87977339
ירוק,red,z,0,Image_certainty//image14_alemnt6.jpg,6.jpg,two_up_left,one_up_right,infrequent,certainty,,,,,,,,,0,15,15,14,524.4282767,524.6277002,z,1,1.0245723,524.4282767,None,0.007407407,0.025925926,1,0,0,0.6953474,polygon,519.5448271,None,TRUE,4.1040835,4.1050768,0.332407407,0.2,1,0,0,4.1040835,one_up_right,526.5199184,None,530.5782777,None,22,1,2021_Dec_29_1446,untitled_1,2020.2.6,59.87977339
כחול,red,z,0,Image_certainty//image34_alemnt8.jpg,8.jpg,one_middle_left,two_up_right,widespread,certainty,,,,,,,,,0,16,16,34,533.5601663,533.7602252,z,1,0.8779562,533.5601663,None,-0.001851852,0.002777778,1,0,0,0.9790675,polygon,531.0934354,None,TRUE,2.7696276,2.7710247,-0.705555556,-0.02037037,1,0,0,2.7696276,one_middle_left,535.505188,None,538.226712,None,22,1,2021_Dec_29_1446,untitled_1,2020.2.6,59.87977339
כחול,green,x,0,Image_certainty//image95_alemnt9.jpg,9.jpg,two_up_left,two_down_right,widespread,certainty,,,,,,,,,0,17,17,95,541.1593661,541.3590498,x,1,0.7483551,541.1593661,None,0,0,1,0,0,0.9297431,polygon,538.7261228,None,TRUE,8.0706325,8.0717703,-0.537962963,0.183333333,1,0,0,8.0706325,two_up_left,542.9603403,None,550.9908131,None,22,1,2021_Dec_29_1446,untitled_1,2020.2.6,59.87977339
ירוק,green,x,1,Image_certainty//image169_alemnt11.jpg,11.jpg,one_middle_left,one_up_right,widespread,certainty,,,,,,,,,0,18,18,169,553.5410778,553.7408307,x,1,0.5934095,553.5410778,None,0,0,1,0,0,0.5620816,polygon,551.4908446,None,TRUE,2.4392746,2.4413647,-0.688888889,0.003703704,1,0,0,2.4392746,one_middle_left,555.2057496,None,557.5944286,None,22,1,2021_Dec_29_1446,untitled_1,2020.2.6,59.87977339
כחול,blue,c,1,Image_certainty//image110_alemnt5.jpg,5.jpg,three_middle_left,one_up_right,infrequent,certainty,,,,,,,,,0,19,19,110,560.1235852,560.3232515,c,1,0.6438822,560.1235852,None,0,0,1,0,0,0.5158204,polygon,558.1066565,None,TRUE,1.2564693,1.2591437,-0.4,0.071296296,1,0,0,1.2564693,three_middle_left,561.8263826,None,563.0441011,None,22,1,2021_Dec_29_1446,untitled_1,2020.2.6,59.87977339
אדום,red,z,1,Image_certainty//image120_alemnt12.jpg,12.jpg,two_up_left,two_up_right,widespread,certainty,,,,,,,,,0,20,20,120,565.5062259,565.7057601,z,1,0.5561311,565.5062259,None,0,0,1,0,0,0.4513124,polygon,563.5562677,None,TRUE,3.2545555,3.2562827,-0.501851852,0.214814815,1,0,0,3.2545555,two_up_left,567.1307238,None,570.3421026,None,22,1,2021_Dec_29_1446,untitled_1,2020.2.6,59.87977339
ירוק,blue,c,0,Image_certainty//image21_alemnt14.jpg,14.jpg,one_down_left,one_middle_right,widespread,certainty,,,,,,,,,0,21,21,21,572.8385491,573.0379559,c,1,0.6915929,572.8385491,None,0,0,1,0,0,0.4806979,polygon,570.8553574,None,TRUE,2.2361768,2.2382953,-0.617592593,-0.221296296,1,0,0,2.2361768,one_down_left,574.5998918,None,576.7873622,None,22,1,2021_Dec_29_1446,untitled_1,2020.2.6,59.87977339
אדום,red,z,1,Image_certainty//image168_alemnt10.jpg,10.jpg,two_middle_left,two_down_right,widespread,certainty,,,,,,,,,0,22,22,168,579.2044653,579.4041694,z,1,0.5025493,579.2044653,None,0,0,1,0,0,0.4144341,polygon,577.2878173,None,TRUE,2.551729,2.5525846,-0.547222222,-0.056481481,1,0,0,2.551729,two_middle_left,580.7777283,None,583.286471,None,22,1,2021_Dec_29_1446,untitled_1,2020.2.6,59.87977339
כחול,blue,c,1,Image_certainty//image113_alemnt2.jpg,2.jpg,one_up_left,two_up_right,infrequent,certainty,,,,,,,,,0,23,23,113,585.7036213,585.9033158,c,1,0.6654486,585.7036213,None,0,0,1,0,0,0.4156297,polygon,583.7869747,None,TRUE,2.3021254,2.3026078,-0.785185185,0.189814815,1,0,0,2.3021254,one_up_left,587.4066277,None,589.6856526,None,22,1,2021_Dec_29_1446,untitled_1,2020.2.6,59.87977339
אדום,red,z,1,Image_certainty//image177_alemnt11.jpg,11.jpg,two_down_left,three_middle_right,widespread,certainty,,,,,,,,,0,24,24,177,592.1189063,592.3186726,z,1,0.5857858,592.1189063,None,0,0,1,0,0,0.4306217,polygon,590.1861638,None,TRUE,7.2034133,7.2063564,-0.381481481,-0.228703704,1,0,0,7.2034133,two_down_left,593.7764236,None,600.93731,None,22,1,2021_Dec_29_1446,untitled_1,2020.2.6,59.87977339
כחול,red,z,0,Image_certainty//image22_alemnt11.jpg,11.jpg,two_up_left,one_down_right,widespread,certainty,,,,,,,,,0,25,25,22,604.4343919,604.6343025,z,1,0.6610954,604.4343919,None,0,0,1,0,0,1.4808683,polygon,601.451392,None,TRUE,3.3393214,3.3398529,-0.476851852,0.225925926,1,0,0,3.3393214,two_up_left,606.1491077,None,609.4497855,None,22,1,2021_Dec_29_1446,untitled_1,2020.2.6,59.87977339
אדום,red,z,1,Image_certainty//image111_alemnt3.jpg,3.jpg,one_middle_left,two_up_right,infrequent,certainty,,,,,,,,,0,26,26,111,612.0002229,612.1997087,z,1,0.5777664,612.0002229,None,0,0,1,0,0,0.5482803,polygon,609.9502682,None,TRUE,2.9035836,2.9048842,-0.693518519,-0.003703704,1,0,0,2.9035836,one_middle_left,613.629754,None,616.4989291,None,22,1,2021_Dec_29_1446,untitled_1,2020.2.6,59.87977339
ירוק,red,z,0,Image_certainty//image56_alemnt11.jpg,11.jpg,three_middle_left,two_up_right,widespread,certainty,,,,,,,,,0,27,27,56,618.8492922,619.0488551,z,1,1.0056496,618.8492922,None,0,0,1,0,0,0.3469156,polygon,616.9993944,None,TRUE,,1.2895047,,,,,,,,620.9168796,None,622.1647071,None,22,1,2021_Dec_29_1446,untitled_1,2020.2.6,59.87977339
כחול,red,z,0,Image_certainty//image70_alemnt14.jpg,14.jpg,two_down_left,one_middle_right,widespread,certainty,,,,,,,,,0,28,28,70,624.4986545,624.6983888,z,1,0.7115522,624.4986545,None,0,0,1,0,0,0.3312671,polygon,622.665301,None,TRUE,4.4201862,4.4234968,-0.422222222,-0.292592593,1,0,0,4.4201862,two_down_left,626.2731488,None,630.6491774,None,22,1,2021_Dec_29_1446,untitled_1,2020.2.6,59.87977339
כחול,blue,c,1,Image_certainty//image107_alemnt6.jpg,6.jpg,two_middle_left,two_up_right,infrequent,certainty,,,,,,,,,0,29,29,107,633.130864,633.3302528,c,1,0.6820658,633.130864,None,0,0,1,0,0,0.4638552,polygon,631.1642266,None,TRUE,5.319405,5.3209284,-0.556481481,-0.066666667,1,0,0,5.319405,two_middle_left,634.8606076,None,640.1468316,None,22,1,2021_Dec_29_1446,untitled_1,2020.2.6,59.87977339
ירוק,green,x,1,Image_certainty//image181_alemnt12.jpg,12.jpg,two_up_left,one_down_right,widespread,certainty,,,,,,,,,0,30,30,181,642.5463252,642.7460884,x,1,0.5499371,642.5463252,None,0,0,1,0,0,0.4009061,polygon,640.6463813,None,FALSE,6.3195453,6.3207981,-0.567592593,-0.067592593,1,0,0,6.3195453,two_middle_left,644.1585647,None,650.4279668,None,22,1,2021_Dec_29_1446,untitled_1,2020.2.6,59.87977339
אדום,blue,c,0,Image_certainty//image91_alemnt8.jpg,8.jpg,two_up_left,one_up_right,widespread,certainty,,,,,,,,,0,31,31,91,653.5946862,653.7946444,c,1,0.972398,653.5946862,None,0,0,1,0,0,1.166275,polygon,650.9283807,None,TRUE,4.0543898,4.0549028,-0.496296296,0.198148148,1,0,0,4.0543898,two_up_left,655.642208,None,659.6433268,None,22,1,2021_Dec_29_1446,untitled_1,2020.2.6,59.87977339
אדום,blue,c,0,Image_certainty//image73_alemnt10.jpg,10.jpg,two_down_left,one_down_right,widespread,certainty,,,,,,,,,0,32,32,73,662.0435047,662.2435754,c,1,0.6492907,662.0435047,None,0,0,1,0,0,0.3984228,polygon,660.1439236,None,TRUE,3.2212279,3.2257467,-0.388888889,-0.25,1,0,0,3.2212279,two_down_left,663.7549326,None,666.9321818,None,22,1,2021_Dec_29_1446,untitled_1,2020.2.6,59.87977339
אדום,green,x,0,Image_certainty//image72_alemnt9.jpg,9.jpg,one_middle_left,two_down_right,widespread,certainty,,,,,,,,,0,33,33,72,669.4589883,669.6593876,x,1,0.6364381,669.4589883,None,0,0,1,0,0,0.5143111,polygon,667.4429196,None,,,,,,,,,,,671.1545713,680.1272729,680.15751,None,22,1,2021_Dec_29_1446,untitled_1,2020.2.6,59.87977339
כחול,blue,c,1,Image_certainty//image146_alemnt12.jpg,12.jpg,one_up_left,two_middle_right,widespread,certainty,,,,,,,,,0,34,34,146,683.9576531,684.1570549,c,1,0.5949245,683.9576531,None,0,-0.025,1,0,0,1.0352163,polygon,680.6576243,None,TRUE,7.7211941,7.722554,-0.777777778,0.231481481,1,0,0,7.7211941,one_up_left,685.6220908,None,693.2919483,None,22,1,2021_Dec_29_1446,untitled_1,2020.2.6,59.87977339
אדום,red,z,1,Image_certainty//image114_alemnt2.jpg,2.jpg,one_middle_left,one_middle_right,infrequent,certainty,,,,,,,,,0,35,35,114,695.7392566,695.9393339,z,1,0.4965243,695.7392566,None,0,0,1,0,0,0.430039,polygon,693.8061644,None,TRUE,1.3866904,1.387646,0.330555556,0.015740741,1,0,0,1.3866904,one_middle_right,697.3046911,None,698.6382769,None,22,1,2021_Dec_29_1446,untitled_1,2020.2.6,59.87977339
אדום,red,z,1,Image_certainty//image108_alemnt2.jpg,2.jpg,one_down_left,one_up_right,infrequent,certainty,,,,,,,,,0,36,36,108,701.2721436,701.4718681,z,1,0.5223377,701.2721436,None,0,0,1,0,0,0.6298431,polygon,699.1386212,None,TRUE,1.7050287,1.7059272,0.337962963,0.20462963,1,0,0,1.7050287,one_up_right,702.8452828,None,704.5225936,None,22,1,2021_Dec_29_1446,untitled_1,2020.2.6,59.87977339
ירוק,blue,c,0,Image_certainty//image69_alemnt14.jpg,14.jpg,one_middle_left,two_down_right,widespread,certainty,,,,,,,,,0,37,37,69,706.9708101,707.1702416,c,1,0.6817145,706.9708101,None,0,0,1,0,0,0.4452715,polygon,705.0380747,None,TRUE,5.6522294,5.6533014,-0.759259259,-0.035185185,1,0,0,5.6522294,one_middle_left,708.7066928,None,714.3198636,None,22,1,2021_Dec_29_1446,untitled_1,2020.2.6,59.87977339
אדום,blue,c,0,Image_certainty//image25_alemnt8.jpg,8.jpg,two_middle_left,one_down_right,widespread,certainty,,,,,,,,,0,38,38,25,716.8531644,717.0528667,c,1,0.83262,716.8531644,None,0,0,1,0,0,0.5510307,polygon,714.8197967,None,,,,,,,,,,,718.7338772,727.7211382,727.7346283,None,22,1,2021_Dec_29_1446,untitled_1,2020.2.6,59.87977339
כחול,green,x,0,Image_certainty//image47_alemnt13.jpg,13.jpg,one_middle_left,one_middle_right,widespread,certainty,,,,,,,,,0,39,39,47,731.1349653,731.3346844,x,1,0.7136236,731.1349653,None,-0.019444444,0.002777778,1,0,0,1.4005709,polygon,728.2348824,None,TRUE,5.7723977,5.7731266,-0.741666667,-0.023148148,1,0,0,5.7723977,one_middle_left,732.9008032,None,738.6330897,None,22,1,2021_Dec_29_1446,untitled_1,2020.2.6,59.87977339
ירוק,red,z,0,Image_certainty//image2_alemnt4.jpg,4.jpg,one_down_left,two_down_right,infrequent,certainty,,,,,,,,,0,40,40,2,740.9167599,741.1167789,z,1,0.6347913,740.9167599,None,0,0,1,0,0,0.2824892,polygon,739.1337252,None,,,,,,,,,,,742.6272774,751.6015825,751.6317384,None,22,1,2021_Dec_29_1446,untitled_1,2020.2.6,59.87977339
כחול,green,x,0,Image_certainty//image59_alemnt14.jpg,14.jpg,two_down_left,one_down_right,widespread,certainty,,,,,,,,,0,41,41,59,756.0482019,756.2481959,x,1,0.7947964,756.0482019,None,0.008333333,-0.009259259,1,0,0,0.7791247,polygon,752.1316486,None,TRUE,1.5053424,1.5069322,0.378703704,-0.244444444,1,0,0,1.5053424,one_down_right,757.9111098,None,759.3641379,None,22,1,2021_Dec_29_1446,untitled_1,2020.2.6,59.87977339
אדום,red,z,1,Image_certainty//image171_alemnt12.jpg,12.jpg,one_up_left,two_down_right,widespread,certainty,,,,,,,,,0,42,42,171,761.8143569,762.0140774,z,1,0.5105596,761.8143569,None,0,0,1,0,0,0.4475473,polygon,759.8643699,None,TRUE,4.4542956,4.4593605,0.706481481,-0.261111111,1,0,0,4.4542956,two_down_right,763.3861733,None,767.8007787,None,22,1,2021_Dec_29_1446,untitled_1,2020.2.6,59.87977339
ירוק,red,z,0,Image_certainty//image44_alemnt11.jpg,11.jpg,two_middle_left,one_up_right,widespread,certainty,,,,,,,,,0,43,43,44,770.1465452,770.3463457,z,1,0.8459963,770.1465452,None,0,0,1,0,0,0.3315336,polygon,768.3132184,None,TRUE,4.0204087,4.0220592,-0.555555556,-0.072222222,1,0,0,4.0204087,two_middle_left,772.0451862,None,776.0290003,None,22,1,2021_Dec_29_1446,untitled_1,2020.2.6,59.87977339
ירוק,blue,c,0,Image_certainty//image3_alemnt4.jpg,4.jpg,one_middle_left,one_up_right,infrequent,certainty,,,,,,,,,0,44,44,3,778.3786352,778.5786199,c,1,0.9541547,778.3786352,None,0,0,1,0,0,0.348171,polygon,776.5289425,None,TRUE,4.2384743,4.2405434,-0.686111111,-0.047222222,1,0,0,4.2384743,one_middle_left,780.403898,None,784.596802,None,22,1,2021_Dec_29_1446,untitled_1,2020.2.6,59.87977339
ירוק,green,x,1,Image_certainty//image166_alemnt14.jpg,14.jpg,two_middle_left,one_middle_right,widespread,certainty,,,,,,,,,0,45,45,166,786.9440557,787.1442231,x,1,0.611918,786.9440557,None,0,0,1,0,0,0.3298522,polygon,785.1111445,None,TRUE,3.0050542,3.0075059,-0.535185185,-0.051851852,1,0,0,3.0050542,two_middle_left,788.6238669,None,791.5810159,None,22,1,2021_Dec_29_1446,untitled_1,2020.2.6,59.87977339
אדום,green,x,0,Image_certainty//image96_alemnt14.jpg,14.jpg,one_up_left,two_down_right,widespread,certainty,,,,,,,,,0,46,46,96,793.8932331,794.0930412,x,1,0.9090749,793.8932331,None,0,0,1,0,0,0.2982317,polygon,792.0935588,None,TRUE,5.3193091,5.3201655,-0.70462963,0.152777778,1,0,0,5.3193091,one_up_left,795.8714443,None,801.1421253,None,22,1,2021_Dec_29_1446,untitled_1,2020.2.6,59.87977339
כחול,blue,c,1,Image_certainty//image128_alemnt13.jpg,13.jpg,two_up_left,three_middle_right,widespread,certainty,,,,,,,,,0,47,47,128,803.5089849,803.70873,x,0,0.6117801,803.5089849,None,0,0,1,0,0,0.3638118,polygon,801.6422942,None,TRUE,3.839446,3.8411392,-0.498148148,0.221296296,1,0,0,3.839446,two_up_left,805.1713845,None,808.9772196,None,22,1,2021_Dec_29_1446,untitled_1,2020.2.6,59.87977339
כחול,blue,c,1,Image_certainty//image182_alemnt9.jpg,9.jpg,one_up_left,two_middle_right,widespread,certainty,,,,,,,,,0,48,48,182,811.2579997,811.4577377,c,1,0.6110364,811.2579997,None,0,0,1,0,0,0.2650658,polygon,809.4912938,None,TRUE,8.7689724,8.7698124,-0.750925926,0.203703704,1,0,0,8.7689724,one_up_left,812.9371001,None,821.656025,None,22,1,2021_Dec_29_1446,untitled_1,2020.2.6,59.87977339
אדום,blue,c,0,Image_certainty//image79_alemnt13.jpg,13.jpg,one_down_left,one_up_right,widespread,certainty,,,,,,,,,0,49,49,79,825.6559132,825.8558446,c,1,0.9324365,825.6559132,None,0.023148148,0.006481481,1,0,0,1.0311756,polygon,822.1560783,None,TRUE,6.13933,6.142178,-0.643518519,-0.208333333,1,0,0,6.13933,one_down_left,827.6374142,None,833.7407468,None,22,1,2021_Dec_29_1446,untitled_1,2020.2.6,59.87977339
כחול,red,z,0,Image_certainty//image4_alemnt2.jpg,2.jpg,two_middle_left,two_middle_right,infrequent,certainty,,,,,,,,,0,50,50,4,836.138029,836.3378867,z,1,0.6349929,836.138029,None,0,0,1,0,0,0.3808147,polygon,834.2548395,None,TRUE,4.768121,4.7692404,0.597222222,-0.05,1,0,0,4.768121,two_middle_right,837.8502062,None,842.5698454,None,22,1,2021_Dec_29_1446,untitled_1,2020.2.6,59.87977339
ירוק,green,x,1,Image_certainty//image133_alemnt11.jpg,11.jpg,one_middle_left,two_up_right,widespread,certainty,,,,,,,,,0,51,51,133,845.020316,845.220087,x,1,0.694536,845.020316,None,0,0,1,0,0,0.4521423,polygon,843.0702423,None,TRUE,5.0060548,5.00667,0.623148148,0.232407407,1,0,0,5.0060548,two_up_right,846.7805966,None,851.739322,None,22,1,2021_Dec_29_1446,untitled_1,2020.2.6,59.87977339
ירוק,green,x,1,Image_certainty//image136_alemnt8.jpg,8.jpg,three_middle_left,two_down_right,widespread,certainty,,,,,,,,,0,52,52,136,854.2857173,854.4851901,x,1,0.5850623,854.2857173,None,0,0,1,0,0,0.5311215,polygon,852.25249,None,TRUE,3.4198088,3.422524,0.7,-0.212037037,1,0,0,3.4198088,two_down_right,855.9479992,None,859.3182342,None,22,1,2021_Dec_29_1446,untitled_1,2020.2.6,59.87977339
ירוק,blue,c,0,Image_certainty//image9_alemnt2.jpg,2.jpg,one_up_left,two_down_right,infrequent,certainty,,,,,,,,,0,53,53,9,861.7515117,861.9512566,c,1,0.6417224,861.7515117,None,0,0,1,0,0,0.4309461,polygon,859.8183155,None,TRUE,8.086032,8.0885305,0.724074074,-0.225,1,0,0,8.086032,two_down_right,863.4539379,None,871.4993539,None,22,1,2021_Dec_29_1446,untitled_1,2020.2.6,59.87977339
ירוק,green,x,1,Image_certainty//image193_alemnt12.jpg,12.jpg,three_middle_left,three_middle_right,widespread,certainty,,,,,,,,,0,54,54,193,873.8166163,874.0163458,x,1,0.8252231,873.8166163,None,0,0,1,0,0,0.3143165,polygon,871.999911,None,,,,,,,,,,,875.6980007,884.6845947,884.6980743,None,22,1,2021_Dec_29_1446,untitled_1,2020.2.6,59.87977339
כחול,blue,c,1,Image_certainty//image101_alemnt6.jpg,6.jpg,one_down_left,two_middle_right,infrequent,certainty,,,,,,,,,0,55,55,101,887.6981142,887.8979324,c,1,0.5984728,887.6981142,None,-0.010185185,-0.001851852,1,0,0,0.9983522,polygon,885.1980561,None,TRUE,6.7551293,6.7586494,0.603703704,-0.042592593,1,0,0,6.7551293,two_middle_right,889.3558518,None,896.0689267,None,22,1,2021_Dec_29_1446,untitled_1,2020.2.6,59.87977339
כחול,blue,c,1,Image_certainty//image167_alemnt8.jpg,8.jpg,two_down_left,one_middle_right,widespread,certainty,,,,,,,,,0,56,56,167,898.4800049,898.6798747,c,1,0.5269855,898.4800049,None,0,0,1,0,0,0.3962431,polygon,896.5800584,None,,,,,,,,,,,900.0757265,909.0644425,909.0784175,None,22,1,2021_Dec_29_1446,untitled_1,2020.2.6,59.87977339
אדום,green,x,0,Image_certainty//image30_alemnt10.jpg,10.jpg,two_down_left,three_middle_right,widespread,certainty,,,,,,,,,0,57,57,30,911.8949693,912.0947414,x,1,0.9621255,911.8949693,None,-0.00462963,-0.00462963,1,0,0,0.8145399,polygon,909.5781148,None,TRUE,7.4363713,7.4389981,0.718518519,0.025,1,0,0,7.4363713,three_middle_right,913.9251805,None,921.3109732,None,22,1,2021_Dec_29_1446,untitled_1,2020.2.6,59.87977339
כחול,green,x,0,Image_certainty//image89_alemnt13.jpg,13.jpg,two_up_left,three_middle_right,widespread,certainty,,,,,,,,,0,58,58,89,923.6433145,923.8431106,c,0,0.781958,923.6433145,None,0,0,1,0,0,0.345674,polygon,921.8102621,None,TRUE,3.5185593,3.5194347,-0.489814815,0.237962963,1,0,0,3.5185593,two_up_left,925.4930503,None,928.9585551,None,22,1,2021_Dec_29_1446,untitled_1,2020.2.6,59.87977339
אדום,red,z,1,Image_certainty//image141_alemnt11.jpg,11.jpg,two_down_left,three_middle_right,widespread,certainty,,,,,,,,,0,59,59,141,931.258952,931.4586857,z,1,0.5280446,931.258952,None,0,0,1,0,0,0.3028352,polygon,929.4589736,None,TRUE,5.5694351,5.5724764,-0.341666667,-0.231481481,1,0,0,5.5694351,two_down_left,932.8547168,None,938.3770331,None,22,1,2021_Dec_29_1446,untitled_1,2020.2.6,59.87977339
ירוק,blue,c,0,Image_certainty//image81_alemnt14.jpg,14.jpg,three_middle_left,one_down_right,widespread,certainty,,,,,,,,,0,60,60,81,940.6744113,940.8743697,c,1,1.0355873,940.6744113,None,0,0,1,0,0,0.2810477,polygon,938.8913755,None,TRUE,1.6057126,1.6065965,-0.37037037,0.041666667,1,0,0,1.6057126,three_middle_left,942.7916625,None,944.3403637,None,22,1,2021_Dec_29_1446,untitled_1,2020.2.6,59.87977339
כחול,green,x,0,Image_certainty//image35_alemnt8.jpg,8.jpg,two_down_left,one_up_right,widespread,certainty,,,,,,,,,0,61,61,35,946.5572468,946.7571102,x,1,0.6365334,946.5572468,None,0,0,1,0,0,0.2143949,polygon,944.8405522,None,,,,,,,,,,,948.2641089,957.2585061,957.2720748,None,22,1,2021_Dec_29_1446,untitled_1,2020.2.6,59.87977339
כחול,green,x,0,Image_certainty//image11_alemnt7.jpg,7.jpg,two_middle_left,one_middle_right,infrequent,certainty,,,,,,,,,0,62,62,11,961.0720714,961.2718043,x,1,0.847657,961.0720714,None,-0.028703704,-0.006481481,1,0,0,1.0024334,polygon,957.7722765,None,TRUE,5.0510043,5.0519917,0.363888889,-0.006481481,1,0,0,5.0510043,one_middle_right,962.9874848,None,967.9870556,None,22,1,2021_Dec_29_1446,untitled_1,2020.2.6,59.87977339
אדום,red,z,1,Image_certainty//image138_alemnt9.jpg,9.jpg,one_down_left,two_down_right,widespread,certainty,,,,,,,,,0,63,63,138,970.2542353,970.4536283,z,1,0.5851085,970.2542353,None,0,0,1,0,0,0.2647426,polygon,968.4872826,None,TRUE,9.0023408,9.0059166,0.707407407,-0.180555556,1,0,0,9.0023408,two_down_right,971.9162048,None,980.870372,None,22,1,2021_Dec_29_1446,untitled_1,2020.2.6,59.87977339
כחול,red,z,0,Image_certainty//image52_alemnt13.jpg,13.jpg,one_middle_left,two_middle_right,widespread,certainty,,,,,,,,,0,64,64,52,983.1356704,983.3356272,z,1,0.6240652,983.1356704,None,0,0,1,0,0,0.2624882,polygon,981.3857263,None,TRUE,4.8206046,4.8230319,0.556481481,-0.061111111,1,0,0,4.8206046,two_middle_right,984.8362027,None,989.6033076,None,22,1,2021_Dec_29_1446,untitled_1,2020.2.6,59.87977339
ירוק,green,x,1,Image_certainty//image160_alemnt8.jpg,8.jpg,two_down_left,two_up_right,widespread,certainty,,,,,,,,,0,65,65,160,991.8844982,992.084478,x,1,0.7110205,991.8844982,None,0,0,1,0,0,0.2631741,polygon,990.1179498,None,TRUE,7.7696415,7.7700642,0.569444444,0.205555556,1,0,0,7.7696415,two_up_right,993.6633346,None,1001.383086,None,22,1,2021_Dec_29_1446,untitled_1,2020.2.6,59.87977339
אדום,blue,c,0,Image_certainty//image19_alemnt4.jpg,4.jpg,one_middle_left,two_middle_right,infrequent,certainty,,,,,,,,,0,66,66,19,1003.683266,1003.883041,c,1,0.8771074,1003.683266,None,0,0,1,0,0,0.2985294,polygon,1001.883303,None,TRUE,6.0211124,6.0247268,0.582407407,-0.023148148,1,0,0,6.0211124,two_middle_right,1005.626804,None,1011.603477,None,22,1,2021_Dec_29_1446,untitled_1,2020.2.6,59.87977339
ירוק,green,x,1,Image_certainty//image112_alemnt3.jpg,3.jpg,one_down_left,two_up_right,infrequent,certainty,,,,,,,,,0,67,67,112,1013.898559,1014.098384,x,1,0.6507808,1013.898559,None,0,0,1,0,0,0.2808063,polygon,1012.115286,None,,,,,,,,,,,1015.610211,1024.599837,1024.613006,None,22,1,2021_Dec_29_1446,untitled_1,2020.2.6,59.87977339
אדום,blue,c,0,Image_certainty//image1_alemnt6.jpg,6.jpg,two_down_left,one_up_right,infrequent,certainty,,,,,,,,,0,68,68,1,1029.696664,1029.896346,c,1,0.9004929,1029.696664,None,-0.024074074,-0.012962963,1,0,0,1.14777,polygon,1025.113656,None,TRUE,6.4191277,6.4198296,0.359259259,0.175,1,0,0,6.4191277,one_up_right,1031.659416,None,1038.028279,None,22,1,2021_Dec_29_1446,untitled_1,2020.2.6,59.87977339
ירוק,blue,c,0,Image_certainty//image99_alemnt10.jpg,10.jpg,three_middle_left,one_middle_right,widespread,certainty,,,,,,,,,0,69,69,99,1040.32853,1040.528287,c,1,0.6550235,1040.32853,None,0,0,1,0,0,0.301965,polygon,1038.528372,None,TRUE,2.9385239,2.941343,0.346296296,-0.025925926,1,0,0,2.9385239,one_middle_right,1042.06128,None,1044.947815,None,22,1,2021_Dec_29_1446,untitled_1,2020.2.6,59.87977339
ירוק,green,x,1,Image_certainty//image163_alemnt12.jpg,12.jpg,two_middle_left,three_middle_right,widespread,certainty,,,,,,,,,0,70,70,163,1047.294061,1047.493829,x,1,0.5977889,1047.294061,None,0,0,1,0,0,0.330349,polygon,1045.461015,None,TRUE,4.3880648,4.3919176,0.759259259,0.025925926,1,0,0,4.3880648,three_middle_right,1048.952579,None,1053.298689,None,22,1,2021_Dec_29_1446,untitled_1,2020.2.6,59.87977339
כחול,blue,c,1,Image_certainty//image176_alemnt9.jpg,9.jpg,two_middle_left,one_down_right,widespread,certainty,,,,,,,,,0,71,71,176,1055.609938,1055.809676,c,1,0.6099281,1055.609938,None,0,0,1,0,0,0.2982028,polygon,1053.809916,None,TRUE,,8.5068505,,,,,,,,1057.290785,None,1065.741956,None,22,1,2021_Dec_29_1446,untitled_1,2020.2.6,59.87977339
ירוק,blue,c,0,Image_certainty//image51_alemnt14.jpg,14.jpg,three_middle_left,one_down_right,widespread,certainty,,,,,,,,,0,72,72,51,1068.108233,1068.3078,c,1,0.6113373,1068.108233,None,0,0,1,0,0,0.3667683,polygon,1066.241632,None,TRUE,3.9213894,3.9255161,0.431481481,-0.210185185,1,0,0,3.9213894,one_down_right,1069.789877,None,1073.661772,None,22,1,2021_Dec_29_1446,untitled_1,2020.2.6,59.87977339
אדום,green,x,0,Image_certainty//image66_alemnt11.jpg,11.jpg,one_up_left,two_up_right,widespread,certainty,,,,,,,,,0,73,73,66,1075.907069,1076.10707,x,1,0.8694942,1075.907069,None,0,0,1,0,0,0.2307125,polygon,1074.174057,None,TRUE,2.1871247,2.1876907,0.561111111,0.205555556,1,0,0,2.1871247,two_up_right,1077.852753,None,1079.990196,None,22,1,2021_Dec_29_1446,untitled_1,2020.2.6,59.87977339
כחול,green,x,0,Image_certainty//image65_alemnt9.jpg,9.jpg,two_middle_left,two_up_right,widespread,certainty,,,,,,,,,0,74,74,65,1082.322771,1082.522849,x,1,0.7128471,1082.322771,None,0,0,1,0,0,0.3312291,polygon,1080.489823,None,TRUE,2.2382231,2.2386449,0.582407407,0.209259259,1,0,0,2.2382231,two_up_right,1084.097557,None,1086.289524,None,22,1,2021_Dec_29_1446,untitled_1,2020.2.6,59.87977339
ירוק,red,z,0,Image_certainty//image92_alemnt10.jpg,10.jpg,one_down_left,two_middle_right,widespread,certainty,,,,,,,,,0,75,75,92,1088.472365,1088.672076,z,1,0.563644,1088.472365,None,0,0,1,0,0,0.1838958,polygon,1086.789078,None,TRUE,4.5208004,4.5233372,0.637962963,-0.049074074,1,0,0,3.8368078,two_middle_right,1090.102084,None,1094.57321,None,22,1,2021_Dec_29_1446,untitled_1,2020.2.6,59.87977339
ירוק,red,z,0,Image_certainty//image26_alemnt11.jpg,11.jpg,one_middle_left,two_down_right,widespread,certainty,,,,,,,,,0,76,76,26,1096.904439,1097.104382,z,1,0.6076355,1096.904439,None,0,0,1,0,0,0.3131906,polygon,1095.08798,None,TRUE,4.5702904,4.573929,0.736111111,-0.227777778,1,0,0,4.5702904,two_down_right,1098.567488,None,1103.106846,None,22,1,2021_Dec_29_1446,untitled_1,2020.2.6,59.87977339
אדום,green,x,0,Image_certainty//image84_alemnt12.jpg,12.jpg,one_up_left,one_up_right,widespread,certainty,,,,,,,,,0,77,77,84,1105.38688,1105.586436,x,1,0.7880412,1105.38688,None,0,0,1,0,0,0.2648128,polygon,1103.620138,None,TRUE,4.13931,4.1396218,0.349074074,0.217592593,1,0,0,4.13931,one_up_right,1107.250015,None,1111.335188,None,22,1,2021_Dec_29_1446,untitled_1,2020.2.6,59.87977339
אדום,red,z,1,Image_certainty//image150_alemnt13.jpg,13.jpg,one_down_left,two_down_right,widespread,certainty,,,,,,,,,0,78,78,150,1114.119089,1114.318767,z,1,0.469771,1114.119089,None,0,0,1,0,0,0.7810566,polygon,1111.835855,None,TRUE,3.8217788,3.8254172,0.718518519,-0.219444444,1,0,0,3.8217788,two_down_right,1115.665601,None,1119.439054,None,22,1,2021_Dec_29_1446,untitled_1,2020.2.6,59.87977339
כחול,blue,c,1,Image_certainty//image134_alemnt9.jpg,9.jpg,two_down_left,three_middle_right,widespread,certainty,,,,,,,,,0,79,79,134,1121.801408,1122.000823,c,1,0.7097001,1121.801408,None,0,0,1,0,0,0.3478621,polygon,1119.951192,None,TRUE,,6.3221491,,,,,,,,1123.581849,None,1129.849592,None,22,1,2021_Dec_29_1446,untitled_1,2020.2.6,59.87977339
כחול,red,z,0,Image_certainty//image64_alemnt10.jpg,10.jpg,one_up_left,three_middle_right,widespread,certainty,,,,,,,,,0,80,80,64,1132.266458,1132.466516,z,1,0.6228104,1132.266458,None,0,0,1,0,0,0.4146411,polygon,1130.349742,None,TRUE,4.5037787,4.5059252,0.675925926,0.052777778,1,0,0,4.5037787,three_middle_right,1133.965283,None,1138.415702,None,22,1,2021_Dec_29_1446,untitled_1,2020.2.6,59.87977339
ירוק,red,z,0,Image_certainty//image50_alemnt11.jpg,11.jpg,three_middle_left,one_down_right,widespread,certainty,,,,,,,,,0,81,81,50,1140.732348,1140.932084,z,1,0.5590038,1140.732348,None,0,0,1,0,0,0.3143256,polygon,1138.915579,None,TRUE,3.2854486,3.2882901,0.462037037,-0.227777778,1,0,0,3.2854486,one_down_right,1142.359131,None,1145.597629,None,22,1,2021_Dec_29_1446,untitled_1,2020.2.6,59.87977339
כחול,green,x,0,Image_certainty//image29_alemnt13.jpg,13.jpg,one_middle_left,one_up_right,widespread,certainty,,,,,,,,,0,82,82,29,1148.031031,1148.230998,x,1,0.7918331,1148.031031,None,0,0,1,0,0,0.4309997,polygon,1146.097773,None,TRUE,2.5539853,2.5549692,0.344444444,0.17037037,1,0,0,2.5539853,one_up_right,1149.898066,None,1152.399045,None,22,1,2021_Dec_29_1446,untitled_1,2020.2.6,59.87977339
כחול,green,x,0,Image_certainty//image77_alemnt10.jpg,10.jpg,one_middle_left,two_up_right,widespread,certainty,,,,,,,,,0,83,83,77,1154.613885,1154.813597,x,1,0.8528216,1154.613885,None,0,0,1,0,0,0.1981489,polygon,1152.913899,None,TRUE,7.8501836,7.8504169,0.587962963,0.196296296,1,0,0,7.8501836,two_up_right,1156.534719,None,1164.345187,None,22,1,2021_Dec_29_1446,untitled_1,2020.2.6,59.87977339
כחול,red,z,0,Image_certainty//image40_alemnt14.jpg,14.jpg,one_up_left,one_middle_right,widespread,certainty,,,,,,,,,0,84,84,40,1166.512366,1166.712091,z,1,0.580756,1166.512366,None,0,0,1,0,0,0.1681048,polygon,1164.845716,None,TRUE,2.0039048,2.0062543,0.362962963,-0.012037037,1,0,0,2.0039048,one_middle_right,1168.152463,None,1170.113079,None,22,1,2021_Dec_29_1446,untitled_1,2020.2.6,59.87977339
אדום,blue,c,0,Image_certainty//image7_alemnt7.jpg,7.jpg,one_down_left,one_down_right,infrequent,certainty,,,,,,,,,0,85,85,7,1172.894318,1173.09427,c,1,0.7104634,1172.894318,None,0,0,1,0,0,0.7659544,polygon,1170.628304,None,TRUE,2.8548347,2.856416,0.412962963,-0.169444444,1,0,0,2.8548347,one_down_right,1174.66562,None,1177.477023,None,22,1,2021_Dec_29_1446,untitled_1,2020.2.6,59.87977339
ירוק,blue,c,0,Image_certainty//image33_alemnt13.jpg,13.jpg,three_middle_left,two_middle_right,widespread,certainty,,,,,,,,,0,86,86,33,1179.594009,1179.793855,x,0,1.0686636,1179.594009,None,0,0,1,0,0,0.1141604,polygon,1177.977291,None,TRUE,1.4685704,1.4695847,0.536111111,-0.061111111,1,0,0,1.4685704,two_middle_right,1181.731586,None,1183.159413,None,22,1,2021_Dec_29_1446,untitled_1,2020.2.6,59.87977339
ירוק,green,x,1,Image_certainty//image142_alemnt14.jpg,14.jpg,three_middle_left,two_down_right,widespread,certainty,,,,,,,,,0,87,87,142,1185.509987,1185.709658,x,1,0.5583858,1185.509987,None,0,0,1,0,0,0.3496459,polygon,1183.65995,None,,,,,,,,,,,1187.131552,1196.127623,1196.141312,None,22,1,2021_Dec_29_1446,untitled_1,2020.2.6,59.87977339
כחול,blue,c,1,Image_certainty//image179_alemnt12.jpg,12.jpg,two_middle_left,one_down_right,widespread,certainty,,,,,,,,,0,88,88,179,1198.608253,1198.807959,c,1,0.5192442,1198.608253,None,0,0,1,0,0,0.4650498,polygon,1196.641334,None,TRUE,2.8062058,2.809522,0.42962963,-0.247222222,1,0,0,2.8062058,one_down_right,1200.203913,None,1202.961922,None,22,1,2021_Dec_29_1446,untitled_1,2020.2.6,59.87977339
ירוק,blue,c,0,Image_certainty//image27_alemnt8.jpg,8.jpg,three_middle_left,two_middle_right,widespread,certainty,,,,,,,,,0,89,89,27,1205.307343,1205.507123,c,1,0.5696422,1205.307343,None,0,0,1,0,0,0.3306892,polygon,1203.473643,None,TRUE,1.6029164,1.6039842,0.553703704,-0.035185185,1,0,0,1.6029164,two_middle_right,1206.929527,None,1208.506149,None,22,1,2021_Dec_29_1446,untitled_1,2020.2.6,59.87977339
כחול,blue,c,1,Image_certainty//image125_alemnt12.jpg,12.jpg,one_down_left,one_down_right,widespread,certainty,,,,,,,,,0,90,90,125,1210.656653,1210.856396,c,1,0.6017533,1210.656653,None,0,0,1,0,0,0.1528342,polygon,1209.006712,None,TRUE,2.4543403,2.4582766,0.447222222,-0.225925926,1,0,0,2.4543403,one_down_right,1212.326132,None,1214.743013,None,22,1,2021_Dec_29_1446,untitled_1,2020.2.6,59.87977339
כחול,blue,c,1,Image_certainty//image119_alemnt6.jpg,6.jpg,two_middle_left,one_down_right,infrequent,certainty,,,,,,,,,0,91,91,119,1217.089137,1217.288866,c,1,0.472098,1217.089137,None,0,0,1,0,0,0.3311824,polygon,1215.255604,None,TRUE,8.9053486,8.9103212,0.457407407,-0.225,1,0,0,8.9053486,one_down_right,1218.613352,None,1227.49357,None,22,1,2021_Dec_29_1446,untitled_1,2020.2.6,59.87977339
אדום,red,z,1,Image_certainty//image105_alemnt7.jpg,7.jpg,one_middle_left,one_up_right,infrequent,certainty,,,,,,,,,0,92,92,105,1229.720887,1229.920667,z,1,0.4613654,1229.720887,None,0,0,1,0,0,0.2138624,polygon,1228.004232,None,TRUE,7.8696323,7.8702771,0.308333333,0.155555556,1,0,0,7.8696323,one_up_right,1231.243835,None,1239.069172,None,22,1,2021_Dec_29_1446,untitled_1,2020.2.6,59.87977339
אדום,red,z,1,Image_certainty//image189_alemnt8.jpg,8.jpg,one_middle_left,one_middle_right,widespread,certainty,,,,,,,,,0,93,93,189,1241.519349,1241.718931,z,1,0.4787893,1241.519349,None,0,0,1,0,0,0.447858,polygon,1239.569229,None,TRUE,1.8350227,1.836473,0.363888889,-0.014814815,1,0,0,1.8350227,one_middle_right,1243.057417,None,1244.851835,None,22,1,2021_Dec_29_1446,untitled_1,2020.2.6,59.87977339
ירוק,red,z,0,Image_certainty//image68_alemnt14.jpg,14.jpg,one_down_left,two_down_right,widespread,certainty,,,,,,,,,0,94,94,68,1247.235293,1247.434863,x,0,0.6639616,1247.235293,None,0,0,1,0,0,0.3954206,polygon,1245.35181,None,TRUE,7.2540641,7.2594101,0.711111111,-0.246296296,1,0,0,7.2540641,two_down_right,1248.956956,None,1256.173358,None,22,1,2021_Dec_29_1446,untitled_1,2020.2.6,59.87977339
אדום,blue,c,0,Image_certainty//image13_alemnt2.jpg,2.jpg,two_up_left,one_down_right,infrequent,certainty,,,,,,,,,0,95,95,13,1259.517086,1259.716823,z,0,0.6845356,1259.517086,None,0,0,1,0,0,1.3329217,polygon,1256.683701,None,TRUE,3.8203751,3.8243231,0.466666667,-0.25,1,0,0,3.8203751,one_down_right,1261.278654,None,1265.053157,None,22,1,2021_Dec_29_1446,untitled_1,2020.2.6,59.87977339
ירוק,red,z,0,Image_certainty//image8_alemnt6.jpg,6.jpg,one_down_left,one_up_right,infrequent,certainty,,,,,,,,,0,96,96,8,1267.465798,1267.665779,z,1,0.7502247,1267.465798,None,0,0,1,0,0,0.3982523,polygon,1265.566112,None,TRUE,6.7056329,6.7059341,0.400925926,0.193518519,1,0,0,6.7056329,one_up_right,1269.282266,None,1275.93076,None,22,1,2021_Dec_29_1446,untitled_1,2020.2.6,59.87977339
ירוק,green,x,1,Image_certainty//image175_alemnt11.jpg,11.jpg,one_middle_left,two_down_right,widespread,certainty,,,,,,,,,0,97,97,175,1278.281272,1278.481012,x,1,0.7438239,1278.281272,None,0,0,1,0,0,0.3488707,polygon,1276.431358,None,TRUE,7.1050354,7.1089485,0.737962963,-0.230555556,1,0,0,7.1050354,two_down_right,1280.080524,None,1287.150826,None,22,1,2021_Dec_29_1446,untitled_1,2020.2.6,59.87977339
ירוק,green,x,1,Image_certainty//image154_alemnt9.jpg,9.jpg,one_middle_left,one_down_right,widespread,certainty,,,,,,,,,0,98,98,154,1289.463213,1289.662985,x,1,0.6456716,1289.463213,None,0,0,1,0,0,0.2974323,polygon,1287.663206,None,TRUE,,8.6033075,,,,,,,,1291.17934,None,1299.727754,None,22,1,2021_Dec_29_1446,untitled_1,2020.2.6,59.87977339
ירוק,green,x,1,Image_certainty//image184_alemnt14.jpg,14.jpg,one_up_left,two_middle_right,widespread,certainty,,,,,,,,,0,99,99,184,1302.378181,1302.577997,x,1,0.5196966,1302.378181,None,0,0,1,0,0,0.6471438,polygon,1300.228303,None,TRUE,3.7699779,3.7718085,0.540740741,-0.05,1,0,0,3.7699779,two_middle_right,1303.960107,None,1307.693549,None,22,1,2021_Dec_29_1446,untitled_1,2020.2.6,59.87977339
כחול,blue,c,1,Image_certainty//image104_alemnt3.jpg,3.jpg,three_middle_left,two_down_right,infrequent,certainty,,,,,,,,,0,100,100,104,1309.96052,1310.160354,c,1,0.6050602,1309.96052,None,0,0,1,0,0,0.2632946,polygon,1308.193958,None,,,,,,,,,,,1311.639863,1320.628907,1320.64208,None,22,1,2021_Dec_29_1446,untitled_1,2020.2.6,59.87977339
כחול,blue,c,1,Image_certainty//image143_alemnt9.jpg,9.jpg,two_down_left,one_middle_right,widespread,certainty,,,,,,,,,0,101,101,143,1323.642093,1323.841866,c,1,0.5463577,1323.642093,None,0.014814815,-0.001851852,1,0,0,0.997449,polygon,1321.142318,None,TRUE,3.9348662,3.9363129,0.383333333,-0.018518519,1,0,0,3.9348662,one_middle_right,1325.258626,None,1329.140717,None,22,1,2021_Dec_29_1446,untitled_1,2020.2.6,59.87977339
ירוק,blue,c,0,Image_certainty//image93_alemnt14.jpg,14.jpg,one_down_left,one_middle_right,widespread,certainty,,,,,,,,,0,102,102,93,1331.391153,1331.590964,c,1,0.884621,1331.391153,None,0,0,1,0,0,0.2477401,polygon,1329.641159,None,TRUE,4.405186,4.4083546,0.366666667,-0.016666667,1,0,0,4.405186,one_middle_right,1333.354138,None,1337.711093,None,22,1,2021_Dec_29_1446,untitled_1,2020.2.6,59.87977339
ירוק,green,x,1,Image_certainty//image199_alemnt9.jpg,9.jpg,one_up_left,one_down_right,widespread,certainty,,,,,,,,,0,103,103,199,1339.923017,1340.123133,x,1,0.4932471,1339.923017,None,0,0,1,0,0,0.2125953,polygon,1338.223309,None,,,,,,,,,,,1341.484853,1350.457994,1350.488341,None,22,1,2021_Dec_29_1446,untitled_1,2020.2.6,59.87977339
ירוק,green,x,1,Image_certainty//image130_alemnt11.jpg,11.jpg,three_middle_left,two_down_right,widespread,certainty,,,,,,,,,0,104,104,130,1352.938356,1353.13791,x,1,0.6537849,1352.938356,None,0,0,1,0,0,0.4476504,polygon,1350.988072,None,TRUE,7.0021824,7.0053563,0.712037037,-0.225925926,1,0,0,7.0021824,two_down_right,1354.669646,None,1361.620531,None,22,1,2021_Dec_29_1446,untitled_1,2020.2.6,59.87977339
ירוק,green,x,1,Image_certainty//image109_alemnt5.jpg,5.jpg,one_down_left,two_middle_right,infrequent,certainty,,,,,,,,,0,105,105,109,1363.903425,1364.10319,x,1,0.6122272,1363.903425,None,0,0,1,0,0,0.280423,polygon,1362.120313,None,TRUE,5.8222374,5.8257233,0.596296296,-0.027777778,1,0,0,5.8222374,two_middle_right,1365.567215,None,1371.356308,None,22,1,2021_Dec_29_1446,untitled_1,2020.2.6,59.87977339
כחול,red,z,0,Image_certainty//image88_alemnt10.jpg,10.jpg,two_middle_left,two_up_right,widespread,certainty,,,,,,,,,0,106,106,88,1373.735673,1373.934934,z,1,0.6401777,1373.735673,None,0,0,1,0,0,0.364805,polygon,1371.869015,None,TRUE,3.1069376,3.1074214,0.549074074,0.191666667,1,0,0,3.1069376,two_up_right,1375.450948,None,1378.504946,None,22,1,2021_Dec_29_1446,untitled_1,2020.2.6,59.87977339
אדום,blue,c,0,Image_certainty//image49_alemnt11.jpg,11.jpg,three_middle_left,two_middle_right,widespread,certainty,,,,,,,,,0,107,107,49,1380.834864,1381.03454,c,1,0.8245474,1380.834864,None,0,0,1,0,0,0.3153532,polygon,1379.018083,None,TRUE,1.6373576,1.6382629,-0.32962963,0.039814815,1,0,0,1.6373576,three_middle_left,1382.729068,None,1384.316875,None,22,1,2021_Dec_29_1446,untitled_1,2020.2.6,59.87977339
אדום,green,x,0,Image_certainty//image12_alemnt1.jpg,1.jpg,one_up_left,two_up_right,infrequent,certainty,,,,,,,,,0,108,108,12,1386.500814,1386.700247,x,1,0.7574869,1386.500814,None,0,0,1,0,0,0.1813556,polygon,1384.817454,None,TRUE,4.5853658,4.5859192,-0.715740741,0.201851852,1,0,0,4.5853658,one_up_left,1388.321547,None,1392.865959,None,22,1,2021_Dec_29_1446,untitled_1,2020.2.6,59.87977339
אדום,red,z,1,Image_certainty//image180_alemnt12.jpg,12.jpg,one_up_left,one_middle_right,widespread,certainty,,,,,,,,,0,109,109,180,1394.949715,1395.149434,z,1,0.5718987,1394.949715,None,0,0,1,0,0,0.0811015,polygon,1393.366232,None,TRUE,5.1714926,5.1719338,-0.769444444,0.161111111,1,0,0,5.1714926,one_up_left,1396.595883,None,1401.71443,None,22,1,2021_Dec_29_1446,untitled_1,2020.2.6,59.87977339
אדום,red,z,1,Image_certainty//image162_alemnt10.jpg,10.jpg,two_down_left,two_middle_right,widespread,certainty,,,,,,,,,0,110,110,162,1403.865197,1404.064534,z,1,0.5111189,1403.865197,None,0,0,1,0,0,0.1506516,polygon,1402.215141,None,TRUE,3.3884046,3.3897479,-0.382407407,-0.212962963,1,0,0,3.3884046,two_down_left,1405.442862,None,1408.780415,None,22,1,2021_Dec_29_1446,untitled_1,2020.2.6,59.87977339
אדום,red,z,1,Image_certainty//image153_alemnt9.jpg,9.jpg,three_middle_left,two_middle_right,widespread,certainty,,,,,,,,,0,111,111,153,1411.58063,1411.780713,z,1,0.5271234,1411.58063,None,0,0,1,0,0,0.7965856,polygon,1409.280905,None,TRUE,1.436468,1.4379164,-0.366666667,0.059259259,1,0,0,1.436468,three_middle_left,1413.178914,None,1414.563341,None,22,1,2021_Dec_29_1446,untitled_1,2020.2.6,59.87977339
אדום,red,z,1,Image_certainty//image156_alemnt11.jpg,11.jpg,two_down_left,one_down_right,widespread,certainty,,,,,,,,,0,112,112,156,1416.946836,1417.146592,z,1,0.507073,1416.946836,None,0,0,1,0,0,0.3813502,polygon,1415.063582,None,TRUE,6.4361442,6.4388757,-0.389814815,-0.22037037,1,0,0,6.4361442,two_down_left,1418.519211,None,1424.912746,None,22,1,2021_Dec_29_1446,untitled_1,2020.2.6,59.87977339
ירוק,green,x,1,Image_certainty//image103_alemnt1.jpg,1.jpg,two_down_left,one_middle_right,infrequent,certainty,,,,,,,,,0,113,113,103,1427.245522,1427.445009,x,1,0.6096468,1427.245522,None,0,0,1,0,0,0.3459681,polygon,1425.412141,None,,,,,,,,,,,1428.923376,1437.896666,1437.927174,None,22,1,2021_Dec_29_1446,untitled_1,2020.2.6,59.87977339
כחול,blue,c,1,Image_certainty//image161_alemnt12.jpg,12.jpg,one_down_left,two_middle_right,widespread,certainty,,,,,,,,,0,114,114,161,1440.277182,1440.476857,c,1,0.6566266,1440.277182,None,0,0,1,0,0,0.348178,polygon,1438.426787,None,TRUE,6.3727556,6.3769707,-0.65462963,-0.225925926,1,0,0,6.3727556,one_down_left,1442.003664,None,1448.332097,None,22,1,2021_Dec_29_1446,untitled_1,2020.2.6,59.87977339
ירוק,green,x,1,Image_certainty//image124_alemnt10.jpg,10.jpg,one_up_left,two_middle_right,widespread,certainty,,,,,,,,,0,115,115,124,1450.625834,1450.825561,x,1,0.5818693,1450.625834,None,0,0,1,0,0,0.2806239,polygon,1448.842546,None,TRUE,2.8919426,2.8932989,-0.731481481,0.199074074,1,0,0,2.8919426,one_up_left,1452.249445,None,1455.112049,None,22,1,2021_Dec_29_1446,untitled_1,2020.2.6,59.87977339
ירוק,green,x,1,Image_certainty//image190_alemnt12.jpg,12.jpg,one_down_left,one_middle_right,widespread,certainty,,,,,,,,,0,116,116,190,1457.341641,1457.541397,x,1,0.6231772,1457.341641,None,0,0,1,0,0,0.2285248,polygon,1455.624916,None,TRUE,3.0533803,3.0560398,-0.672222222,-0.226851852,1,0,0,3.0533803,one_down_left,1459.029147,None,1462.040534,None,22,1,2021_Dec_29_1446,untitled_1,2020.2.6,59.87977339
אדום,red,z,1,Image_certainty//image117_alemnt1.jpg,1.jpg,one_up_left,two_up_right,infrequent,certainty,,,,,,,,,0,117,117,117,1464.157434,1464.357215,z,1,0.6547143,1464.157434,None,0,0,1,0,0,0.1156479,polygon,1462.5404,None,TRUE,3.3214618,3.3226502,-0.717592593,0.175925926,1,0,0,3.3214618,one_up_left,1465.876158,None,1469.157502,None,22,1,2021_Dec_29_1446,untitled_1,2020.2.6,59.87977339
כחול,blue,c,1,Image_certainty//image137_alemnt8.jpg,8.jpg,one_up_left,two_middle_right,widespread,certainty,,,,,,,,,0,118,118,137,1471.3732,1471.572941,c,1,0.6451834,1471.3732,None,0,0,1,0,0,0.2141483,polygon,1469.656547,None,TRUE,8.2872241,8.2885401,-0.727777778,0.159259259,1,0,0,8.2872241,one_up_left,1473.088413,None,1481.323694,None,22,1,2021_Dec_29_1446,untitled_1,2020.2.6,59.87977339
אדום,red,z,1,Image_certainty//image195_alemnt10.jpg,10.jpg,one_down_left,two_middle_right,widespread,certainty,,,,,,,,,0,119,119,195,1483.738243,1483.937965,z,1,0.5009382,1483.738243,None,0,0,1,0,0,0.3980435,polygon,1481.838189,None,TRUE,,6.6400126,,,,,,,,1485.318781,None,1491.904794,None,22,1,2021_Dec_29_1446,untitled_1,2020.2.6,59.87977339
אדום,blue,c,0,Image_certainty//image97_alemnt8.jpg,8.jpg,one_middle_left,three_middle_right,widespread,certainty,,,,,,,,,0,120,120,97,1494.203601,1494.403335,c,1,0.6315849,1494.203601,None,0,0,1,0,0,0.2842175,polygon,1492.420069,None,TRUE,4.4555931,4.4576011,-0.702777778,0.008333333,1,0,0,4.4555931,one_middle_left,1495.897061,None,1500.306068,None,22,1,2021_Dec_29_1446,untitled_1,2020.2.6,59.87977339
כחול,green,x,0,Image_certainty//image71_alemnt12.jpg,12.jpg,three_middle_left,two_down_right,widespread,certainty,,,,,,,,,0,121,121,71,1502.485935,1502.685618,c,0,0.8549218,1502.485935,None,0,0,1,0,0,0.1637803,polygon,1500.818832,None,TRUE,6.6863273,6.6882013,-0.348148148,0.053703704,1,0,0,6.6863273,three_middle_left,1504.411698,None,1511.051171,None,22,1,2021_Dec_29_1446,untitled_1,2020.2.6,59.87977339
כחול,green,x,0,Image_certainty//image23_alemnt9.jpg,9.jpg,one_up_left,two_up_right,widespread,certainty,,,,,,,,,0,122,122,23,1513.234232,1513.434178,x,1,0.6988041,1513.234232,None,0,0,1,0,0,0.1811443,polygon,1511.551025,None,TRUE,3.7381677,3.7385951,-0.744444444,0.182407407,1,0,0,3.7381677,one_up_left,1514.994488,None,1518.682902,None,22,1,2021_Dec_29_1446,untitled_1,2020.2.6,59.87977339
ירוק,green,x,1,Image_certainty//image178_alemnt8.jpg,8.jpg,two_up_left,one_up_right,widespread,certainty,,,,,,,,,0,123,123,178,1520.81682,1521.016577,x,1,0.713751,1520.81682,None,0,0,1,0,0,0.130526,polygon,1519.183455,None,TRUE,2.088935,2.0894056,-0.490740741,0.196296296,1,0,0,2.088935,two_up_left,1522.596686,None,1524.63216,None,22,1,2021_Dec_29_1446,untitled_1,2020.2.6,59.87977339
אדום,red,z,1,Image_certainty//image123_alemnt13.jpg,13.jpg,one_up_left,one_down_right,widespread,certainty,,,,,,,,,0,124,124,123,1526.732699,1526.932456,z,1,0.6679481,1526.732699,None,0,0,1,0,0,0.0973773,polygon,1525.132697,None,TRUE,3.7728265,3.7741843,-0.771296296,0.162037037,1,0,0,3.7728265,one_up_left,1528.452775,None,1532.202894,None,22,1,2021_Dec_29_1446,untitled_1,2020.2.6,59.87977339
ירוק,green,x,1,Image_certainty//image157_alemnt8.jpg,8.jpg,one_middle_left,three_middle_right,widespread,certainty,,,,,,,,,0,125,125,157,1534.348443,1534.548181,x,1,0.9158924,1534.348443,None,0,0,1,0,0,0.1322179,polygon,1532.714996,None,,,,,,,,,,,1536.32543,1545.29945,1545.329802,None,22,1,2021_Dec_29_1446,untitled_1,2020.2.6,59.87977339
כחול,blue,c,1,Image_certainty//image173_alemnt12.jpg,12.jpg,two_up_left,three_middle_right,widespread,certainty,,,,,,,,,0,126,126,173,1548.663276,1548.862776,c,1,0.533098,1548.663276,None,0,0,1,0,0,1.3314975,polygon,1545.829961,None,TRUE,8.5567844,8.5573427,-0.488888889,0.231481481,1,0,0,8.5567844,two_up_left,1550.255129,None,1558.765332,None,22,1,2021_Dec_29_1446,untitled_1,2020.2.6,59.87977339
כחול,blue,c,1,Image_certainty//image191_alemnt12.jpg,12.jpg,two_middle_left,one_up_right,widespread,certainty,,,,,,,,,0,127,127,191,1561.061656,1561.261418,c,1,0.6106111,1561.061656,None,0,0,1,0,0,0.2841543,polygon,1559.278323,None,TRUE,5.7206998,5.7228494,-0.523148148,-0.038888889,1,0,0,5.7206998,two_middle_left,1562.726106,None,1568.413342,None,22,1,2021_Dec_29_1446,untitled_1,2020.2.6,59.87977339
ירוק,red,z,0,Image_certainty//image80_alemnt9.jpg,9.jpg,one_middle_left,one_middle_right,widespread,certainty,,,,,,,,,0,128,128,80,1570.593729,1570.793505,z,1,0.5552101,1570.593729,None,0,0,1,0,0,0.1654245,polygon,1568.92701,None,TRUE,1.7233551,1.7244131,0.407407407,0.005555556,1,0,0,1.7233551,one_middle_right,1572.216006,None,1573.894955,None,22,1,2021_Dec_29_1446,untitled_1,2020.2.6,59.87977339
ירוק,green,x,1,Image_certainty//image115_alemnt2.jpg,2.jpg,three_middle_left,one_down_right,infrequent,certainty,,,,,,,,,0,129,129,115,1576.209696,1576.409416,x,1,0.5004673,1576.209696,None,0,0,1,0,0,0.3120892,polygon,1574.40974,None,TRUE,,6.0372161,,,,,,,,1577.754527,None,1583.75797,None,22,1,2021_Dec_29_1446,untitled_1,2020.2.6,59.87977339
אדום,red,z,1,Image_certainty//image192_alemnt11.jpg,11.jpg,one_up_left,one_down_right,widespread,certainty,,,,,,,,,0,130,130,192,1586.008215,1586.208221,z,1,0.4860255,1586.008215,None,0,0,1,0,0,0.2474699,polygon,1584.258418,None,TRUE,2.4222439,2.42591,0.434259259,-0.225,1,0,0,2.4222439,one_down_right,1587.572129,None,1589.945398,None,22,1,2021_Dec_29_1446,untitled_1,2020.2.6,59.87977339
כחול,green,x,0,Image_certainty//image83_alemnt14.jpg,14.jpg,one_down_left,one_middle_right,widespread,certainty,,,,,,,,,0,131,131,83,1592.074352,1592.273675,x,1,0.8255404,1592.074352,None,0,0,1,0,0,0.1171105,polygon,1590.457665,None,TRUE,3.6565739,3.6606398,-0.653703704,-0.196296296,1,0,0,3.6565739,one_down_left,1593.948413,None,1597.577652,None,22,1,2021_Dec_29_1446,untitled_1,2020.2.6,59.87977339
ירוק,red,z,0,Image_certainty//image62_alemnt11.jpg,11.jpg,two_down_left,two_middle_right,widespread,certainty,,,,,,,,,0,132,132,62,1599.706679,1599.906452,z,1,0.6039573,1599.706679,None,0,0,1,0,0,0.1145112,polygon,1598.08996,None,TRUE,,6.8225959,,,,,,,,1601.38251,None,1608.154777,None,22,1,2021_Dec_29_1446,untitled_1,2020.2.6,59.87977339
כחול,blue,c,1,Image_certainty//image188_alemnt9.jpg,9.jpg,two_up_left,two_down_right,widespread,certainty,,,,,,,,,0,133,133,188,1610.388652,1610.588479,c,1,0.7317038,1610.388652,None,0,0,1,0,0,0.2301611,polygon,1608.65533,None,,,,,,,,,,,1612.186601,1621.173913,1621.186529,None,22,1,2021_Dec_29_1446,untitled_1,2020.2.6,59.87977339
אדום,red,z,1,Image_certainty//image126_alemnt9.jpg,9.jpg,two_down_left,one_middle_right,widespread,certainty,,,,,,,,,0,134,134,126,1625.220045,1625.419857,z,1,0.5339238,1625.220045,None,-0.011111111,0.012962963,1,0,0,1.1011937,polygon,1621.686948,None,TRUE,5.9868821,5.9909628,-0.392592593,-0.238888889,1,0,0,5.9868821,two_down_left,1626.811087,None,1632.756219,None,22,1,2021_Dec_29_1446,untitled_1,2020.2.6,59.87977339
אדום,red,z,1,Image_certainty//image135_alemnt12.jpg,12.jpg,two_middle_left,one_middle_right,widespread,certainty,,,,,,,,,0,135,135,135,1634.968643,1635.168574,z,1,0.4416695,1634.968643,None,0,0,1,0,0,0.1982657,polygon,1633.26858,None,TRUE,7.7706072,7.7727655,-0.548148148,-0.032407407,1,0,0,7.7706072,two_middle_left,1636.467065,None,1644.203878,None,22,1,2021_Dec_29_1446,untitled_1,2020.2.6,59.87977339
ירוק,green,x,1,Image_certainty//image145_alemnt12.jpg,12.jpg,two_down_left,two_down_right,widespread,certainty,,,,,,,,,0,136,136,145,1646.350214,1646.550408,x,1,0.4735439,1646.350214,None,0,0,1,0,0,0.1307751,polygon,1644.717358,None,TRUE,7.518963,7.5219976,-0.361111111,-0.226851852,1,0,0,7.518963,two_down_left,1647.892312,None,1655.368511,None,22,1,2021_Dec_29_1446,untitled_1,2020.2.6,59.87977339
ירוק,green,x,1,Image_certainty//image127_alemnt14.jpg,14.jpg,one_up_left,two_middle_right,widespread,certainty,,,,,,,,,0,137,137,127,1657.415679,1657.615669,x,1,0.6083901,1657.415679,None,0,0,1,0,0,0.0336866,polygon,1655.882306,None,TRUE,6.7548973,6.756203,-0.721296296,0.196296296,1,0,0,6.7548973,one_up_left,1659.093241,None,1665.800081,None,22,1,2021_Dec_29_1446,untitled_1,2020.2.6,59.87977339
אדום,red,z,1,Image_certainty//image132_alemnt9.jpg,9.jpg,one_down_left,two_down_right,widespread,certainty,,,,,,,,,0,138,138,132,1667.981023,1668.181006,z,1,0.4776714,1667.981023,None,0,0,1,0,0,0.165276,polygon,1666.314551,None,TRUE,,5.3214236,,,,,,,,1669.512871,None,1674.796097,None,22,1,2021_Dec_29_1446,untitled_1,2020.2.6,59.87977339
אדום,red,z,1,Image_certainty//image174_alemnt10.jpg,10.jpg,one_down_left,three_middle_right,widespread,certainty,,,,,,,,,0,139,139,174,1676.980126,1677.179824,z,1,0.5016967,1676.980126,None,0,0,1,0,0,0.1801529,polygon,1675.29673,None,TRUE,5.8844821,5.8859964,-0.663888889,-0.226851852,1,0,0,5.8844821,one_down_left,1678.559343,None,1684.395038,None,22,1,2021_Dec_29_1446,untitled_1,2020.2.6,59.87977339
אדום,green,x,0,Image_certainty//image90_alemnt12.jpg,12.jpg,three_middle_left,two_up_right,widespread,certainty,,,,,,,,,0,140,140,90,1686.962091,1687.161898,x,1,1.0866807,1686.962091,None,0,0,1,0,0,0.5662141,polygon,1684.895584,None,TRUE,8.6553177,8.6580767,-0.392592593,0.078703704,1,0,0,8.6553177,three_middle_left,1689.122436,None,1697.732893,None,22,1,2021_Dec_29_1446,untitled_1,2020.2.6,59.87977339
אדום,blue,c,0,Image_certainty//image85_alemnt14.jpg,14.jpg,two_down_left,three_middle_right,widespread,certainty,,,,,,,,,0,141,141,85,1699.97687,1700.176887,c,1,0.7074553,1699.97687,None,0,0,1,0,0,0.2456156,polygon,1698.243823,None,,,,,,,,,,,1701.751702,1710.74504,1710.758477,None,22,1,2021_Dec_29_1446,untitled_1,2020.2.6,59.87977339
ירוק,blue,c,0,Image_certainty//image45_alemnt9.jpg,9.jpg,one_down_left,three_middle_right,widespread,certainty,,,,,,,,,0,142,142,45,1715.491754,1715.691657,c,1,0.6405605,1715.491754,None,0.009259259,0.007407407,1,0,0,1.0996163,polygon,1711.258379,None,,,,,,,,,,,1717.203982,1726.193433,1726.206601,None,22,1,2021_Dec_29_1446,untitled_1,2020.2.6,59.87977339
כחול,blue,c,1,Image_certainty//image140_alemnt11.jpg,11.jpg,one_up_left,two_up_right,widespread,certainty,,,,,,,,,0,143,143,140,1728.58989,1728.78991,c,1,0.5301444,1728.58989,None,0,0,1,0,0,0.3814766,polygon,1726.706628,None,,,,,,,,,,,1730.187479,1739.174627,1739.188329,None,22,1,2021_Dec_29_1446,untitled_1,2020.2.6,59.87977339
אדום,green,x,0,Image_certainty//image78_alemnt10.jpg,10.jpg,one_middle_left,two_up_right,widespread,certainty,,,,,,,,,0,144,144,78,1741.555151,1741.754941,z,0,0.7032136,1741.555151,None,0,0,1,0,0,0.3640941,polygon,1739.688387,None,TRUE,7.252103,7.2534708,-0.711111111,0.011111111,1,0,0,7.252103,one_middle_left,1743.336964,None,1750.53691,None,22,1,2021_Dec_29_1446,untitled_1,2020.2.6,59.87977339
כחול,green,x,0,Image_certainty//image53_alemnt12.jpg,12.jpg,two_down_left,two_middle_right,widespread,certainty,,,,,,,,,0,145,145,53,1752.820117,1753.020195,x,1,0.7223036,1752.820117,None,0,0,1,0,0,0.2805841,polygon,1751.037018,None,TRUE,2.9889146,2.9912737,0.550925926,-0.073148148,1,0,0,2.9889146,two_middle_right,1754.613871,None,1757.556081,None,22,1,2021_Dec_29_1446,untitled_1,2020.2.6,59.87977339
כחול,blue,c,1,Image_certainty//image164_alemnt9.jpg,9.jpg,one_middle_left,three_middle_right,widespread,certainty,,,,,,,,,0,146,146,164,1759.752792,1759.952526,c,1,0.653586,1759.752792,None,0,0,1,0,0,0.1802496,polygon,1758.069484,None,,,,,,,,,,,1761.474036,1770.471708,1770.484008,None,22,1,2021_Dec_29_1446,untitled_1,2020.2.6,59.87977339
ירוק,red,z,0,Image_certainty//image38_alemnt8.jpg,8.jpg,two_up_left,two_down_right,widespread,certainty,,,,,,,,,0,147,147,38,1774.516643,1774.717124,z,1,0.5596105,1774.516643,None,-0.005555556,-0.012962963,1,0,0,1.2481547,polygon,1770.984258,None,,,,,,,,,,,1776.150656,1785.135335,1785.148817,None,22,1,2021_Dec_29_1446,untitled_1,2020.2.6,59.87977339
אדום,red,z,1,Image_certainty//image198_alemnt9.jpg,9.jpg,one_up_left,one_middle_right,widespread,certainty,,,,,,,,,0,148,148,198,1790.282233,1790.481917,z,1,0.500767,1790.282233,None,0.02037037,0.006481481,1,0,0,0.9978429,polygon,1785.648935,None,TRUE,8.436634,8.4377124,-0.712037037,0.196296296,1,0,0,8.436634,one_up_left,1791.841994,None,1800.231063,None,22,1,2021_Dec_29_1446,untitled_1,2020.2.6,59.87977339
אדום,green,x,0,Image_certainty//image0_alemnt7.jpg,7.jpg,one_down_left,two_up_right,infrequent,certainty,,,,,,,,,0,149,149,0,1802.413926,1802.613726,x,1,0.6815117,1802.413926,None,0,0,1,0,0,0.1831311,polygon,1800.730572,None,TRUE,5.3679771,5.3691833,-0.671296296,-0.22962963,1,0,0,5.3679771,one_down_left,1804.145525,None,1809.478804,None,22,1,2021_Dec_29_1446,untitled_1,2020.2.6,59.87977339
ירוק,green,x,1,Image_certainty//image118_alemnt6.jpg,6.jpg,one_up_left,one_up_right,infrequent,certainty,,,,,,,,,0,150,150,118,1811.528736,1811.728452,x,1,0.5955997,1811.528736,None,0,0,1,0,0,0.0654765,polygon,1809.978684,None,TRUE,3.5055718,3.5074064,-0.717592593,0.194444444,1,0,0,3.5055718,one_up_left,1813.18734,None,1816.647936,None,22,1,2021_Dec_29_1446,untitled_1,2020.2.6,59.87977339
ירוק,red,z,0,Image_certainty//image32_alemnt9.jpg,9.jpg,two_up_left,one_down_right,widespread,certainty,,,,,,,,,0,151,151,32,1818.895147,1819.094928,z,1,0.6198621,1818.895147,None,0,0,1,0,0,0.230768,polygon,1817.161772,None,TRUE,7.9369766,7.9385196,-0.553703704,0.214814815,1,0,0,7.9369766,two_up_left,1820.593109,None,1828.478463,None,22,1,2021_Dec_29_1446,untitled_1,2020.2.6,59.87977339
כחול,blue,c,1,Image_certainty//image194_alemnt11.jpg,11.jpg,three_middle_left,two_down_right,widespread,certainty,,,,,,,,,0,152,152,194,1831.259919,1831.46001,c,1,0.4817004,1831.259919,None,0,0,1,0,0,0.7643247,polygon,1828.993681,None,,,,,,,,,,,1832.805887,1841.794873,1841.808353,None,22,1,2021_Dec_29_1446,untitled_1,2020.2.6,59.87977339
כחול,red,z,0,Image_certainty//image58_alemnt8.jpg,8.jpg,two_middle_left,two_up_right,widespread,certainty,,,,,,,,,0,153,153,58,1844.908471,1845.107742,z,1,0.5487549,1844.908471,None,0.012037037,0.00462963,1,0,0,1.1003418,polygon,1842.308326,None,TRUE,5.7009942,5.7011891,0.581481481,0.191666667,1,0,0,5.7009942,two_up_right,1846.507036,None,1852.173471,None,22,1,2021_Dec_29_1446,untitled_1,2020.2.6,59.87977339
אדום,green,x,0,Image_certainty//image18_alemnt4.jpg,4.jpg,three_middle_left,one_down_right,infrequent,certainty,,,,,,,,,0,154,154,18,1854.340525,1854.540317,x,1,0.6385126,1854.340525,None,0,0,1,0,0,0.1637874,polygon,1852.673963,None,TRUE,4.8055373,4.8070352,-0.375,0.061111111,1,0,0,4.8055373,three_middle_left,1856.054588,None,1860.807259,None,22,1,2021_Dec_29_1446,untitled_1,2020.2.6,59.87977339
כחול,red,z,0,Image_certainty//image76_alemnt14.jpg,14.jpg,three_middle_left,two_middle_right,widespread,certainty,,,,,,,,,0,155,155,76,1862.989468,1863.189076,z,1,0.4923915,1862.989468,None,0,0,1,0,0,0.1640311,polygon,1861.322821,None,TRUE,1.8044506,1.8063317,-0.382407407,0.064814815,1,0,0,1.8044506,three_middle_left,1864.548997,None,1866.306448,None,22,1,2021_Dec_29_1446,untitled_1,2020.2.6,59.87977339
ירוק,green,x,1,Image_certainty//image172_alemnt8.jpg,8.jpg,two_middle_left,two_down_right,widespread,certainty,,,,,,,,,0,156,156,172,1868.755183,1868.955139,x,1,0.5122092,1868.755183,None,0,0,1,0,0,0.432798,polygon,1866.822172,None,,,,,,,,,,,1870.327582,1879.323259,1879.336718,None,22,1,2021_Dec_29_1446,untitled_1,2020.2.6,59.87977339
ירוק,green,x,1,Image_certainty//image100_alemnt4.jpg,4.jpg,two_down_left,one_middle_right,infrequent,certainty,,,,,,,,,0,157,157,100,1881.6537,1881.853512,x,1,0.6007052,1881.6537,None,0,0,1,0,0,0.314203,polygon,1879.836868,None,TRUE,4.7689816,4.771274,-0.411111111,-0.202777778,1,0,0,4.7689816,two_down_left,1883.313085,None,1888.035624,None,22,1,2021_Dec_29_1446,untitled_1,2020.2.6,59.87977339
כחול,red,z,0,Image_certainty//image94_alemnt9.jpg,9.jpg,three_middle_left,two_down_right,widespread,certainty,,,,,,,,,0,158,158,94,1890.219382,1890.418918,z,1,0.5529231,1890.219382,None,0,0,1,0,0,0.1817211,polygon,1888.536054,None,TRUE,4.7379207,4.7406617,-0.359259259,0.044444444,1,0,0,4.7379207,three_middle_left,1891.831784,None,1896.537585,None,22,1,2021_Dec_29_1446,untitled_1,2020.2.6,59.87977339
כחול,blue,c,1,Image_certainty//image131_alemnt13.jpg,13.jpg,one_middle_left,one_middle_right,widespread,certainty,,,,,,,,,0,159,159,131,1898.684962,1898.884528,x,0,0.6224384,1898.684962,None,0,0,1,0,0,0.1314647,polygon,1897.051615,None,TRUE,3.1512506,3.1519178,-0.691666667,-0.030555556,1,0,0,3.1512506,one_middle_left,1900.378054,None,1903.483435,None,22,1,2021_Dec_29_1446,untitled_1,2020.2.6,59.87977339
ירוק,red,z,0,Image_certainty//image20_alemnt10.jpg,10.jpg,two_up_left,two_up_right,widespread,certainty,,,,,,,,,0,160,160,20,1905.750708,1905.950538,z,1,0.6870451,1905.750708,None,0,0,1,0,0,0.2637754,polygon,1903.984079,None,,,,,,,,,,,1907.511707,1916.485253,1916.515261,None,22,1,2021_Dec_29_1446,untitled_1,2020.2.6,59.87977339
כחול,blue,c,1,Image_certainty//image149_alemnt11.jpg,11.jpg,one_middle_left,three_middle_right,widespread,certainty,,,,,,,,,0,161,161,149,1918.799012,1918.99863,c,1,0.6013548,1918.799012,None,0,0,1,0,0,0.2803658,polygon,1917.015675,None,TRUE,6.6515464,6.6521758,-0.744444444,-0.015740741,1,0,0,6.6515464,one_middle_left,1920.47899,None,1927.08061,None,22,1,2021_Dec_29_1446,untitled_1,2020.2.6,59.87977339
ירוק,blue,c,0,Image_certainty//image63_alemnt13.jpg,13.jpg,three_middle_left,one_down_right,widespread,certainty,,,,,,,,,0,162,162,63,1929.330936,1929.530814,c,1,0.715939,1929.330936,None,0,0,1,0,0,0.2503255,polygon,1927.580923,None,TRUE,2.0514767,2.0525364,-0.388888889,0.076851852,1,0,0,2.0514767,three_middle_left,1931.113993,None,1933.113087,None,22,1,2021_Dec_29_1446,untitled_1,2020.2.6,59.87977339
כחול,blue,c,1,Image_certainty//image185_alemnt14.jpg,14.jpg,three_middle_left,three_middle_right,widespread,certainty,,,,,,,,,0,163,163,185,1935.280261,1935.479425,c,1,0.5186076,1935.280261,None,0,0,1,0,0,0.1655104,polygon,1933.613559,None,TRUE,2.0209907,2.0237382,-0.390740741,0.047222222,1,0,0,2.0209907,three_middle_left,1936.851979,None,1938.849641,None,22,1,2021_Dec_29_1446,untitled_1,2020.2.6,59.87977339
ירוק,green,x,1,Image_certainty//image187_alemnt10.jpg,10.jpg,two_up_left,three_middle_right,widespread,certainty,,,,,,,,,0,164,164,187,1940.996184,1941.195949,x,1,0.5648494,1940.996184,None,0,0,1,0,0,0.1309074,polygon,1939.362712,None,TRUE,5.4706745,5.4723567,-0.508333333,0.212962963,1,0,0,5.4706745,two_up_left,1942.622816,None,1948.048336,None,22,1,2021_Dec_29_1446,untitled_1,2020.2.6,59.87977339
ירוק,green,x,1,Image_certainty//image148_alemnt13.jpg,13.jpg,one_middle_left,two_up_right,widespread,certainty,,,,,,,,,0,165,165,148,1950.178407,1950.378107,x,1,0.5019387,1950.178407,None,0,0,1,0,0,0.1142279,polygon,1948.56167,None,TRUE,7.3384106,7.3390771,-0.756481481,-0.026851852,1,0,0,7.3384106,one_middle_left,1951.755376,None,1959.043113,None,22,1,2021_Dec_29_1446,untitled_1,2020.2.6,59.87977339
אדום,blue,c,0,Image_certainty//image31_alemnt9.jpg,9.jpg,one_up_left,one_down_right,widespread,certainty,,,,,,,,,0,166,166,31,1961.343347,1961.543297,z,0,0.6525148,1961.343347,None,0,0,1,0,0,0.2983076,polygon,1959.543263,None,,,,,,,,,,,1963.059135,1972.044838,1972.058045,None,22,1,2021_Dec_29_1446,untitled_1,2020.2.6,59.87977339
כחול,blue,c,1,Image_certainty//image116_alemnt2.jpg,2.jpg,one_middle_left,two_down_right,infrequent,certainty,,,,,,,,,0,167,167,116,1974.37526,1974.574995,c,1,0.5950616,1974.37526,None,0,0,1,0,0,0.3145884,polygon,1972.558362,None,TRUE,2.7348613,2.7360512,-0.730555556,-0.013888889,1,0,0,2.7348613,one_middle_left,1976.035143,None,1978.724094,None,22,1,2021_Dec_29_1446,untitled_1,2020.2.6,59.87977339
ירוק,green,x,1,Image_certainty//image151_alemnt13.jpg,13.jpg,two_middle_left,one_down_right,widespread,certainty,,,,,,,,,0,168,168,151,1980.891039,1981.090442,x,1,0.6319442,1980.891039,None,0,0,1,0,0,0.1847127,polygon,1979.224405,None,TRUE,3.7531303,3.7547499,-0.543518519,-0.059259259,1,0,0,3.7531303,two_middle_left,1982.578695,None,1986.291106,None,22,1,2021_Dec_29_1446,untitled_1,2020.2.6,59.87977339
ירוק,green,x,1,Image_certainty//image121_alemnt12.jpg,12.jpg,two_down_left,three_middle_right,widespread,certainty,,,,,,,,,0,169,169,121,1988.54004,1988.739851,x,1,0.507587,1988.54004,None,0,0,1,0,0,0.2301502,polygon,1986.806508,None,TRUE,4.5714165,4.5755409,-0.376851852,-0.238888889,1,0,0,4.5714165,two_down_left,1990.117964,None,1994.642449,None,22,1,2021_Dec_29_1446,untitled_1,2020.2.6,59.87977339
כחול,blue,c,1,Image_certainty//image158_alemnt11.jpg,11.jpg,one_up_left,two_down_right,widespread,certainty,,,,,,,,,0,170,170,158,1997.1889,1997.388304,c,1,0.545248,1997.1889,None,0,0,1,0,0,0.5318265,polygon,1995.15557,None,TRUE,2.588489,2.5898257,-0.760185185,0.187037037,1,0,0,2.588489,one_up_left,1998.800062,None,2001.341194,None,22,1,2021_Dec_29_1446,untitled_1,2020.2.6,59.87977339
ירוק,red,z,0,Image_certainty//image98_alemnt13.jpg,13.jpg,three_middle_left,two_down_right,widespread,certainty,,,,,,,,,0,171,171,98,2003.554806,2003.75459,z,1,0.767691,2003.554806,None,0,0,1,0,0,0.1975021,polygon,2001.854836,None,TRUE,3.1235474,3.1260977,-0.376851852,0.060185185,1,0,0,3.1235474,three_middle_left,2005.396152,None,2008.475995,None,22,1,2021_Dec_29_1446,untitled_1,2020.2.6,59.87977339
ירוק,red,z,0,Image_certainty//image74_alemnt8.jpg,8.jpg,two_up_left,three_middle_right,widespread,certainty,,,,,,,,,0,172,172,74,2010.670218,2010.87014,z,1,0.6932452,2010.670218,None,0,0,1,0,0,0.1814796,polygon,2008.987107,None,TRUE,2.3029265,2.3038111,-0.491666667,0.213888889,1,0,0,2.3029265,two_up_left,2012.42248,None,2014.686149,None,22,1,2021_Dec_29_1446,untitled_1,2020.2.6,59.87977339
אדום,red,z,1,Image_certainty//image129_alemnt8.jpg,8.jpg,one_middle_left,three_middle_right,widespread,certainty,,,,,,,,,0,173,173,129,2016.803151,2017.002856,z,1,0.4980563,2016.803151,None,0,0,1,0,0,0.1146352,polygon,2015.186408,None,FALSE,3.5553241,4.0522498,0,0,1,0,0,3.5553241,,2018.365532,None,2022.368318,None,22,1,2021_Dec_29_1446,untitled_1,2020.2.6,59.87977339
אדום,green,x,0,Image_certainty//image6_alemnt7.jpg,7.jpg,three_middle_left,three_middle_right,infrequent,certainty,,,,,,,,,0,174,174,6,2024.85189,2025.051821,x,1,0.8452071,2024.85189,None,0,0,1,0,0,0.4818242,polygon,2022.868798,None,TRUE,1.6042743,1.6063076,-0.337037037,0.060185185,1,0,0,1.6042743,three_middle_left,2026.76104,None,2028.318978,None,22,1,2021_Dec_29_1446,untitled_1,2020.2.6,59.87977339
אדום,red,z,1,Image_certainty//image183_alemnt9.jpg,9.jpg,three_middle_left,two_down_right,widespread,certainty,,,,,,,,,0,175,175,183,2030.651006,2030.851053,z,1,0.6109887,2030.651006,None,0,0,1,0,0,0.3134248,polygon,2028.834638,None,TRUE,3.3687119,3.3696436,-0.396296296,0.049074074,1,0,0,3.3687119,three_middle_left,2032.331118,None,2035.649899,None,22,1,2021_Dec_29_1446,untitled_1,2020.2.6,59.87977339
כחול,red,z,0,Image_certainty//image16_alemnt4.jpg,4.jpg,one_middle_left,two_up_right,infrequent,certainty,,,,,,,,,0,176,176,16,2037.83369,2038.033446,z,1,0.5823243,2037.83369,None,0,0,1,0,0,0.1839957,polygon,2036.150397,None,TRUE,3.8544024,3.8562234,-0.712962963,-0.019444444,1,0,0,3.8544024,one_middle_left,2039.457484,None,2043.283982,None,22,1,2021_Dec_29_1446,untitled_1,2020.2.6,59.87977339
כחול,red,z,0,Image_certainty//image10_alemnt6.jpg,6.jpg,two_middle_left,three_middle_right,infrequent,certainty,,,,,,,,,0,177,177,10,2045.482512,2045.68241,z,1,0.5490225,2045.482512,None,0,0,1,0,0,0.1836612,polygon,2043.799384,None,,,,,,,,,,,2047.092895,2056.067344,2056.097476,None,22,1,2021_Dec_29_1446,untitled_1,2020.2.6,59.87977339
אדום,green,x,0,Image_certainty//image60_alemnt13.jpg,13.jpg,one_middle_left,two_up_right,widespread,certainty,,,,,,,,,0,178,178,60,2059.214342,2059.414076,x,1,0.5833043,2059.214342,None,0.027777778,-0.002777778,1,0,0,0.3327379,polygon,2056.597503,None,TRUE,6.2202816,6.2219485,-0.705555556,0.006481481,1,0,0,6.2202816,one_middle_left,2060.859122,None,2067.030713,None,22,1,2021_Dec_29_1446,untitled_1,2020.2.6,59.87977339
כחול,blue,c,1,Image_certainty//image197_alemnt11.jpg,11.jpg,two_down_left,two_middle_right,widespread,certainty,,,,,,,,,0,179,179,197,2069.229002,2069.428694,c,1,0.5801451,2069.229002,None,0,0,1,0,0,0.1830896,polygon,2067.54639,None,TRUE,1.5871735,1.5884651,-0.373148148,-0.215740741,1,0,0,1.5871735,two_down_left,2070.849756,None,2072.411653,None,22,1,2021_Dec_29_1446,untitled_1,2020.2.6,59.87977339
אדום,blue,c,0,Image_certainty//image43_alemnt11.jpg,11.jpg,two_down_left,one_up_right,widespread,certainty,,,,,,,,,0,180,180,43,2074.561644,2074.761322,z,0,0.6886723,2074.561644,None,0,0,1,0,0,0.164465,polygon,2072.911496,None,TRUE,7.3579205,7.362798,-0.385185185,-0.193518519,1,0,0,7.3579205,two_down_left,2076.295602,None,2083.636016,None,22,1,2021_Dec_29_1446,untitled_1,2020.2.6,59.87977339
כחול,red,z,0,Image_certainty//image46_alemnt8.jpg,8.jpg,two_middle_left,two_up_right,widespread,certainty,,,,,,,,,0,181,181,46,2085.860882,2086.060475,z,1,0.6655136,2085.860882,None,0,0,1,0,0,0.2146527,polygon,2084.143992,None,,,,,,,,,,,2087.586883,2096.57881,2096.592336,None,22,1,2021_Dec_29_1446,untitled_1,2020.2.6,59.87977339
כחול,red,z,0,Image_certainty//image82_alemnt14.jpg,14.jpg,three_middle_left,two_down_right,widespread,certainty,,,,,,,,,0,182,182,82,2098.87594,2099.075458,z,1,0.5186806,2098.87594,None,0,0,1,0,0,0.281681,polygon,2097.092477,None,TRUE,5.6700683,5.6708709,-0.343518519,0.073148148,1,0,0,5.6700683,three_middle_left,2100.467747,None,2106.090835,None,22,1,2021_Dec_29_1446,untitled_1,2020.2.6,59.87977339
אדום,red,z,1,Image_certainty//image144_alemnt8.jpg,8.jpg,two_middle_left,two_down_right,widespread,certainty,,,,,,,,,0,183,183,144,2108.224428,2108.424404,z,1,0.549401,2108.224428,None,0,0,1,0,0,0.149096,polygon,2106.591343,None,TRUE,8.0861687,8.0877931,-0.517592593,-0.040740741,1,0,0,8.0861687,two_middle_left,2109.8561,None,2117.889773,None,22,1,2021_Dec_29_1446,untitled_1,2020.2.6,59.87977339
ירוק,green,x,1,Image_certainty//image139_alemnt10.jpg,10.jpg,two_up_left,one_middle_right,widespread,certainty,,,,,,,,,0,184,184,139,2120.172898,2120.372915,x,1,0.5483713,2120.172898,None,0,0,1,0,0,0.2808988,polygon,2118.389879,None,TRUE,4.725348,4.727036,-0.50462963,0.196296296,1,0,0,4.725348,two_up_left,2121.780257,None,2126.461853,None,22,1,2021_Dec_29_1446,untitled_1,2020.2.6,59.87977339
אדום,green,x,0,Image_certainty//image54_alemnt11.jpg,11.jpg,two_down_left,two_middle_right,widespread,certainty,,,,,,,,,0,185,185,54,2128.522081,2128.72182,x,1,0.7690739,2128.522081,None,0,0,1,0,0,0.0469493,polygon,2126.971756,None,TRUE,2.5547167,2.5587319,-0.381481481,-0.235185185,1,0,0,2.5547167,two_down_left,2130.367651,None,2132.875232,None,22,1,2021_Dec_29_1446,untitled_1,2020.2.6,59.87977339
ירוק,blue,c,0,Image_certainty//image75_alemnt11.jpg,11.jpg,two_up_left,one_middle_right,widespread,certainty,,,,,,,,,0,186,186,75,2134.9877,2135.187611,c,1,0.6458768,2134.9877,None,0,0,1,0,0,0.111896,polygon,2133.387672,None,TRUE,1.5244448,1.5261215,-0.548148148,0.207407407,1,0,0,1.5244448,two_up_left,2136.690387,None,2138.176582,None,22,1,2021_Dec_29_1446,untitled_1,2020.2.6,59.87977339
כחול,green,x,0,Image_certainty//image5_alemnt2.jpg,2.jpg,two_down_left,two_down_right,infrequent,certainty,,,,,,,,,0,187,187,5,2140.50388,2140.70354,x,1,0.6123602,2140.50388,None,0,0,1,0,0,0.3152577,polygon,2138.687001,None,,,,,,,,,,,2142.173419,2151.155299,2151.185366,None,22,1,2021_Dec_29_1446,untitled_1,2020.2.6,59.87977339
כחול,green,x,0,Image_certainty//image17_alemnt5.jpg,5.jpg,two_up_left,two_down_right,infrequent,certainty,,,,,,,,,0,188,188,17,2153.435342,2153.635086,x,1,0.7765962,2153.435342,None,0,0,1,0,0,0.2475006,polygon,2151.685588,None,FALSE,5.9174855,6.3714694,-0.330555556,-0.121296296,1,0,0,5.9174855,,2155.266465,None,2161.6002,None,22,1,2021_Dec_29_1446,untitled_1,2020.2.6,59.87977339
אדום,green,x,0,Image_certainty//image42_alemnt12.jpg,12.jpg,two_up_left,one_up_right,widespread,certainty,,,,,,,,,0,189,189,42,2163.817334,2164.017315,c,0,0.8338692,2163.817334,None,0,0,1,0,0,0.2147678,polygon,2162.100899,None,TRUE,1.9869006,1.9879607,-0.546296296,0.187037037,1,0,0,1.9869006,two_up_left,2165.713555,None,2167.649625,None,22,1,2021_Dec_29_1446,untitled_1,2020.2.6,59.87977339
אדום,red,z,1,Image_certainty//image159_alemnt13.jpg,13.jpg,one_middle_left,two_middle_right,widespread,certainty,,,,,,,,,0,190,190,159,2169.833487,2170.033257,z,1,0.586549,2169.833487,None,0,0,1,0,0,0.1809627,polygon,2168.150144,None,TRUE,2.6204524,2.6218551,-0.722222222,-0.010185185,1,0,0,2.6204524,one_middle_left,2171.490256,None,2174.066529,None,22,1,2021_Dec_29_1446,untitled_1,2020.2.6,59.87977339
אדום,blue,c,0,Image_certainty//image67_alemnt13.jpg,13.jpg,three_middle_left,one_middle_right,widespread,certainty,,,,,,,,,0,191,191,67,2176.216027,2176.415733,c,1,0.8156077,2176.216027,None,0,0,1,0,0,0.1476696,polygon,2174.56597,None,TRUE,1.3539168,1.3560082,-0.392592593,0.015740741,1,0,0,1.3539168,three_middle_left,2178.084715,None,2179.399512,None,22,1,2021_Dec_29_1446,untitled_1,2020.2.6,59.87977339
אדום,green,x,0,Image_certainty//image48_alemnt9.jpg,9.jpg,one_down_left,one_down_right,widespread,certainty,,,,,,,,,0,192,192,48,2181.565301,2181.765033,x,1,0.6866559,2181.565301,None,0,0,1,0,0,0.1636899,polygon,2179.898597,None,TRUE,5.5877243,5.59194,-0.678703704,-0.244444444,1,0,0,5.5877243,one_down_left,2183.31795,None,2188.869241,None,22,1,2021_Dec_29_1446,untitled_1,2020.2.6,59.87977339
כחול,blue,c,1,Image_certainty//image122_alemnt14.jpg,14.jpg,one_down_left,two_up_right,widespread,certainty,,,,,,,,,0,193,193,122,2190.964095,2191.163868,c,1,0.6054232,2190.964095,None,0,0,1,0,0,0.0807393,polygon,2189.380682,None,TRUE,4.4395266,4.4437179,-0.675,-0.22037037,1,0,0,4.4395266,one_down_left,2192.627157,None,2197.03531,None,22,1,2021_Dec_29_1446,untitled_1,2020.2.6,59.87977339
אדום,green,x,0,Image_certainty//image36_alemnt10.jpg,10.jpg,three_middle_left,three_middle_right,widespread,certainty,,,,,,,,,0,194,194,36,2199.196118,2199.396048,x,1,0.7279432,2199.196118,None,0,0,1,0,0,0.1480529,polygon,2197.54636,None,TRUE,1.4030147,1.4050428,-0.389814815,0.046296296,1,0,0,1.4030147,three_middle_left,2200.97672,None,2202.346204,None,22,1,2021_Dec_29_1446,untitled_1,2020.2.6,59.87977339
אדום,blue,c,0,Image_certainty//image61_alemnt10.jpg,10.jpg,one_down_left,one_middle_right,widespread,certainty,,,,,,,,,0,195,195,61,2204.395684,2204.595445,c,1,0.868387,2204.395684,None,0,0,1,0,0,0.047494,polygon,2202.845689,None,TRUE,3.8359354,3.8382318,-0.663888889,-0.241666667,1,0,0,3.8359354,one_down_left,2206.332893,None,2210.127555,None,22,1,2021_Dec_29_1446,untitled_1,2020.2.6,59.87977339
ירוק,red,z,0,Image_certainty//image86_alemnt13.jpg,13.jpg,two_middle_left,one_up_right,widespread,certainty,,,,,,,,,0,196,196,86,2212.228001,2212.42779,z,1,0.6201094,2212.228001,None,0,0,1,0,0,0.0982085,polygon,2210.628038,None,TRUE,2.0213795,2.0221696,-0.534259259,-0.022222222,1,0,0,2.0213795,two_middle_left,2213.922772,None,2215.893464,None,22,1,2021_Dec_29_1446,untitled_1,2020.2.6,59.87977339
כחול,blue,c,1,Image_certainty//image170_alemnt13.jpg,13.jpg,one_down_left,two_middle_right,widespread,certainty,,,,,,,,,0,197,197,170,2218.210497,2218.410365,c,1,0.6329821,2218.210497,None,0,0,1,0,0,0.3151336,polygon,2216.393885,None,TRUE,,3.5212577,,,,,,,,2219.897954,None,2223.375736,None,22,1,2021_Dec_29_1446,untitled_1,2020.2.6,59.87977339
כחול,red,z,0,Image_certainty//image28_alemnt10.jpg,10.jpg,one_down_left,two_down_right,widespread,certainty,,,,,,,,,0,198,198,28,2225.442981,2225.642744,z,1,0.6023792,2225.442981,None,0,0,1,0,0,0.064839,polygon,2223.876275,None,TRUE,4.6212555,4.624513,-0.634259259,-0.218518519,1,0,0,4.6212555,one_down_left,2227.116786,None,2231.693874,None,22,1,2021_Dec_29_1446,untitled_1,2020.2.6,59.87977339
אדום,blue,c,0,Image_certainty//image55_alemnt12.jpg,12.jpg,three_middle_left,one_middle_right,widespread,certainty,,,,,,,,,0,199,199,55,2233.825213,2234.024738,c,1,0.8335059,2233.825213,None,0,0,1,0,0,0.1289551,polygon,2232.208559,None,TRUE,1.323592,1.3263883,-0.369444444,0.02037037,1,0,0,1.323592,three_middle_left,2235.710098,None,2236.995713,None,22,1,2021_Dec_29_1446,untitled_1,2020.2.6,59.87977339
,,,,,,,,,,,,,,,,,,,,,,,,,,,,,,,,,,,,,,,,,,,,,,,,,,,,,,,,,
,,,,,,,,,,,,,,,,,,,,,,,,,,,,,,,,,,,,,,,4.428851924,,,,,,,,,,,,,,,,,,
,,,,,,,,,,,,,,,,,,,,,,,,,,,,,,,,,,,,,,,2.104721552,,,,,,,,,,,,,,,,,,
