﻿word,letterColor,corrAns,congruent,imageTrain,true_shaps,corrAnsLeft,corrAnsRight,common,experiment,stroop_loop.thisRepN,stroop_loop.thisTrialN,stroop_loop.thisN,stroop_loop.thisIndex,trail_certaninty.thisRepN,trail_certaninty.thisTrialN,trail_certaninty.thisN,trail_certaninty.thisIndex,test_certaincy.thisRepN,test_certaincy.thisTrialN,test_certaincy.thisN,test_certaincy.thisIndex,stroop_text.started,stroop_text.stopped,stroop_anser.keys,stroop_anser.corr,stroop_anser.started,stroop_anser.stopped,stroop_anser.rt,test_fixability_certity.x,test_fixability_certity.y,test_fixability_certity.leftButton,test_fixability_certity.midButton,test_fixability_certity.rightButton,test_fixability_certity.time,test_fixability_certity.clicked_name,test_fixability_certity.started,test_fixability_certity.stopped,test_certainty_mouse.started,test_certainty_mouse.stopped,text_5.started,text_5.stopped,test_certainty_anser_currect,finalClickTime,test_certainty_anser_time,test_certainty_mouse.x,test_certainty_mouse.y,test_certainty_mouse.leftButton,test_certainty_mouse.midButton,test_certainty_mouse.rightButton,test_certainty_mouse.time,test_certainty_mouse.clicked_name,participant,session,date,expName,psychopyVersion,frameRate
אדום,green,x,0,,,,,,,0,0,0,1,,,,,,,,,121.7621465,121.9616698,None,0,121.7621465,None,,,,,,,,,,,,,,,,,,,,,,,,,23,1,2021_Dec_29_1557,untitled_1,2020.2.6,59.9828209
ירוק,blue,c,0,,,,,,,0,1,1,3,,,,,,,,,127.3780848,127.577883,c,1,127.3780848,None,0.941641,,,,,,,,,,,,,,,,,,,,,,,,23,1,2021_Dec_29_1557,untitled_1,2020.2.6,59.9828209
כחול,blue,c,1,,,,,,,0,2,2,4,,,,,,,,,132.8936434,133.0936678,c,1,132.8936434,None,0.6607534,,,,,,,,,,,,,,,,,,,,,,,,23,1,2021_Dec_29_1557,untitled_1,2020.2.6,59.9828209
אדום,red,z,1,,,,,,,0,3,3,0,,,,,,,,,138.1268082,138.326488,z,1,138.1268082,None,0.683868,,,,,,,,,,,,,,,,,,,,,,,,23,1,2021_Dec_29_1557,untitled_1,2020.2.6,59.9828209
ירוק,green,x,1,,,,,,,0,4,4,2,,,,,,,,,143.358905,143.5591355,x,1,143.358905,None,0.5240998,,,,,,,,,,,,,,,,,,,,,,,,23,1,2021_Dec_29_1557,untitled_1,2020.2.6,59.9828209
כחול,red,z,0,,,,,,,0,5,5,5,,,,,,,,,148.4587837,148.658485,None,0,148.4587837,None,,,,,,,,,,,,,,,,,,,,,,,,,23,1,2021_Dec_29_1557,untitled_1,2020.2.6,59.9828209
ירוק,blue,c,0,,,,,,,1,0,6,3,,,,,,,,,154.1913043,154.390937,c,1,154.1913043,None,0.7749083,,,,,,,,,,,,,,,,,,,,,,,,23,1,2021_Dec_29_1557,untitled_1,2020.2.6,59.9828209
אדום,green,x,0,,,,,,,1,1,7,1,,,,,,,,,159.5405512,159.7403186,x,1,159.5405512,None,0.6738309,,,,,,,,,,,,,,,,,,,,,,,,23,1,2021_Dec_29_1557,untitled_1,2020.2.6,59.9828209
כחול,blue,c,1,,,,,,,1,2,8,4,,,,,,,,,164.7899468,164.9896959,c,1,164.7899468,None,0.8823433,,,,,,,,,,,,,,,,,,,,,,,,23,1,2021_Dec_29_1557,untitled_1,2020.2.6,59.9828209
ירוק,green,x,1,,,,,,,1,3,9,2,,,,,,,,,170.2221502,170.4219252,x,1,170.2221502,None,0.6202306,,,,,,,,,,,,,,,,,,,,,,,,23,1,2021_Dec_29_1557,untitled_1,2020.2.6,59.9828209
כחול,red,z,0,,,,,,,1,4,10,5,,,,,,,,,175.421527,175.6214922,z,1,175.421527,None,1.0366825,,,,,,,,,,,,,,,,,,,,,,,,23,1,2021_Dec_29_1557,untitled_1,2020.2.6,59.9828209
אדום,red,z,1,,,,,,,1,5,11,0,,,,,,,,,181.0377037,181.2370898,z,1,181.0377037,None,0.5637814,,,,,,,,,,,,,,,,,,,,,,,,23,1,2021_Dec_29_1557,untitled_1,2020.2.6,59.9828209
ירוק,green,x,1,,,,,,,2,0,12,2,,,,,,,,,186.1701214,186.3701588,x,1,186.1701214,None,0.6088087,,,,,,,,,,,,,,,,,,,,,,,,23,1,2021_Dec_29_1557,untitled_1,2020.2.6,59.9828209
אדום,green,x,0,,,,,,,2,1,13,1,,,,,,,,,191.3528492,191.5525261,z,0,191.3528492,None,0.7723628,,,,,,,,,,,,,,,,,,,,,,,,23,1,2021_Dec_29_1557,untitled_1,2020.2.6,59.9828209
אדום,red,z,1,,,,,,,2,2,14,0,,,,,,,,,196.7021673,196.9021887,z,1,196.7021673,None,0.8866202,,,,,,,,,,,,,,,,,,,,,,,,23,1,2021_Dec_29_1557,untitled_1,2020.2.6,59.9828209
כחול,blue,c,1,,,,,,,2,3,15,4,,,,,,,,,202.1683205,202.3681217,c,1,202.1683205,None,0.5637195,,,,,,,,,,,,,,,,,,,,,,,,23,1,2021_Dec_29_1557,untitled_1,2020.2.6,59.9828209
ירוק,blue,c,0,,,,,,,2,4,16,3,,,,,,,,,207.3010635,207.5007404,c,1,207.3010635,None,0.5917117,,,,,,,,,,,,,,,4.22884661,,,,,,,,,23,1,2021_Dec_29_1557,untitled_1,2020.2.6,59.9828209
כחול,red,z,0,,,,,,,2,5,17,5,,,,,,,,,212.4504382,212.6501034,c,0,212.4504382,None,0.9043009,,,,,,,,,,,,,,,1.836355103,,,,,,,,,23,1,2021_Dec_29_1557,untitled_1,2020.2.6,59.9828209
אדום,red,z,1,train_Image_certainty//image15_alemnt1.jpg,1.jpg,one_up_left,one_middle_right,infrequent,train_certainty,,,,,0,0,0,14,,,,,239.1796425,239.3633791,z,1,239.1796425,None,0.8914203,0,0,1,0,0,1.9191012,polygon,235.7540818,None,242.2270401,251.1821923,253.261487,None,,,,,,,,,,,23,1,2021_Dec_29_1557,untitled_1,2020.2.6,59.9828209
אדום,red,z,1,train_Image_certainty//image12_alemnt12.jpg,12.jpg,one_down_left,one_up_right,widespread,train_certainty,,,,,0,1,1,11,,,,,256.0113122,256.2110291,z,1,256.0113122,None,0.832907,0,0,1,0,0,0.7471164,polygon,253.7610781,None,258.9613954,None,266.8429546,None,TRUE,5.9209319,5.9214955,0.342592593,0.200925926,1,0,0,5.9209319,one_up_right,23,1,2021_Dec_29_1557,untitled_1,2020.2.6,59.9828209
כחול,red,z,0,train_Image_certainty//image4_alemnt4.jpg,4.jpg,two_middle_left,two_up_right,widespread,train_certainty,,,,,0,2,2,3,,,,,293.9730917,294.1729195,z,1,293.9730917,None,0.9041471,0,0,1,0,0,25.128957,polygon,267.3430183,None,297.0009831,None,303.421057,None,TRUE,4.4554064,4.4555944,0.600925926,0.242592593,1,0,0,4.4554064,two_up_right,23,1,2021_Dec_29_1557,untitled_1,2020.2.6,59.9828209
אדום,blue,c,0,train_Image_certainty//image7_alemnt7.jpg,7.jpg,one_middle_left,one_up_right,widespread,train_certainty,,,,,0,3,3,6,,,,,312.703735,312.9036451,c,1,312.703735,None,0.6500314,0,0,1,0,0,7.2796299,polygon,303.9215179,None,315.4639879,None,324.8354429,None,TRUE,7.3892066,7.3900604,0.337037037,0.180555556,1,0,0,7.3892066,one_up_right,23,1,2021_Dec_29_1557,untitled_1,2020.2.6,59.9828209
אדום,green,x,0,train_Image_certainty//image6_alemnt6.jpg,6.jpg,one_middle_left,two_up_right,widespread,train_certainty,,,,,0,4,4,5,,,,,327.9019913,328.1018074,x,1,327.9019913,None,0.8582304,0,0,1,0,0,1.0635336,polygon,325.3350719,None,330.8836336,None,337.9171152,None,TRUE,5.0693367,5.0698111,0.615740741,0.219444444,1,0,0,5.0693367,two_up_right,23,1,2021_Dec_29_1557,untitled_1,2020.2.6,59.9828209
ירוק,blue,c,0,train_Image_certainty//image3_alemnt3.jpg,3.jpg,two_down_left,three_middle_right,widespread,train_certainty,,,,,0,5,5,2,,,,,340.8502289,341.0499031,c,1,340.8502289,None,0.7921403,0,0,1,0,0,0.9344365,polygon,338.416977,None,343.7684113,None,348.3990199,None,TRUE,2.6715494,2.6726167,0.761111111,0.012037037,1,0,0,2.6715494,three_middle_right,23,1,2021_Dec_29_1557,untitled_1,2020.2.6,59.9828209
ירוק,red,z,0,train_Image_certainty//image8_alemnt8.jpg,8.jpg,two_down_left,two_middle_right,widespread,train_certainty,,,,,0,6,6,7,,,,,351.1486716,351.3481816,z,1,351.1486716,None,0.8980789,0,0,1,0,0,0.7476643,polygon,348.8990144,None,354.1446204,None,359.0643107,None,TRUE,2.9538877,2.9565099,0.600925926,-0.07962963,1,0,0,2.9538877,two_middle_right,23,1,2021_Dec_29_1557,untitled_1,2020.2.6,59.9828209
ירוק,blue,c,0,train_Image_certainty//image9_alemnt9.jpg,9.jpg,two_up_left,one_middle_right,widespread,train_certainty,,,,,0,7,7,8,,,,,361.730692,361.9304452,c,1,361.730692,None,0.8390329,0,0,1,0,0,0.6635679,polygon,359.5641459,None,364.6994205,373.6827615,375.7283643,None,,,,,,,,,,,23,1,2021_Dec_29_1557,untitled_1,2020.2.6,59.9828209
אדום,blue,c,0,train_Image_certainty//image1_alemnt1.jpg,1.jpg,two_middle_left,one_down_right,widespread,train_certainty,,,,,0,8,8,0,,,,,378.5454183,378.7451144,c,1,378.5454183,None,0.6845302,0,0,1,0,0,0.8145414,polygon,376.2287533,None,381.3649028,None,385.9772171,None,TRUE,2.6567527,2.6581889,0.474074074,-0.197222222,1,0,0,2.6567527,one_down_right,23,1,2021_Dec_29_1557,untitled_1,2020.2.6,59.9828209
ירוק,green,x,1,train_Image_certainty//image10_alemnt10.jpg,10.jpg,two_up_left,three_middle_right,widespread,train_certainty,,,,,0,9,9,9,,,,,388.6937903,388.8937953,x,1,388.6937903,None,0.4451595,0,0,1,0,0,0.7171494,polygon,386.4773436,None,391.2621662,None,396.9927411,None,TRUE,3.7707169,3.772119,0.710185185,0.040740741,1,0,0,3.7707169,three_middle_right,23,1,2021_Dec_29_1557,untitled_1,2020.2.6,59.9828209
ירוק,red,z,0,train_Image_certainty//image2_alemnt2.jpg,2.jpg,two_down_left,three_middle_right,widespread,train_certainty,,,,,0,10,10,1,,,,,399.7593313,399.9589884,z,1,399.7593313,None,0.7412797,0,0,1,0,0,0.7818388,polygon,397.4925636,None,402.63094,None,407.8578435,None,TRUE,3.2562348,3.2607446,0.746296296,0.048148148,1,0,0,3.2562348,three_middle_right,23,1,2021_Dec_29_1557,untitled_1,2020.2.6,59.9828209
ירוק,green,x,1,train_Image_certainty//image13_alemnt13.jpg,13.jpg,two_up_left,one_up_right,widespread,train_certainty,,,,,0,11,11,12,,,,,410.5409046,410.7409851,x,1,410.5409046,None,0.6039079,0,0,1,0,0,0.6812949,polygon,408.3577893,None,413.2728825,None,420.0396086,None,TRUE,4.8043262,4.8046685,0.409259259,0.159259259,1,0,0,4.8043262,one_up_right,23,1,2021_Dec_29_1557,untitled_1,2020.2.6,59.9828209
כחול,green,x,0,train_Image_certainty//image5_alemnt5.jpg,5.jpg,one_middle_left,three_middle_right,widespread,train_certainty,,,,,0,12,12,4,,,,,422.7062853,422.9057104,x,1,422.7062853,None,0.7320017,0,0,1,0,0,0.6653253,polygon,420.5395333,None,425.523556,434.5078052,436.5373741,None,,,,,,,,,,,23,1,2021_Dec_29_1557,untitled_1,2020.2.6,59.9828209
כחול,blue,c,1,train_Image_certainty//image11_alemnt11.jpg,11.jpg,two_down_left,one_down_right,widespread,train_certainty,,,,,0,13,13,10,,,,,439.8704288,440.0705253,c,1,439.8704288,None,0.7509355,0,0,1,0,0,1.3474026,polygon,437.0375242,None,442.7210987,451.7053634,453.7352782,None,,,,,,,,,,,23,1,2021_Dec_29_1557,untitled_1,2020.2.6,59.9828209
כחול,blue,c,1,train_Image_certainty//image14_alemnt14.jpg,14.jpg,three_middle_left,one_middle_right,widespread,train_certainty,,,,,0,14,14,13,,,,,456.3184688,456.5183049,c,1,456.3184688,None,0.9557873,0,0,1,0,0,0.5797777,polygon,454.2351979,None,459.3839646,None,465.3170355,None,TRUE,3.9701225,3.9724804,0.359259259,-0.025925926,1,0,0,3.9701225,one_middle_right,23,1,2021_Dec_29_1557,untitled_1,2020.2.6,59.9828209
ירוק,blue,c,0,Image_certainty//image51_alemnt14.jpg,14.jpg,three_middle_left,one_down_right,widespread,certainty,,,,,,,,,0,0,0,51,472.8164131,472.9995171,c,1,472.8164131,None,0.7802922,0,0,1,0,0,1.0713879,polygon,470.2351294,None,474.6619166,None,479.5998947,None,TRUE,,4.9930344,,,,,,,,23,1,2021_Dec_29_1557,untitled_1,2020.2.6,59.9828209
כחול,red,z,0,Image_certainty//image76_alemnt14.jpg,14.jpg,three_middle_left,two_middle_right,widespread,certainty,,,,,,,,,0,1,1,76,483.0150554,483.2148182,z,1,483.0150554,None,0.7456626,0,0,1,0,0,1.3981423,polygon,480.1144508,None,484.8269316,None,486.2170804,None,TRUE,1.4380643,1.4406815,0.6,-0.058333333,1,0,0,1.4380643,two_middle_right,23,1,2021_Dec_29_1557,untitled_1,2020.2.6,59.9828209
ירוק,red,z,0,Image_certainty//image50_alemnt11.jpg,11.jpg,three_middle_left,one_down_right,widespread,certainty,,,,,,,,,0,2,2,50,489.0976236,489.2973654,z,1,489.0976236,None,0.6802497,0,0,1,0,0,0.8651496,polygon,486.7309432,None,490.8315736,None,492.4523231,None,TRUE,1.6557092,1.6601728,0.442592593,-0.227777778,1,0,0,1.6557092,one_down_right,23,1,2021_Dec_29_1557,untitled_1,2020.2.6,59.9828209
ירוק,blue,c,0,Image_certainty//image39_alemnt12.jpg,12.jpg,one_middle_left,one_middle_right,widespread,certainty,,,,,,,,,0,3,3,39,495.246799,495.4465009,c,1,495.246799,None,0.8598043,0,0,1,0,0,0.7822537,polygon,492.9633737,None,497.1833411,None,498.862038,None,TRUE,1.7369498,1.7387992,0.371296296,0.008333333,1,0,0,1.7369498,one_middle_right,23,1,2021_Dec_29_1557,untitled_1,2020.2.6,59.9828209
אדום,blue,c,0,Image_certainty//image97_alemnt8.jpg,8.jpg,one_middle_left,three_middle_right,widespread,certainty,,,,,,,,,0,4,4,97,501.5293924,501.7287552,c,1,501.5293924,None,0.8059572,0,0,1,0,0,0.6642504,polygon,499.3625912,None,503.401298,None,506.9450066,None,TRUE,3.5861265,3.5886067,0.705555556,0.028703704,1,0,0,3.5861265,three_middle_right,23,1,2021_Dec_29_1557,untitled_1,2020.2.6,59.9828209
כחול,red,z,0,Image_certainty//image46_alemnt8.jpg,8.jpg,two_middle_left,two_up_right,widespread,certainty,,,,,,,,,0,5,5,46,509.6282773,509.827832,z,1,509.6282773,None,0.9081011,0,0,1,0,0,0.684834,polygon,507.4448303,None,511.6232742,None,519.7425711,None,TRUE,8.1869398,8.187383,0.590740741,0.189814815,1,0,0,8.1869398,two_up_right,23,1,2021_Dec_29_1557,untitled_1,2020.2.6,59.9828209
ירוק,green,x,1,Image_certainty//image115_alemnt2.jpg,2.jpg,three_middle_left,one_down_right,infrequent,certainty,,,,,,,,,0,6,6,115,522.3263179,522.5262585,x,1,522.3263179,None,0.6566925,0,0,1,0,0,0.595962,polygon,520.2431744,None,524.0468828,None,525.6265382,None,TRUE,1.6212298,1.6242397,0.444444444,-0.232407407,1,0,0,1.6212298,one_down_right,23,1,2021_Dec_29_1557,untitled_1,2020.2.6,59.9828209
אדום,red,z,1,Image_certainty//image189_alemnt8.jpg,8.jpg,one_middle_left,one_middle_right,widespread,certainty,,,,,,,,,0,7,7,189,528.809144,529.0086546,z,1,528.809144,None,0.7057641,0,0,1,0,0,1.1955075,polygon,526.1257076,None,530.5943127,None,533.3292434,None,TRUE,2.790179,2.7929382,0.392592593,0.002777778,1,0,0,2.790179,one_middle_right,23,1,2021_Dec_29_1557,untitled_1,2020.2.6,59.9828209
אדום,blue,c,0,Image_certainty//image79_alemnt13.jpg,13.jpg,one_down_left,one_up_right,widespread,certainty,,,,,,,,,0,8,8,79,538.3908408,538.5909136,c,1,538.3908408,None,0.6889452,0,0,1,0,0,3.048116,polygon,533.8413705,None,540.159981,None,544.5898269,None,TRUE,4.4891188,4.4895034,0.385185185,0.238888889,1,0,0,4.4891188,one_up_right,23,1,2021_Dec_29_1557,untitled_1,2020.2.6,59.9828209
אדום,red,z,1,Image_certainty//image126_alemnt9.jpg,9.jpg,two_down_left,one_middle_right,widespread,certainty,,,,,,,,,0,9,9,126,548.4563932,548.6560164,z,1,548.4563932,None,0.6695348,-0.096296296,-0.062037037,1,0,0,0.812045,polygon,545.0899875,None,550.2068446,None,557.2410403,None,TRUE,7.0872642,7.0901687,0.430555556,-0.014814815,1,0,0,7.0872642,one_middle_right,23,1,2021_Dec_29_1557,untitled_1,2020.2.6,59.9828209
אדום,red,z,1,Image_certainty//image105_alemnt7.jpg,7.jpg,one_middle_left,one_up_right,infrequent,certainty,,,,,,,,,0,10,10,105,559.7217381,559.9211458,z,1,559.7217381,None,0.5916935,0,0,1,0,0,0.4818295,polygon,557.7549485,None,561.3669241,570.3566498,570.3697832,None,,,,,,,,,,,23,1,2021_Dec_29_1557,untitled_1,2020.2.6,59.9828209
אדום,blue,c,0,Image_certainty//image61_alemnt10.jpg,10.jpg,one_down_left,one_middle_right,widespread,certainty,,,,,,,,,0,11,11,61,572.8867168,573.0864261,c,1,572.8867168,None,0.7701452,0,0,1,0,0,0.5144804,polygon,570.869918,None,574.7268987,None,580.2539555,None,TRUE,5.5725371,5.5735267,0.388888889,-0.007407407,1,0,0,5.5725371,one_middle_right,23,1,2021_Dec_29_1557,untitled_1,2020.2.6,59.9828209
ירוק,green,x,1,Image_certainty//image184_alemnt14.jpg,14.jpg,one_up_left,two_middle_right,widespread,certainty,,,,,,,,,0,12,12,184,583.685037,583.8849937,x,1,583.685037,None,0.634905,0,0,1,0,0,1.4138275,polygon,580.7682758,None,585.3994922,None,588.9913217,None,TRUE,3.6405852,3.6446537,0.551851852,-0.038888889,1,0,0,3.6405852,two_middle_right,23,1,2021_Dec_29_1557,untitled_1,2020.2.6,59.9828209
כחול,green,x,0,Image_certainty//image5_alemnt2.jpg,2.jpg,two_down_left,two_down_right,infrequent,certainty,,,,,,,,,0,13,13,5,593.1674071,593.3664758,x,1,593.1674071,None,0.5603767,0,0,1,0,0,2.1671345,polygon,589.5008154,None,594.7815258,None,599.832276,None,TRUE,5.0857483,5.0873694,0.709259259,-0.237037037,1,0,0,5.0857483,two_down_right,23,1,2021_Dec_29_1557,untitled_1,2020.2.6,59.9828209
כחול,red,z,0,Image_certainty//image10_alemnt6.jpg,6.jpg,two_middle_left,three_middle_right,infrequent,certainty,,,,,,,,,0,14,14,10,602.8823566,603.0824976,z,1,602.8823566,None,0.6246265,0,0,1,0,0,1.0472461,polygon,600.3327729,None,604.588165,613.584107,613.5971521,None,,,,,,,,,,,23,1,2021_Dec_29_1557,untitled_1,2020.2.6,59.9828209
ירוק,green,x,1,Image_certainty//image193_alemnt12.jpg,12.jpg,three_middle_left,three_middle_right,widespread,certainty,,,,,,,,,0,15,15,193,616.2976771,616.4973598,x,1,616.2976771,None,0.7399649,0,0,1,0,0,0.6962321,polygon,614.0975836,None,618.1174849,None,620.9720144,None,TRUE,2.9099962,2.9130063,0.725925926,0.015740741,1,0,0,2.9099962,three_middle_right,23,1,2021_Dec_29_1557,untitled_1,2020.2.6,59.9828209
אדום,blue,c,0,Image_certainty//image91_alemnt8.jpg,8.jpg,two_up_left,one_up_right,widespread,certainty,,,,,,,,,0,16,16,91,623.496849,623.7131177,c,1,623.496849,None,0.7044125,0,0,1,0,0,0.5313102,polygon,621.4796233,None,625.2744532,None,630.9132046,None,TRUE,5.6876201,5.6889077,-0.486111111,0.175925926,1,0,0,5.6876201,two_up_left,23,1,2021_Dec_29_1557,untitled_1,2020.2.6,59.9828209
כחול,red,z,0,Image_certainty//image88_alemnt10.jpg,10.jpg,two_middle_left,two_up_right,widespread,certainty,,,,,,,,,0,17,17,88,634.4453492,634.6447087,z,1,634.4453492,None,0.9021068,0.018518519,-0.000925926,1,0,0,1.5285438,polygon,631.4286034,None,636.4321705,None,639.9770048,None,TRUE,3.605455,3.6056685,0.566666667,0.231481481,1,0,0,3.605455,two_up_right,23,1,2021_Dec_29_1557,untitled_1,2020.2.6,59.9828209
ירוק,blue,c,0,Image_certainty//image87_alemnt11.jpg,11.jpg,three_middle_left,two_middle_right,widespread,certainty,,,,,,,,,0,18,18,87,643.0441205,643.243909,c,1,643.0441205,None,0.9231451,0,0,1,0,0,1.0813905,polygon,640.4768973,None,645.0312119,None,646.7444196,None,TRUE,1.7553321,1.7580321,0.577777778,-0.032407407,1,0,0,1.7553321,two_middle_right,23,1,2021_Dec_29_1557,untitled_1,2020.2.6,59.9828209
כחול,blue,c,1,Image_certainty//image143_alemnt9.jpg,9.jpg,two_down_left,one_middle_right,widespread,certainty,,,,,,,,,0,19,19,143,649.725718,649.9097361,c,1,649.725718,None,0.5645382,0,0,1,0,0,0.9635535,polygon,647.2599716,None,651.3507323,None,659.9493853,None,FALSE,8.6388902,8.6448898,0.727777778,-0.184259259,1,0,0,8.6388902,two_down_right,23,1,2021_Dec_29_1557,untitled_1,2020.2.6,59.9828209
כחול,blue,c,1,Image_certainty//image167_alemnt8.jpg,8.jpg,two_down_left,one_middle_right,widespread,certainty,,,,,,,,,0,20,20,167,665.6078718,665.8075373,c,1,665.6078718,None,0.5593909,0.005555556,-0.025,1,0,0,1.3130881,polygon,660.4582484,None,667.2458514,None,673.5447139,None,TRUE,6.355883,6.3589579,0.400925926,0.011111111,1,0,0,6.355883,one_middle_right,23,1,2021_Dec_29_1557,untitled_1,2020.2.6,59.9828209
ירוק,red,z,0,Image_certainty//image62_alemnt11.jpg,11.jpg,two_down_left,two_middle_right,widespread,certainty,,,,,,,,,0,21,21,62,676.2065035,676.4061655,z,1,676.2065035,None,0.5950332,0,0,1,0,0,0.6472825,polygon,674.0564769,None,677.863578,None,681.592279,None,TRUE,3.7706938,3.7738638,0.580555556,-0.047222222,1,0,0,3.7706938,two_middle_right,23,1,2021_Dec_29_1557,untitled_1,2020.2.6,59.9828209
כחול,red,z,0,Image_certainty//image58_alemnt8.jpg,8.jpg,two_middle_left,two_up_right,widespread,certainty,,,,,,,,,0,22,22,58,684.2385182,684.4380654,z,1,684.2385182,None,0.6718975,0,0,1,0,0,0.633371,polygon,682.1051513,None,686.0070328,694.9909127,695.0051133,None,,,,,,,,,,,23,1,2021_Dec_29_1557,untitled_1,2020.2.6,59.9828209
כחול,blue,c,1,Image_certainty//image182_alemnt9.jpg,9.jpg,one_up_left,two_middle_right,widespread,certainty,,,,,,,,,0,23,23,182,697.0701977,697.2700269,c,1,697.0701977,None,0.7538322,0,0,1,0,0,0.0475375,polygon,695.5203069,None,698.9088288,None,701.8698312,None,TRUE,,3.0237353,,,,,,,,23,1,2021_Dec_29_1557,untitled_1,2020.2.6,59.9828209
ירוק,green,x,1,Image_certainty//image160_alemnt8.jpg,8.jpg,two_down_left,two_up_right,widespread,certainty,,,,,,,,,0,24,24,160,704.6356057,704.8192279,x,1,704.6356057,None,0.7309633,0,0,1,0,0,0.7628177,polygon,702.3693857,None,706.4446346,None,711.2676496,None,TRUE,4.8857675,4.8859639,0.562962963,0.151851852,1,0,0,4.8857675,two_up_right,23,1,2021_Dec_29_1557,untitled_1,2020.2.6,59.9828209
ירוק,green,x,1,Image_certainty//image142_alemnt14.jpg,14.jpg,three_middle_left,two_down_right,widespread,certainty,,,,,,,,,0,25,25,142,718.6009772,718.8006854,x,1,718.6009772,None,0.6196576,0.018518519,0.039814815,1,0,0,1.3808817,polygon,711.7675904,None,720.30493,None,722.1495297,None,FALSE,1.6406963,1.9027146,0.002777778,0.006481481,1,0,0,1.6406963,,23,1,2021_Dec_29_1557,untitled_1,2020.2.6,59.9828209
אדום,blue,c,0,Image_certainty//image43_alemnt11.jpg,11.jpg,two_down_left,one_up_right,widespread,certainty,,,,,,,,,0,26,26,43,725.3667143,725.5664375,c,1,725.3667143,None,0.9328131,0,0,1,0,0,1.2141798,polygon,722.650143,None,727.3589755,None,729.5362401,None,TRUE,2.2227845,2.2239433,0.319444444,0.144444444,1,0,0,2.2227845,one_up_right,23,1,2021_Dec_29_1557,untitled_1,2020.2.6,59.9828209
כחול,blue,c,1,Image_certainty//image188_alemnt9.jpg,9.jpg,two_up_left,two_down_right,widespread,certainty,,,,,,,,,0,27,27,188,732.2824838,732.4822612,c,1,732.2824838,None,0.4730526,0,0,1,0,0,0.7461985,polygon,730.04908,None,733.8350589,None,736.4937596,None,TRUE,2.7077521,2.7144435,0.687037037,-0.223148148,1,0,0,2.7077521,two_down_right,23,1,2021_Dec_29_1557,untitled_1,2020.2.6,59.9828209
אדום,green,x,0,Image_certainty//image60_alemnt13.jpg,13.jpg,one_middle_left,two_up_right,widespread,certainty,,,,,,,,,0,28,28,60,740.2811181,740.4812338,x,1,740.2811181,None,0.6306793,-0.001851852,0.000925926,1,0,0,1.7846785,polygon,736.9982398,None,741.9821018,None,744.3134112,None,TRUE,2.3878471,2.3880546,0.596296296,0.183333333,1,0,0,2.3878471,two_up_right,23,1,2021_Dec_29_1557,untitled_1,2020.2.6,59.9828209
כחול,green,x,0,Image_certainty//image41_alemnt12.jpg,12.jpg,two_up_left,one_up_right,widespread,certainty,,,,,,,,,0,29,29,41,747.1636452,747.3635948,x,1,747.1636452,None,0.5660363,0,0,1,0,0,0.862065,polygon,744.8138824,None,748.780697,None,751.5624272,None,TRUE,2.8213895,2.8219373,0.264814815,0.156481481,1,0,0,1.8352217,one_up_right,23,1,2021_Dec_29_1557,untitled_1,2020.2.6,59.9828209
אדום,green,x,0,Image_certainty//image90_alemnt12.jpg,12.jpg,three_middle_left,two_up_right,widespread,certainty,,,,,,,,,0,30,30,90,754.6460525,754.8458451,x,1,754.6460525,None,0.5679529,0,0,1,0,0,1.0830347,polygon,752.0629314,None,756.2713442,None,758.9469448,None,TRUE,2.7054796,2.7061058,0.600925926,0.205555556,1,0,0,2.7054796,two_up_right,23,1,2021_Dec_29_1557,untitled_1,2020.2.6,59.9828209
אדום,red,z,1,Image_certainty//image132_alemnt9.jpg,9.jpg,one_down_left,two_down_right,widespread,certainty,,,,,,,,,0,31,31,132,761.728611,761.9281591,x,0,761.728611,None,0.484975,0,0,1,0,0,0.7637644,polygon,759.4619908,None,763.2884339,772.2800552,772.2931297,None,,,,,,,,,,,23,1,2021_Dec_29_1557,untitled_1,2020.2.6,59.9828209
ירוק,green,x,1,Image_certainty//image172_alemnt8.jpg,8.jpg,two_middle_left,two_down_right,widespread,certainty,,,,,,,,,0,32,32,172,778.0598476,778.2596374,x,1,778.0598476,None,0.567819,0,0,1,0,0,3.7631467,polygon,772.7935071,None,779.6992941,None,786.9672471,None,TRUE,7.3068162,7.3122696,0.760185185,-0.259259259,1,0,0,7.3068162,two_down_right,23,1,2021_Dec_29_1557,untitled_1,2020.2.6,59.9828209
ירוק,blue,c,0,Image_certainty//image99_alemnt10.jpg,10.jpg,three_middle_left,one_middle_right,widespread,certainty,,,,,,,,,0,33,33,99,789.691639,789.891435,c,1,789.691639,None,0.5002852,0,0,1,0,0,0.7320656,polygon,787.4750119,None,791.2730558,None,796.3730486,None,TRUE,5.1529534,5.1546084,0.384259259,0.014814815,1,0,0,5.1529534,one_middle_right,23,1,2021_Dec_29_1557,untitled_1,2020.2.6,59.9828209
כחול,blue,c,1,Image_certainty//image158_alemnt11.jpg,11.jpg,one_up_left,two_down_right,widespread,certainty,,,,,,,,,0,34,34,158,798.7405756,798.9402517,c,1,798.7405756,None,0.4606993,0,0,1,0,0,0.3647484,polygon,796.8734917,None,800.2675902,809.2586324,809.2717923,None,,,,,,,,,,,23,1,2021_Dec_29_1557,untitled_1,2020.2.6,59.9828209
ירוק,red,z,0,Image_certainty//image38_alemnt8.jpg,8.jpg,two_up_left,two_down_right,widespread,certainty,,,,,,,,,0,35,35,38,829.8864118,830.0860199,z,1,829.8864118,None,0.608471,0.015740741,-0.000925926,1,0,0,18.6151171,polygon,809.7718836,None,831.5712874,None,835.701314,None,TRUE,,4.1880006,,,,,,,,23,1,2021_Dec_29_1557,untitled_1,2020.2.6,59.9828209
ירוק,red,z,0,Image_certainty//image20_alemnt10.jpg,10.jpg,two_up_left,two_up_right,widespread,certainty,,,,,,,,,0,36,36,20,841.1017069,841.3014145,z,1,841.1017069,None,0.654429,-0.001851852,-0.005555556,1,0,0,3.4145515,polygon,836.2019291,None,842.8309722,None,845.9177605,None,TRUE,3.1396266,3.1401475,0.588888889,0.237037037,1,0,0,3.1396266,two_up_right,23,1,2021_Dec_29_1557,untitled_1,2020.2.6,59.9828209
אדום,green,x,0,Image_certainty//image42_alemnt12.jpg,12.jpg,two_up_left,one_up_right,widespread,certainty,,,,,,,,,0,37,37,42,848.8339316,849.0336811,x,1,848.8339316,None,0.8010981,0,0,1,0,0,0.9159341,polygon,846.4172411,None,850.7116593,None,852.4830169,None,TRUE,1.8237047,1.8240275,0.333333333,0.159259259,1,0,0,1.8237047,one_up_right,23,1,2021_Dec_29_1557,untitled_1,2020.2.6,59.9828209
ירוק,green,x,1,Image_certainty//image109_alemnt5.jpg,5.jpg,one_down_left,two_middle_right,infrequent,certainty,,,,,,,,,0,38,38,109,855.2830489,855.4828119,x,1,855.2830489,None,0.5952235,0,0,1,0,0,0.7991787,polygon,852.9830486,None,856.9294023,None,862.3222545,None,TRUE,5.4220613,5.4261329,0.605555556,-0.05462963,1,0,0,5.4220613,two_middle_right,23,1,2021_Dec_29_1557,untitled_1,2020.2.6,59.9828209
אדום,green,x,0,Image_certainty//image36_alemnt10.jpg,10.jpg,three_middle_left,three_middle_right,widespread,certainty,,,,,,,,,0,39,39,36,864.8819454,865.0811126,x,1,864.8819454,None,0.5900033,0,0,1,0,0,0.5474796,polygon,862.8315497,None,866.5659254,None,869.7236509,None,TRUE,3.2238325,3.228799,0.723148148,0.059259259,1,0,0,3.2238325,three_middle_right,23,1,2021_Dec_29_1557,untitled_1,2020.2.6,59.9828209
ירוק,blue,c,0,Image_certainty//image9_alemnt2.jpg,2.jpg,one_up_left,two_down_right,infrequent,certainty,,,,,,,,,0,40,40,9,872.9470533,873.1471932,c,1,872.9470533,None,0.717236,0,0,1,0,0,1.2291464,polygon,870.2308794,None,874.7373436,883.7328827,883.7453243,None,,,,,,,,,,,23,1,2021_Dec_29_1557,untitled_1,2020.2.6,59.9828209
ירוק,green,x,1,Image_certainty//image139_alemnt10.jpg,10.jpg,two_up_left,one_middle_right,widespread,certainty,,,,,,,,,0,41,41,139,887.4950574,887.6951572,x,1,887.4950574,None,0.5883311,-0.008333333,0.000925926,1,0,0,1.748744,polygon,884.2453788,None,889.1622238,None,891.865652,None,TRUE,2.75379,2.7572249,0.381481481,0.00462963,1,0,0,2.75379,one_middle_right,23,1,2021_Dec_29_1557,untitled_1,2020.2.6,59.9828209
ירוק,green,x,1,Image_certainty//image103_alemnt1.jpg,1.jpg,two_down_left,one_middle_right,infrequent,certainty,,,,,,,,,0,42,42,103,895.0278903,895.2276471,x,1,895.0278903,None,0.6355518,0,0,1,0,0,1.1662962,polygon,892.3779873,None,896.7413154,None,900.8004825,None,TRUE,4.108944,4.1116326,0.35462963,0.002777778,1,0,0,4.108944,one_middle_right,23,1,2021_Dec_29_1557,untitled_1,2020.2.6,59.9828209
ירוק,blue,c,0,Image_certainty//image3_alemnt4.jpg,4.jpg,one_middle_left,one_up_right,infrequent,certainty,,,,,,,,,0,43,43,3,903.4767895,903.6765929,c,1,903.4767895,None,0.9201011,0,0,1,0,0,0.6636986,polygon,901.3101511,None,905.4822554,None,908.6419096,None,TRUE,3.2194412,3.2202434,0.372222222,0.128703704,1,0,0,3.2194412,one_up_right,23,1,2021_Dec_29_1557,untitled_1,2020.2.6,59.9828209
כחול,blue,c,1,Image_certainty//image101_alemnt6.jpg,6.jpg,one_down_left,two_middle_right,infrequent,certainty,,,,,,,,,0,44,44,101,911.4258133,911.6254552,c,1,911.4258133,None,0.8382086,0,0,1,0,0,0.7802051,polygon,909.1420899,None,913.3283812,None,916.9435611,None,TRUE,3.6548612,3.6579128,0.562962963,-0.046296296,1,0,0,3.6548612,two_middle_right,23,1,2021_Dec_29_1557,untitled_1,2020.2.6,59.9828209
ירוק,green,x,1,Image_certainty//image118_alemnt6.jpg,6.jpg,one_up_left,one_up_right,infrequent,certainty,,,,,,,,,0,45,45,118,920.2912524,920.4907538,x,1,920.2912524,None,0.5949819,0,0,1,0,0,1.3337856,polygon,917.4580539,None,921.9460882,None,923.6286606,None,TRUE,1.7242067,1.7252271,0.382407407,0.198148148,1,0,0,1.7242067,one_up_right,23,1,2021_Dec_29_1557,untitled_1,2020.2.6,59.9828209
אדום,blue,c,0,Image_certainty//image67_alemnt13.jpg,13.jpg,three_middle_left,one_middle_right,widespread,certainty,,,,,,,,,0,46,46,67,927.5071192,927.7068558,c,1,927.5071192,None,0.7688746,0,0,1,0,0,1.8786411,polygon,924.1401518,None,929.3645999,None,930.847576,None,TRUE,1.5408165,1.5444622,0.365740741,-0.012962963,1,0,0,1.5408165,one_middle_right,23,1,2021_Dec_29_1557,untitled_1,2020.2.6,59.9828209
אדום,green,x,0,Image_certainty//image24_alemnt13.jpg,13.jpg,three_middle_left,one_middle_right,widespread,certainty,,,,,,,,,0,47,47,24,933.3060487,933.5054594,x,1,933.3060487,None,0.8558062,0,0,1,0,0,0.4473639,polygon,931.3562196,None,935.2180953,None,936.5576803,None,TRUE,1.3735901,1.3753479,0.399074074,-0.002777778,1,0,0,1.3735901,one_middle_right,23,1,2021_Dec_29_1557,untitled_1,2020.2.6,59.9828209
ירוק,green,x,1,Image_certainty//image190_alemnt12.jpg,12.jpg,one_down_left,one_middle_right,widespread,certainty,,,,,,,,,0,48,48,190,939.13888,939.338615,x,1,939.13888,None,0.5445072,0,0,1,0,0,0.5646845,polygon,937.0717683,None,940.7522955,None,945.9203292,None,TRUE,5.2178981,5.2193267,0.355555556,-0.037962963,1,0,0,5.2178981,one_middle_right,23,1,2021_Dec_29_1557,untitled_1,2020.2.6,59.9828209
ירוק,green,x,1,Image_certainty//image175_alemnt11.jpg,11.jpg,one_middle_left,two_down_right,widespread,certainty,,,,,,,,,0,49,49,175,948.5043756,948.7040454,x,1,948.5043756,None,0.5985042,0,0,1,0,0,0.5834691,polygon,946.4209376,None,950.1719909,None,954.2290344,None,FALSE,4.1107035,4.1142155,0.594444444,-0.026851852,1,0,0,4.1107035,two_middle_right,23,1,2021_Dec_29_1557,untitled_1,2020.2.6,59.9828209
כחול,blue,c,1,Image_certainty//image140_alemnt11.jpg,11.jpg,one_up_left,two_up_right,widespread,certainty,,,,,,,,,0,50,50,140,957.2524759,957.452838,c,1,957.2524759,None,0.7111869,-0.003703704,0,1,0,0,1.0159771,polygon,954.7361139,None,959.0390113,None,963.2678783,None,TRUE,4.286594,4.2868437,0.637962963,0.217592593,1,0,0,4.286594,two_up_right,23,1,2021_Dec_29_1557,untitled_1,2020.2.6,59.9828209
ירוק,red,z,0,Image_certainty//image8_alemnt6.jpg,6.jpg,one_down_left,one_up_right,infrequent,certainty,,,,,,,,,0,51,51,8,966.1353494,966.3350682,z,1,966.1353494,None,0.7749748,0,0,1,0,0,0.8819198,polygon,963.7678939,None,967.9888278,None,975.4832335,None,TRUE,,7.5543019,,,,,,,,23,1,2021_Dec_29_1557,untitled_1,2020.2.6,59.9828209
אדום,green,x,0,Image_certainty//image12_alemnt1.jpg,1.jpg,one_up_left,two_up_right,infrequent,certainty,,,,,,,,,0,52,52,12,978.6,978.7991494,x,1,978.6,None,0.7013279,0,0,1,0,0,1.1288592,polygon,975.9835074,None,980.3629046,None,982.0488736,None,TRUE,1.7206456,1.7209387,0.582407407,0.214814815,1,0,0,1.7206456,two_up_right,23,1,2021_Dec_29_1557,untitled_1,2020.2.6,59.9828209
ירוק,green,x,1,Image_certainty//image169_alemnt11.jpg,11.jpg,one_middle_left,one_up_right,widespread,certainty,,,,,,,,,0,53,53,169,985.0160331,985.2155255,x,1,985.0160331,None,0.546559,0,0,1,0,0,0.9690059,polygon,982.5489981,None,986.6121449,None,988.053986,None,TRUE,1.4743546,1.4755485,0.333333333,0.173148148,1,0,0,1.4743546,one_up_right,23,1,2021_Dec_29_1557,untitled_1,2020.2.6,59.9828209
אדום,red,z,1,Image_certainty//image129_alemnt8.jpg,8.jpg,one_middle_left,three_middle_right,widespread,certainty,,,,,,,,,0,54,54,129,990.7487897,990.9484869,z,1,990.7487897,None,0.6280051,0,0,1,0,0,0.6949957,polygon,988.5654256,None,992.440913,None,994.416453,None,TRUE,2.0204455,2.0232092,0.733333333,0.057407407,1,0,0,2.0204455,three_middle_right,23,1,2021_Dec_29_1557,untitled_1,2020.2.6,59.9828209
כחול,blue,c,1,Image_certainty//image176_alemnt9.jpg,9.jpg,two_middle_left,one_down_right,widespread,certainty,,,,,,,,,0,55,55,176,997.0476039,997.2477119,c,1,997.0476039,None,0.3677664,0,0,1,0,0,0.6284617,polygon,994.9312344,None,998.467814,1007.449218,1007.478915,None,,,,,,,,,,,23,1,2021_Dec_29_1557,untitled_1,2020.2.6,59.9828209
ירוק,blue,c,0,Image_certainty//image63_alemnt13.jpg,13.jpg,three_middle_left,one_down_right,widespread,certainty,,,,,,,,,0,56,56,63,1033.359812,1033.559615,c,1,1033.359812,None,0.9386956,0,0,1,0,0,23.8775238,polygon,1007.979519,None,1035.379444,None,1038.376103,None,TRUE,3.0529817,3.0560317,0.459259259,-0.226851852,1,0,0,3.0529817,one_down_right,23,1,2021_Dec_29_1557,untitled_1,2020.2.6,59.9828209
אדום,green,x,0,Image_certainty//image66_alemnt11.jpg,11.jpg,one_up_left,two_up_right,widespread,certainty,,,,,,,,,0,57,57,66,1041.308357,1041.508544,x,1,1041.308357,None,0.823302,0,0,1,0,0,0.9320707,polygon,1038.875516,None,1043.213531,None,1044.790731,None,TRUE,1.6385467,1.6389118,0.621296296,0.25,1,0,0,1.6385467,two_up_right,23,1,2021_Dec_29_1557,untitled_1,2020.2.6,59.9828209
ירוק,green,x,1,Image_certainty//image157_alemnt8.jpg,8.jpg,one_middle_left,three_middle_right,widespread,certainty,,,,,,,,,0,58,58,157,1047.424738,1047.623862,x,1,1047.424738,None,0.6461271,0,0,1,0,0,0.6310274,polygon,1045.291374,None,1049.120821,None,1053.373054,None,TRUE,4.2850444,4.2864736,0.737037037,0.07037037,1,0,0,4.2850444,three_middle_right,23,1,2021_Dec_29_1557,untitled_1,2020.2.6,59.9828209
אדום,blue,c,0,Image_certainty//image19_alemnt4.jpg,4.jpg,one_middle_left,two_middle_right,infrequent,certainty,,,,,,,,,0,59,59,19,1056.590167,1056.789947,c,1,1056.590167,None,0.6802857,0,0,1,0,0,1.218759,polygon,1053.873227,None,1058.344394,None,1061.138577,None,TRUE,2.8533166,2.8553613,0.475925926,-0.003703704,1,0,0,2.8533166,two_middle_right,23,1,2021_Dec_29_1557,untitled_1,2020.2.6,59.9828209
אדום,red,z,1,Image_certainty//image162_alemnt10.jpg,10.jpg,two_down_left,two_middle_right,widespread,certainty,,,,,,,,,0,60,60,162,1063.239246,1063.438743,z,1,1063.239246,None,0.915317,0,0,1,0,0,0.1007491,polygon,1061.638844,None,1065.216967,None,1069.057494,None,TRUE,3.8916508,3.8928448,0.553703704,-0.066666667,1,0,0,3.8916508,two_middle_right,23,1,2021_Dec_29_1557,untitled_1,2020.2.6,59.9828209
כחול,red,z,0,Image_certainty//image16_alemnt4.jpg,4.jpg,one_middle_left,two_up_right,infrequent,certainty,,,,,,,,,0,61,61,16,1071.821585,1072.021291,z,1,1071.821585,None,0.7860882,0,0,1,0,0,0.7504922,polygon,1069.571508,None,1073.682276,None,1077.086623,None,TRUE,3.4542638,3.4545148,0.615740741,0.172222222,1,0,0,3.4542638,two_up_right,23,1,2021_Dec_29_1557,untitled_1,2020.2.6,59.9828209
אדום,green,x,0,Image_certainty//image72_alemnt9.jpg,9.jpg,one_middle_left,two_down_right,widespread,certainty,,,,,,,,,0,62,62,72,1079.587133,1079.786758,x,1,1079.587133,None,0.7092844,0,0,1,0,0,0.4976792,polygon,1077.587136,None,1081.372112,1090.355057,1090.368146,None,,,,,,,,,,,23,1,2021_Dec_29_1557,untitled_1,2020.2.6,59.9828209
ירוק,green,x,1,Image_certainty//image145_alemnt12.jpg,12.jpg,two_down_left,two_down_right,widespread,certainty,,,,,,,,,0,63,63,145,1093.035427,1093.235029,x,1,1093.035427,None,0.5040209,0,0,1,0,0,0.6644032,polygon,1090.86836,None,1094.611307,None,1098.989031,None,TRUE,4.4232684,4.4272253,0.719444444,-0.271296296,1,0,0,4.4232684,two_down_right,23,1,2021_Dec_29_1557,untitled_1,2020.2.6,59.9828209
ירוק,blue,c,0,Image_certainty//image57_alemnt13.jpg,13.jpg,two_down_left,two_middle_right,widespread,certainty,,,,,,,,,0,64,64,57,1101.583639,1101.783647,c,1,1101.583639,None,0.7224024,0,0,1,0,0,0.5819376,polygon,1099.500428,None,1103.369131,None,1111.087173,None,TRUE,7.7561488,7.7587504,0.52962963,-0.075,1,0,0,7.7561488,two_middle_right,23,1,2021_Dec_29_1557,untitled_1,2020.2.6,59.9828209
אדום,red,z,1,Image_certainty//image144_alemnt8.jpg,8.jpg,two_middle_left,two_down_right,widespread,certainty,,,,,,,,,0,65,65,144,1114.232552,1114.432403,z,1,1114.232552,None,0.6465516,0,0,1,0,0,1.1342051,polygon,1111.59936,None,1115.949305,None,1120.381615,None,TRUE,4.4865741,4.4890807,0,0,1,0,0,0.9703497,two_down_right,23,1,2021_Dec_29_1557,untitled_1,2020.2.6,59.9828209
ירוק,red,z,0,Image_certainty//image98_alemnt13.jpg,13.jpg,three_middle_left,two_down_right,widespread,certainty,,,,,,,,,0,66,66,98,1124.098069,1124.297781,z,1,1124.098069,None,1.0420388,0,0,1,0,0,1.7136863,polygon,1120.881219,None,1126.216614,None,1132.250982,None,TRUE,6.0916459,6.0932412,0.682407407,-0.212962963,1,0,0,6.0916459,two_down_right,23,1,2021_Dec_29_1557,untitled_1,2020.2.6,59.9828209
כחול,blue,c,1,Image_certainty//image110_alemnt5.jpg,5.jpg,three_middle_left,one_up_right,infrequent,certainty,,,,,,,,,0,67,67,110,1134.896105,1135.096063,c,1,1134.896105,None,0.6280478,0,0,1,0,0,0.6296771,polygon,1132.762779,None,1136.597676,None,1142.094837,None,TRUE,5.551362,5.5518241,0.339814815,0.218518519,1,0,0,5.551362,one_up_right,23,1,2021_Dec_29_1557,untitled_1,2020.2.6,59.9828209
ירוק,green,x,1,Image_certainty//image130_alemnt11.jpg,11.jpg,three_middle_left,two_down_right,widespread,certainty,,,,,,,,,0,68,68,130,1144.928443,1145.11173,x,1,1144.928443,None,0.6293308,0,0,1,0,0,0.8307882,polygon,1142.595259,None,1146.631249,None,1150.690895,None,TRUE,4.1091441,4.1154594,0.702777778,-0.211111111,1,0,0,4.1091441,two_down_right,23,1,2021_Dec_29_1557,untitled_1,2020.2.6,59.9828209
כחול,red,z,0,Image_certainty//image22_alemnt11.jpg,11.jpg,two_up_left,one_down_right,widespread,certainty,,,,,,,,,0,69,69,22,1153.260861,1153.460641,z,1,1153.260861,None,0.9250524,0,0,1,0,0,0.5648181,polygon,1151.194197,None,1155.258418,None,1163.975596,None,TRUE,8.7681927,8.7708017,0.471296296,-0.185185185,1,0,0,8.7681927,one_down_right,23,1,2021_Dec_29_1557,untitled_1,2020.2.6,59.9828209
ירוק,red,z,0,Image_certainty//image14_alemnt6.jpg,6.jpg,two_up_left,one_up_right,infrequent,certainty,,,,,,,,,0,70,70,14,1169.708738,1169.908627,z,1,1169.708738,None,0.6945017,-0.005555556,0.011111111,1,0,0,2.2956584,polygon,1164.475703,None,1171.465302,None,1173.340726,None,TRUE,1.9189894,1.9193409,0.380555556,0.169444444,1,0,0,1.9189894,one_up_right,23,1,2021_Dec_29_1557,untitled_1,2020.2.6,59.9828209
כחול,blue,c,1,Image_certainty//image185_alemnt14.jpg,14.jpg,three_middle_left,three_middle_right,widespread,certainty,,,,,,,,,0,71,71,185,1175.940899,1176.140995,c,1,1175.940899,None,0.6753466,0,0,1,0,0,0.6154843,polygon,1173.841224,None,1177.669426,None,1179.877754,None,TRUE,2.2379568,2.2414469,0.615740741,0.012037037,1,0,0,1.4204739,three_middle_right,23,1,2021_Dec_29_1557,untitled_1,2020.2.6,59.9828209
אדום,blue,c,0,Image_certainty//image31_alemnt9.jpg,9.jpg,one_up_left,one_down_right,widespread,certainty,,,,,,,,,0,72,72,31,1183.75698,1183.95661,c,1,1183.75698,None,0.6938679,-0.027777778,-0.012962963,1,0,0,1.163913,polygon,1180.390217,None,1185.514197,None,1191.426609,None,TRUE,5.9546249,5.9582766,0.494444444,-0.184259259,1,0,0,5.9546249,one_down_right,23,1,2021_Dec_29_1557,untitled_1,2020.2.6,59.9828209
אדום,red,z,1,Image_certainty//image108_alemnt2.jpg,2.jpg,one_down_left,one_up_right,infrequent,certainty,,,,,,,,,0,73,73,108,1194.33894,1194.53845,z,1,1194.33894,None,0.8365775,0,0,1,0,0,0.8966141,polygon,1191.938775,None,1196.239847,1205.223997,1205.236805,None,,,,,,,,,,,23,1,2021_Dec_29_1557,untitled_1,2020.2.6,59.9828209
ירוק,red,z,0,Image_certainty//image2_alemnt4.jpg,4.jpg,one_down_left,two_down_right,infrequent,certainty,,,,,,,,,0,74,74,2,1215.486098,1215.685524,z,1,1215.486098,None,0.625118,0,0,1,0,0,8.2467188,polygon,1205.737091,None,1217.173982,None,1220.50675,None,TRUE,3.3730882,3.3769928,0.697222222,-0.237962963,1,0,0,3.3730882,two_down_right,23,1,2021_Dec_29_1557,untitled_1,2020.2.6,59.9828209
כחול,green,x,0,Image_certainty//image29_alemnt13.jpg,13.jpg,one_middle_left,one_up_right,widespread,certainty,,,,,,,,,0,75,75,29,1223.818351,1224.018116,x,1,1223.818351,None,1.0856843,0,0,1,0,0,1.2970402,polygon,1221.018405,None,1225.981922,None,1229.833294,None,TRUE,3.901307,3.901639,0.389814815,0.175925926,1,0,0,3.901307,one_up_right,23,1,2021_Dec_29_1557,untitled_1,2020.2.6,59.9828209
אדום,red,z,1,Image_certainty//image141_alemnt11.jpg,11.jpg,two_down_left,three_middle_right,widespread,certainty,,,,,,,,,0,76,76,141,1233.900453,1234.10009,z,1,1233.900453,None,0.5968838,0,0,1,0,0,2.0661524,polygon,1230.333837,None,1235.569436,None,1238.701619,None,TRUE,3.1878592,3.1909979,0.762962963,0.050925926,1,0,0,3.1878592,three_middle_right,23,1,2021_Dec_29_1557,untitled_1,2020.2.6,59.9828209
אדום,red,z,1,Image_certainty//image111_alemnt3.jpg,3.jpg,one_middle_left,two_up_right,infrequent,certainty,,,,,,,,,0,77,77,111,1241.51518,1241.714924,z,1,1241.51518,None,0.7013491,0,0,1,0,0,0.7977115,polygon,1239.215995,None,1243.301725,None,1251.131989,None,TRUE,7.887993,7.8885976,0.585185185,0.2,1,0,0,7.887993,two_up_right,23,1,2021_Dec_29_1557,untitled_1,2020.2.6,59.9828209
אדום,green,x,0,Image_certainty//image18_alemnt4.jpg,4.jpg,three_middle_left,one_down_right,infrequent,certainty,,,,,,,,,0,78,78,18,1253.6807,1253.880894,x,1,1253.6807,None,0.707539,0,0,1,0,0,0.531784,polygon,1251.647751,None,1255.465091,None,1261.651839,None,TRUE,6.2390386,6.2426751,0.437962963,-0.228703704,1,0,0,6.2390386,one_down_right,23,1,2021_Dec_29_1557,untitled_1,2020.2.6,59.9828209
ירוק,red,z,0,Image_certainty//image92_alemnt10.jpg,10.jpg,one_down_left,two_middle_right,widespread,certainty,,,,,,,,,0,79,79,92,1265.435988,1265.628722,z,1,1265.435988,None,0.6603303,0.001851852,-0.012962963,1,0,0,1.7625317,polygon,1262.163069,None,1267.160595,None,1270.76293,None,TRUE,3.6535363,3.6559514,0.577777778,-0.044444444,1,0,0,3.6535363,two_middle_right,23,1,2021_Dec_29_1557,untitled_1,2020.2.6,59.9828209
כחול,red,z,0,Image_certainty//image70_alemnt14.jpg,14.jpg,two_down_left,one_middle_right,widespread,certainty,,,,,,,,,0,80,80,70,1273.261595,1273.461483,z,1,1273.261595,None,0.8703299,0,0,1,0,0,0.4810117,polygon,1271.278508,None,1275.226856,None,1281.165856,None,TRUE,6.0057811,6.008725,0.396296296,-0.009259259,1,0,0,6.0057811,one_middle_right,23,1,2021_Dec_29_1557,untitled_1,2020.2.6,59.9828209
ירוק,green,x,1,Image_certainty//image151_alemnt13.jpg,13.jpg,two_middle_left,one_down_right,widespread,certainty,,,,,,,,,0,81,81,151,1284.193796,1284.393084,x,1,1284.193796,None,0.6288107,0,0,1,0,0,1.0147031,polygon,1281.677113,None,1285.889836,None,1290.126562,None,TRUE,4.2854994,4.2881996,0.45462963,-0.211111111,1,0,0,4.2854994,one_down_right,23,1,2021_Dec_29_1557,untitled_1,2020.2.6,59.9828209
ירוק,red,z,0,Image_certainty//image80_alemnt9.jpg,9.jpg,one_middle_left,one_middle_right,widespread,certainty,,,,,,,,,0,82,82,80,1292.625667,1292.825126,None,0,1292.625667,None,,0,0,1,0,0,0.49768,polygon,1290.625974,None,1294.871207,None,1300.741506,None,TRUE,5.9201042,5.9218678,0.447222222,0.010185185,1,0,0,5.9201042,one_middle_right,23,1,2021_Dec_29_1557,untitled_1,2020.2.6,59.9828209
כחול,blue,c,1,Image_certainty//image119_alemnt6.jpg,6.jpg,two_middle_left,one_down_right,infrequent,certainty,,,,,,,,,0,83,83,119,1303.391163,1303.590718,c,1,1303.391163,None,0.6792689,0,0,1,0,0,0.6475247,polygon,1301.241258,None,1305.142869,1314.126591,1314.13905,None,,,,,,,,,,,23,1,2021_Dec_29_1557,untitled_1,2020.2.6,59.9828209
אדום,red,z,1,Image_certainty//image150_alemnt13.jpg,13.jpg,one_down_left,two_down_right,widespread,certainty,,,,,,,,,0,84,84,150,1336.320385,1336.519514,z,1,1336.320385,None,0.6324238,-0.030555556,0.130555556,1,0,0,17.6959754,polygon,1314.639414,None,1338.040483,None,1343.497011,None,TRUE,5.5103743,5.5156477,0.703703704,-0.25,1,0,0,5.5103743,two_down_right,23,1,2021_Dec_29_1557,untitled_1,2020.2.6,59.9828209
אדום,blue,c,0,Image_certainty//image37_alemnt13.jpg,13.jpg,two_down_left,one_up_right,widespread,certainty,,,,,,,,,0,85,85,37,1346.185766,1346.385469,c,1,1346.185766,None,0.6765036,0,0,1,0,0,0.6995044,polygon,1344.002304,None,1347.917574,None,1353.834521,None,TRUE,5.9548614,5.9562118,0.339814815,0.149074074,1,0,0,5.9548614,one_up_right,23,1,2021_Dec_29_1557,untitled_1,2020.2.6,59.9828209
כחול,green,x,0,Image_certainty//image47_alemnt13.jpg,13.jpg,one_middle_left,one_middle_right,widespread,certainty,,,,,,,,,0,86,86,47,1356.667633,1356.867405,x,1,1356.667633,None,0.6871709,0,0,1,0,0,0.8302675,polygon,1354.334064,None,1358.437843,None,1362.399791,None,TRUE,4.0197256,4.022122,0.382407407,-0.028703704,1,0,0,4.0197256,one_middle_right,23,1,2021_Dec_29_1557,untitled_1,2020.2.6,59.9828209
כחול,red,z,0,Image_certainty//image94_alemnt9.jpg,9.jpg,three_middle_left,two_down_right,widespread,certainty,,,,,,,,,0,87,87,94,1365.499424,1365.699611,z,1,1365.499424,None,0.6035922,0,0,1,0,0,1.1003479,polygon,1362.899462,None,1367.184223,None,1373.064675,None,TRUE,5.934528,5.9361597,0.718518519,-0.203703704,1,0,0,5.934528,two_down_right,23,1,2021_Dec_29_1557,untitled_1,2020.2.6,59.9828209
כחול,green,x,0,Image_certainty//image89_alemnt13.jpg,13.jpg,two_up_left,three_middle_right,widespread,certainty,,,,,,,,,0,88,88,89,1375.881556,1376.081521,None,0,1375.881556,None,,0,0,1,0,0,0.8138606,polygon,1373.564775,None,1378.13047,None,1380.483058,None,TRUE,2.4079471,2.4092993,0.744444444,0.082407407,1,0,0,2.4079471,three_middle_right,23,1,2021_Dec_29_1557,untitled_1,2020.2.6,59.9828209
כחול,blue,c,1,Image_certainty//image170_alemnt13.jpg,13.jpg,one_down_left,two_middle_right,widespread,certainty,,,,,,,,,0,89,89,170,1383.363567,1383.563875,c,1,1383.363567,None,0.3901402,0,0,1,0,0,0.8657146,polygon,1380.997169,None,1384.827707,None,1388.932089,None,TRUE,4.1548727,4.1577196,0.550925926,-0.074074074,1,0,0,4.1548727,two_middle_right,23,1,2021_Dec_29_1557,untitled_1,2020.2.6,59.9828209
אדום,red,z,1,Image_certainty//image123_alemnt13.jpg,13.jpg,one_up_left,one_down_right,widespread,certainty,,,,,,,,,0,90,90,123,1392.22979,1392.429446,z,1,1392.22979,None,0.6443213,0,0,1,0,0,1.2995466,polygon,1389.446345,None,1393.944537,None,1398.698662,None,TRUE,4.8055007,4.8091638,0.44537037,-0.263888889,1,0,0,4.8055007,one_down_right,23,1,2021_Dec_29_1557,untitled_1,2020.2.6,59.9828209
אדום,red,z,1,Image_certainty//image138_alemnt9.jpg,9.jpg,one_down_left,two_down_right,widespread,certainty,,,,,,,,,0,91,91,138,1401.361744,1401.56158,z,1,1401.361744,None,0.5925733,0,0,1,0,0,0.6460555,polygon,1399.211791,None,1403.007965,None,1406.286251,None,TRUE,3.3111503,3.3150778,0.766666667,-0.234259259,1,0,0,3.3111503,two_down_right,23,1,2021_Dec_29_1557,untitled_1,2020.2.6,59.9828209
ירוק,green,x,1,Image_certainty//image121_alemnt12.jpg,12.jpg,two_down_left,three_middle_right,widespread,certainty,,,,,,,,,0,92,92,121,1408.827539,1409.027196,x,1,1408.827539,None,0.7199662,0,0,1,0,0,0.5304833,polygon,1406.7941,None,1410.61459,None,1418.281136,None,TRUE,7.7048561,7.7089542,0.7,0.018518519,1,0,0,7.7048561,three_middle_right,23,1,2021_Dec_29_1557,untitled_1,2020.2.6,59.9828209
אדום,blue,c,0,Image_certainty//image55_alemnt12.jpg,12.jpg,three_middle_left,one_middle_right,widespread,certainty,,,,,,,,,0,93,93,55,1421.458789,1421.658425,c,1,1421.458789,None,0.9085551,0.00462963,0.009259259,1,0,0,1.166315,polygon,1418.792226,None,1423.437772,None,1430.396377,None,TRUE,7.0061214,7.0088813,0.418518519,0.003703704,1,0,0,7.0061214,one_middle_right,23,1,2021_Dec_29_1557,untitled_1,2020.2.6,59.9828209
אדום,red,z,1,Image_certainty//image198_alemnt9.jpg,9.jpg,one_up_left,one_middle_right,widespread,certainty,,,,,,,,,0,94,94,198,1437.307238,1437.506978,z,1,1437.307238,None,0.5787622,0,0,1,0,0,4.900394,polygon,1430.907631,None,1438.946248,None,1442.50582,None,TRUE,3.6029092,3.604983,0.368518519,0.013888889,1,0,0,3.6029092,one_middle_right,23,1,2021_Dec_29_1557,untitled_1,2020.2.6,59.9828209
כחול,blue,c,1,Image_certainty//image131_alemnt13.jpg,13.jpg,one_middle_left,one_middle_right,widespread,certainty,,,,,,,,,0,95,95,131,1445.855856,1446.055604,c,1,1445.855856,None,0.558389,0,0,1,0,0,1.3479545,polygon,1443.005894,None,1447.489889,1456.4749,1456.487582,None,,,,,,,,,,,23,1,2021_Dec_29_1557,untitled_1,2020.2.6,59.9828209
ירוק,green,x,1,Image_certainty//image133_alemnt11.jpg,11.jpg,one_middle_left,two_up_right,widespread,certainty,,,,,,,,,0,96,96,133,1459.537304,1459.737174,x,1,1459.537304,None,0.6867738,0,0,1,0,0,1.0624113,polygon,1456.987471,None,1461.319301,None,1463.352938,None,TRUE,2.1027596,2.1031248,0.606481481,0.203703704,1,0,0,2.1027596,two_up_right,23,1,2021_Dec_29_1557,untitled_1,2020.2.6,59.9828209
אדום,red,z,1,Image_certainty//image156_alemnt11.jpg,11.jpg,two_down_left,one_down_right,widespread,certainty,,,,,,,,,0,97,97,156,1466.169823,1466.369816,z,1,1466.169823,None,0.5784762,0,0,1,0,0,0.8325539,polygon,1463.8534,None,1467.822471,None,1472.801512,None,TRUE,,5.0393406,,,,,,,,23,1,2021_Dec_29_1557,untitled_1,2020.2.6,59.9828209
ירוק,red,z,0,Image_certainty//image74_alemnt8.jpg,8.jpg,two_up_left,three_middle_right,widespread,certainty,,,,,,,,,0,98,98,74,1475.401843,1475.601895,None,0,1475.401843,None,,0,0,1,0,0,0.6123396,polygon,1473.302164,None,1477.64891,None,1486.633409,None,,,,,,,,,,,23,1,2021_Dec_29_1557,untitled_1,2020.2.6,59.9828209
אדום,red,z,1,Image_certainty//image180_alemnt12.jpg,12.jpg,one_up_left,one_middle_right,widespread,certainty,,,,,,,,,0,99,99,180,1489.166744,1489.366738,x,0,1489.166744,None,0.805848,0,0,1,0,0,0.5336844,polygon,1487.133664,None,1491.038947,None,1493.671403,None,TRUE,2.6718101,2.6759125,0.416666667,0.001851852,1,0,0,2.6718101,one_middle_right,23,1,2021_Dec_29_1557,untitled_1,2020.2.6,59.9828209
אדום,blue,c,0,Image_certainty//image49_alemnt11.jpg,11.jpg,three_middle_left,two_middle_right,widespread,certainty,,,,,,,,,0,100,100,49,1496.332811,1496.532414,c,1,1496.332811,None,0.7535747,0,0,1,0,0,0.6470843,polygon,1494.182371,None,1498.169978,None,1504.415625,None,FALSE,6.30311,6.3054632,0.367592593,-0.009259259,1,0,0,6.30311,one_middle_right,23,1,2021_Dec_29_1557,untitled_1,2020.2.6,59.9828209
כחול,blue,c,1,Image_certainty//image137_alemnt8.jpg,8.jpg,one_up_left,two_middle_right,widespread,certainty,,,,,,,,,0,101,101,137,1507.397843,1507.597579,c,1,1507.397843,None,0.7054212,0,0,1,0,0,0.9644777,polygon,1504.931252,None,1509.179272,None,1516.49569,None,TRUE,,7.3692958,,,,,,,,23,1,2021_Dec_29_1557,untitled_1,2020.2.6,59.9828209
אדום,red,z,1,Image_certainty//image102_alemnt1.jpg,1.jpg,three_middle_left,two_middle_right,infrequent,certainty,,,,,,,,,0,102,102,102,1571.806256,1572.006054,z,1,1571.806256,None,0.7871293,0,0,1,0,0,53.3140519,polygon,1516.995597,None,1573.671917,None,1575.410057,None,TRUE,1.7899203,1.7928051,0.57962963,-0.048148148,1,0,0,1.7899203,two_middle_right,23,1,2021_Dec_29_1557,untitled_1,2020.2.6,59.9828209
כחול,red,z,0,Image_certainty//image52_alemnt13.jpg,13.jpg,one_middle_left,two_middle_right,widespread,certainty,,,,,,,,,0,103,103,52,1580.138581,1580.338264,z,1,1580.138581,None,0.7574737,0,0,1,0,0,2.7181488,polygon,1575.922068,None,1581.954784,1590.939926,1590.953204,None,,,,,,,,,,,23,1,2021_Dec_29_1557,untitled_1,2020.2.6,59.9828209
כחול,green,x,0,Image_certainty//image77_alemnt10.jpg,10.jpg,one_middle_left,two_up_right,widespread,certainty,,,,,,,,,0,104,104,77,1593.53682,1593.736089,x,1,1593.53682,None,0.7032711,0,0,1,0,0,0.5795246,polygon,1591.453377,None,1595.320304,None,1599.768637,None,TRUE,4.503441,4.5038129,0.580555556,0.232407407,1,0,0,4.503441,two_up_right,23,1,2021_Dec_29_1557,untitled_1,2020.2.6,59.9828209
אדום,red,z,1,Image_certainty//image174_alemnt10.jpg,10.jpg,one_down_left,three_middle_right,widespread,certainty,,,,,,,,,0,105,105,174,1602.401951,1602.602029,z,1,1602.401951,None,0.7329472,0,0,1,0,0,0.6343397,polygon,1600.268886,None,1604.198166,None,1607.167388,None,TRUE,3.0189116,3.020199,0.748148148,0.026851852,1,0,0,3.0189116,three_middle_right,23,1,2021_Dec_29_1557,untitled_1,2020.2.6,59.9828209
אדום,red,z,1,Image_certainty//image159_alemnt13.jpg,13.jpg,one_middle_left,two_middle_right,widespread,certainty,,,,,,,,,0,106,106,159,1609.9679,1610.167616,z,1,1609.9679,None,0.5600537,0,0,1,0,0,0.7988328,polygon,1607.667952,None,1611.59293,None,1613.316667,None,TRUE,1.7687129,1.7701884,0.566666667,-0.041666667,1,0,0,1.7687129,two_middle_right,23,1,2021_Dec_29_1557,untitled_1,2020.2.6,59.9828209
אדום,red,z,1,Image_certainty//image192_alemnt11.jpg,11.jpg,one_up_left,one_down_right,widespread,certainty,,,,,,,,,0,107,107,192,1616.150533,1616.350226,z,1,1616.150533,None,0.581033,0,0,1,0,0,0.8329858,polygon,1613.817096,None,1617.779813,1626.768387,1626.781572,None,,,,,,,,,,,23,1,2021_Dec_29_1557,untitled_1,2020.2.6,59.9828209
כחול,green,x,0,Image_certainty//image83_alemnt14.jpg,14.jpg,one_down_left,one_middle_right,widespread,certainty,,,,,,,,,0,108,108,83,1629.315291,1629.514579,x,1,1629.315291,None,0.7008829,0,0,1,0,0,0.5310069,polygon,1627.28204,None,1631.083318,None,1634.751305,None,TRUE,3.7073273,3.7097213,0.417592593,-0.024074074,1,0,0,3.7073273,one_middle_right,23,1,2021_Dec_29_1557,untitled_1,2020.2.6,59.9828209
כחול,green,x,0,Image_certainty//image71_alemnt12.jpg,12.jpg,three_middle_left,two_down_right,widespread,certainty,,,,,,,,,0,109,109,71,1639.096107,1639.295222,x,1,1639.096107,None,0.6969931,0,0,1,0,0,2.3310265,polygon,1635.264292,None,1640.864033,None,1644.79555,None,TRUE,3.9864894,3.9892233,0.690740741,-0.237037037,1,0,0,3.9864894,two_down_right,23,1,2021_Dec_29_1557,untitled_1,2020.2.6,59.9828209
אדום,blue,c,0,Image_certainty//image1_alemnt6.jpg,6.jpg,two_down_left,one_up_right,infrequent,certainty,,,,,,,,,0,110,110,1,1647.779806,1647.979442,c,1,1647.779806,None,0.8080971,0,0,1,0,0,0.9841614,polygon,1645.29603,None,1649.665651,None,1652.814727,None,TRUE,3.2047713,3.2058008,0.355555556,0.193518519,1,0,0,3.2047713,one_up_right,23,1,2021_Dec_29_1557,untitled_1,2020.2.6,59.9828209
כחול,green,x,0,Image_certainty//image95_alemnt9.jpg,9.jpg,two_up_left,two_down_right,widespread,certainty,,,,,,,,,0,111,111,95,1655.495375,1655.695101,x,1,1655.495375,None,0.6140085,0,0,1,0,0,0.664248,polygon,1653.328646,None,1657.183699,1666.179997,1666.193086,None,,,,,,,,,,,23,1,2021_Dec_29_1557,untitled_1,2020.2.6,59.9828209
ירוק,red,z,0,Image_certainty//image44_alemnt11.jpg,11.jpg,two_middle_left,one_up_right,widespread,certainty,,,,,,,,,0,112,112,44,1669.059575,1669.259704,z,1,1669.059575,None,0.7039588,0,0,1,0,0,0.863781,polygon,1666.693482,None,1670.844808,None,1674.858716,None,TRUE,4.0722828,4.0726019,0.402777778,0.14537037,1,0,0,4.0722828,one_up_right,23,1,2021_Dec_29_1557,untitled_1,2020.2.6,59.9828209
כחול,blue,c,1,Image_certainty//image128_alemnt13.jpg,13.jpg,two_up_left,three_middle_right,widespread,certainty,,,,,,,,,0,113,113,128,1677.442367,1677.642367,c,1,1677.442367,None,0.8935421,0,0,1,0,0,0.5826983,polygon,1675.35903,None,1679.405267,1688.394129,1688.407019,None,,,,,,,,,,,23,1,2021_Dec_29_1557,untitled_1,2020.2.6,59.9828209
אדום,green,x,0,Image_certainty//image30_alemnt10.jpg,10.jpg,two_down_left,three_middle_right,widespread,certainty,,,,,,,,,0,114,114,30,1692.324013,1692.523536,x,1,1692.324013,None,0.8345224,0,0,1,0,0,1.9140565,polygon,1688.90735,None,1694.231234,None,1701.023192,None,FALSE,6.8391906,6.8408591,0.714814815,-0.211111111,1,0,0,6.8391906,two_down_right,23,1,2021_Dec_29_1557,untitled_1,2020.2.6,59.9828209
אדום,green,x,0,Image_certainty//image6_alemnt7.jpg,7.jpg,three_middle_left,three_middle_right,infrequent,certainty,,,,,,,,,0,115,115,6,1703.672478,1703.871736,x,1,1703.672478,None,0.7803156,0,0,1,0,0,0.6472676,polygon,1701.522043,None,1705.527772,1714.524093,1714.536709,None,,,,,,,,,,,23,1,2021_Dec_29_1557,untitled_1,2020.2.6,59.9828209
ירוק,blue,c,0,Image_certainty//image69_alemnt14.jpg,14.jpg,one_middle_left,two_down_right,widespread,certainty,,,,,,,,,0,116,116,69,1717.987288,1718.186755,c,1,1717.987288,None,0.8685107,0,0,1,0,0,1.4496682,polygon,1715.036951,None,1719.940662,None,1725.435122,None,TRUE,,5.5560714,,,,,,,,23,1,2021_Dec_29_1557,untitled_1,2020.2.6,59.9828209
אדום,green,x,0,Image_certainty//image54_alemnt11.jpg,11.jpg,two_down_left,two_middle_right,widespread,certainty,,,,,,,,,0,117,117,54,1728.03575,1728.235555,x,1,1728.03575,None,0.6470268,0,0,1,0,0,0.5976974,polygon,1725.935851,None,1729.753542,None,1734.10073,None,TRUE,4.4014327,4.4028378,0.546296296,-0.059259259,1,0,0,4.4014327,two_middle_right,23,1,2021_Dec_29_1557,untitled_1,2020.2.6,59.9828209
אדום,red,z,1,Image_certainty//image114_alemnt2.jpg,2.jpg,one_middle_left,one_middle_right,infrequent,certainty,,,,,,,,,0,118,118,114,1736.684538,1736.884394,None,0,1736.684538,None,,0,0,1,0,0,0.5825823,polygon,1734.601021,None,1738.934268,None,1740.952239,None,TRUE,2.0708847,2.0730228,0.37037037,0.010185185,1,0,0,2.0708847,one_middle_right,23,1,2021_Dec_29_1557,untitled_1,2020.2.6,59.9828209
ירוק,blue,c,0,Image_certainty//image21_alemnt14.jpg,14.jpg,one_down_left,one_middle_right,widespread,certainty,,,,,,,,,0,119,119,21,1743.50051,1743.69967,c,1,1743.50051,None,0.6510768,0,0,1,0,0,0.5313407,polygon,1741.46712,None,1745.196507,None,1752.215109,None,TRUE,7.0511807,7.0522735,0.398148148,0.006481481,1,0,0,7.0511807,one_middle_right,23,1,2021_Dec_29_1557,untitled_1,2020.2.6,59.9828209
כחול,blue,c,1,Image_certainty//image152_alemnt14.jpg,14.jpg,one_middle_left,one_middle_right,widespread,certainty,,,,,,,,,0,120,120,152,1754.898988,1755.098769,c,1,1754.898988,None,0.8602143,0,0,1,0,0,0.6806797,polygon,1752.715631,None,1756.836593,None,1758.533827,None,TRUE,1.754855,1.7569789,0.376851852,-0.030555556,1,0,0,1.754855,one_middle_right,23,1,2021_Dec_29_1557,untitled_1,2020.2.6,59.9828209
כחול,blue,c,1,Image_certainty//image164_alemnt9.jpg,9.jpg,one_middle_left,three_middle_right,widespread,certainty,,,,,,,,,0,121,121,164,1761.164906,1761.364503,c,1,1761.164906,None,0.6164684,0,0,1,0,0,0.6139616,polygon,1759.04795,None,1762.830909,1771.816685,1771.829223,None,,,,,,,,,,,23,1,2021_Dec_29_1557,untitled_1,2020.2.6,59.9828209
כחול,red,z,0,Image_certainty//image34_alemnt8.jpg,8.jpg,one_middle_left,two_up_right,widespread,certainty,,,,,,,,,0,122,122,34,1775.096377,1775.296035,z,1,1775.096377,None,0.6379338,0.009259259,0.00462963,1,0,0,1.2650399,polygon,1772.329494,None,1776.816213,None,1783.494282,None,TRUE,6.7344029,6.73463,0.582407407,0.242592593,1,0,0,6.7344029,two_up_right,23,1,2021_Dec_29_1557,untitled_1,2020.2.6,59.9828209
ירוק,red,z,0,Image_certainty//image86_alemnt13.jpg,13.jpg,two_middle_left,one_up_right,widespread,certainty,,,,,,,,,0,123,123,86,1786.061294,1786.244742,z,1,1786.061294,None,1.0230121,0,0,1,0,0,0.5451482,polygon,1783.994793,None,1788.163335,None,1791.160198,None,TRUE,3.0534386,3.0541472,0.366666667,0.165740741,1,0,0,3.0534386,one_up_right,23,1,2021_Dec_29_1557,untitled_1,2020.2.6,59.9828209
כחול,blue,c,1,Image_certainty//image116_alemnt2.jpg,2.jpg,one_middle_left,two_down_right,infrequent,certainty,,,,,,,,,0,124,124,116,1794.477141,1794.676396,c,1,1794.477141,None,0.8859993,0,0,1,0,0,1.3143463,polygon,1791.660533,None,1796.447256,None,1805.145208,None,FALSE,8.7544638,8.7571336,0.537962963,-0.047222222,1,0,0,8.7544638,two_middle_right,23,1,2021_Dec_29_1557,untitled_1,2020.2.6,59.9828209
ירוק,red,z,0,Image_certainty//image32_alemnt9.jpg,9.jpg,two_up_left,one_down_right,widespread,certainty,,,,,,,,,0,125,125,32,1825.389326,1825.589104,z,1,1825.389326,None,0.6436303,0,0,1,0,0,18.2287156,polygon,1805.658745,None,1827.089011,1836.07491,1836.087645,None,,,,,,,,,,,23,1,2021_Dec_29_1557,untitled_1,2020.2.6,59.9828209
אדום,red,z,1,Image_certainty//image135_alemnt12.jpg,12.jpg,two_middle_left,one_middle_right,widespread,certainty,,,,,,,,,0,126,126,135,1838.104742,1838.304294,z,1,1838.104742,None,0.9101735,0,0,1,0,0,0.0158442,polygon,1836.588124,None,1840.093287,None,1843.877492,None,TRUE,3.8393808,3.8430161,0.371296296,-0.023148148,1,0,0,3.8393808,one_middle_right,23,1,2021_Dec_29_1557,untitled_1,2020.2.6,59.9828209
כחול,blue,c,1,Image_certainty//image149_alemnt11.jpg,11.jpg,one_middle_left,three_middle_right,widespread,certainty,,,,,,,,,0,127,127,149,1846.420478,1846.620161,c,1,1846.420478,None,0.6345998,0,0,1,0,0,0.5311317,polygon,1844.386982,None,1848.13427,None,1852.722948,None,TRUE,4.6374227,4.6409215,0.669444444,0.09537037,1,0,0,4.6374227,three_middle_right,23,1,2021_Dec_29_1557,untitled_1,2020.2.6,59.9828209
כחול,blue,c,1,Image_certainty//image107_alemnt6.jpg,6.jpg,two_middle_left,two_up_right,infrequent,certainty,,,,,,,,,0,128,128,107,1855.352056,1855.552215,c,1,1855.352056,None,0.5876077,0,0,1,0,0,0.6139657,polygon,1853.235823,None,1857.018771,None,1861.251188,None,TRUE,4.2858015,4.2861501,0.612962963,0.203703704,1,0,0,4.2858015,two_up_right,23,1,2021_Dec_29_1557,untitled_1,2020.2.6,59.9828209
אדום,red,z,1,Image_certainty//image120_alemnt12.jpg,12.jpg,two_up_left,two_up_right,widespread,certainty,,,,,,,,,0,129,129,120,1863.701004,1863.901247,z,1,1863.701004,None,0.6235602,0,0,1,0,0,0.4618896,polygon,1861.751457,None,1865.385498,None,1870.316433,None,TRUE,4.9700827,4.9703489,0.601851852,0.203703704,1,0,0,4.9700827,two_up_right,23,1,2021_Dec_29_1557,untitled_1,2020.2.6,59.9828209
כחול,blue,c,1,Image_certainty//image173_alemnt12.jpg,12.jpg,two_up_left,three_middle_right,widespread,certainty,,,,,,,,,0,130,130,173,1872.800323,1872.999984,c,1,1872.800323,None,0.6051397,0,0,1,0,0,0.4975723,polygon,1870.816874,None,1874.487218,None,1877.666157,None,TRUE,,3.24154,,,,,,,,23,1,2021_Dec_29_1557,untitled_1,2020.2.6,59.9828209
אדום,red,z,1,Image_certainty//image165_alemnt8.jpg,8.jpg,one_middle_left,one_up_right,widespread,certainty,,,,,,,,,0,131,131,165,1880.282459,1880.482344,z,1,1880.282459,None,0.9774764,0,0,1,0,0,0.6140127,polygon,1878.165555,None,1882.330631,None,1886.780947,None,TRUE,4.5042197,4.5048192,0.373148148,0.171296296,1,0,0,4.5042197,one_up_right,23,1,2021_Dec_29_1557,untitled_1,2020.2.6,59.9828209
ירוק,green,x,1,Image_certainty//image199_alemnt9.jpg,9.jpg,one_up_left,one_down_right,widespread,certainty,,,,,,,,,0,132,132,199,1889.398175,1889.597893,None,0,1889.398175,None,,0,0,1,0,0,0.6172464,polygon,1887.281345,None,1891.652215,None,1899.185035,None,TRUE,7.5874153,7.5923838,0.431481481,-0.243518519,1,0,0,7.5874153,one_down_right,23,1,2021_Dec_29_1557,untitled_1,2020.2.6,59.9828209
ירוק,blue,c,0,Image_certainty//image93_alemnt14.jpg,14.jpg,one_down_left,one_middle_right,widespread,certainty,,,,,,,,,0,133,133,93,1901.846319,1902.046023,c,1,1901.846319,None,0.6459435,0,0,1,0,0,0.6476902,polygon,1899.696496,None,1903.565446,None,1909.261343,None,TRUE,5.7516242,5.7526305,0.347222222,-0.012037037,1,0,0,5.7516242,one_middle_right,23,1,2021_Dec_29_1557,untitled_1,2020.2.6,59.9828209
ירוק,green,x,1,Image_certainty//image127_alemnt14.jpg,14.jpg,one_up_left,two_middle_right,widespread,certainty,,,,,,,,,0,134,134,127,1911.828186,1912.027724,x,1,1911.828186,None,0.5241844,0,0,1,0,0,0.5643339,polygon,1909.761804,None,1913.425271,None,1915.477189,None,TRUE,2.1032693,2.1043315,0.539814815,-0.05462963,1,0,0,2.1032693,two_middle_right,23,1,2021_Dec_29_1557,untitled_1,2020.2.6,59.9828209
כחול,blue,c,1,Image_certainty//image146_alemnt12.jpg,12.jpg,one_up_left,two_middle_right,widespread,certainty,,,,,,,,,0,135,135,146,1918.093843,1918.293404,c,1,1918.093843,None,0.7677782,0,0,1,0,0,0.6289138,polygon,1915.977696,None,1919.921325,None,1924.626025,None,TRUE,4.7521836,4.7537382,0.575,-0.073148148,1,0,0,4.7521836,two_middle_right,23,1,2021_Dec_29_1557,untitled_1,2020.2.6,59.9828209
ירוק,green,x,1,Image_certainty//image187_alemnt10.jpg,10.jpg,two_up_left,three_middle_right,widespread,certainty,,,,,,,,,0,136,136,187,1971.720703,1971.920469,x,1,1971.720703,None,0.8692742,0,0,1,0,0,45.1067534,polygon,1925.126128,None,1973.669231,None,1980.308425,None,TRUE,6.6893724,6.6923159,0.725925926,0.066666667,1,0,0,6.6893724,three_middle_right,23,1,2021_Dec_29_1557,untitled_1,2020.2.6,59.9828209
כחול,red,z,0,Image_certainty//image4_alemnt2.jpg,2.jpg,two_middle_left,two_middle_right,infrequent,certainty,,,,,,,,,0,137,137,4,1983.785895,1983.98558,z,1,1983.785895,None,0.7427688,0,0,1,0,0,1.4659116,polygon,1980.818663,None,1985.606567,None,1991.270815,None,TRUE,5.721868,5.7248821,0.564814815,-0.078703704,1,0,0,5.721868,two_middle_right,23,1,2021_Dec_29_1557,untitled_1,2020.2.6,59.9828209
אדום,blue,c,0,Image_certainty//image73_alemnt10.jpg,10.jpg,two_down_left,one_down_right,widespread,certainty,,,,,,,,,0,138,138,73,1994.767701,1994.96754,x,0,1994.767701,None,0.6714897,0,0,1,0,0,1.4802728,polygon,1991.784452,None,1996.515073,None,2000.585614,None,TRUE,4.1232056,4.1249302,0.455555556,-0.215740741,1,0,0,4.1232056,one_down_right,23,1,2021_Dec_29_1557,untitled_1,2020.2.6,59.9828209
ירוק,red,z,0,Image_certainty//image26_alemnt11.jpg,11.jpg,one_middle_left,two_down_right,widespread,certainty,,,,,,,,,0,139,139,26,2003.566331,2003.766206,z,1,2003.566331,None,1.0689456,0,0,1,0,0,0.9667604,polygon,2001.09948,None,2005.70365,None,2012.432046,None,TRUE,6.7697459,6.7726593,0.710185185,-0.212962963,1,0,0,6.7697459,two_down_right,23,1,2021_Dec_29_1557,untitled_1,2020.2.6,59.9828209
אדום,green,x,0,Image_certainty//image48_alemnt9.jpg,9.jpg,one_down_left,one_down_right,widespread,certainty,,,,,,,,,0,140,140,48,2016.114546,2016.314682,x,1,2016.114546,None,0.9666961,0.012037037,-0.000925926,1,0,0,1.6850172,polygon,2012.931683,None,2018.138878,None,2020.388633,None,TRUE,2.2908112,2.2970094,0.453703704,-0.215740741,1,0,0,2.2908112,one_down_right,23,1,2021_Dec_29_1557,untitled_1,2020.2.6,59.9828209
כחול,green,x,0,Image_certainty//image11_alemnt7.jpg,7.jpg,two_middle_left,one_middle_right,infrequent,certainty,,,,,,,,,0,141,141,11,2023.047326,2023.246811,x,1,2023.047326,None,1.0536427,0,0,1,0,0,0.6472087,polygon,2020.897376,None,2025.178729,None,2028.813187,None,TRUE,3.6900322,3.6910475,0.401851852,-0.032407407,1,0,0,3.6900322,one_middle_right,23,1,2021_Dec_29_1557,untitled_1,2020.2.6,59.9828209
כחול,blue,c,1,Image_certainty//image125_alemnt12.jpg,12.jpg,one_down_left,one_down_right,widespread,certainty,,,,,,,,,0,142,142,125,2031.446156,2031.645587,c,1,2031.446156,None,0.9737756,0,0,1,0,0,0.6454031,polygon,2029.312588,None,2033.490699,None,2035.551832,None,TRUE,2.1070411,2.1107236,0.419444444,-0.212037037,1,0,0,2.1070411,one_down_right,23,1,2021_Dec_29_1557,untitled_1,2020.2.6,59.9828209
ירוק,green,x,1,Image_certainty//image196_alemnt13.jpg,13.jpg,three_middle_left,one_down_right,widespread,certainty,,,,,,,,,0,143,143,196,2038.212001,2038.41177,x,1,2038.212001,None,0.8534453,0,0,1,0,0,0.665724,polygon,2036.061993,None,2040.141898,None,2044.862767,None,FALSE,4.7728568,4.774667,0.715740741,-0.194444444,1,0,0,4.7728568,two_down_right,23,1,2021_Dec_29_1557,untitled_1,2020.2.6,59.9828209
ירוק,green,x,1,Image_certainty//image148_alemnt13.jpg,13.jpg,one_middle_left,two_up_right,widespread,certainty,,,,,,,,,0,144,144,148,2047.393844,2047.593766,x,1,2047.393844,None,0.5897018,0,0,1,0,0,0.5143402,polygon,2045.377439,None,2049.058861,None,2052.592882,None,TRUE,3.5859904,3.5864444,0.55462963,0.200925926,1,0,0,3.5859904,two_up_right,23,1,2021_Dec_29_1557,untitled_1,2020.2.6,59.9828209
אדום,green,x,0,Image_certainty//image78_alemnt10.jpg,10.jpg,one_middle_left,two_up_right,widespread,certainty,,,,,,,,,0,145,145,78,2055.209867,2055.408929,x,1,2055.209867,None,0.7609367,0,0,1,0,0,0.6147445,polygon,2053.09311,None,2057.04728,None,2061.791335,None,TRUE,4.8020791,4.8024082,0.625,0.276851852,1,0,0,4.8020791,two_up_right,23,1,2021_Dec_29_1557,untitled_1,2020.2.6,59.9828209
אדום,green,x,0,Image_certainty//image0_alemnt7.jpg,7.jpg,one_down_left,two_up_right,infrequent,certainty,,,,,,,,,0,146,146,0,2064.192007,2064.391425,x,1,2064.192007,None,0.5717723,0,0,1,0,0,0.39758,polygon,2062.291497,None,2065.842751,None,2067.940631,None,TRUE,2.1528624,2.1531804,0.625,0.168518519,1,0,0,2.1528624,two_up_right,23,1,2021_Dec_29_1557,untitled_1,2020.2.6,59.9828209
ירוק,green,x,1,Image_certainty//image163_alemnt12.jpg,12.jpg,two_middle_left,three_middle_right,widespread,certainty,,,,,,,,,0,147,147,163,2070.374188,2070.573886,x,1,2070.374188,None,0.5536112,0,0,1,0,0,0.4313987,polygon,2068.440949,None,2071.997632,None,2079.241122,None,TRUE,7.2866322,7.2895063,0.686111111,0.05462963,1,0,0,7.2866322,three_middle_right,23,1,2021_Dec_29_1557,untitled_1,2020.2.6,59.9828209
ירוק,blue,c,0,Image_certainty//image15_alemnt3.jpg,3.jpg,three_middle_left,two_down_right,infrequent,certainty,,,,,,,,,0,148,148,15,2081.773011,2081.972588,c,1,2081.773011,None,0.5838389,0,0,1,0,0,0.5143587,polygon,2079.756295,None,2083.41445,None,2086.141311,None,TRUE,2.7736945,2.7752229,0.700925926,-0.246296296,1,0,0,2.7736945,two_down_right,23,1,2021_Dec_29_1557,untitled_1,2020.2.6,59.9828209
כחול,blue,c,1,Image_certainty//image134_alemnt9.jpg,9.jpg,two_down_left,three_middle_right,widespread,certainty,,,,,,,,,0,149,149,134,2088.671793,2088.871863,x,0,2088.671793,None,1.1567613,0,0,1,0,0,0.5143136,polygon,2086.655385,None,2090.905687,None,2094.022171,None,TRUE,3.1723635,3.1736255,0.751851852,0.055555556,1,0,0,3.1723635,three_middle_right,23,1,2021_Dec_29_1557,untitled_1,2020.2.6,59.9828209
כחול,blue,c,1,Image_certainty//image194_alemnt11.jpg,11.jpg,three_middle_left,two_down_right,widespread,certainty,,,,,,,,,0,150,150,194,2096.704183,2096.90354,c,1,2096.704183,None,0.544447,0,0,1,0,0,0.6787665,polygon,2094.53754,None,2098.32185,None,2105.453807,None,TRUE,7.1879301,7.189634,0.693518519,-0.219444444,1,0,0,7.1879301,two_down_right,23,1,2021_Dec_29_1557,untitled_1,2020.2.6,59.9828209
אדום,red,z,1,Image_certainty//image117_alemnt1.jpg,1.jpg,one_up_left,two_up_right,infrequent,certainty,,,,,,,,,0,151,151,117,2127.616896,2127.816647,z,1,2127.616896,None,0.5825254,0,0,1,0,0,20.1440492,polygon,2105.969548,None,2129.265627,None,2132.115641,None,TRUE,2.9035336,2.9043257,0.60462963,0.213888889,1,0,0,2.9035336,two_up_right,23,1,2021_Dec_29_1557,untitled_1,2020.2.6,59.9828209
אדום,green,x,0,Image_certainty//image96_alemnt14.jpg,14.jpg,one_up_left,two_down_right,widespread,certainty,,,,,,,,,0,152,152,96,2134.682837,2134.882506,x,1,2134.682837,None,0.5201724,0,0,1,0,0,0.5632557,polygon,2132.615771,None,2136.288562,None,2142.235412,None,TRUE,6.0045046,6.008439,0.669444444,-0.253703704,1,0,0,6.0045046,two_down_right,23,1,2021_Dec_29_1557,untitled_1,2020.2.6,59.9828209
כחול,blue,c,1,Image_certainty//image179_alemnt12.jpg,12.jpg,two_middle_left,one_down_right,widespread,certainty,,,,,,,,,0,153,153,179,2144.698118,2144.897235,c,1,2144.698118,None,0.4969582,0,0,1,0,0,0.4471029,polygon,2142.74804,None,2146.266629,None,2148.335535,None,TRUE,2.1224824,2.1261357,0.415740741,-0.210185185,1,0,0,2.1224824,one_down_right,23,1,2021_Dec_29_1557,untitled_1,2020.2.6,59.9828209
אדום,red,z,1,Image_certainty//image153_alemnt9.jpg,9.jpg,three_middle_left,two_middle_right,widespread,certainty,,,,,,,,,0,154,154,153,2151.030671,2151.230336,z,1,2151.030671,None,0.6084935,0,0,1,0,0,0.686545,polygon,2148.846795,None,2152.701453,None,2157.812028,None,TRUE,5.1511328,5.1521673,0.589814815,-0.056481481,1,0,0,5.1511328,two_middle_right,23,1,2021_Dec_29_1557,untitled_1,2020.2.6,59.9828209
ירוק,red,z,0,Image_certainty//image68_alemnt14.jpg,14.jpg,one_down_left,two_down_right,widespread,certainty,,,,,,,,,0,155,155,68,2160.446048,2160.645875,z,1,2160.446048,None,1.1387029,0,0,1,0,0,0.6460932,polygon,2158.312626,None,2162.659107,2171.64753,2171.660598,None,,,,,,,,,,,23,1,2021_Dec_29_1557,untitled_1,2020.2.6,59.9828209
כחול,blue,c,1,Image_certainty//image155_alemnt11.jpg,11.jpg,one_up_left,two_middle_right,widespread,certainty,,,,,,,,,0,156,156,155,2174.377669,2174.577368,c,1,2174.377669,None,0.8548186,0,0,1,0,0,0.7146741,polygon,2172.160936,None,2176.311817,None,2180.27566,None,TRUE,,4.0216707,,,,,,,,23,1,2021_Dec_29_1557,untitled_1,2020.2.6,59.9828209
כחול,blue,c,1,Image_certainty//image197_alemnt11.jpg,11.jpg,two_down_left,two_middle_right,widespread,certainty,,,,,,,,,0,157,157,197,2182.943107,2183.142841,c,1,2182.943107,None,0.7228403,0,0,1,0,0,0.6805817,polygon,2180.776118,None,2184.730143,None,2189.110484,None,TRUE,4.4214956,4.4238742,0.586111111,-0.061111111,1,0,0,4.4214956,two_middle_right,23,1,2021_Dec_29_1557,untitled_1,2020.2.6,59.9828209
אדום,blue,c,0,Image_certainty//image85_alemnt14.jpg,14.jpg,two_down_left,three_middle_right,widespread,certainty,,,,,,,,,0,158,158,85,2191.541999,2191.741793,c,1,2191.541999,None,0.6584449,0,0,1,0,0,0.4290988,polygon,2189.625277,None,2193.268695,None,2195.207295,None,TRUE,1.9850978,1.9862663,0.705555556,0.046296296,1,0,0,1.9850978,three_middle_right,23,1,2021_Dec_29_1557,untitled_1,2020.2.6,59.9828209
כחול,red,z,0,Image_certainty//image28_alemnt10.jpg,10.jpg,one_down_left,two_down_right,widespread,certainty,,,,,,,,,0,159,159,28,2198.3078,2198.507555,z,1,2198.3078,None,0.692884,0,0,1,0,0,1.0977061,polygon,2195.707852,None,2200.067397,None,2206.641995,None,TRUE,6.6232095,6.6248076,0.721296296,-0.234259259,1,0,0,6.6232095,two_down_right,23,1,2021_Dec_29_1557,untitled_1,2020.2.6,59.9828209
אדום,blue,c,0,Image_certainty//image7_alemnt7.jpg,7.jpg,one_down_left,one_down_right,infrequent,certainty,,,,,,,,,0,160,160,7,2220.738195,2220.938013,c,1,2220.738195,None,0.7795749,0,0,1,0,0,12.0837954,polygon,2207.155995,None,2222.592846,None,2226.424755,None,TRUE,3.8890167,3.8930979,0.474074074,-0.232407407,1,0,0,3.8890167,one_down_right,23,1,2021_Dec_29_1557,untitled_1,2020.2.6,59.9828209
כחול,green,x,0,Image_certainty//image35_alemnt8.jpg,8.jpg,two_down_left,one_up_right,widespread,certainty,,,,,,,,,0,161,161,35,2229.237118,2229.436834,x,1,2229.237118,None,0.6478009,0,0,1,0,0,0.7976692,polygon,2226.937112,None,2230.957321,None,2232.720784,None,TRUE,1.8221022,1.8228445,0.361111111,0.175,1,0,0,1.8221022,one_up_right,23,1,2021_Dec_29_1557,untitled_1,2020.2.6,59.9828209
כחול,green,x,0,Image_certainty//image65_alemnt9.jpg,9.jpg,two_middle_left,two_up_right,widespread,certainty,,,,,,,,,0,162,162,65,2235.303026,2235.502746,x,1,2235.303026,None,0.6014223,0,0,1,0,0,0.5640504,polygon,2233.236271,None,2236.961064,2245.954696,2245.967169,None,,,,,,,,,,,23,1,2021_Dec_29_1557,untitled_1,2020.2.6,59.9828209
כחול,green,x,0,Image_certainty//image59_alemnt14.jpg,14.jpg,two_down_left,one_down_right,widespread,certainty,,,,,,,,,0,163,163,59,2248.600763,2248.800879,x,1,2248.600763,None,0.5329375,0,0,1,0,0,0.6304644,polygon,2246.467591,None,2250.202877,None,2253.454305,None,TRUE,3.3050344,3.3095236,0.456481481,-0.263888889,1,0,0,3.3050344,one_down_right,23,1,2021_Dec_29_1557,untitled_1,2020.2.6,59.9828209
אדום,red,z,1,Image_certainty//image171_alemnt12.jpg,12.jpg,one_up_left,two_down_right,widespread,certainty,,,,,,,,,0,164,164,171,2256.20035,2256.399982,z,1,2256.20035,None,0.6871102,0,0,1,0,0,0.7301201,polygon,2253.966611,None,2257.966685,None,2263.599683,None,TRUE,5.6859298,5.6893202,0.725,-0.242592593,1,0,0,5.6859298,two_down_right,23,1,2021_Dec_29_1557,untitled_1,2020.2.6,59.9828209
ירוק,blue,c,0,Image_certainty//image75_alemnt11.jpg,11.jpg,two_up_left,one_middle_right,widespread,certainty,,,,,,,,,0,165,165,75,2266.548905,2266.748668,c,1,2266.548905,None,0.8159403,0,0,1,0,0,0.9471621,polygon,2264.098926,None,2268.42148,None,2270.322011,None,TRUE,1.9405268,1.9443163,0.40462963,0.00462963,1,0,0,1.9405268,one_middle_right,23,1,2021_Dec_29_1557,untitled_1,2020.2.6,59.9828209
ירוק,green,x,1,Image_certainty//image154_alemnt9.jpg,9.jpg,one_middle_left,one_down_right,widespread,certainty,,,,,,,,,0,166,166,154,2272.747757,2272.947453,x,1,2272.747757,None,0.526172,0,0,1,0,0,0.4300469,polygon,2270.831375,None,2274.339234,None,2277.455267,None,TRUE,3.1577961,3.1622505,0.457407407,-0.243518519,1,0,0,3.1577961,one_down_right,23,1,2021_Dec_29_1557,untitled_1,2020.2.6,59.9828209
כחול,blue,c,1,Image_certainty//image104_alemnt3.jpg,3.jpg,three_middle_left,two_down_right,infrequent,certainty,,,,,,,,,0,167,167,104,2280.047153,2280.246625,c,1,2280.047153,None,0.6615852,0,0,1,0,0,0.5808792,polygon,2277.963741,None,2281.766388,None,2287.095614,None,TRUE,,5.3730445,,,,,,,,23,1,2021_Dec_29_1557,untitled_1,2020.2.6,59.9828209
אדום,green,x,0,Image_certainty//image84_alemnt12.jpg,12.jpg,one_up_left,one_up_right,widespread,certainty,,,,,,,,,0,168,168,84,2289.662511,2289.86229,x,1,2289.662511,None,0.9437955,0,0,1,0,0,0.5643337,polygon,2287.595316,None,2291.671754,None,2296.901125,None,TRUE,5.2739281,5.2750659,0.418518519,0.159259259,1,0,0,5.2739281,one_up_right,23,1,2021_Dec_29_1557,untitled_1,2020.2.6,59.9828209
כחול,blue,c,1,Image_certainty//image122_alemnt14.jpg,14.jpg,one_down_left,two_up_right,widespread,certainty,,,,,,,,,0,169,169,122,2299.711086,2299.910901,c,1,2299.711086,None,0.7089405,0,0,1,0,0,0.8004975,polygon,2297.411159,None,2301.495516,2310.479272,2310.492369,None,,,,,,,,,,,23,1,2021_Dec_29_1557,untitled_1,2020.2.6,59.9828209
ירוק,green,x,1,Image_certainty//image178_alemnt8.jpg,8.jpg,two_up_left,one_up_right,widespread,certainty,,,,,,,,,0,170,170,178,2345.67184,2345.871498,x,1,2345.67184,None,0.5636171,0,0,1,0,0,33.1774934,polygon,2310.992794,None,2347.304114,None,2349.637045,None,TRUE,2.3863267,2.3868889,0.35462963,0.158333333,1,0,0,2.3863267,one_up_right,23,1,2021_Dec_29_1557,untitled_1,2020.2.6,59.9828209
אדום,blue,c,0,Image_certainty//image25_alemnt8.jpg,8.jpg,two_middle_left,one_down_right,widespread,certainty,,,,,,,,,0,171,171,25,2352.187695,2352.387507,c,1,2352.187695,None,0.7084253,0,0,1,0,0,0.548041,polygon,2350.137508,None,2353.963213,None,2357.389549,None,TRUE,3.4711331,3.4748403,0.433333333,-0.203703704,1,0,0,3.4711331,one_down_right,23,1,2021_Dec_29_1557,untitled_1,2020.2.6,59.9828209
אדום,red,z,1,Image_certainty//image147_alemnt9.jpg,9.jpg,three_middle_left,two_up_right,widespread,certainty,,,,,,,,,0,172,172,147,2360.87001,2361.069744,z,1,2360.87001,None,0.7722316,0,0,1,0,0,1.4625944,polygon,2357.903317,None,2362.725165,None,2368.459576,None,TRUE,5.79301,5.7937214,0.577777778,0.2,1,0,0,5.79301,two_up_right,23,1,2021_Dec_29_1557,untitled_1,2020.2.6,59.9828209
כחול,green,x,0,Image_certainty//image53_alemnt12.jpg,12.jpg,two_down_left,two_middle_right,widespread,certainty,,,,,,,,,0,173,173,53,2370.568546,2370.768408,x,1,2370.568546,None,0.5149961,0,0,1,0,0,0.101181,polygon,2368.968526,None,2372.155312,None,2376.166772,None,TRUE,4.0713202,4.0724216,0.540740741,-0.035185185,1,0,0,4.0713202,two_middle_right,23,1,2021_Dec_29_1557,untitled_1,2020.2.6,59.9828209
כחול,blue,c,1,Image_certainty//image161_alemnt12.jpg,12.jpg,one_down_left,two_middle_right,widespread,certainty,,,,,,,,,0,174,174,161,2378.984327,2379.183882,c,1,2378.984327,None,0.6442666,0,0,1,0,0,0.8141762,polygon,2376.667538,None,2380.700402,None,2384.482462,None,TRUE,3.6067503,3.8356376,0.448148148,-0.144444444,1,0,0,3.6067503,,23,1,2021_Dec_29_1557,untitled_1,2020.2.6,59.9828209
ירוק,blue,c,0,Image_certainty//image33_alemnt13.jpg,13.jpg,three_middle_left,two_middle_right,widespread,certainty,,,,,,,,,0,175,175,33,2387.34979,2387.549218,c,1,2387.34979,None,0.8606577,0,0,1,0,0,0.8639754,polygon,2384.982965,None,2389.286066,2398.268994,2398.281134,None,,,,,,,,,,,23,1,2021_Dec_29_1557,untitled_1,2020.2.6,59.9828209
ירוק,blue,c,0,Image_certainty//image27_alemnt8.jpg,8.jpg,three_middle_left,two_middle_right,widespread,certainty,,,,,,,,,0,176,176,27,2400.731365,2400.930735,c,1,2400.731365,None,0.6245048,0,0,1,0,0,0.4483673,polygon,2398.780784,None,2402.428325,None,2405.132452,None,TRUE,2.7545914,2.7572,0.562037037,-0.04537037,1,0,0,2.7545914,two_middle_right,23,1,2021_Dec_29_1557,untitled_1,2020.2.6,59.9828209
אדום,red,z,1,Image_certainty//image183_alemnt9.jpg,9.jpg,three_middle_left,two_down_right,widespread,certainty,,,,,,,,,0,177,177,183,2407.59708,2407.796861,z,1,2407.59708,None,0.7058748,0,0,1,0,0,0.4647443,polygon,2405.647134,None,2409.375713,None,2417.128312,None,TRUE,7.8029644,7.8044541,0.694444444,-0.225925926,1,0,0,7.8029644,two_down_right,23,1,2021_Dec_29_1557,untitled_1,2020.2.6,59.9828209
אדום,blue,c,0,Image_certainty//image13_alemnt2.jpg,2.jpg,two_up_left,one_down_right,infrequent,certainty,,,,,,,,,0,178,178,13,2419.762185,2419.961978,c,1,2419.762185,None,0.6653784,0,0,1,0,0,0.649808,polygon,2417.628842,None,2421.491766,None,2426.929553,None,TRUE,5.4904175,5.4917572,0.440740741,-0.214814815,1,0,0,5.4904175,one_down_right,23,1,2021_Dec_29_1557,untitled_1,2020.2.6,59.9828209
כחול,green,x,0,Image_certainty//image17_alemnt5.jpg,5.jpg,two_up_left,two_down_right,infrequent,certainty,,,,,,,,,0,179,179,17,2429.910903,2430.11061,x,1,2429.910903,None,0.8321506,0,0,1,0,0,0.9632013,polygon,2427.444222,None,2431.795125,2440.778919,2440.792155,None,,,,,,,,,,,23,1,2021_Dec_29_1557,untitled_1,2020.2.6,59.9828209
כחול,blue,c,1,Image_certainty//image191_alemnt12.jpg,12.jpg,two_middle_left,one_up_right,widespread,certainty,,,,,,,,,0,180,180,191,2443.492233,2443.69192,None,0,2443.492233,None,,0,0,1,0,0,0.6961978,polygon,2441.292429,None,2445.732783,None,2450.362917,None,TRUE,4.673143,4.6742647,0.368518519,0.168518519,1,0,0,4.673143,one_up_right,23,1,2021_Dec_29_1557,untitled_1,2020.2.6,59.9828209
אדום,red,z,1,Image_certainty//image186_alemnt11.jpg,11.jpg,one_down_left,two_up_right,widespread,certainty,,,,,,,,,0,181,181,186,2453.490638,2453.690896,z,1,2453.490638,None,1.1216336,0,0,1,0,0,1.1328303,polygon,2450.874518,None,2455.683055,2464.676565,2464.689307,None,,,,,,,,,,,23,1,2021_Dec_29_1557,untitled_1,2020.2.6,59.9828209
ירוק,green,x,1,Image_certainty//image166_alemnt14.jpg,14.jpg,two_middle_left,one_middle_right,widespread,certainty,,,,,,,,,0,182,182,166,2467.355442,2467.555419,x,1,2467.355442,None,0.9163732,0,0,1,0,0,0.6646383,polygon,2465.189308,None,2469.343788,None,2475.87679,None,TRUE,6.5882634,6.5918758,0.393518519,0.00462963,1,0,0,6.5882634,one_middle_right,23,1,2021_Dec_29_1557,untitled_1,2020.2.6,59.9828209
אדום,red,z,1,Image_certainty//image177_alemnt11.jpg,11.jpg,two_down_left,three_middle_right,widespread,certainty,,,,,,,,,0,183,183,177,2478.554588,2478.754245,z,1,2478.554588,None,0.7610032,0,0,1,0,0,0.6789847,polygon,2476.38786,None,2480.393711,None,2488.521768,None,TRUE,8.1891654,8.190575,0.730555556,0.053703704,1,0,0,8.1891654,three_middle_right,23,1,2021_Dec_29_1557,untitled_1,2020.2.6,59.9828209
אדום,red,z,1,Image_certainty//image168_alemnt10.jpg,10.jpg,two_middle_left,two_down_right,widespread,certainty,,,,,,,,,0,184,184,168,2491.10287,2491.302609,None,0,2491.10287,None,,0,0,1,0,0,0.5664819,polygon,2489.035861,None,2493.33838,None,2497.925814,None,TRUE,4.6228582,4.6287868,0,0,1,0,0,1.7242859,two_down_right,23,1,2021_Dec_29_1557,untitled_1,2020.2.6,59.9828209
ירוק,red,z,0,Image_certainty//image56_alemnt11.jpg,11.jpg,three_middle_left,two_up_right,widespread,certainty,,,,,,,,,0,185,185,56,2500.918248,2501.117552,z,1,2500.918248,None,0.863904,0,0,1,0,0,0.9833426,polygon,2498.434768,None,2502.83886,None,2507.66662,None,TRUE,4.8692045,4.8695522,0.584259259,0.209259259,1,0,0,4.8692045,two_up_right,23,1,2021_Dec_29_1557,untitled_1,2020.2.6,59.9828209
כחול,green,x,0,Image_certainty//image23_alemnt9.jpg,9.jpg,one_up_left,two_up_right,widespread,certainty,,,,,,,,,0,186,186,23,2510.233659,2510.433486,x,1,2510.233659,None,1.0635544,0,0,1,0,0,0.5654952,polygon,2508.167067,None,2512.352996,None,2516.432082,None,TRUE,4.1189322,4.1191641,0.592592593,0.189814815,1,0,0,4.1189322,two_up_right,23,1,2021_Dec_29_1557,untitled_1,2020.2.6,59.9828209
כחול,blue,c,1,Image_certainty//image113_alemnt2.jpg,2.jpg,one_up_left,two_up_right,infrequent,certainty,,,,,,,,,0,187,187,113,2519.032668,2519.232212,None,0,2519.032668,None,,0,0,1,0,0,0.597771,polygon,2516.932588,None,2521.260318,None,2528.164909,None,TRUE,6.9418726,6.9420813,0.611111111,0.19537037,1,0,0,6.9418726,two_up_right,23,1,2021_Dec_29_1557,untitled_1,2020.2.6,59.9828209
ירוק,green,x,1,Image_certainty//image106_alemnt5.jpg,5.jpg,one_down_left,three_middle_right,infrequent,certainty,,,,,,,,,0,188,188,106,2530.614393,2530.8141,x,1,2530.614393,None,0.9429234,0,0,1,0,0,0.4498108,polygon,2528.664355,None,2532.632089,None,2537.688437,None,TRUE,5.1059165,5.110374,0.672222222,0.05462963,1,0,0,5.1059165,three_middle_right,23,1,2021_Dec_29_1557,untitled_1,2020.2.6,59.9828209
ירוק,green,x,1,Image_certainty//image136_alemnt8.jpg,8.jpg,three_middle_left,two_down_right,widespread,certainty,,,,,,,,,0,189,189,136,2541.712929,2541.912733,x,1,2541.712929,None,0.6646598,-0.028703704,0.017592593,1,0,0,1.261904,polygon,2538.196048,None,2543.438586,None,2547.46355,None,TRUE,4.0737789,4.0753955,0.690740741,-0.19537037,1,0,0,4.0737789,two_down_right,23,1,2021_Dec_29_1557,untitled_1,2020.2.6,59.9828209
אדום,red,z,1,Image_certainty//image195_alemnt10.jpg,10.jpg,one_down_left,two_middle_right,widespread,certainty,,,,,,,,,0,190,190,195,2550.211704,2550.411595,None,0,2550.211704,None,,0,0,1,0,0,0.7326292,polygon,2547.978493,None,2552.459283,None,2558.160001,None,TRUE,5.7515908,5.7531053,0.567592593,-0.086111111,1,0,0,5.7515908,two_middle_right,23,1,2021_Dec_29_1557,untitled_1,2020.2.6,59.9828209
ירוק,green,x,1,Image_certainty//image124_alemnt10.jpg,10.jpg,one_up_left,two_middle_right,widespread,certainty,,,,,,,,,0,191,191,124,2560.777029,2560.976294,x,1,2560.777029,None,0.7117527,0,0,1,0,0,0.6294453,polygon,2558.660189,None,2562.561727,None,2565.497328,None,TRUE,2.9892584,2.9926294,0.557407407,-0.062037037,1,0,0,2.9892584,two_middle_right,23,1,2021_Dec_29_1557,untitled_1,2020.2.6,59.9828209
ירוק,blue,c,0,Image_certainty//image81_alemnt14.jpg,14.jpg,three_middle_left,one_down_right,widespread,certainty,,,,,,,,,0,192,192,81,2568.126053,2568.325961,c,1,2568.126053,None,0.7433591,0,0,1,0,0,0.6292345,polygon,2566.00923,None,2569.944691,2578.927712,2578.941012,None,,,,,,,,,,,23,1,2021_Dec_29_1557,untitled_1,2020.2.6,59.9828209
ירוק,green,x,1,Image_certainty//image181_alemnt12.jpg,12.jpg,two_up_left,one_down_right,widespread,certainty,,,,,,,,,0,193,193,181,2581.890233,2582.090831,None,0,2581.890233,None,,0,0,1,0,0,0.9469415,polygon,2579.441059,None,2584.140076,None,2590.72232,None,TRUE,6.6346878,6.6363128,0.469444444,-0.201851852,1,0,0,6.6346878,one_down_right,23,1,2021_Dec_29_1557,untitled_1,2020.2.6,59.9828209
כחול,red,z,0,Image_certainty//image40_alemnt14.jpg,14.jpg,one_up_left,one_middle_right,widespread,certainty,,,,,,,,,0,194,194,40,2593.38949,2593.589343,z,1,2593.38949,None,0.9750589,0,0,1,0,0,0.6635543,polygon,2591.222858,None,2595.434865,None,2597.2406,None,TRUE,1.8578015,1.8588065,0.422222222,-0.001851852,1,0,0,1.8578015,one_middle_right,23,1,2021_Dec_29_1557,untitled_1,2020.2.6,59.9828209
ירוק,green,x,1,Image_certainty//image100_alemnt4.jpg,4.jpg,two_down_left,one_middle_right,infrequent,certainty,,,,,,,,,0,195,195,100,2599.85538,2600.054876,x,1,2599.85538,None,0.744798,0,0,1,0,0,0.6145971,polygon,2597.755355,None,2601.66626,None,2603.321864,None,TRUE,1.7059084,1.706799,0.399074074,-0.012962963,1,0,0,1.7059084,one_middle_right,23,1,2021_Dec_29_1557,untitled_1,2020.2.6,59.9828209
כחול,red,z,0,Image_certainty//image82_alemnt14.jpg,14.jpg,three_middle_left,two_down_right,widespread,certainty,,,,,,,,,0,196,196,82,2605.9213,2606.120966,z,1,2605.9213,None,0.8175397,0,0,1,0,0,0.5973486,polygon,2603.820935,None,2607.813451,None,2611.670723,None,TRUE,3.903166,3.9063181,0.712037037,-0.225925926,1,0,0,3.903166,two_down_right,23,1,2021_Dec_29_1557,untitled_1,2020.2.6,59.9828209
ירוק,green,x,1,Image_certainty//image112_alemnt3.jpg,3.jpg,one_down_left,two_up_right,infrequent,certainty,,,,,,,,,0,197,197,112,2614.270202,2614.469769,x,1,2614.270202,None,0.6049758,0,0,1,0,0,0.5817962,polygon,2612.18677,None,2615.957583,None,2619.935177,None,TRUE,4.03478,4.0349921,0.633333333,0.222222222,1,0,0,4.03478,two_up_right,23,1,2021_Dec_29_1557,untitled_1,2020.2.6,59.9828209
כחול,red,z,0,Image_certainty//image64_alemnt10.jpg,10.jpg,one_up_left,three_middle_right,widespread,certainty,,,,,,,,,0,198,198,64,2622.502539,2622.702181,None,0,2622.502539,None,,0,0,1,0,0,0.5648821,polygon,2620.435225,None,2624.730171,None,2631.200636,None,TRUE,,6.5077559,,,,,,,,23,1,2021_Dec_29_1557,untitled_1,2020.2.6,59.9828209
ירוק,blue,c,0,Image_certainty//image45_alemnt9.jpg,9.jpg,one_down_left,three_middle_right,widespread,certainty,,,,,,,,,0,199,199,45,2633.683887,2633.883824,c,1,2633.683887,None,0.6557622,0,0,1,0,0,0.4823336,polygon,2631.70043,None,2635.418883,None,2642.365373,None,TRUE,,7.0037073,,,,,,,,23,1,2021_Dec_29_1557,untitled_1,2020.2.6,59.9828209
