﻿word,letterColor,corrAns,congruent,imageTrain,true_shaps,corrAnsLeft,corrAnsRight,common,experiment,stroop_loop.thisRepN,stroop_loop.thisTrialN,stroop_loop.thisN,stroop_loop.thisIndex,trail_certaninty.thisRepN,trail_certaninty.thisTrialN,trail_certaninty.thisN,trail_certaninty.thisIndex,test_certaincy.thisRepN,test_certaincy.thisTrialN,test_certaincy.thisN,test_certaincy.thisIndex,stroop_text.started,stroop_text.stopped,stroop_anser.keys,stroop_anser.corr,stroop_anser.rt,stroop_anser.started,stroop_anser.stopped,test_fixability_certity.x,test_fixability_certity.y,test_fixability_certity.leftButton,test_fixability_certity.midButton,test_fixability_certity.rightButton,test_fixability_certity.time,test_fixability_certity.clicked_name,test_fixability_certity.started,test_fixability_certity.stopped,test_certainty_mouse.started,test_certainty_mouse.stopped,text_5.started,text_5.stopped,test_certainty_anser_currect,finalClickTime,test_certainty_anser_time,test_certainty_mouse.x,test_certainty_mouse.y,test_certainty_mouse.leftButton,test_certainty_mouse.midButton,test_certainty_mouse.rightButton,test_certainty_mouse.time,test_certainty_mouse.clicked_name,participant,session,date,expName,psychopyVersion,frameRate
ירוק,blue,c,0,,,,,,,0,0,0,3,,,,,,,,,68.8344485,69.0341993,x,0,0.5184713,68.8344485,None,,,,,,,,,,,,,,,,,,,,,,,,25,1,2022_Jan_04_1109,untitled_1,2020.2.6,59.94384461
אדום,green,x,0,,,,,,,0,1,1,1,,,,,,,,,73.9669558,74.1668768,z,0,0.8825816,73.9669558,None,,,,,,,,,,,,,,,,,,,,,,,,25,1,2022_Jan_04_1109,untitled_1,2020.2.6,59.94384461
ירוק,green,x,1,,,,,,,0,2,2,2,,,,,,,,,79.416319,79.6156429,x,1,1.035815,79.416319,None,,,,,,,,,,,,,,,,,,,,,,,,25,1,2022_Jan_04_1109,untitled_1,2020.2.6,59.94384461
אדום,red,z,1,,,,,,,0,3,3,0,,,,,,,,,85.0323142,85.2320511,z,1,1.0368784,85.0323142,None,,,,,,,,,,,,,,,,,,,,,,,,25,1,2022_Jan_04_1109,untitled_1,2020.2.6,59.94384461
כחול,red,z,0,,,,,,,0,4,4,5,,,,,,,,,90.6478031,90.847966,z,1,1.0366323,90.6478031,None,,,,,,,,,,,,,,,,,,,,,,,,25,1,2022_Jan_04_1109,untitled_1,2020.2.6,59.94384461
כחול,blue,c,1,,,,,,,0,5,5,4,,,,,,,,,96.2470815,96.4470882,c,1,0.79018,96.2470815,None,,,,,,,,,,,,,,,,,,,,,,,,25,1,2022_Jan_04_1109,untitled_1,2020.2.6,59.94384461
כחול,red,z,0,,,,,,,1,0,6,5,,,,,,,,,101.6134788,101.8133031,c,0,0.9532122,101.6134788,None,,,,,,,,,,,,,,,,,,,,,,,,25,1,2022_Jan_04_1109,untitled_1,2020.2.6,59.94384461
אדום,red,z,1,,,,,,,1,1,7,0,,,,,,,,,107.1452421,107.3452518,z,1,0.74928,107.1452421,None,,,,,,,,,,,,,,,,,,,,,,,,25,1,2022_Jan_04_1109,untitled_1,2020.2.6,59.94384461
ירוק,green,x,1,,,,,,,1,2,8,2,,,,,,,,,112.4617998,112.6619156,x,1,0.4621288,112.4617998,None,,,,,,,,,,,,,,,,,,,,,,,,25,1,2022_Jan_04_1109,untitled_1,2020.2.6,59.94384461
ירוק,blue,c,0,,,,,,,1,3,9,3,,,,,,,,,117.4608221,117.6610527,c,1,0.9999579,117.4608221,None,,,,,,,,,,,,,,,,,,,,,,,,25,1,2022_Jan_04_1109,untitled_1,2020.2.6,59.94384461
אדום,green,x,0,,,,,,,1,4,10,1,,,,,,,,,123.0438898,123.2428181,x,1,1.080204,123.0438898,None,,,,,,,,,,,,,,,,,,,,,,,,25,1,2022_Jan_04_1109,untitled_1,2020.2.6,59.94384461
כחול,blue,c,1,,,,,,,1,5,11,4,,,,,,,,,128.6932679,128.892971,c,1,0.4963568,128.6932679,None,,,,,,,,,,,,,,,,,,,,,,,,25,1,2022_Jan_04_1109,untitled_1,2020.2.6,59.94384461
אדום,red,z,1,,,,,,,2,0,12,0,,,,,,,,,133.7592487,133.9590348,z,1,0.6682691,133.7592487,None,,,,,,,,,,,,,,,,,,,,,,,,25,1,2022_Jan_04_1109,untitled_1,2020.2.6,59.94384461
ירוק,blue,c,0,,,,,,,2,1,13,3,,,,,,,,,139.008613,139.2076718,c,1,0.8054838,139.008613,None,,,,,,,,,,,,,,,,,,,,,,,,25,1,2022_Jan_04_1109,untitled_1,2020.2.6,59.94384461
אדום,green,x,0,,,,,,,2,2,14,1,,,,,,,,,144.3912936,144.5908621,x,1,0.5976614,144.3912936,None,,,,,,,,,,,,,,,,,,,,,,,,25,1,2022_Jan_04_1109,untitled_1,2020.2.6,59.94384461
ירוק,green,x,1,,,,,,,2,3,15,2,,,,,,,,,149.5406439,149.7403405,x,1,0.5840786,149.5406439,None,,,,,,,,,,,,,,,,,,,,,,,,25,1,2022_Jan_04_1109,untitled_1,2020.2.6,59.94384461
כחול,red,z,0,,,,,,,2,4,16,5,,,,,,,,,154.6897198,154.8889899,c,0,0.8855099,154.6897198,None,,,,,,,,,,,,,,,2.214246178,,,,,,,,,25,1,2022_Jan_04_1109,untitled_1,2020.2.6,59.94384461
כחול,blue,c,1,,,,,,,2,5,17,4,,,,,,,,,160.1557928,160.3555488,c,1,0.7625064,160.1557928,None,,,,,,,,,,,,,,,4.487612341,,,,,,,,,25,1,2022_Jan_04_1109,untitled_1,2020.2.6,59.94384461
ירוק,blue,c,0,train_Image_certainty//image3_alemnt3.jpg,3.jpg,two_down_left,three_middle_right,widespread,train_certainty,,,,,0,0,0,2,,,,,237.1122381,237.3121771,None,0,,237.1122381,None,0,0,1,0,0,1.4896843,polygon,234.1194298,None,240.4402827,None,251.3437965,None,,,,,,,,,,,25,1,2022_Jan_04_1109,untitled_1,2020.2.6,59.94384461
אדום,green,x,0,train_Image_certainty//image6_alemnt6.jpg,6.jpg,one_middle_left,two_up_right,widespread,train_certainty,,,,,0,1,1,5,,,,,254.543605,254.7433931,x,1,0.839841,254.543605,None,0,0,1,0,0,1.1986378,polygon,251.8436785,None,257.519903,None,267.1417041,None,TRUE,7.6718919,7.6724768,-0.687037037,-0.012037037,1,0,0,7.6718919,one_middle_left,25,1,2022_Jan_04_1109,untitled_1,2020.2.6,59.94384461
כחול,blue,c,1,train_Image_certainty//image11_alemnt11.jpg,11.jpg,two_down_left,one_down_right,widespread,train_certainty,,,,,0,2,2,10,,,,,270.4415779,270.6409726,c,1,0.7708945,270.4415779,None,0,0,1,0,0,1.3114436,polygon,267.6416238,None,273.3312116,None,282.8229595,None,FALSE,7.5339105,7.5348879,-0.423148148,0.033333333,1,0,0,7.5339105,three_middle_left,25,1,2022_Jan_04_1109,untitled_1,2020.2.6,59.94384461
כחול,blue,c,1,train_Image_certainty//image14_alemnt14.jpg,14.jpg,three_middle_left,one_middle_right,widespread,train_certainty,,,,,0,3,3,13,,,,,285.9228368,286.1220585,c,1,0.5579151,285.9228368,None,0,0,1,0,0,1.0970584,polygon,283.3229005,None,288.6158581,None,297.5210134,None,TRUE,6.9362352,6.9383371,-0.380555556,0.04537037,1,0,0,6.9362352,three_middle_left,25,1,2022_Jan_04_1109,untitled_1,2020.2.6,59.94384461
ירוק,blue,c,0,train_Image_certainty//image9_alemnt9.jpg,9.jpg,two_up_left,one_middle_right,widespread,train_certainty,,,,,0,4,4,8,,,,,300.504245,300.7035803,c,1,0.7204468,300.504245,None,0,0,1,0,0,0.9940596,polygon,298.0209926,None,303.3531047,312.3395584,314.3854981,None,,,,,,,,,,,25,1,2022_Jan_04_1109,untitled_1,2020.2.6,59.94384461
ירוק,red,z,0,train_Image_certainty//image8_alemnt8.jpg,8.jpg,two_down_left,two_middle_right,widespread,train_certainty,,,,,0,5,5,7,,,,,317.2520751,317.4515585,z,1,0.8605297,317.2520751,None,0,0,1,0,0,0.8645277,polygon,314.8853493,None,320.2289539,329.2205882,331.2666866,None,,,,,,,,,,,25,1,2022_Jan_04_1109,untitled_1,2020.2.6,59.94384461
ירוק,green,x,1,train_Image_certainty//image13_alemnt13.jpg,13.jpg,two_up_left,one_up_right,widespread,train_certainty,,,,,0,6,6,12,,,,,334.2998525,334.4996501,x,1,0.7714483,334.2998525,None,0,0,1,0,0,1.0317345,polygon,331.7659938,None,337.1910137,None,343.4484375,None,TRUE,4.2860893,4.2870737,-0.510185185,0.25,1,0,0,4.2860893,two_up_left,25,1,2022_Jan_04_1109,untitled_1,2020.2.6,59.94384461
אדום,blue,c,0,train_Image_certainty//image1_alemnt1.jpg,1.jpg,two_middle_left,one_down_right,widespread,train_certainty,,,,,0,7,7,0,,,,,346.0481648,346.2481312,None,0,,346.0481648,None,-0.00462963,-0.009259259,1,0,0,0.5962109,polygon,343.9481246,None,349.330215,None,354.6297751,None,TRUE,,3.3572331,,,,,,,,25,1,2022_Jan_04_1109,untitled_1,2020.2.6,59.94384461
אדום,blue,c,0,train_Image_certainty//image7_alemnt7.jpg,7.jpg,one_middle_left,one_up_right,widespread,train_certainty,,,,,0,8,8,6,,,,,357.563555,357.763225,c,1,0.5633739,357.563555,None,-0.000925926,-0.003703704,1,0,0,0.9303457,polygon,355.1304016,None,360.2373256,369.2315392,371.2608918,None,,,,,,,,,,,25,1,2022_Jan_04_1109,untitled_1,2020.2.6,59.94384461
ירוק,green,x,1,train_Image_certainty//image10_alemnt10.jpg,10.jpg,two_up_left,three_middle_right,widespread,train_certainty,,,,,0,9,9,9,,,,,376.8609817,377.060533,x,1,0.8130076,376.8609817,None,-0.010185185,0.006481481,1,0,0,1.3809442,polygon,371.7613725,None,379.7888182,None,386.7094099,None,TRUE,4.9243805,4.9265859,-0.537962963,0.212962963,1,0,0,4.9243805,two_up_left,25,1,2022_Jan_04_1109,untitled_1,2020.2.6,59.94384461
אדום,red,z,1,train_Image_certainty//image15_alemnt1.jpg,1.jpg,one_up_left,one_middle_right,infrequent,train_certainty,,,,,0,10,10,14,,,,,389.475959,389.6757867,z,1,1.0496958,389.475959,None,0,0,1,0,0,0.7790923,polygon,387.2087858,None,392.6209734,None,400.5739593,None,TRUE,5.9895864,5.9900124,-0.752777778,0.176851852,1,0,0,5.9895864,one_up_left,25,1,2022_Jan_04_1109,untitled_1,2020.2.6,59.94384461
כחול,green,x,0,train_Image_certainty//image5_alemnt5.jpg,5.jpg,one_middle_left,three_middle_right,widespread,train_certainty,,,,,0,11,11,4,,,,,403.4574544,403.6573274,x,1,0.657381,403.4574544,None,-0.000925926,0.012037037,1,0,0,0.8806814,polygon,401.0742463,None,406.2488187,None,411.8561682,None,TRUE,3.6360052,3.6371582,-0.72037037,-0.005555556,1,0,0,3.6360052,one_middle_left,25,1,2022_Jan_04_1109,untitled_1,2020.2.6,59.94384461
ירוק,red,z,0,train_Image_certainty//image2_alemnt2.jpg,2.jpg,two_down_left,three_middle_right,widespread,train_certainty,,,,,0,12,12,1,,,,,415.405873,415.605207,z,1,0.5604895,415.405873,None,0,0.006481481,1,0,0,1.5511086,polygon,412.3561807,None,418.0953067,None,425.054275,None,TRUE,4.9865374,4.9890446,-0.406481481,-0.215740741,1,0,0,4.9865374,two_down_left,25,1,2022_Jan_04_1109,untitled_1,2020.2.6,59.94384461
כחול,red,z,0,train_Image_certainty//image4_alemnt4.jpg,4.jpg,two_middle_left,two_up_right,widespread,train_certainty,,,,,0,13,13,3,,,,,427.8707659,428.0707333,z,1,0.4902598,427.8707659,None,0,0,1,0,0,0.8141407,polygon,425.5544301,None,430.4896472,None,434.7862483,None,TRUE,2.3207191,2.3224429,-0.522222222,-0.041666667,1,0,0,2.3207191,two_middle_left,25,1,2022_Jan_04_1109,untitled_1,2020.2.6,59.94384461
אדום,red,z,1,train_Image_certainty//image12_alemnt12.jpg,12.jpg,one_down_left,one_up_right,widespread,train_certainty,,,,,0,14,14,11,,,,,437.4697779,437.6694734,z,1,0.6652123,437.4697779,None,0,0,1,0,0,0.680955,polygon,435.2864686,None,440.2632852,None,451.0510624,None,TRUE,8.8187556,8.8209348,-0.69537037,-0.223148148,1,0,0,8.8187556,one_down_left,25,1,2022_Jan_04_1109,untitled_1,2020.2.6,59.94384461
ירוק,red,z,0,Image_certainty//image98_alemnt13.jpg,13.jpg,three_middle_left,two_down_right,widespread,certainty,,,,,,,,,0,0,0,98,459.2335261,459.4331945,z,1,0.6135654,459.2335261,None,0,0,1,0,0,0.8776792,polygon,456.8507873,None,460.9371236,None,463.6987825,None,TRUE,2.836219,2.8374456,-0.374074074,0.068518519,1,0,0,2.836219,three_middle_left,25,1,2022_Jan_04_1109,untitled_1,2020.2.6,59.94384461
אדום,blue,c,0,Image_certainty//image55_alemnt12.jpg,12.jpg,three_middle_left,one_middle_right,widespread,certainty,,,,,,,,,0,1,1,55,466.582667,466.7823715,c,1,0.5158635,466.582667,None,0,0,1,0,0,0.8795912,polygon,464.1992532,None,468.1770378,None,469.8526568,None,TRUE,1.7387935,1.7419884,-0.369444444,0.069444444,1,0,0,1.7387935,three_middle_left,25,1,2022_Jan_04_1109,untitled_1,2020.2.6,59.94384461
אדום,red,z,1,Image_certainty//image189_alemnt8.jpg,8.jpg,one_middle_left,one_middle_right,widespread,certainty,,,,,,,,,0,2,2,189,472.5481066,472.7482521,z,1,0.6306501,472.5481066,None,0,0,1,0,0,0.682796,polygon,470.3651495,None,474.2518444,None,479.5631192,None,TRUE,5.3681358,5.3687906,-0.757407407,-0.037037037,1,0,0,5.3681358,one_middle_left,25,1,2022_Jan_04_1109,untitled_1,2020.2.6,59.94384461
ירוק,blue,c,0,Image_certainty//image87_alemnt11.jpg,11.jpg,three_middle_left,two_middle_right,widespread,certainty,,,,,,,,,0,3,3,87,482.6472142,482.8469513,c,1,0.7984275,482.6472142,None,0,0,1,0,0,1.0827809,polygon,480.0634267,None,484.5207379,None,486.268531,None,TRUE,1.8048565,1.8081355,-0.372222222,0.068518519,1,0,0,1.8048565,three_middle_left,25,1,2022_Jan_04_1109,untitled_1,2020.2.6,59.94384461
ירוק,green,x,1,Image_certainty//image178_alemnt8.jpg,8.jpg,two_up_left,one_up_right,widespread,certainty,,,,,,,,,0,4,4,178,489.0796912,489.2793803,x,1,0.6091706,489.0796912,None,0,0,1,0,0,0.7979837,polygon,486.7796219,None,490.7729846,None,493.1281052,None,TRUE,,2.4219273,,,,,,,,25,1,2022_Jan_04_1109,untitled_1,2020.2.6,59.94384461
ירוק,red,z,0,Image_certainty//image20_alemnt10.jpg,10.jpg,two_up_left,two_up_right,widespread,certainty,,,,,,,,,0,5,5,20,495.8121424,496.0112497,z,1,0.6549843,495.8121424,None,0,0,1,0,0,0.6816793,polygon,493.6287556,None,497.5396124,None,500.4845949,None,TRUE,2.9913414,2.9932707,-0.52962963,0.222222222,1,0,0,2.9913414,two_up_left,25,1,2022_Jan_04_1109,untitled_1,2020.2.6,59.94384461
ירוק,red,z,0,Image_certainty//image74_alemnt8.jpg,8.jpg,two_up_left,three_middle_right,widespread,certainty,,,,,,,,,0,6,6,74,503.010631,503.2109595,z,1,0.6749501,503.010631,None,0,0,1,0,0,0.5144858,polygon,500.9944898,None,504.7753898,None,507.4095294,None,TRUE,,2.7064853,,,,,,,,25,1,2022_Jan_04_1109,untitled_1,2020.2.6,59.94384461
אדום,red,z,1,Image_certainty//image144_alemnt8.jpg,8.jpg,two_middle_left,two_down_right,widespread,certainty,,,,,,,,,0,7,7,144,509.9270618,510.1267775,z,1,0.61177,509.9270618,None,0,0,1,0,0,0.5143881,polygon,507.9102552,None,511.6167192,520.6119584,520.6249693,None,,,,,,,,,,,25,1,2022_Jan_04_1109,untitled_1,2020.2.6,59.94384461
אדום,red,z,1,Image_certainty//image129_alemnt8.jpg,8.jpg,one_middle_left,three_middle_right,widespread,certainty,,,,,,,,,0,8,8,129,523.8250249,524.0249269,z,1,0.6527603,523.8250249,None,0.007407407,0.003703704,1,0,0,1.1971437,polygon,521.125178,None,525.5692168,None,528.2400687,None,TRUE,,2.7392597,,,,,,,,25,1,2022_Jan_04_1109,untitled_1,2020.2.6,59.94384461
ירוק,green,x,1,Image_certainty//image190_alemnt12.jpg,12.jpg,one_down_left,one_middle_right,widespread,certainty,,,,,,,,,0,9,9,190,531.5572114,531.7572345,x,1,0.9638229,531.5572114,None,0,0,1,0,0,1.3140903,polygon,528.7408537,None,533.5868411,542.5751459,542.5885405,None,,,,,,,,,,,25,1,2022_Jan_04_1109,untitled_1,2020.2.6,59.94384461
כחול,blue,c,1,Image_certainty//image131_alemnt13.jpg,13.jpg,one_middle_left,one_middle_right,widespread,certainty,,,,,,,,,0,10,10,131,545.4386969,545.6387512,c,1,0.8725463,545.4386969,None,0,0,1,0,0,0.8474367,polygon,543.0889836,None,547.4031429,None,556.1201332,None,TRUE,8.7859957,8.786931,0,0,1,0,0,0.101953,one_middle_left,25,1,2022_Jan_04_1109,untitled_1,2020.2.6,59.94384461
כחול,blue,c,1,Image_certainty//image149_alemnt11.jpg,11.jpg,one_middle_left,three_middle_right,widespread,certainty,,,,,,,,,0,11,11,149,559.9538103,560.1534175,c,1,0.515974,559.9538103,None,0.002777778,0.006481481,1,0,0,1.8311326,polygon,556.6205264,None,561.5405372,None,568.9683786,None,TRUE,7.4858022,7.4868858,-0.74537037,-0.003703704,1,0,0,7.4858022,one_middle_left,25,1,2022_Jan_04_1109,untitled_1,2020.2.6,59.94384461
כחול,blue,c,1,Image_certainty//image164_alemnt9.jpg,9.jpg,one_middle_left,three_middle_right,widespread,certainty,,,,,,,,,0,12,12,164,571.418895,571.6186747,c,1,0.5765025,571.418895,None,0,0,1,0,0,0.4478579,polygon,569.4686407,None,573.0708239,None,578.4504264,None,TRUE,5.4349475,5.4356313,-0.728703704,0.009259259,1,0,0,5.4349475,one_middle_left,25,1,2022_Jan_04_1109,untitled_1,2020.2.6,59.94384461
ירוק,green,x,1,Image_certainty//image157_alemnt8.jpg,8.jpg,one_middle_left,three_middle_right,widespread,certainty,,,,,,,,,0,13,13,157,581.0010147,581.2002486,None,0,,581.0010147,None,0,0,1,0,0,0.5473503,polygon,578.9509834,None,583.2538092,None,592.2154459,None,,,,,,,,,,,25,1,2022_Jan_04_1109,untitled_1,2020.2.6,59.94384461
כחול,red,z,0,Image_certainty//image46_alemnt8.jpg,8.jpg,two_middle_left,two_up_right,widespread,certainty,,,,,,,,,0,14,14,46,594.9324551,595.1321743,z,1,0.7774875,594.9324551,None,0,0,1,0,0,0.716084,polygon,592.7159537,None,596.7965884,None,599.2816218,None,TRUE,,2.5576235,,,,,,,,25,1,2022_Jan_04_1109,untitled_1,2020.2.6,59.94384461
אדום,red,z,1,Image_certainty//image171_alemnt12.jpg,12.jpg,one_up_left,two_down_right,widespread,certainty,,,,,,,,,0,15,15,171,602.1646479,602.3646817,z,1,0.7810482,602.1646479,None,0,0,1,0,0,0.880645,polygon,599.7816106,None,604.0256276,None,607.3799975,None,TRUE,3.4209357,3.4213894,-0.74537037,0.186111111,1,0,0,3.4209357,one_up_left,25,1,2022_Jan_04_1109,untitled_1,2020.2.6,59.94384461
אדום,red,z,1,Image_certainty//image138_alemnt9.jpg,9.jpg,one_down_left,two_down_right,widespread,certainty,,,,,,,,,0,16,16,138,609.9306176,610.1302792,z,1,0.6883409,609.9306176,None,0,0,1,0,0,0.5471254,polygon,607.8805498,None,611.7140128,None,614.9339634,None,TRUE,3.289009,3.2921046,-0.663888889,-0.205555556,1,0,0,3.289009,one_down_left,25,1,2022_Jan_04_1109,untitled_1,2020.2.6,59.94384461
כחול,blue,c,1,Image_certainty//image113_alemnt2.jpg,2.jpg,one_up_left,two_up_right,infrequent,certainty,,,,,,,,,0,17,17,113,617.3796065,617.5793925,c,1,0.79428,617.3796065,None,0,0,1,0,0,0.4314658,polygon,615.4460286,None,619.2612597,628.2475905,628.2607276,None,,,,,,,,,,,25,1,2022_Jan_04_1109,untitled_1,2020.2.6,59.94384461
אדום,blue,c,0,Image_certainty//image79_alemnt13.jpg,13.jpg,one_down_left,one_up_right,widespread,certainty,,,,,,,,,0,18,18,79,630.7444687,630.9442874,c,1,0.9579828,630.7444687,None,0,0,1,0,0,0.479313,polygon,628.7611388,None,632.7976234,641.779614,641.8090761,None,,,,,,,,,,,25,1,2022_Jan_04_1109,untitled_1,2020.2.6,59.94384461
ירוק,blue,c,0,Image_certainty//image9_alemnt2.jpg,2.jpg,one_up_left,two_down_right,infrequent,certainty,,,,,,,,,0,19,19,9,644.3761718,644.5756604,c,1,1.1182354,644.3761718,None,0,0,1,0,0,0.5641226,polygon,642.3091769,None,646.5880378,655.5781366,655.5908876,None,,,,,,,,,,,25,1,2022_Jan_04_1109,untitled_1,2020.2.6,59.94384461
כחול,red,z,0,Image_certainty//image70_alemnt14.jpg,14.jpg,two_down_left,one_middle_right,widespread,certainty,,,,,,,,,0,20,20,70,659.2075299,659.407277,z,1,0.688727,659.2075299,None,0.025925926,-0.006481481,1,0,0,0.6329133,polygon,656.0910546,None,660.988426,None,667.8804157,None,TRUE,6.9550122,6.9604004,-0.387962963,-0.22962963,1,0,0,6.9550122,two_down_left,25,1,2022_Jan_04_1109,untitled_1,2020.2.6,59.94384461
כחול,green,x,0,Image_certainty//image77_alemnt10.jpg,10.jpg,one_middle_left,two_up_right,widespread,certainty,,,,,,,,,0,21,21,77,670.4726925,670.6721963,x,1,0.7853671,670.4726925,None,0,0,1,0,0,0.5803911,polygon,668.3893364,None,672.3539694,None,679.5595567,None,TRUE,7.2714786,7.2738905,-0.723148148,-0.025,1,0,0,7.2714786,one_middle_left,25,1,2022_Jan_04_1109,untitled_1,2020.2.6,59.94384461
ירוק,blue,c,0,Image_certainty//image15_alemnt3.jpg,3.jpg,three_middle_left,two_down_right,infrequent,certainty,,,,,,,,,0,22,22,15,682.2044953,682.4042162,c,1,0.8272186,682.2044953,None,0,0,1,0,0,0.6307152,polygon,680.070877,None,684.124033,693.1058978,693.135464,None,,,,,,,,,,,25,1,2022_Jan_04_1109,untitled_1,2020.2.6,59.94384461
אדום,green,x,0,Image_certainty//image72_alemnt9.jpg,9.jpg,one_middle_left,two_down_right,widespread,certainty,,,,,,,,,0,23,23,72,695.7193403,695.9191229,x,1,0.7752108,695.7193403,None,0,0,1,0,0,0.5840121,polygon,693.6354967,None,697.5713683,None,700.8844758,None,TRUE,3.3697799,3.370381,-0.734259259,0,1,0,0,3.3697799,one_middle_left,25,1,2022_Jan_04_1109,untitled_1,2020.2.6,59.94384461
ירוק,blue,c,0,Image_certainty//image57_alemnt13.jpg,13.jpg,two_down_left,two_middle_right,widespread,certainty,,,,,,,,,0,24,24,57,703.3684239,703.5681264,c,1,0.856299,703.3684239,None,0,0,1,0,0,0.481816,polygon,701.3849165,None,705.3068761,714.3034068,714.3162557,None,,,,,,,,,,,25,1,2022_Jan_04_1109,untitled_1,2020.2.6,59.94384461
כחול,blue,c,1,Image_certainty//image182_alemnt9.jpg,9.jpg,one_up_left,two_middle_right,widespread,certainty,,,,,,,,,0,25,25,182,716.8996337,717.0994349,c,1,0.8182196,716.8996337,None,0,0,1,0,0,0.5812134,polygon,714.8165416,None,718.8055981,None,722.7653384,None,TRUE,,4.0233507,,,,,,,,25,1,2022_Jan_04_1109,untitled_1,2020.2.6,59.94384461
כחול,red,z,0,Image_certainty//image94_alemnt9.jpg,9.jpg,three_middle_left,two_down_right,widespread,certainty,,,,,,,,,0,26,26,94,725.1156097,725.3153049,z,1,0.7225659,725.1156097,None,0,0,1,0,0,0.3514858,polygon,723.2647536,None,726.8951735,735.8845213,735.8972812,None,,,,,,,,,,,25,1,2022_Jan_04_1109,untitled_1,2020.2.6,59.94384461
אדום,green,x,0,Image_certainty//image18_alemnt4.jpg,4.jpg,three_middle_left,one_down_right,infrequent,certainty,,,,,,,,,0,27,27,18,738.3469156,738.5469227,x,1,0.7820497,738.3469156,None,0,0,1,0,0,0.4468556,polygon,736.3971236,None,740.2136195,None,741.7506533,None,TRUE,1.6060107,1.6092891,-0.377777778,0.052777778,1,0,0,1.6060107,three_middle_left,25,1,2022_Jan_04_1109,untitled_1,2020.2.6,59.94384461
אדום,red,z,1,Image_certainty//image132_alemnt9.jpg,9.jpg,one_down_left,two_down_right,widespread,certainty,,,,,,,,,0,28,28,132,744.0297571,744.2293419,z,1,0.5680424,744.0297571,None,0,0,1,0,0,0.2787254,polygon,742.2626667,None,745.6654891,754.647825,754.6612101,None,,,,,,,,,,,25,1,2022_Jan_04_1109,untitled_1,2020.2.6,59.94384461
אדום,blue,c,0,Image_certainty//image49_alemnt11.jpg,11.jpg,three_middle_left,two_middle_right,widespread,certainty,,,,,,,,,0,29,29,49,757.0774341,757.2778412,c,1,0.6287363,757.0774341,None,0,0,1,0,0,0.4129222,polygon,755.1613529,None,758.7935249,None,760.343216,None,TRUE,1.6200109,1.6215335,-0.353703704,0.041666667,1,0,0,1.6200109,three_middle_left,25,1,2022_Jan_04_1109,untitled_1,2020.2.6,59.94384461
ירוק,green,x,1,Image_certainty//image130_alemnt11.jpg,11.jpg,three_middle_left,two_down_right,widespread,certainty,,,,,,,,,0,30,30,130,762.5774081,762.7770758,x,1,0.5173146,762.5774081,None,0,0,1,0,0,0.2310279,polygon,760.8438707,None,764.1767514,None,765.9764046,None,TRUE,1.8719376,1.872748,-0.393518519,0.037962963,1,0,0,1.8719376,three_middle_left,25,1,2022_Jan_04_1109,untitled_1,2020.2.6,59.94384461
כחול,blue,c,1,Image_certainty//image176_alemnt9.jpg,9.jpg,two_middle_left,one_down_right,widespread,certainty,,,,,,,,,0,31,31,176,768.3763783,768.5757712,c,1,0.7108352,768.3763783,None,0,0,1,0,0,0.3970428,polygon,766.4765383,None,770.1791459,779.1616452,779.1748283,None,,,,,,,,,,,25,1,2022_Jan_04_1109,untitled_1,2020.2.6,59.94384461
כחול,blue,c,1,Image_certainty//image143_alemnt9.jpg,9.jpg,two_down_left,one_middle_right,widespread,certainty,,,,,,,,,0,32,32,143,783.2247069,783.4245009,c,1,0.6451754,783.2247069,None,-0.525,-0.034259259,1,0,0,0.4640497,polygon,779.6747496,None,784.9593237,793.9430684,793.955924,None,,,,,,,,,,,25,1,2022_Jan_04_1109,untitled_1,2020.2.6,59.94384461
כחול,green,x,0,Image_certainty//image23_alemnt9.jpg,9.jpg,one_up_left,two_up_right,widespread,certainty,,,,,,,,,0,33,33,23,797.4055336,797.6055753,None,0,,797.4055336,None,0.006481481,0.000925926,1,0,0,1.4480964,polygon,794.4559372,None,799.6710502,None,805.4374344,None,TRUE,5.8360399,5.8367481,-0.742592593,0.169444444,1,0,0,5.8360399,one_up_left,25,1,2022_Jan_04_1109,untitled_1,2020.2.6,59.94384461
ירוק,blue,c,0,Image_certainty//image27_alemnt8.jpg,8.jpg,three_middle_left,two_middle_right,widespread,certainty,,,,,,,,,0,34,34,27,807.7544634,807.9545476,None,0,,807.7544634,None,0,0,1,0,0,0.316094,polygon,805.9380706,None,809.9991347,None,814.7861816,None,TRUE,4.834877,4.8358114,-0.37962963,0.073148148,1,0,0,4.834877,three_middle_left,25,1,2022_Jan_04_1109,untitled_1,2020.2.6,59.94384461
ירוק,green,x,1,Image_certainty//image142_alemnt14.jpg,14.jpg,three_middle_left,two_down_right,widespread,certainty,,,,,,,,,0,35,35,142,817.3035449,817.502635,x,1,0.8288647,817.3035449,None,0,0,1,0,0,0.5287573,polygon,815.2868186,None,819.2225072,828.2051127,828.217802,None,,,,,,,,,,,25,1,2022_Jan_04_1109,untitled_1,2020.2.6,59.94384461
אדום,blue,c,0,Image_certainty//image97_alemnt8.jpg,8.jpg,one_middle_left,three_middle_right,widespread,certainty,,,,,,,,,0,36,36,97,831.4516056,831.6514303,c,1,0.7822676,831.4516056,None,0.00462963,-0.005555556,1,0,0,1.2305177,polygon,828.7181671,None,833.3201367,842.3032668,842.316579,None,,,,,,,,,,,25,1,2022_Jan_04_1109,untitled_1,2020.2.6,59.94384461
כחול,blue,c,1,Image_certainty//image107_alemnt6.jpg,6.jpg,two_middle_left,two_up_right,infrequent,certainty,,,,,,,,,0,37,37,107,852.3324095,852.5320754,c,1,0.586042,852.3324095,None,-0.007407407,0.007407407,1,0,0,3.8695966,polygon,842.8162015,None,854.017132,None,857.8639437,None,TRUE,3.9184639,3.9197224,-0.553703704,-0.037037037,1,0,0,3.9184639,two_middle_left,25,1,2022_Jan_04_1109,untitled_1,2020.2.6,59.94384461
ירוק,red,z,0,Image_certainty//image56_alemnt11.jpg,11.jpg,three_middle_left,two_up_right,widespread,certainty,,,,,,,,,0,38,38,56,860.3144625,860.4977669,z,1,0.6448899,860.3144625,None,0,0,1,0,0,0.4464775,polygon,858.364469,None,862.0442398,None,864.0971552,None,TRUE,,2.1244204,,,,,,,,25,1,2022_Jan_04_1109,untitled_1,2020.2.6,59.94384461
ירוק,green,x,1,Image_certainty//image124_alemnt10.jpg,10.jpg,one_up_left,two_middle_right,widespread,certainty,,,,,,,,,0,39,39,124,866.5469661,866.7468829,x,1,0.5883887,866.5469661,None,0,0,1,0,0,0.4480105,polygon,864.5970695,None,868.208329,None,871.9822227,None,TRUE,3.8216985,3.8229405,-0.749074074,0.17962963,1,0,0,3.8216985,one_up_left,25,1,2022_Jan_04_1109,untitled_1,2020.2.6,59.94384461
אדום,blue,c,0,Image_certainty//image25_alemnt8.jpg,8.jpg,two_middle_left,one_down_right,widespread,certainty,,,,,,,,,0,40,40,25,874.3458579,874.5458854,c,1,0.9186175,874.3458579,None,0,0,1,0,0,0.3469776,polygon,872.4960052,None,876.3643166,None,883.0273308,None,TRUE,,6.7355506,,,,,,,,25,1,2022_Jan_04_1109,untitled_1,2020.2.6,59.94384461
אדום,green,x,0,Image_certainty//image48_alemnt9.jpg,9.jpg,one_down_left,one_down_right,widespread,certainty,,,,,,,,,0,41,41,48,885.4613094,885.6609277,x,1,0.7867399,885.4613094,None,0,0,1,0,0,0.4322698,polygon,883.5278857,None,887.3381828,None,895.7755343,None,TRUE,,8.5013582,,,,,,,,25,1,2022_Jan_04_1109,untitled_1,2020.2.6,59.94384461
כחול,green,x,0,Image_certainty//image35_alemnt8.jpg,8.jpg,two_down_left,one_up_right,widespread,certainty,,,,,,,,,0,42,42,35,900.5257524,900.7257411,None,0,,900.5257524,None,0,0,1,0,0,2.7461376,polygon,896.2762333,None,902.7849624,None,911.7405652,None,,,,,,,,,,,25,1,2022_Jan_04_1109,untitled_1,2020.2.6,59.94384461
ירוק,green,x,1,Image_certainty//image148_alemnt13.jpg,13.jpg,one_middle_left,two_up_right,widespread,certainty,,,,,,,,,0,43,43,148,914.3908391,914.5905885,x,1,0.5385887,914.3908391,None,0,0,1,0,0,0.6496496,polygon,912.2406283,None,916.0151694,None,923.6553329,None,FALSE,7.7030902,7.7036679,0.382407407,0.188888889,1,0,0,7.7030902,one_up_right,25,1,2022_Jan_04_1109,untitled_1,2020.2.6,59.94384461
ירוק,blue,c,0,Image_certainty//image21_alemnt14.jpg,14.jpg,one_down_left,one_middle_right,widespread,certainty,,,,,,,,,0,44,44,21,926.088632,926.2881699,c,1,0.9650577,926.088632,None,0,0,1,0,0,0.435506,polygon,924.1551863,None,928.1056541,None,931.0095276,None,TRUE,2.9404468,2.9446137,-0.674074074,-0.239814815,1,0,0,2.9404468,one_down_left,25,1,2022_Jan_04_1109,untitled_1,2020.2.6,59.94384461
ירוק,blue,c,0,Image_certainty//image63_alemnt13.jpg,13.jpg,three_middle_left,one_down_right,widespread,certainty,,,,,,,,,0,45,45,63,933.288328,933.4879036,None,0,,933.288328,None,0,0,1,0,0,0.2787478,polygon,931.5216416,None,935.5267639,None,944.5193927,None,,,,,,,,,,,25,1,2022_Jan_04_1109,untitled_1,2020.2.6,59.94384461
כחול,red,z,0,Image_certainty//image34_alemnt8.jpg,8.jpg,one_middle_left,two_up_right,widespread,certainty,,,,,,,,,0,46,46,34,947.1698779,947.3696369,z,1,0.9483302,947.1698779,None,0,0,1,0,0,0.6495916,polygon,945.019778,None,949.172059,None,951.9851993,None,TRUE,2.8558203,2.8564557,-0.739814815,-0.000925926,1,0,0,2.8558203,one_middle_left,25,1,2022_Jan_04_1109,untitled_1,2020.2.6,59.94384461
כחול,blue,c,1,Image_certainty//image155_alemnt11.jpg,11.jpg,one_up_left,two_middle_right,widespread,certainty,,,,,,,,,0,47,47,155,954.4523657,954.652026,None,0,,954.4523657,None,0,0,1,0,0,0.46325,polygon,952.4856222,None,956.7120282,None,965.666827,None,,,,,,,,,,,25,1,2022_Jan_04_1109,untitled_1,2020.2.6,59.94384461
כחול,red,z,0,Image_certainty//image16_alemnt4.jpg,4.jpg,one_middle_left,two_up_right,infrequent,certainty,,,,,,,,,0,48,48,16,970.0336249,970.2328987,z,1,0.8825562,970.0336249,None,0,0,1,0,0,2.3673249,polygon,966.1671731,None,972.0190432,None,975.9485457,None,TRUE,,4.0211656,,,,,,,,25,1,2022_Jan_04_1109,untitled_1,2020.2.6,59.94384461
ירוק,blue,c,0,Image_certainty//image39_alemnt12.jpg,12.jpg,one_middle_left,one_middle_right,widespread,certainty,,,,,,,,,0,49,49,39,978.2992102,978.4989501,c,1,0.7438267,978.2992102,None,0,0,1,0,0,0.3469563,polygon,976.4488382,None,980.1282902,None,982.4152392,None,TRUE,2.3540231,2.3554605,-0.739814815,-0.007407407,1,0,0,2.3540231,one_middle_left,25,1,2022_Jan_04_1109,untitled_1,2020.2.6,59.94384461
אדום,red,z,1,Image_certainty//image150_alemnt13.jpg,13.jpg,one_down_left,two_down_right,widespread,certainty,,,,,,,,,0,50,50,150,984.7811907,984.9814347,z,1,0.7089284,984.7811907,None,0,0,1,0,0,0.3782447,polygon,982.9150099,None,986.5645962,None,989.7303526,None,TRUE,3.2186654,3.2206458,-0.683333333,-0.22962963,1,0,0,3.2186654,one_down_left,25,1,2022_Jan_04_1109,untitled_1,2020.2.6,59.94384461
כחול,blue,c,1,Image_certainty//image137_alemnt8.jpg,8.jpg,one_up_left,two_middle_right,widespread,certainty,,,,,,,,,0,51,51,137,992.114101,992.3138098,None,0,,992.114101,None,0,0,1,0,0,0.3815536,polygon,990.2306165,None,994.3827586,None,1003.328848,None,,,,,,,,,,,25,1,2022_Jan_04_1109,untitled_1,2020.2.6,59.94384461
ירוק,green,x,1,Image_certainty//image133_alemnt11.jpg,11.jpg,one_middle_left,two_up_right,widespread,certainty,,,,,,,,,0,52,52,133,1005.795631,1005.995346,x,1,0.6232205,1005.795631,None,0,0,1,0,0,0.4661864,polygon,1003.829001,None,1007.488435,None,1011.494397,None,TRUE,4.0550862,4.0562446,-0.715740741,0.009259259,1,0,0,4.0550862,one_middle_left,25,1,2022_Jan_04_1109,untitled_1,2020.2.6,59.94384461
כחול,blue,c,1,Image_certainty//image110_alemnt5.jpg,5.jpg,three_middle_left,one_up_right,infrequent,certainty,,,,,,,,,0,53,53,110,1014.160888,1014.360878,c,1,0.6498843,1014.160888,None,0,0,1,0,0,0.6667566,polygon,1011.994279,None,1015.890672,1024.879972,1024.892529,None,,,,,,,,,,,25,1,2022_Jan_04_1109,untitled_1,2020.2.6,59.94384461
ירוק,red,z,0,Image_certainty//image38_alemnt8.jpg,8.jpg,two_up_left,two_down_right,widespread,certainty,,,,,,,,,0,54,54,38,1027.492855,1027.692454,z,1,0.6488146,1027.492855,None,0,0,1,0,0,0.5987411,polygon,1025.392701,None,1029.206258,1038.19418,1038.207204,None,,,,,,,,,,,25,1,2022_Jan_04_1109,untitled_1,2020.2.6,59.94384461
ירוק,green,x,1,Image_certainty//image160_alemnt8.jpg,8.jpg,two_down_left,two_up_right,widespread,certainty,,,,,,,,,0,55,55,160,1040.824304,1041.024213,x,1,0.5683306,1040.824304,None,0,0,1,0,0,0.6284271,polygon,1038.707689,None,1042.489988,None,1046.472709,None,TRUE,4.0519664,4.0535041,-0.4,-0.242592593,1,0,0,4.0519664,two_down_left,25,1,2022_Jan_04_1109,untitled_1,2020.2.6,59.94384461
ירוק,blue,c,0,Image_certainty//image51_alemnt14.jpg,14.jpg,three_middle_left,one_down_right,widespread,certainty,,,,,,,,,0,56,56,51,1048.973268,1049.173078,c,1,0.7726492,1048.973268,None,0,0,1,0,0,0.5116502,polygon,1046.972917,None,1050.831947,1059.824865,1059.837666,None,,,,,,,,,,,25,1,2022_Jan_04_1109,untitled_1,2020.2.6,59.94384461
ירוק,green,x,1,Image_certainty//image193_alemnt12.jpg,12.jpg,three_middle_left,three_middle_right,widespread,certainty,,,,,,,,,0,57,57,193,1063.72147,1063.921177,x,1,0.8079857,1063.72147,None,-0.00462963,0.008333333,1,0,0,1.8855312,polygon,1060.33792,None,1065.61897,None,1067.671259,None,TRUE,2.1209961,2.1228916,-0.375,0.072222222,1,0,0,2.1209961,three_middle_left,25,1,2022_Jan_04_1109,untitled_1,2020.2.6,59.94384461
ירוק,green,x,1,Image_certainty//image100_alemnt4.jpg,4.jpg,two_down_left,one_middle_right,infrequent,certainty,,,,,,,,,0,58,58,100,1070.053959,1070.253697,x,1,0.6393548,1070.053959,None,0,0,1,0,0,0.382894,polygon,1068.170476,None,1071.769284,1080.756424,1080.768057,None,,,,,,,,,,,25,1,2022_Jan_04_1109,untitled_1,2020.2.6,59.94384461
אדום,blue,c,0,Image_certainty//image19_alemnt4.jpg,4.jpg,one_middle_left,two_middle_right,infrequent,certainty,,,,,,,,,0,59,59,19,1083.351486,1083.552042,c,1,0.7829281,1083.351486,None,0,0,1,0,0,0.5849411,polygon,1081.26826,None,1085.209774,None,1087.550897,None,TRUE,2.4026187,2.4036089,-0.723148148,-0.028703704,1,0,0,2.4026187,one_middle_left,25,1,2022_Jan_04_1109,untitled_1,2020.2.6,59.94384461
כחול,blue,c,1,Image_certainty//image134_alemnt9.jpg,9.jpg,two_down_left,three_middle_right,widespread,certainty,,,,,,,,,0,60,60,134,1089.984194,1090.184255,c,1,0.6325077,1089.984194,None,0,0,1,0,0,0.4339022,polygon,1088.051054,None,1091.672904,None,1097.233381,None,TRUE,5.6045527,5.6060494,-0.387037037,-0.218518519,1,0,0,5.6045527,two_down_left,25,1,2022_Jan_04_1109,untitled_1,2020.2.6,59.94384461
ירוק,red,z,0,Image_certainty//image68_alemnt14.jpg,14.jpg,one_down_left,two_down_right,widespread,certainty,,,,,,,,,0,61,61,68,1099.666763,1099.866359,z,1,0.7975375,1099.666763,None,0,0,1,0,0,0.4305999,polygon,1097.733325,None,1101.512893,None,1105.614846,None,TRUE,4.137269,4.138482,-0.669444444,-0.225925926,1,0,0,4.137269,one_down_left,25,1,2022_Jan_04_1109,untitled_1,2020.2.6,59.94384461
ירוק,green,x,1,Image_certainty//image181_alemnt12.jpg,12.jpg,two_up_left,one_down_right,widespread,certainty,,,,,,,,,0,62,62,181,1107.932288,1108.131992,x,1,0.6071447,1107.932288,None,0,0,1,0,0,0.3207559,polygon,1106.115367,None,1109.625175,None,1114.597124,None,TRUE,5.0344054,5.0350571,-0.523148148,0.234259259,1,0,0,5.0344054,two_up_left,25,1,2022_Jan_04_1109,untitled_1,2020.2.6,59.94384461
כחול,red,z,0,Image_certainty//image58_alemnt8.jpg,8.jpg,two_middle_left,two_up_right,widespread,certainty,,,,,,,,,0,63,63,58,1116.864049,1117.064082,z,1,0.5392038,1116.864049,None,0,0,1,0,0,0.2647899,polygon,1115.09754,None,1118.487078,None,1121.635437,None,TRUE,3.2056483,3.2084266,-0.550925926,-0.057407407,1,0,0,3.2056483,two_middle_left,25,1,2022_Jan_04_1109,untitled_1,2020.2.6,59.94384461
כחול,blue,c,1,Image_certainty//image167_alemnt8.jpg,8.jpg,two_down_left,one_middle_right,widespread,certainty,,,,,,,,,0,64,64,167,1123.863454,1124.063222,c,1,0.6345178,1123.863454,None,0,0,1,0,0,0.2327567,polygon,1122.146854,None,1125.584204,1134.581981,1134.594847,None,,,,,,,,,,,25,1,2022_Jan_04_1109,untitled_1,2020.2.6,59.94384461
אדום,red,z,1,Image_certainty//image165_alemnt8.jpg,8.jpg,one_middle_left,one_up_right,widespread,certainty,,,,,,,,,0,65,65,165,1137.144895,1137.344655,z,1,0.9117363,1137.144895,None,0,0,1,0,0,0.5484173,polygon,1135.094404,None,1139.126931,1148.11406,1148.126504,None,,,,,,,,,,,25,1,2022_Jan_04_1109,untitled_1,2020.2.6,59.94384461
ירוק,blue,c,0,Image_certainty//image45_alemnt9.jpg,9.jpg,one_down_left,three_middle_right,widespread,certainty,,,,,,,,,0,66,66,45,1150.510143,1150.709581,None,0,,1150.510143,None,0,0,1,0,0,0.3811465,polygon,1148.626647,None,1152.762735,None,1156.691753,None,TRUE,3.9852623,3.9865716,-0.675,-0.199074074,1,0,0,3.9852623,one_down_left,25,1,2022_Jan_04_1109,untitled_1,2020.2.6,59.94384461
אדום,red,z,1,Image_certainty//image126_alemnt9.jpg,9.jpg,two_down_left,one_middle_right,widespread,certainty,,,,,,,,,0,67,67,126,1158.95886,1159.158734,z,1,0.806031,1158.95886,None,0,0,1,0,0,0.267175,polygon,1157.192265,None,1160.863095,None,1166.423835,None,TRUE,5.6380039,5.6392745,-0.374074074,-0.221296296,1,0,0,5.6380039,two_down_left,25,1,2022_Jan_04_1109,untitled_1,2020.2.6,59.94384461
אדום,green,x,0,Image_certainty//image24_alemnt13.jpg,13.jpg,three_middle_left,one_middle_right,widespread,certainty,,,,,,,,,0,68,68,24,1168.974114,1169.1741,None,0,,1168.974114,None,0,0,1,0,0,0.5618265,polygon,1166.924349,None,1171.237219,None,1172.941652,None,TRUE,1.7744201,1.7752635,-0.401851852,0.048148148,1,0,0,1.7744201,three_middle_left,25,1,2022_Jan_04_1109,untitled_1,2020.2.6,59.94384461
אדום,blue,c,0,Image_certainty//image13_alemnt2.jpg,2.jpg,two_up_left,one_down_right,infrequent,certainty,,,,,,,,,0,69,69,13,1175.690075,1175.889969,c,1,0.6017849,1175.690075,None,0,0,1,0,0,0.7344352,polygon,1173.456543,None,1177.378168,None,1179.721925,None,TRUE,2.4043478,2.4049106,-0.526851852,0.226851852,1,0,0,2.4043478,two_up_left,25,1,2022_Jan_04_1109,untitled_1,2020.2.6,59.94384461
אדום,green,x,0,Image_certainty//image30_alemnt10.jpg,10.jpg,two_down_left,three_middle_right,widespread,certainty,,,,,,,,,0,70,70,30,1182.072549,1182.27208,x,1,0.6616413,1182.072549,None,0,0,1,0,0,0.350827,polygon,1180.222338,None,1183.799577,None,1188.007607,None,TRUE,4.2543952,4.2577489,-0.398148148,-0.208333333,1,0,0,4.2543952,two_down_left,25,1,2022_Jan_04_1109,untitled_1,2020.2.6,59.94384461
ירוק,green,x,1,Image_certainty//image199_alemnt9.jpg,9.jpg,one_up_left,one_down_right,widespread,certainty,,,,,,,,,0,71,71,199,1190.471579,1190.671326,x,1,0.6436564,1190.471579,None,0,0,1,0,0,0.4522295,polygon,1188.521476,None,1192.203525,None,1200.908596,None,TRUE,8.7729928,8.7745226,-0.789814815,0.212037037,1,0,0,8.7729928,one_up_left,25,1,2022_Jan_04_1109,untitled_1,2020.2.6,59.94384461
ירוק,green,x,1,Image_certainty//image106_alemnt5.jpg,5.jpg,one_down_left,three_middle_right,infrequent,certainty,,,,,,,,,0,72,72,106,1203.336344,1203.536351,x,1,0.5810223,1203.336344,None,0,0,1,0,0,0.4139406,polygon,1201.419862,None,1204.978544,None,1210.093924,None,TRUE,5.1583571,5.1634005,-0.669444444,-0.227777778,1,0,0,5.1583571,one_down_left,25,1,2022_Jan_04_1109,untitled_1,2020.2.6,59.94384461
כחול,red,z,0,Image_certainty//image40_alemnt14.jpg,14.jpg,one_up_left,one_middle_right,widespread,certainty,,,,,,,,,0,73,73,40,1212.368423,1212.56834,z,1,0.711837,1212.368423,None,0,0,1,0,0,0.2647614,polygon,1210.601999,None,1214.168109,None,1222.249895,None,TRUE,8.1525031,8.1532088,-0.746296296,0.194444444,1,0,0,8.1525031,one_up_left,25,1,2022_Jan_04_1109,untitled_1,2020.2.6,59.94384461
ירוק,green,x,1,Image_certainty//image184_alemnt14.jpg,14.jpg,one_up_left,two_middle_right,widespread,certainty,,,,,,,,,0,74,74,184,1224.650446,1224.849914,x,1,0.5388548,1224.650446,None,0,0,1,0,0,0.3978608,polygon,1222.750097,None,1226.284182,None,1234.081684,None,TRUE,7.8725375,7.8732537,-0.730555556,0.216666667,1,0,0,7.8725375,one_up_left,25,1,2022_Jan_04_1109,untitled_1,2020.2.6,59.94384461
ירוק,green,x,1,Image_certainty//image166_alemnt14.jpg,14.jpg,two_middle_left,one_middle_right,widespread,certainty,,,,,,,,,0,75,75,166,1236.432204,1236.631999,x,1,0.5507962,1236.432204,None,0,0,1,0,0,0.3508255,polygon,1234.582198,None,1238.052472,None,1244.530299,None,TRUE,6.5371983,6.538253,-0.516666667,-0.042592593,1,0,0,6.5371983,two_middle_left,25,1,2022_Jan_04_1109,untitled_1,2020.2.6,59.94384461
אדום,red,z,1,Image_certainty//image177_alemnt11.jpg,11.jpg,two_down_left,three_middle_right,widespread,certainty,,,,,,,,,0,76,76,177,1246.847585,1247.046827,z,1,0.7469774,1246.847585,None,0,0,1,0,0,0.3136333,polygon,1245.030785,None,1248.65303,None,1251.596124,None,TRUE,2.98748,2.9887034,-0.397222222,-0.205555556,1,0,0,2.98748,two_down_left,25,1,2022_Jan_04_1109,untitled_1,2020.2.6,59.94384461
אדום,green,x,0,Image_certainty//image12_alemnt1.jpg,1.jpg,one_up_left,two_up_right,infrequent,certainty,,,,,,,,,0,77,77,12,1253.879972,1254.079642,x,1,0.6120769,1253.879972,None,0,0,1,0,0,0.280797,polygon,1252.096305,None,1255.572624,None,1261.133873,None,TRUE,5.6229136,5.6244314,-0.747222222,0.191666667,1,0,0,5.6229136,one_up_left,25,1,2022_Jan_04_1109,untitled_1,2020.2.6,59.94384461
כחול,blue,c,1,Image_certainty//image179_alemnt12.jpg,12.jpg,two_middle_left,one_down_right,widespread,certainty,,,,,,,,,0,78,78,179,1263.378536,1263.578484,c,1,0.5620023,1263.378536,None,0,0,1,0,0,0.2314367,polygon,1261.645076,None,1264.99608,None,1266.510694,None,TRUE,1.5550285,1.5556794,-0.565740741,-0.036111111,1,0,0,1.5550285,two_middle_left,25,1,2022_Jan_04_1109,untitled_1,2020.2.6,59.94384461
כחול,blue,c,1,Image_certainty//image185_alemnt14.jpg,14.jpg,three_middle_left,three_middle_right,widespread,certainty,,,,,,,,,0,79,79,185,1268.761265,1268.961132,c,1,0.9007961,1268.761265,None,0,0,1,0,0,0.2518058,polygon,1267.011273,None,1270.720906,None,1272.626474,None,TRUE,1.955054,1.9566015,-0.381481481,0.068518519,1,0,0,1.955054,three_middle_left,25,1,2022_Jan_04_1109,untitled_1,2020.2.6,59.94384461
כחול,blue,c,1,Image_certainty//image188_alemnt9.jpg,9.jpg,two_up_left,two_down_right,widespread,certainty,,,,,,,,,0,80,80,188,1274.877222,1275.076662,c,1,0.5432627,1274.877222,None,0,0,1,0,0,0.2511463,polygon,1273.126894,None,1276.501905,None,1284.048073,None,TRUE,7.6073799,7.609098,-0.537037037,0.215740741,1,0,0,7.6073799,two_up_left,25,1,2022_Jan_04_1109,untitled_1,2020.2.6,59.94384461
אדום,green,x,0,Image_certainty//image96_alemnt14.jpg,14.jpg,one_up_left,two_down_right,widespread,certainty,,,,,,,,,0,81,81,96,1286.291799,1286.492237,x,1,0.6770668,1286.291799,None,0,0,1,0,0,0.2482545,polygon,1284.558217,None,1288.046252,None,1295.05741,None,TRUE,7.0685456,7.0689892,-0.738888889,0.171296296,1,0,0,7.0685456,one_up_left,25,1,2022_Jan_04_1109,untitled_1,2020.2.6,59.94384461
כחול,blue,c,1,Image_certainty//image119_alemnt6.jpg,6.jpg,two_middle_left,one_down_right,infrequent,certainty,,,,,,,,,0,82,82,119,1297.406836,1297.606559,c,1,0.7661818,1297.406836,None,0,0,1,0,0,0.3646428,polygon,1295.556794,None,1299.221336,None,1307.455237,None,TRUE,8.270197,8.2709499,-0.567592593,-0.031481481,1,0,0,8.270197,two_middle_left,25,1,2022_Jan_04_1109,untitled_1,2020.2.6,59.94384461
כחול,green,x,0,Image_certainty//image65_alemnt9.jpg,9.jpg,two_middle_left,two_up_right,widespread,certainty,,,,,,,,,0,83,83,65,1309.722322,1309.922138,x,1,0.5224277,1309.722322,None,0,0,1,0,0,0.2646042,polygon,1307.955748,None,1311.312229,None,1313.823112,None,TRUE,2.5564614,2.557713,-0.537037037,-0.056481481,1,0,0,2.5564614,two_middle_left,25,1,2022_Jan_04_1109,untitled_1,2020.2.6,59.94384461
כחול,blue,c,1,Image_certainty//image140_alemnt11.jpg,11.jpg,one_up_left,two_up_right,widespread,certainty,,,,,,,,,0,84,84,140,1316.121519,1316.321973,c,1,0.8867288,1316.121519,None,0,0,1,0,0,0.2813967,polygon,1314.338433,None,1318.086841,1327.073486,1327.086286,None,,,,,,,,,,,25,1,2022_Jan_04_1109,untitled_1,2020.2.6,59.94384461
אדום,red,z,1,Image_certainty//image141_alemnt11.jpg,11.jpg,two_down_left,three_middle_right,widespread,certainty,,,,,,,,,0,85,85,141,1329.553307,1329.753186,z,1,0.6294035,1329.553307,None,0,0,1,0,0,0.4642741,polygon,1327.586684,None,1331.271988,None,1335.670161,None,TRUE,4.4701019,4.4731787,-0.39537037,-0.202777778,1,0,0,4.4701019,two_down_left,25,1,2022_Jan_04_1109,untitled_1,2020.2.6,59.94384461
אדום,green,x,0,Image_certainty//image78_alemnt10.jpg,10.jpg,one_middle_left,two_up_right,widespread,certainty,,,,,,,,,0,86,86,78,1337.968776,1338.168768,None,0,,1337.968776,None,0,0,1,0,0,0.2806614,polygon,1336.185613,None,1340.23427,None,1342.267576,None,TRUE,2.1030305,2.1041112,-0.721296296,0.007407407,1,0,0,2.1030305,one_middle_left,25,1,2022_Jan_04_1109,untitled_1,2020.2.6,59.94384461
ירוק,green,x,1,Image_certainty//image112_alemnt3.jpg,3.jpg,one_down_left,two_up_right,infrequent,certainty,,,,,,,,,0,87,87,112,1344.601458,1344.801237,x,1,0.497422,1344.601458,None,0,0,1,0,0,0.330795,polygon,1342.768119,None,1346.173821,1355.169966,1355.182888,None,,,,,,,,,,,25,1,2022_Jan_04_1109,untitled_1,2020.2.6,59.94384461
אדום,red,z,1,Image_certainty//image123_alemnt13.jpg,13.jpg,one_up_left,one_down_right,widespread,certainty,,,,,,,,,0,88,88,123,1357.58304,1357.782847,z,1,0.6798603,1357.58304,None,0,0,1,0,0,0.3966476,polygon,1355.683083,None,1359.34799,1368.334802,1368.347598,None,,,,,,,,,,,25,1,2022_Jan_04_1109,untitled_1,2020.2.6,59.94384461
אדום,blue,c,0,Image_certainty//image85_alemnt14.jpg,14.jpg,two_down_left,three_middle_right,widespread,certainty,,,,,,,,,0,89,89,85,1370.798096,1370.997844,c,1,1.0112778,1370.798096,None,0,0,1,0,0,0.4483133,polygon,1368.848012,None,1372.885468,None,1379.445852,None,TRUE,,6.6227792,,,,,,,,25,1,2022_Jan_04_1109,untitled_1,2020.2.6,59.94384461
אדום,green,x,0,Image_certainty//image36_alemnt10.jpg,10.jpg,three_middle_left,three_middle_right,widespread,certainty,,,,,,,,,0,90,90,36,1381.696504,1381.896413,x,1,0.6902299,1381.696504,None,0,0,1,0,0,0.2498063,polygon,1379.946497,None,1383.477665,None,1385.216485,None,TRUE,1.8068265,1.8088773,-0.369444444,0.094444444,1,0,0,1.8068265,three_middle_left,25,1,2022_Jan_04_1109,untitled_1,2020.2.6,59.94384461
ירוק,green,x,1,Image_certainty//image136_alemnt8.jpg,8.jpg,three_middle_left,two_down_right,widespread,certainty,,,,,,,,,0,91,91,136,1387.379297,1387.578996,x,1,0.5906854,1387.379297,None,0,0,1,0,0,0.14778,polygon,1385.728827,None,1389.053423,1398.047518,1398.060408,None,,,,,,,,,,,25,1,2022_Jan_04_1109,untitled_1,2020.2.6,59.94384461
אדום,blue,c,0,Image_certainty//image67_alemnt13.jpg,13.jpg,three_middle_left,one_middle_right,widespread,certainty,,,,,,,,,0,92,92,67,1400.510648,1400.710473,c,1,0.6573112,1400.510648,None,0,0,1,0,0,0.4460516,polygon,1398.560793,None,1402.259361,None,1406.325685,None,TRUE,4.135773,4.1367676,-0.391666667,0.050925926,1,0,0,4.135773,three_middle_left,25,1,2022_Jan_04_1109,untitled_1,2020.2.6,59.94384461
כחול,green,x,0,Image_certainty//image53_alemnt12.jpg,12.jpg,two_down_left,two_middle_right,widespread,certainty,,,,,,,,,0,93,93,53,1408.593009,1408.792898,x,1,0.5893815,1408.593009,None,0,0,1,0,0,0.2678169,polygon,1406.826362,None,1410.270782,None,1418.931112,None,TRUE,8.7228498,8.7266585,-0.419444444,-0.20462963,1,0,0,8.7228498,two_down_left,25,1,2022_Jan_04_1109,untitled_1,2020.2.6,59.94384461
ירוק,green,x,1,Image_certainty//image121_alemnt12.jpg,12.jpg,two_down_left,three_middle_right,widespread,certainty,,,,,,,,,0,94,94,121,1421.15812,1421.35794,x,1,0.678671,1421.15812,None,0,0,1,0,0,0.2286185,polygon,1419.441433,None,1422.926042,None,1431.873487,None,TRUE,9.019469,9.0220243,-0.400925926,-0.243518519,1,0,0,9.019469,two_down_left,25,1,2022_Jan_04_1109,untitled_1,2020.2.6,59.94384461
ירוק,green,x,1,Image_certainty//image172_alemnt8.jpg,8.jpg,two_middle_left,two_down_right,widespread,certainty,,,,,,,,,0,95,95,172,1434.172705,1434.372373,x,1,0.5612727,1434.172705,None,0,0,1,0,0,0.2990962,polygon,1432.372743,None,1435.831457,None,1440.121307,None,TRUE,4.3726495,4.3733138,-0.544444444,-0.04537037,1,0,0,4.3726495,two_middle_left,25,1,2022_Jan_04_1109,untitled_1,2020.2.6,59.94384461
ירוק,red,z,0,Image_certainty//image44_alemnt11.jpg,11.jpg,two_middle_left,one_up_right,widespread,certainty,,,,,,,,,0,96,96,44,1442.138652,1442.338556,z,1,0.6641371,1442.138652,None,0,0,1,0,0,0.0304367,polygon,1440.621433,None,1443.866067,None,1446.304059,None,TRUE,2.4880632,2.488863,-0.564814815,-0.035185185,1,0,0,2.4880632,two_middle_left,25,1,2022_Jan_04_1109,untitled_1,2020.2.6,59.94384461
אדום,blue,c,0,Image_certainty//image91_alemnt8.jpg,8.jpg,two_up_left,one_up_right,widespread,certainty,,,,,,,,,0,97,97,91,1448.57123,1448.771034,None,0,,1448.57123,None,0,0,1,0,0,0.2640297,polygon,1446.804481,None,1450.829163,None,1453.119533,None,TRUE,,2.3545979,,,,,,,,25,1,2022_Jan_04_1109,untitled_1,2020.2.6,59.94384461
אדום,red,z,1,Image_certainty//image180_alemnt12.jpg,12.jpg,one_up_left,one_middle_right,widespread,certainty,,,,,,,,,0,98,98,180,1455.553655,1455.753487,z,1,0.9866293,1455.553655,None,0,0,1,0,0,0.4314827,polygon,1453.62032,None,1457.597376,1466.571854,1466.601763,None,,,,,,,,,,,25,1,2022_Jan_04_1109,untitled_1,2020.2.6,59.94384461
ירוק,green,x,1,Image_certainty//image109_alemnt5.jpg,5.jpg,one_down_left,two_middle_right,infrequent,certainty,,,,,,,,,0,99,99,109,1469.051971,1469.251659,x,1,0.6917513,1469.051971,None,-0.000925926,0.003703704,1,0,0,0.4489067,polygon,1467.101926,None,1470.832524,None,1475.316831,None,TRUE,4.5540447,4.5553606,-0.659259259,-0.230555556,1,0,0,4.5540447,one_down_left,25,1,2022_Jan_04_1109,untitled_1,2020.2.6,59.94384461
כחול,green,x,0,Image_certainty//image11_alemnt7.jpg,7.jpg,two_middle_left,one_middle_right,infrequent,certainty,,,,,,,,,0,100,100,11,1477.550722,1477.750092,x,1,0.6157768,1477.550722,None,0,0,1,0,0,0.2315229,polygon,1475.817511,None,1479.249584,None,1481.432738,None,TRUE,2.2551841,2.2562302,-0.553703704,-0.044444444,1,0,0,2.2551841,two_middle_left,25,1,2022_Jan_04_1109,untitled_1,2020.2.6,59.94384461
ירוק,red,z,0,Image_certainty//image92_alemnt10.jpg,10.jpg,one_down_left,two_middle_right,widespread,certainty,,,,,,,,,0,101,101,92,1483.600067,1483.79983,z,1,0.6817485,1483.600067,None,0,0,1,0,0,0.165186,polygon,1481.933207,None,1485.358426,1494.35142,1494.364693,None,,,,,,,,,,,25,1,2022_Jan_04_1109,untitled_1,2020.2.6,59.94384461
אדום,blue,c,0,Image_certainty//image7_alemnt7.jpg,7.jpg,one_down_left,one_down_right,infrequent,certainty,,,,,,,,,0,102,102,7,1496.830951,1497.031025,None,0,,1496.830951,None,0.013888889,0.002777778,1,0,0,0.4644819,polygon,1494.864685,None,1499.075685,None,1502.863,None,TRUE,3.8354367,3.8369586,-0.682407407,-0.219444444,1,0,0,3.8354367,one_down_left,25,1,2022_Jan_04_1109,untitled_1,2020.2.6,59.94384461
כחול,green,x,0,Image_certainty//image41_alemnt12.jpg,12.jpg,two_up_left,one_up_right,widespread,certainty,,,,,,,,,0,103,103,41,1505.613792,1505.813585,x,1,0.8196415,1505.613792,None,0,0,1,0,0,0.7499758,polygon,1503.363796,None,1507.537153,None,1509.196081,None,TRUE,1.7370609,1.7380247,-0.516666667,0.2,1,0,0,1.7370609,two_up_left,25,1,2022_Jan_04_1109,untitled_1,2020.2.6,59.94384461
כחול,blue,c,1,Image_certainty//image194_alemnt11.jpg,11.jpg,three_middle_left,two_down_right,widespread,certainty,,,,,,,,,0,104,104,194,1511.513094,1511.712714,c,1,0.6628238,1511.513094,None,0,0,1,0,0,0.3141613,polygon,1509.696352,None,1513.246371,None,1518.1673,None,TRUE,4.9716901,4.9749364,-0.352777778,0.028703704,1,0,0,4.9716901,three_middle_left,25,1,2022_Jan_04_1109,untitled_1,2020.2.6,59.94384461
אדום,green,x,0,Image_certainty//image90_alemnt12.jpg,12.jpg,three_middle_left,two_up_right,widespread,certainty,,,,,,,,,0,105,105,90,1520.51179,1520.711645,None,0,,1520.51179,None,0,0,1,0,0,0.3458579,polygon,1518.678505,None,1522.779062,None,1528.296577,None,TRUE,5.5870793,5.5895784,-0.386111111,0.064814815,1,0,0,5.5870793,three_middle_left,25,1,2022_Jan_04_1109,untitled_1,2020.2.6,59.94384461
כחול,red,z,0,Image_certainty//image82_alemnt14.jpg,14.jpg,three_middle_left,two_down_right,widespread,certainty,,,,,,,,,0,106,106,82,1530.57731,1530.776998,z,1,0.7844868,1530.57731,None,0,0,1,0,0,0.2658287,polygon,1528.81042,None,1532.441374,1541.428966,1541.441709,None,,,,,,,,,,,25,1,2022_Jan_04_1109,untitled_1,2020.2.6,59.94384461
כחול,red,z,0,Image_certainty//image10_alemnt6.jpg,6.jpg,two_middle_left,three_middle_right,infrequent,certainty,,,,,,,,,0,107,107,10,1543.808602,1544.008561,z,1,0.755597,1543.808602,None,0,0,1,0,0,0.3635672,polygon,1541.94214,None,1545.654074,None,1549.611124,None,TRUE,4.0242863,4.0250565,-0.535185185,-0.049074074,1,0,0,4.0242863,two_middle_left,25,1,2022_Jan_04_1109,untitled_1,2020.2.6,59.94384461
ירוק,red,z,0,Image_certainty//image86_alemnt13.jpg,13.jpg,two_middle_left,one_up_right,widespread,certainty,,,,,,,,,0,108,108,86,1551.874461,1552.074206,z,1,0.8130532,1551.874461,None,0,0,1,0,0,0.247295,polygon,1550.12432,None,1553.768441,None,1561.655725,None,TRUE,7.9555338,7.9561937,-0.556481481,-0.052777778,1,0,0,7.9555338,two_middle_left,25,1,2022_Jan_04_1109,untitled_1,2020.2.6,59.94384461
כחול,blue,c,1,Image_certainty//image173_alemnt12.jpg,12.jpg,two_up_left,three_middle_right,widespread,certainty,,,,,,,,,0,109,109,173,1563.872907,1564.056029,c,1,0.6671638,1563.872907,None,0,0,1,0,0,0.2142395,polygon,1562.156112,None,1565.604545,None,1567.373165,None,TRUE,1.8253158,1.8257633,-0.526851852,0.210185185,1,0,0,1.8253158,two_up_left,25,1,2022_Jan_04_1109,untitled_1,2020.2.6,59.94384461
כחול,blue,c,1,Image_certainty//image104_alemnt3.jpg,3.jpg,three_middle_left,two_down_right,infrequent,certainty,,,,,,,,,0,110,110,104,1569.73876,1569.93855,c,1,0.9125462,1569.73876,None,0,0,1,0,0,0.3479948,polygon,1567.888713,None,1571.707701,1580.690988,1580.703234,None,,,,,,,,,,,25,1,2022_Jan_04_1109,untitled_1,2020.2.6,59.94384461
כחול,blue,c,1,Image_certainty//image122_alemnt14.jpg,14.jpg,one_down_left,two_up_right,widespread,certainty,,,,,,,,,0,111,111,122,1583.037142,1583.236835,c,1,0.7179856,1583.037142,None,0.003703704,0.00462963,1,0,0,0.3341369,polygon,1581.203396,None,1584.838306,None,1587.988908,None,TRUE,3.209119,3.2102872,-0.696296296,-0.247222222,1,0,0,3.209119,one_down_left,25,1,2022_Jan_04_1109,untitled_1,2020.2.6,59.94384461
ירוק,green,x,1,Image_certainty//image145_alemnt12.jpg,12.jpg,two_down_left,two_down_right,widespread,certainty,,,,,,,,,0,112,112,145,1590.269115,1590.469111,x,1,0.8042218,1590.269115,None,0,0,1,0,0,0.2672113,polygon,1588.502242,None,1592.143967,1601.137501,1601.150641,None,,,,,,,,,,,25,1,2022_Jan_04_1109,untitled_1,2020.2.6,59.94384461
אדום,blue,c,0,Image_certainty//image31_alemnt9.jpg,9.jpg,one_up_left,one_down_right,widespread,certainty,,,,,,,,,0,113,113,31,1603.517782,1603.717328,c,1,0.8094803,1603.517782,None,0,0,1,0,0,0.3640145,polygon,1601.650933,None,1605.417213,None,1611.315851,None,TRUE,,5.9732768,,,,,,,,25,1,2022_Jan_04_1109,untitled_1,2020.2.6,59.94384461
כחול,red,z,0,Image_certainty//image64_alemnt10.jpg,10.jpg,one_up_left,three_middle_right,widespread,certainty,,,,,,,,,0,114,114,64,1613.54962,1613.749344,z,1,0.9310165,1613.54962,None,0,0,1,0,0,0.2449943,polygon,1611.816347,None,1615.571611,None,1619.414627,None,TRUE,3.9201033,3.9204945,-0.739814815,0.199074074,1,0,0,3.9201033,one_up_left,25,1,2022_Jan_04_1109,untitled_1,2020.2.6,59.94384461
כחול,green,x,0,Image_certainty//image83_alemnt14.jpg,14.jpg,one_down_left,one_middle_right,widespread,certainty,,,,,,,,,0,115,115,83,1621.532075,1621.731838,x,1,0.7895063,1621.532075,None,0,0,1,0,0,0.1140032,polygon,1619.915305,None,1623.402505,None,1626.663951,None,TRUE,3.3218032,3.3230274,-0.668518519,-0.203703704,1,0,0,3.3218032,one_down_left,25,1,2022_Jan_04_1109,untitled_1,2020.2.6,59.94384461
ירוק,blue,c,0,Image_certainty//image93_alemnt14.jpg,14.jpg,one_down_left,one_middle_right,widespread,certainty,,,,,,,,,0,116,116,93,1628.931085,1629.130795,None,0,,1628.931085,None,0,0,1,0,0,0.2644229,polygon,1627.164392,None,1631.194516,None,1634.065977,None,TRUE,2.9369299,2.9395601,-0.667592593,-0.205555556,1,0,0,2.9369299,one_down_left,25,1,2022_Jan_04_1109,untitled_1,2020.2.6,59.94384461
כחול,blue,c,1,Image_certainty//image146_alemnt12.jpg,12.jpg,one_up_left,two_middle_right,widespread,certainty,,,,,,,,,0,117,117,146,1636.430082,1636.629587,c,1,1.1612289,1636.430082,None,0,0,1,0,0,0.345866,polygon,1634.580066,None,1638.663697,None,1643.162111,None,TRUE,,4.5564123,,,,,,,,25,1,2022_Jan_04_1109,untitled_1,2020.2.6,59.94384461
כחול,blue,c,1,Image_certainty//image197_alemnt11.jpg,11.jpg,two_down_left,two_middle_right,widespread,certainty,,,,,,,,,0,118,118,197,1645.262322,1645.462061,c,1,0.6725931,1645.262322,None,0,0,1,0,0,0.0978568,polygon,1643.662231,None,1647.023128,1656.014061,1656.026853,None,,,,,,,,,,,25,1,2022_Jan_04_1109,untitled_1,2020.2.6,59.94384461
כחול,green,x,0,Image_certainty//image5_alemnt2.jpg,2.jpg,two_down_left,two_down_right,infrequent,certainty,,,,,,,,,0,119,119,5,1658.393931,1658.593729,x,1,0.7955466,1658.393931,None,0,0,1,0,0,0.3641595,polygon,1656.527166,None,1660.273422,1669.26277,1669.275247,None,,,,,,,,,,,25,1,2022_Jan_04_1109,untitled_1,2020.2.6,59.94384461
כחול,blue,c,1,Image_certainty//image101_alemnt6.jpg,6.jpg,one_down_left,two_middle_right,infrequent,certainty,,,,,,,,,0,120,120,101,1671.658639,1671.858361,c,1,0.6415276,1671.658639,None,0,0,1,0,0,0.380158,polygon,1669.775201,None,1673.362432,None,1674.996348,None,TRUE,1.6748095,1.678396,-0.665740741,-0.226851852,1,0,0,1.6748095,one_down_left,25,1,2022_Jan_04_1109,untitled_1,2020.2.6,59.94384461
ירוק,red,z,0,Image_certainty//image50_alemnt11.jpg,11.jpg,three_middle_left,one_down_right,widespread,certainty,,,,,,,,,0,121,121,50,1678.241303,1678.441041,z,1,0.6319428,1678.241303,None,0,0,1,0,0,1.234643,polygon,1675.508064,None,1679.954838,1688.942584,1688.955995,None,,,,,,,,,,,25,1,2022_Jan_04_1109,untitled_1,2020.2.6,59.94384461
כחול,green,x,0,Image_certainty//image29_alemnt13.jpg,13.jpg,one_middle_left,one_up_right,widespread,certainty,,,,,,,,,0,122,122,29,1691.289361,1691.489407,x,1,0.5305408,1691.289361,None,0,0,1,0,0,0.3320976,polygon,1689.455951,None,1692.9009,None,1696.472719,None,TRUE,3.6402099,3.6408165,-0.743518519,-0.003703704,1,0,0,3.6402099,one_middle_left,25,1,2022_Jan_04_1109,untitled_1,2020.2.6,59.94384461
אדום,blue,c,0,Image_certainty//image73_alemnt10.jpg,10.jpg,two_down_left,one_down_right,widespread,certainty,,,,,,,,,0,123,123,73,1714.120043,1714.319808,c,1,0.9100019,1714.120043,None,0,0,1,0,0,15.6598221,polygon,1696.971924,None,1716.112426,None,1720.751877,None,TRUE,4.7020797,4.7040885,-0.411111111,-0.239814815,1,0,0,4.7020797,two_down_left,25,1,2022_Jan_04_1109,untitled_1,2020.2.6,59.94384461
ירוק,green,x,1,Image_certainty//image115_alemnt2.jpg,2.jpg,three_middle_left,one_down_right,infrequent,certainty,,,,,,,,,0,124,124,115,1723.21857,1723.418526,x,1,1.1626815,1723.21857,None,0,0,1,0,0,0.4794088,polygon,1721.25195,None,1725.436154,None,1734.383709,None,TRUE,8.9872328,8.9889533,-0.383333333,0.066666667,1,0,0,8.9872328,three_middle_left,25,1,2022_Jan_04_1109,untitled_1,2020.2.6,59.94384461
כחול,blue,c,1,Image_certainty//image191_alemnt12.jpg,12.jpg,two_middle_left,one_up_right,widespread,certainty,,,,,,,,,0,125,125,191,1736.666994,1736.866817,c,1,0.8155293,1736.666994,None,0,0,1,0,0,0.2802574,polygon,1734.883633,None,1738.563314,None,1742.198646,None,TRUE,3.702965,3.7036806,-0.557407407,-0.072222222,1,0,0,3.702965,two_middle_left,25,1,2022_Jan_04_1109,untitled_1,2020.2.6,59.94384461
כחול,red,z,0,Image_certainty//image52_alemnt13.jpg,13.jpg,one_middle_left,two_middle_right,widespread,certainty,,,,,,,,,0,126,126,52,1744.866046,1745.065724,z,1,0.9661663,1744.866046,None,0,0,1,0,0,0.6641194,polygon,1742.699307,None,1746.910377,None,1749.348535,None,TRUE,2.5047518,2.506281,-0.722222222,0.025925926,1,0,0,2.5047518,one_middle_left,25,1,2022_Jan_04_1109,untitled_1,2020.2.6,59.94384461
ירוק,green,x,1,Image_certainty//image196_alemnt13.jpg,13.jpg,three_middle_left,one_down_right,widespread,certainty,,,,,,,,,0,127,127,196,1751.615127,1751.81484,x,1,0.676467,1751.615127,None,0,0,1,0,0,0.2654412,polygon,1749.848363,None,1753.372218,None,1759.129792,None,TRUE,5.8182797,5.8197954,-0.389814815,0.07962963,1,0,0,5.8182797,three_middle_left,25,1,2022_Jan_04_1109,untitled_1,2020.2.6,59.94384461
אדום,green,x,0,Image_certainty//image0_alemnt7.jpg,7.jpg,one_down_left,two_up_right,infrequent,certainty,,,,,,,,,0,128,128,0,1761.230392,1761.430209,x,1,0.6768717,1761.230392,None,0,0,1,0,0,0.1124777,polygon,1759.630099,None,1763.000141,1771.982161,1772.011779,None,,,,,,,,,,,25,1,2022_Jan_04_1109,untitled_1,2020.2.6,59.94384461
כחול,blue,c,1,Image_certainty//image125_alemnt12.jpg,12.jpg,one_down_left,one_down_right,widespread,certainty,,,,,,,,,0,129,129,125,1774.378837,1774.578548,c,1,0.7203974,1774.378837,None,0,0,1,0,0,0.3639699,polygon,1772.511631,None,1776.200064,None,1778.947296,None,TRUE,2.8210937,2.8248323,-0.67962963,-0.239814815,1,0,0,2.8210937,one_down_left,25,1,2022_Jan_04_1109,untitled_1,2020.2.6,59.94384461
כחול,red,z,0,Image_certainty//image22_alemnt11.jpg,11.jpg,two_up_left,one_down_right,widespread,certainty,,,,,,,,,0,130,130,22,1781.211278,1781.410994,None,0,,1781.211278,None,0,0,1,0,0,0.2475854,polygon,1779.46122,None,1783.455449,None,1785.212948,None,TRUE,1.8056682,1.807203,-0.49537037,0.210185185,1,0,0,1.8056682,two_up_left,25,1,2022_Jan_04_1109,untitled_1,2020.2.6,59.94384461
כחול,blue,c,1,Image_certainty//image161_alemnt12.jpg,12.jpg,one_down_left,two_middle_right,widespread,certainty,,,,,,,,,0,131,131,161,1787.460482,1787.660173,c,1,1.0312511,1787.460482,None,0,0,1,0,0,0.2486844,polygon,1785.72659,None,1789.55178,None,1793.292181,None,TRUE,3.7874121,3.7886649,-0.705555556,-0.225,1,0,0,3.7874121,one_down_left,25,1,2022_Jan_04_1109,untitled_1,2020.2.6,59.94384461
אדום,red,z,1,Image_certainty//image162_alemnt10.jpg,10.jpg,two_down_left,two_middle_right,widespread,certainty,,,,,,,,,0,132,132,162,1795.576035,1795.775745,z,1,0.6419815,1795.576035,None,0,0,1,0,0,0.2810665,polygon,1793.792378,None,1797.315354,None,1805.565377,None,TRUE,8.3210214,8.3264107,-0.423148148,-0.225,1,0,0,8.3210214,two_down_left,25,1,2022_Jan_04_1109,untitled_1,2020.2.6,59.94384461
כחול,blue,c,1,Image_certainty//image158_alemnt11.jpg,11.jpg,one_up_left,two_down_right,widespread,certainty,,,,,,,,,0,133,133,158,1807.857813,1808.057511,c,1,0.6374118,1807.857813,None,0,0,1,0,0,0.2804198,polygon,1806.074367,None,1809.565616,1818.559274,1818.572452,None,,,,,,,,,,,25,1,2022_Jan_04_1109,untitled_1,2020.2.6,59.94384461
כחול,blue,c,1,Image_certainty//image170_alemnt13.jpg,13.jpg,one_down_left,two_middle_right,widespread,certainty,,,,,,,,,0,134,134,170,1820.938903,1821.138836,c,1,0.6023323,1820.938903,None,0,-0.000925926,1,0,0,0.3648534,polygon,1819.072673,None,1822.638207,None,1826.737706,None,TRUE,4.1722256,4.1734242,-0.65462963,-0.222222222,1,0,0,4.1722256,one_down_left,25,1,2022_Jan_04_1109,untitled_1,2020.2.6,59.94384461
כחול,blue,c,1,Image_certainty//image152_alemnt14.jpg,14.jpg,one_middle_left,one_middle_right,widespread,certainty,,,,,,,,,0,135,135,152,1828.821655,1829.021321,c,1,0.5248807,1828.821655,None,0,0,1,0,0,0.0803197,polygon,1827.238276,None,1830.408591,None,1832.773165,None,TRUE,2.4057866,2.4076275,-0.721296296,0.006481481,1,0,0,2.4057866,one_middle_left,25,1,2022_Jan_04_1109,untitled_1,2020.2.6,59.94384461
ירוק,red,z,0,Image_certainty//image8_alemnt6.jpg,6.jpg,one_down_left,one_up_right,infrequent,certainty,,,,,,,,,0,136,136,8,1835.020536,1835.220332,z,1,0.6398553,1835.020536,None,0,0,1,0,0,0.2466741,polygon,1833.28749,None,1836.726892,1845.722486,1845.735864,None,,,,,,,,,,,25,1,2022_Jan_04_1109,untitled_1,2020.2.6,59.94384461
אדום,red,z,1,Image_certainty//image114_alemnt2.jpg,2.jpg,one_middle_left,one_middle_right,infrequent,certainty,,,,,,,,,0,137,137,114,1848.035404,1848.235583,z,1,0.6451626,1848.035404,None,0,0,1,0,0,0.295766,polygon,1846.235806,None,1849.764739,None,1858.533631,None,TRUE,8.8352723,8.8361807,-0.726851852,0.001851852,1,0,0,8.8352723,one_middle_left,25,1,2022_Jan_04_1109,untitled_1,2020.2.6,59.94384461
ירוק,red,z,0,Image_certainty//image26_alemnt11.jpg,11.jpg,one_middle_left,two_down_right,widespread,certainty,,,,,,,,,0,138,138,26,1860.767122,1860.967314,z,1,0.7457806,1860.767122,None,0,0,1,0,0,0.2303243,polygon,1859.03414,None,1862.576005,1871.56926,1871.582167,None,,,,,,,,,,,25,1,2022_Jan_04_1109,untitled_1,2020.2.6,59.94384461
ירוק,green,x,1,Image_certainty//image127_alemnt14.jpg,14.jpg,one_up_left,two_middle_right,widespread,certainty,,,,,,,,,0,139,139,127,1873.865866,1874.065574,x,1,0.7096668,1873.865866,None,0,0,1,0,0,0.2814714,polygon,1872.08238,None,1875.638055,None,1881.233977,None,TRUE,5.6411365,5.6421115,-0.743518519,0.176851852,1,0,0,5.6411365,one_up_left,25,1,2022_Jan_04_1109,untitled_1,2020.2.6,59.94384461
ירוק,blue,c,0,Image_certainty//image33_alemnt13.jpg,13.jpg,three_middle_left,two_middle_right,widespread,certainty,,,,,,,,,0,140,140,33,1883.347477,1883.547791,c,1,0.5988933,1883.347477,None,0,0,1,0,0,0.0975781,polygon,1881.747851,None,1885.009437,None,1887.133178,None,TRUE,2.1714553,2.1735093,-0.374074074,0.087962963,1,0,0,2.1714553,three_middle_left,25,1,2022_Jan_04_1109,untitled_1,2020.2.6,59.94384461
ירוק,blue,c,0,Image_certainty//image81_alemnt14.jpg,14.jpg,three_middle_left,one_down_right,widespread,certainty,,,,,,,,,0,141,141,81,1889.513752,1889.713485,None,0,,1889.513752,None,0,0,1,0,0,0.3654784,polygon,1887.647059,None,1891.756829,None,1893.480104,None,TRUE,1.7711336,1.7731792,-0.355555556,0.056481481,1,0,0,1.7711336,three_middle_left,25,1,2022_Jan_04_1109,untitled_1,2020.2.6,59.94384461
אדום,red,z,1,Image_certainty//image192_alemnt11.jpg,11.jpg,one_up_left,one_down_right,widespread,certainty,,,,,,,,,0,142,142,192,1896.112962,1896.312694,z,1,0.6454832,1896.112962,None,0,0,1,0,0,0.6500977,polygon,1893.979514,None,1897.842497,None,1901.681326,None,TRUE,3.905701,3.9068885,-0.72962963,0.19537037,1,0,0,3.905701,one_up_left,25,1,2022_Jan_04_1109,untitled_1,2020.2.6,59.94384461
כחול,blue,c,1,Image_certainty//image128_alemnt13.jpg,13.jpg,two_up_left,three_middle_right,widespread,certainty,,,,,,,,,0,143,143,128,1903.961951,1904.161081,c,1,0.7220917,1903.961951,None,0,0,1,0,0,0.2784423,polygon,1902.195191,None,1905.764936,None,1912.909706,None,TRUE,7.2041497,7.2046155,-0.52962963,0.209259259,1,0,0,7.2041497,two_up_left,25,1,2022_Jan_04_1109,untitled_1,2020.2.6,59.94384461
אדום,red,z,1,Image_certainty//image108_alemnt2.jpg,2.jpg,one_down_left,one_up_right,infrequent,certainty,,,,,,,,,0,144,144,108,1915.293724,1915.493346,None,0,,1915.293724,None,0,0,1,0,0,0.3804769,polygon,1913.410401,None,1917.5537,None,1926.508604,None,,,,,,,,,,,25,1,2022_Jan_04_1109,untitled_1,2020.2.6,59.94384461
אדום,green,x,0,Image_certainty//image42_alemnt12.jpg,12.jpg,two_up_left,one_up_right,widespread,certainty,,,,,,,,,0,145,145,42,1930.54179,1930.74155,x,1,0.7096157,1930.54179,None,-0.00462963,0.008333333,1,0,0,2.0485686,polygon,1927.008261,None,1932.315626,None,1935.691166,None,TRUE,3.4242751,3.4248273,-0.513888889,0.228703704,1,0,0,3.4242751,two_up_left,25,1,2022_Jan_04_1109,untitled_1,2020.2.6,59.94384461
אדום,red,z,1,Image_certainty//image186_alemnt11.jpg,11.jpg,one_down_left,two_up_right,widespread,certainty,,,,,,,,,0,146,146,186,1950.389203,1950.58902,z,1,0.3762702,1950.389203,None,0,0,1,0,0,12.7101882,polygon,1936.190718,None,1951.854271,None,1958.571232,None,TRUE,6.7892657,6.7904364,-0.7,-0.226851852,1,0,0,6.7892657,one_down_left,25,1,2022_Jan_04_1109,untitled_1,2020.2.6,59.94384461
אדום,blue,c,0,Image_certainty//image43_alemnt11.jpg,11.jpg,two_down_left,one_up_right,widespread,certainty,,,,,,,,,0,147,147,43,1961.954413,1962.154052,None,0,,1961.954413,None,0,0,1,0,0,1.3840103,polygon,1959.071038,None,1964.22114,None,1973.168969,None,,,,,,,,,,,25,1,2022_Jan_04_1109,untitled_1,2020.2.6,59.94384461
אדום,red,z,1,Image_certainty//image117_alemnt1.jpg,1.jpg,one_up_left,two_up_right,infrequent,certainty,,,,,,,,,0,148,148,117,1975.519302,1975.718968,None,0,,1975.519302,None,0,0,1,0,0,0.350185,polygon,1973.669211,None,1977.781674,None,1985.500553,None,TRUE,7.7862745,7.7870272,-0.734259259,0.232407407,1,0,0,7.7862745,one_up_left,25,1,2022_Jan_04_1109,untitled_1,2020.2.6,59.94384461
אדום,red,z,1,Image_certainty//image174_alemnt10.jpg,10.jpg,one_down_left,three_middle_right,widespread,certainty,,,,,,,,,0,149,149,174,1988.334188,1988.533415,z,1,0.5591351,1988.334188,None,0,0,1,0,0,0.8311637,polygon,1986.000864,None,1989.970783,None,1993.419781,None,TRUE,3.5047929,3.5078903,-0.65462963,-0.227777778,1,0,0,3.5047929,one_down_left,25,1,2022_Jan_04_1109,untitled_1,2020.2.6,59.94384461
אדום,red,z,1,Image_certainty//image198_alemnt9.jpg,9.jpg,one_up_left,one_middle_right,widespread,certainty,,,,,,,,,0,150,150,198,1997.666011,1997.86611,z,1,0.4158825,1997.666011,None,0,0,1,0,0,2.248433,polygon,1993.933253,None,1999.164132,2008.152001,2008.164594,None,,,,,,,,,,,25,1,2022_Jan_04_1109,untitled_1,2020.2.6,59.94384461
כחול,blue,c,1,Image_certainty//image116_alemnt2.jpg,2.jpg,one_middle_left,two_down_right,infrequent,certainty,,,,,,,,,0,151,151,116,2010.598022,2010.797808,c,1,0.5640361,2010.598022,None,0,0,1,0,0,0.4316478,polygon,2008.664544,None,2012.224625,2021.199932,2021.229102,None,,,,,,,,,,,25,1,2022_Jan_04_1109,untitled_1,2020.2.6,59.94384461
ירוק,blue,c,0,Image_certainty//image99_alemnt10.jpg,10.jpg,three_middle_left,one_middle_right,widespread,certainty,,,,,,,,,0,152,152,99,2025.295831,2025.495855,c,1,0.7155174,2025.295831,None,-0.000925926,0.002777778,1,0,0,2.0678493,polygon,2021.728861,None,2027.088165,None,2034.460663,None,TRUE,7.4347516,7.4355771,-0.387037037,0.081481481,1,0,0,7.4347516,three_middle_left,25,1,2022_Jan_04_1109,untitled_1,2020.2.6,59.94384461
ירוק,green,x,1,Image_certainty//image103_alemnt1.jpg,1.jpg,two_down_left,one_middle_right,infrequent,certainty,,,,,,,,,0,153,153,103,2036.744632,2036.944398,x,1,0.6080552,2036.744632,None,0,0,1,0,0,0.2812629,polygon,2034.960738,None,2038.442434,None,2044.080724,None,TRUE,5.7046266,5.7079437,-0.412962963,-0.214814815,1,0,0,5.7046266,two_down_left,25,1,2022_Jan_04_1109,untitled_1,2020.2.6,59.94384461
אדום,green,x,0,Image_certainty//image6_alemnt7.jpg,7.jpg,three_middle_left,three_middle_right,infrequent,certainty,,,,,,,,,0,154,154,6,2046.543372,2046.7431,x,1,0.751427,2046.543372,None,0,0,1,0,0,0.4481167,polygon,2044.593291,None,2048.37296,None,2050.425253,None,TRUE,2.1023565,2.1032095,-0.388888889,0.072222222,1,0,0,2.1023565,three_middle_left,25,1,2022_Jan_04_1109,untitled_1,2020.2.6,59.94384461
ירוק,red,z,0,Image_certainty//image62_alemnt11.jpg,11.jpg,two_down_left,two_middle_right,widespread,certainty,,,,,,,,,0,155,155,62,2052.642453,2052.842316,z,1,0.7722607,2052.642453,None,0,0,1,0,0,0.2187485,polygon,2050.925806,None,2054.513584,2063.493933,2063.523867,None,,,,,,,,,,,25,1,2022_Jan_04_1109,untitled_1,2020.2.6,59.94384461
כחול,green,x,0,Image_certainty//image89_alemnt13.jpg,13.jpg,two_up_left,three_middle_right,widespread,certainty,,,,,,,,,0,156,156,89,2077.088457,2077.289178,x,1,0.5631452,2077.088457,None,0,0,1,0,0,11.5630304,polygon,2064.023723,None,2078.736201,2087.724748,2087.737211,None,,,,,,,,,,,25,1,2022_Jan_04_1109,untitled_1,2020.2.6,59.94384461
אדום,red,z,1,Image_certainty//image135_alemnt12.jpg,12.jpg,two_middle_left,one_middle_right,widespread,certainty,,,,,,,,,0,157,157,135,2096.003575,2096.186223,z,1,0.5913235,2096.003575,None,-0.011111111,0.013888889,1,0,0,4.8948917,polygon,2088.237767,None,2097.689801,None,2101.385505,None,TRUE,3.7692416,3.770498,-0.553703704,-0.052777778,1,0,0,3.7692416,two_middle_left,25,1,2022_Jan_04_1109,untitled_1,2020.2.6,59.94384461
ירוק,green,x,1,Image_certainty//image175_alemnt11.jpg,11.jpg,one_middle_left,two_down_right,widespread,certainty,,,,,,,,,0,158,158,175,2103.652303,2103.852188,x,1,0.6650272,2103.652303,None,0,0,1,0,0,0.2640257,polygon,2101.885784,None,2105.387041,2114.37152,2114.383684,None,,,,,,,,,,,25,1,2022_Jan_04_1109,untitled_1,2020.2.6,59.94384461
כחול,red,z,0,Image_certainty//image28_alemnt10.jpg,10.jpg,one_down_left,two_down_right,widespread,certainty,,,,,,,,,0,159,159,28,2116.800934,2117.000573,z,1,0.6367861,2116.800934,None,0,0,1,0,0,0.4127695,polygon,2114.884119,None,2118.521815,None,2127.465421,None,TRUE,9.0026268,9.0051127,-0.674074074,-0.249074074,1,0,0,9.0026268,one_down_left,25,1,2022_Jan_04_1109,untitled_1,2020.2.6,59.94384461
אדום,blue,c,0,Image_certainty//image37_alemnt13.jpg,13.jpg,two_down_left,one_up_right,widespread,certainty,,,,,,,,,0,160,160,37,2129.799203,2129.99887,c,1,0.5893048,2129.799203,None,0,0,1,0,0,0.3335624,polygon,2127.965675,None,2131.460007,None,2133.965063,None,TRUE,2.5555666,2.556955,-0.388888889,-0.22962963,1,0,0,2.5555666,two_down_left,25,1,2022_Jan_04_1109,untitled_1,2020.2.6,59.94384461
ירוק,blue,c,0,Image_certainty//image75_alemnt11.jpg,11.jpg,two_up_left,one_middle_right,widespread,certainty,,,,,,,,,0,161,161,75,2136.464894,2136.664719,c,1,0.8533618,2136.464894,None,0,0,1,0,0,0.4970409,polygon,2134.464909,None,2138.385895,2147.369931,2147.381069,None,,,,,,,,,,,25,1,2022_Jan_04_1109,untitled_1,2020.2.6,59.94384461
ירוק,red,z,0,Image_certainty//image14_alemnt6.jpg,6.jpg,two_up_left,one_up_right,infrequent,certainty,,,,,,,,,0,162,162,14,2153.996015,2154.195742,z,1,1.0054037,2153.996015,None,0,0.002777778,1,0,0,4.6028357,polygon,2147.896631,None,2156.072084,None,2163.177074,None,TRUE,,7.1545505,,,,,,,,25,1,2022_Jan_04_1109,untitled_1,2020.2.6,59.94384461
אדום,red,z,1,Image_certainty//image105_alemnt7.jpg,7.jpg,one_middle_left,one_up_right,infrequent,certainty,,,,,,,,,0,163,163,105,2165.661082,2165.860501,z,1,0.5779641,2165.661082,None,0,0,1,0,0,0.481633,polygon,2163.677713,None,2167.30502,2176.296597,2176.308721,None,,,,,,,,,,,25,1,2022_Jan_04_1109,untitled_1,2020.2.6,59.94384461
אדום,red,z,1,Image_certainty//image168_alemnt10.jpg,10.jpg,two_middle_left,two_down_right,widespread,certainty,,,,,,,,,0,164,164,168,2178.776161,2178.975802,z,1,0.4008263,2178.776161,None,0,0,1,0,0,0.46432,polygon,2176.808977,None,2180.252228,None,2186.750957,None,TRUE,6.560331,6.5635226,-0.507407407,-0.022222222,1,0,0,6.560331,two_middle_left,25,1,2022_Jan_04_1109,untitled_1,2020.2.6,59.94384461
כחול,green,x,0,Image_certainty//image47_alemnt13.jpg,13.jpg,one_middle_left,one_middle_right,widespread,certainty,,,,,,,,,0,165,165,47,2189.074494,2189.274457,x,1,0.6941156,2189.074494,None,0,0,1,0,0,0.3142671,polygon,2187.257644,None,2190.83381,None,2196.056463,None,TRUE,,5.2731751,,,,,,,,25,1,2022_Jan_04_1109,untitled_1,2020.2.6,59.94384461
ירוק,green,x,1,Image_certainty//image139_alemnt10.jpg,10.jpg,two_up_left,one_middle_right,widespread,certainty,,,,,,,,,0,166,166,139,2198.123431,2198.323326,x,1,0.5511395,2198.123431,None,0,0,1,0,0,0.0642382,polygon,2196.556801,None,2199.752263,None,2202.288792,None,TRUE,2.5893725,2.5898702,-0.515740741,0.244444444,1,0,0,2.5893725,two_up_left,25,1,2022_Jan_04_1109,untitled_1,2020.2.6,59.94384461
כחול,red,z,0,Image_certainty//image88_alemnt10.jpg,10.jpg,two_middle_left,two_up_right,widespread,certainty,,,,,,,,,0,167,167,88,2204.539097,2204.738405,z,1,0.749068,2204.539097,None,0,0,1,0,0,0.2469848,polygon,2202.789249,None,2206.342711,2215.324751,2215.354332,None,,,,,,,,,,,25,1,2022_Jan_04_1109,untitled_1,2020.2.6,59.94384461
כחול,green,x,0,Image_certainty//image59_alemnt14.jpg,14.jpg,two_down_left,one_down_right,widespread,certainty,,,,,,,,,0,168,168,59,2217.670803,2217.870144,x,1,0.8278625,2217.670803,None,0,0,1,0,0,0.3148067,polygon,2215.853926,None,2219.583869,None,2222.644628,None,TRUE,3.1227239,3.1277646,-0.381481481,-0.234259259,1,0,0,3.1227239,two_down_left,25,1,2022_Jan_04_1109,untitled_1,2020.2.6,59.94384461
ירוק,green,x,1,Image_certainty//image163_alemnt12.jpg,12.jpg,two_middle_left,three_middle_right,widespread,certainty,,,,,,,,,0,169,169,163,2225.003447,2225.202969,x,1,0.4565538,2225.003447,None,0,0,1,0,0,0.3458556,polygon,2223.153024,None,2226.547975,None,2231.568363,None,TRUE,5.0859054,5.0867472,-0.549074074,-0.046296296,1,0,0,5.0859054,two_middle_left,25,1,2022_Jan_04_1109,untitled_1,2020.2.6,59.94384461
ירוק,red,z,0,Image_certainty//image2_alemnt4.jpg,4.jpg,one_down_left,two_down_right,infrequent,certainty,,,,,,,,,0,170,170,2,2233.902114,2234.101994,z,1,0.6717335,2233.902114,None,0,0,1,0,0,0.3308311,polygon,2232.068626,None,2235.645792,None,2239.16724,None,TRUE,3.5680205,3.5696803,-0.671296296,-0.211111111,1,0,0,3.5680205,one_down_left,25,1,2022_Jan_04_1109,untitled_1,2020.2.6,59.94384461
אדום,red,z,1,Image_certainty//image183_alemnt9.jpg,9.jpg,three_middle_left,two_down_right,widespread,certainty,,,,,,,,,0,171,171,183,2241.401229,2241.601014,z,1,0.9149139,2241.401229,None,0,0,1,0,0,0.2349114,polygon,2239.667672,None,2243.380428,None,2249.51917,None,TRUE,6.1886177,6.19086,-0.386111111,0.062037037,1,0,0,6.1886177,three_middle_left,25,1,2022_Jan_04_1109,untitled_1,2020.2.6,59.94384461
אדום,green,x,0,Image_certainty//image60_alemnt13.jpg,13.jpg,one_middle_left,two_up_right,widespread,certainty,,,,,,,,,0,172,172,60,2251.783169,2251.982974,x,1,0.6828227,2251.783169,None,0,0,1,0,0,0.247822,polygon,2250.033065,None,2253.518,2262.502792,2262.514173,None,,,,,,,,,,,25,1,2022_Jan_04_1109,untitled_1,2020.2.6,59.94384461
כחול,red,z,0,Image_certainty//image76_alemnt14.jpg,14.jpg,three_middle_left,two_middle_right,widespread,certainty,,,,,,,,,0,173,173,76,2264.764896,2264.964357,z,1,0.6131297,2264.764896,None,0,0,1,0,0,0.2460108,polygon,2263.014782,None,2266.465915,2275.450426,2275.46246,None,,,,,,,,,,,25,1,2022_Jan_04_1109,untitled_1,2020.2.6,59.94384461
אדום,red,z,1,Image_certainty//image195_alemnt10.jpg,10.jpg,one_down_left,two_middle_right,widespread,certainty,,,,,,,,,0,174,174,195,2279.313012,2279.512726,z,1,0.453207,2279.313012,None,0.007407407,-0.005555556,1,0,0,0.4131247,polygon,2275.962647,None,2280.854693,None,2282.971838,None,TRUE,2.1755764,2.1799338,-0.686111111,-0.217592593,1,0,0,2.1755764,one_down_left,25,1,2022_Jan_04_1109,untitled_1,2020.2.6,59.94384461
אדום,blue,c,0,Image_certainty//image61_alemnt10.jpg,10.jpg,one_down_left,one_middle_right,widespread,certainty,,,,,,,,,0,175,175,61,2285.361664,2285.56194,None,0,,2285.361664,None,0,0,1,0,0,0.3805008,polygon,2283.478818,None,2287.611398,None,2290.047656,None,TRUE,2.4906466,2.492007,-0.639814815,-0.189814815,1,0,0,2.4906466,one_down_left,25,1,2022_Jan_04_1109,untitled_1,2020.2.6,59.94384461
אדום,red,z,1,Image_certainty//image153_alemnt9.jpg,9.jpg,three_middle_left,two_middle_right,widespread,certainty,,,,,,,,,0,176,176,153,2292.278028,2292.477198,z,1,0.8682245,2292.278028,None,0,0,1,0,0,0.2138509,polygon,2290.560725,None,2294.21666,None,2297.742916,None,TRUE,3.5700286,3.5708409,-0.386111111,0.062962963,1,0,0,3.5700286,three_middle_left,25,1,2022_Jan_04_1109,untitled_1,2020.2.6,59.94384461
כחול,green,x,0,Image_certainty//image95_alemnt9.jpg,9.jpg,two_up_left,two_down_right,widespread,certainty,,,,,,,,,0,177,177,95,2299.910111,2300.109965,x,1,0.9161324,2299.910111,None,0,0,1,0,0,0.1649941,polygon,2298.243527,None,2301.907276,2310.895404,2310.907982,None,,,,,,,,,,,25,1,2022_Jan_04_1109,untitled_1,2020.2.6,59.94384461
ירוק,green,x,1,Image_certainty//image187_alemnt10.jpg,10.jpg,two_up_left,three_middle_right,widespread,certainty,,,,,,,,,0,178,178,187,2315.341357,2315.540944,x,1,0.6659715,2315.341357,None,-0.005555556,0.00462963,1,0,0,2.4308071,polygon,2311.408098,None,2317.077993,None,2320.440046,None,TRUE,3.4200684,3.4210838,-0.52037037,0.239814815,1,0,0,3.4200684,two_up_left,25,1,2022_Jan_04_1109,untitled_1,2020.2.6,59.94384461
אדום,red,z,1,Image_certainty//image102_alemnt1.jpg,1.jpg,three_middle_left,two_middle_right,infrequent,certainty,,,,,,,,,0,179,179,102,2331.606138,2331.805993,z,1,0.3186309,2331.606138,None,0,0,1,0,0,9.1617833,polygon,2320.940514,None,2333.01871,None,2334.471577,None,TRUE,1.5200784,1.521627,-0.371296296,0.069444444,1,0,0,1.5200784,three_middle_left,25,1,2022_Jan_04_1109,untitled_1,2020.2.6,59.94384461
אדום,green,x,0,Image_certainty//image84_alemnt12.jpg,12.jpg,one_up_left,one_up_right,widespread,certainty,,,,,,,,,0,180,180,84,2336.671579,2336.8719,x,1,0.5094897,2336.671579,None,0,0,1,0,0,0.2157245,polygon,2334.972088,None,2338.252251,None,2344.587099,None,TRUE,,6.3897642,,,,,,,,25,1,2022_Jan_04_1109,untitled_1,2020.2.6,59.94384461
ירוק,green,x,1,Image_certainty//image169_alemnt11.jpg,11.jpg,one_middle_left,one_up_right,widespread,certainty,,,,,,,,,0,181,181,169,2346.637146,2346.837217,x,1,0.4535049,2346.637146,None,0,0,1,0,0,0.0616447,polygon,2345.08742,None,2348.169842,None,2350.154604,None,TRUE,2.0377502,2.0396152,-0.721296296,0.00462963,1,0,0,2.0377502,one_middle_left,25,1,2022_Jan_04_1109,untitled_1,2020.2.6,59.94384461
ירוק,blue,c,0,Image_certainty//image3_alemnt4.jpg,4.jpg,one_middle_left,one_up_right,infrequent,certainty,,,,,,,,,0,182,182,3,2352.203536,2352.403262,None,0,,2352.203536,None,0,0,1,0,0,0.0319463,polygon,2350.67006,None,2354.461526,None,2362.167964,None,TRUE,7.7692021,7.7698162,-0.717592593,0.033333333,1,0,0,7.7692021,one_middle_left,25,1,2022_Jan_04_1109,untitled_1,2020.2.6,59.94384461
אדום,red,z,1,Image_certainty//image156_alemnt11.jpg,11.jpg,two_down_left,one_down_right,widespread,certainty,,,,,,,,,0,183,183,156,2364.235236,2364.43455,z,1,0.5809395,2364.235236,None,0,0,1,0,0,0.0669867,polygon,2362.668449,None,2365.888999,None,2371.483718,None,TRUE,5.6517812,5.6536501,-0.407407407,-0.230555556,1,0,0,5.6517812,two_down_left,25,1,2022_Jan_04_1109,untitled_1,2020.2.6,59.94384461
אדום,red,z,1,Image_certainty//image111_alemnt3.jpg,3.jpg,one_middle_left,two_up_right,infrequent,certainty,,,,,,,,,0,184,184,111,2373.56704,2373.766407,z,1,0.4703091,2373.56704,None,0,0,1,0,0,0.0836363,polygon,2371.98369,None,2375.129378,2384.102865,2384.131745,None,,,,,,,,,,,25,1,2022_Jan_04_1109,untitled_1,2020.2.6,59.94384461
ירוק,green,x,1,Image_certainty//image151_alemnt13.jpg,13.jpg,two_middle_left,one_down_right,widespread,certainty,,,,,,,,,0,185,185,151,2386.498987,2386.698761,x,1,0.6346484,2386.498987,None,0,0,1,0,0,0.3626024,polygon,2384.632321,None,2388.219022,None,2392.531853,None,TRUE,4.3707674,4.3724435,0,0,1,0,0,1.4217737,two_middle_left,25,1,2022_Jan_04_1109,untitled_1,2020.2.6,59.94384461
כחול,green,x,0,Image_certainty//image17_alemnt5.jpg,5.jpg,two_up_left,two_down_right,infrequent,certainty,,,,,,,,,0,186,186,17,2395.0646,2395.26429,x,1,0.5621758,2395.0646,None,0,0,1,0,0,0.5305711,polygon,2393.031194,None,2396.711976,None,2398.813191,None,TRUE,2.168067,2.1685628,-0.523148148,0.261111111,1,0,0,2.168067,two_up_left,25,1,2022_Jan_04_1109,untitled_1,2020.2.6,59.94384461
אדום,green,x,0,Image_certainty//image66_alemnt11.jpg,11.jpg,one_up_left,two_up_right,widespread,certainty,,,,,,,,,0,187,187,66,2401.063829,2401.263197,x,1,0.7760518,2401.063829,None,0,0,1,0,0,0.2636357,polygon,2399.313495,None,2402.921375,None,2411.062676,None,TRUE,8.2043038,8.205311,-0.732407407,0.166666667,1,0,0,8.2043038,one_up_left,25,1,2022_Jan_04_1109,untitled_1,2020.2.6,59.94384461
ירוק,blue,c,0,Image_certainty//image69_alemnt14.jpg,14.jpg,one_middle_left,two_down_right,widespread,certainty,,,,,,,,,0,188,188,69,2413.295245,2413.495265,c,1,0.5760775,2413.295245,None,0,0,1,0,0,0.2483779,polygon,2411.562134,None,2414.955988,None,2420.793692,None,TRUE,5.9032607,5.9046988,-0.737962963,-0.017592593,1,0,0,5.9032607,one_middle_left,25,1,2022_Jan_04_1109,untitled_1,2020.2.6,59.94384461
ירוק,green,x,1,Image_certainty//image154_alemnt9.jpg,9.jpg,one_middle_left,one_down_right,widespread,certainty,,,,,,,,,0,189,189,154,2422.827515,2423.027323,x,1,0.7142958,2422.827515,None,0,0,1,0,0,0.0455436,polygon,2421.29413,None,2424.623642,2433.595932,2433.625291,None,,,,,,,,,,,25,1,2022_Jan_04_1109,untitled_1,2020.2.6,59.94384461
אדום,red,z,1,Image_certainty//image147_alemnt9.jpg,9.jpg,three_middle_left,two_up_right,widespread,certainty,,,,,,,,,0,190,190,147,2435.87596,2436.075647,z,1,0.6856786,2435.87596,None,0,0,1,0,0,0.2475543,polygon,2434.125851,None,2437.648992,2446.643815,2446.657177,None,,,,,,,,,,,25,1,2022_Jan_04_1109,untitled_1,2020.2.6,59.94384461
אדום,green,x,0,Image_certainty//image54_alemnt11.jpg,11.jpg,two_down_left,two_middle_right,widespread,certainty,,,,,,,,,0,191,191,54,2449.007428,2449.207335,x,1,0.6156247,2449.007428,None,0,0,1,0,0,0.3474315,polygon,2447.157418,None,2450.686139,None,2452.124384,None,TRUE,1.4878338,1.4908703,-0.388888889,-0.215740741,1,0,0,1.4878338,two_down_left,25,1,2022_Jan_04_1109,untitled_1,2020.2.6,59.94384461
ירוק,green,x,1,Image_certainty//image118_alemnt6.jpg,6.jpg,one_up_left,one_up_right,infrequent,certainty,,,,,,,,,0,192,192,118,2454.239857,2454.439967,x,1,0.5294663,2454.239857,None,0,0,1,0,0,0.1013229,polygon,2452.639695,None,2455.843474,2464.825555,2464.854712,None,,,,,,,,,,,25,1,2022_Jan_04_1109,untitled_1,2020.2.6,59.94384461
כחול,red,z,0,Image_certainty//image4_alemnt2.jpg,2.jpg,two_middle_left,two_middle_right,infrequent,certainty,,,,,,,,,0,193,193,4,2467.038452,2467.238232,z,1,0.796147,2467.038452,None,0,0,1,0,0,0.1812712,polygon,2465.355114,None,2468.907737,None,2471.154577,None,TRUE,2.3038863,2.3055579,-0.55462963,-0.072222222,1,0,0,2.3038863,two_middle_left,25,1,2022_Jan_04_1109,untitled_1,2020.2.6,59.94384461
כחול,green,x,0,Image_certainty//image71_alemnt12.jpg,12.jpg,three_middle_left,two_down_right,widespread,certainty,,,,,,,,,0,194,194,71,2473.654364,2473.853798,x,1,0.4777756,2473.654364,None,0,0,1,0,0,0.5002834,polygon,2471.654078,None,2475.178724,2484.172641,2484.185609,None,,,,,,,,,,,25,1,2022_Jan_04_1109,untitled_1,2020.2.6,59.94384461
אדום,blue,c,0,Image_certainty//image1_alemnt6.jpg,6.jpg,two_down_left,one_up_right,infrequent,certainty,,,,,,,,,0,195,195,1,2486.402952,2486.602426,c,1,0.6158771,2486.402952,None,0,0,1,0,0,0.2139003,polygon,2484.685846,None,2488.087276,2497.071683,2497.084075,None,,,,,,,,,,,25,1,2022_Jan_04_1109,untitled_1,2020.2.6,59.94384461
ירוק,red,z,0,Image_certainty//image32_alemnt9.jpg,9.jpg,two_up_left,one_down_right,widespread,certainty,,,,,,,,,0,196,196,32,2499.450868,2499.650731,z,1,0.7789083,2499.450868,None,-0.002777778,0.000925926,1,0,0,0.3674564,polygon,2497.584418,None,2501.304563,2510.303237,2510.315551,None,,,,,,,,,,,25,1,2022_Jan_04_1109,untitled_1,2020.2.6,59.94384461
אדום,red,z,1,Image_certainty//image159_alemnt13.jpg,13.jpg,one_middle_left,two_middle_right,widespread,certainty,,,,,,,,,0,197,197,159,2512.599293,2512.798393,z,1,0.7513092,2512.599293,None,0,0,1,0,0,0.2847815,polygon,2510.815374,None,2514.435549,2523.417243,2523.446893,None,,,,,,,,,,,25,1,2022_Jan_04_1109,untitled_1,2020.2.6,59.94384461
אדום,red,z,1,Image_certainty//image120_alemnt12.jpg,12.jpg,two_up_left,two_up_right,widespread,certainty,,,,,,,,,0,198,198,120,2525.84757,2526.047242,z,1,0.8034436,2525.84757,None,0,0.001851852,1,0,0,0.413208,polygon,2523.947464,None,2527.736888,2536.733335,2536.74564,None,,,,,,,,,,,25,1,2022_Jan_04_1109,untitled_1,2020.2.6,59.94384461
ירוק,red,z,0,Image_certainty//image80_alemnt9.jpg,9.jpg,one_middle_left,one_middle_right,widespread,certainty,,,,,,,,,0,199,199,80,2539.012428,2539.212022,z,1,0.4788034,2539.012428,None,0,0,1,0,0,0.2676344,polygon,2537.245745,None,2540.564749,None,2546.260487,None,TRUE,5.754971,5.7556097,-0.698148148,0.008333333,1,0,0,5.754971,one_middle_left,25,1,2022_Jan_04_1109,untitled_1,2020.2.6,59.94384461
