﻿word,letterColor,corrAns,congruent,imageTrain,true_shaps,corrAnsLeft,corrAnsRight,common,experiment,stroop_loop.thisRepN,stroop_loop.thisTrialN,stroop_loop.thisN,stroop_loop.thisIndex,trail_certaninty.thisRepN,trail_certaninty.thisTrialN,trail_certaninty.thisN,trail_certaninty.thisIndex,test_certaincy.thisRepN,test_certaincy.thisTrialN,test_certaincy.thisN,test_certaincy.thisIndex,stroop_text.started,stroop_text.stopped,stroop_anser.keys,stroop_anser.corr,stroop_anser.rt,stroop_anser.started,stroop_anser.stopped,test_fixability_certity.x,test_fixability_certity.y,test_fixability_certity.leftButton,test_fixability_certity.midButton,test_fixability_certity.rightButton,test_fixability_certity.time,test_fixability_certity.clicked_name,test_fixability_certity.started,test_fixability_certity.stopped,test_certainty_mouse.started,test_certainty_mouse.stopped,text_5.started,text_5.stopped,test_certainty_anser_currect,finalClickTime,test_certainty_anser_time,test_certainty_mouse.x,test_certainty_mouse.y,test_certainty_mouse.leftButton,test_certainty_mouse.midButton,test_certainty_mouse.rightButton,test_certainty_mouse.time,test_certainty_mouse.clicked_name,participant,session,date,expName,psychopyVersion,frameRate
כחול,red,z,0,,,,,,,0,0,0,5,,,,,,,,,18.1244748,18.3241704,c,0,0.7272422,18.1244748,None,,,,,,,,,,,,,,,,,,,,,,,,26,1,2022_Jan_04_1113,untitled_1,2020.2.6,60.00340819
אדום,red,z,1,,,,,,,0,1,1,0,,,,,,,,,23.4071246,23.6068447,z,1,0.7377619,23.4071246,None,,,,,,,,,,,,,,,,,,,,,,,,26,1,2022_Jan_04_1113,untitled_1,2020.2.6,60.00340819
אדום,green,x,0,,,,,,,0,2,2,1,,,,,,,,,28.6732143,28.8728103,x,1,0.892017,28.6732143,None,,,,,,,,,,,,,,,,,,,,,,,,26,1,2022_Jan_04_1113,untitled_1,2020.2.6,60.00340819
כחול,blue,c,1,,,,,,,0,3,3,4,,,,,,,,,34.1057306,34.3054494,c,1,0.5928169,34.1057306,None,,,,,,,,,,,,,,,,,,,,,,,,26,1,2022_Jan_04_1113,untitled_1,2020.2.6,60.00340819
ירוק,green,x,1,,,,,,,0,4,4,2,,,,,,,,,39.238273,39.4380628,x,1,0.660976,39.238273,None,,,,,,,,,,,,,,,,,,,,,,,,26,1,2022_Jan_04_1113,untitled_1,2020.2.6,60.00340819
ירוק,blue,c,0,,,,,,,0,5,5,3,,,,,,,,,44.4209039,44.6203577,x,0,0.6908217,44.4209039,None,,,,,,,,,,,,,,,,,,,,,,,,26,1,2022_Jan_04_1113,untitled_1,2020.2.6,60.00340819
כחול,red,z,0,,,,,,,1,0,6,5,,,,,,,,,49.636817,49.8367754,None,0,,49.636817,None,,,,,,,,,,,,,,,,,,,,,,,,26,1,2022_Jan_04_1113,untitled_1,2020.2.6,60.00340819
ירוק,green,x,1,,,,,,,1,1,7,2,,,,,,,,,55.33633,55.5360077,x,1,1.0447659,55.33633,None,,,,,,,,,,,,,,,,,,,,,,,,26,1,2022_Jan_04_1113,untitled_1,2020.2.6,60.00340819
אדום,red,z,1,,,,,,,1,2,8,0,,,,,,,,,60.9022752,61.1021426,z,1,0.8727804,60.9022752,None,,,,,,,,,,,,,,,,,,,,,,,,26,1,2022_Jan_04_1113,untitled_1,2020.2.6,60.00340819
ירוק,blue,c,0,,,,,,,1,3,9,3,,,,,,,,,66.3016335,66.5018521,c,1,0.7662666,66.3016335,None,,,,,,,,,,,,,,,,,,,,,,,,26,1,2022_Jan_04_1113,untitled_1,2020.2.6,60.00340819
כחול,blue,c,1,,,,,,,1,4,10,4,,,,,,,,,71.6182734,71.8176209,c,1,0.750305,71.6182734,None,,,,,,,,,,,,,,,,,,,,,,,,26,1,2022_Jan_04_1113,untitled_1,2020.2.6,60.00340819
אדום,green,x,0,,,,,,,1,5,11,1,,,,,,,,,76.9169209,77.1165884,x,1,0.8574022,76.9169209,None,,,,,,,,,,,,,,,,,,,,,,,,26,1,2022_Jan_04_1113,untitled_1,2020.2.6,60.00340819
כחול,red,z,0,,,,,,,2,0,12,5,,,,,,,,,82.3162507,82.5158012,z,1,0.8205423,82.3162507,None,,,,,,,,,,,,,,,,,,,,,,,,26,1,2022_Jan_04_1113,untitled_1,2020.2.6,60.00340819
אדום,red,z,1,,,,,,,2,1,13,0,,,,,,,,,87.6821732,87.881813,z,1,0.5869298,87.6821732,None,,,,,,,,,,,,,,,,,,,,,,,,26,1,2022_Jan_04_1113,untitled_1,2020.2.6,60.00340819
אדום,green,x,0,,,,,,,2,2,14,1,,,,,,,,,92.7982126,92.9978654,x,1,0.808592,92.7982126,None,,,,,,,,,,,,,,,,,,,,,,,,26,1,2022_Jan_04_1113,untitled_1,2020.2.6,60.00340819
ירוק,blue,c,0,,,,,,,2,3,15,3,,,,,,,,,98.1474202,98.3471314,c,1,0.8210471,98.1474202,None,,,,,,,,,,,,,,,,,,,,,,,,26,1,2022_Jan_04_1113,untitled_1,2020.2.6,60.00340819
ירוק,green,x,1,,,,,,,2,4,16,2,,,,,,,,,103.530386,103.7304936,x,1,0.741654,103.530386,None,,,,,,,,,,,,,,,4.789776139,,,,,,,,,26,1,2022_Jan_04_1113,untitled_1,2020.2.6,60.00340819
כחול,blue,c,1,,,,,,,2,5,17,4,,,,,,,,,108.8298117,109.0290726,c,1,0.5867878,108.8298117,None,,,,,,,,,,,,,,,1.949753211,,,,,,,,,26,1,2022_Jan_04_1113,untitled_1,2020.2.6,60.00340819
כחול,blue,c,1,train_Image_certainty//image11_alemnt11.jpg,11.jpg,two_down_left,one_down_right,widespread,train_certainty,,,,,0,0,0,10,,,,,183.2029597,183.4027478,c,1,0.7038601,183.2029597,None,0,0,1,0,0,1.0480856,polygon,180.6629389,None,186.0231668,194.9889131,197.0683725,None,,,,,,,,,,,26,1,2022_Jan_04_1113,untitled_1,2020.2.6,60.00340819
ירוק,green,x,1,train_Image_certainty//image13_alemnt13.jpg,13.jpg,two_up_left,one_up_right,widespread,train_certainty,,,,,0,1,1,12,,,,,200.2845182,200.4844506,x,1,0.9075965,200.2845182,None,0,0,1,0,0,1.2283576,polygon,197.5683731,None,203.301554,212.2856517,214.3156598,None,,,,,,,,,,,26,1,2022_Jan_04_1113,untitled_1,2020.2.6,60.00340819
כחול,red,z,0,train_Image_certainty//image4_alemnt4.jpg,4.jpg,two_middle_left,two_up_right,widespread,train_certainty,,,,,0,2,2,3,,,,,219.2659199,219.4655992,z,1,0.8521578,219.2659199,None,-0.009259259,0.012037037,1,0,0,1.4145782,polygon,214.8156827,None,222.2453205,None,229.6137783,None,TRUE,5.4181484,5.4184959,0.605555556,0.193518519,1,0,0,5.4181484,two_up_right,26,1,2022_Jan_04_1113,untitled_1,2020.2.6,60.00340819
ירוק,green,x,1,train_Image_certainty//image10_alemnt10.jpg,10.jpg,two_up_left,three_middle_right,widespread,train_certainty,,,,,0,3,3,9,,,,,232.6473616,232.8463309,x,1,0.5014288,232.6473616,None,0,0,1,0,0,1.0482541,polygon,230.1133704,None,235.2245399,None,243.9116041,None,FALSE,6.6883481,6.6931866,0.712962963,-0.202777778,1,0,0,6.6883481,two_down_right,26,1,2022_Jan_04_1113,untitled_1,2020.2.6,60.00340819
ירוק,red,z,0,train_Image_certainty//image8_alemnt8.jpg,8.jpg,two_down_left,two_middle_right,widespread,train_certainty,,,,,0,4,4,7,,,,,246.7280751,246.928637,z,1,0.7593069,246.7280751,None,0,0,1,0,0,0.8301504,polygon,244.4120655,None,249.5713208,None,258.6432147,None,FALSE,,7.0869804,,,,,,,,26,1,2022_Jan_04_1113,untitled_1,2020.2.6,60.00340819
אדום,blue,c,0,train_Image_certainty//image7_alemnt7.jpg,7.jpg,one_middle_left,one_up_right,widespread,train_certainty,,,,,0,5,5,6,,,,,261.5766452,261.776224,x,0,1.1495333,261.5766452,None,-0.000925926,0.00462963,1,0,0,0.9446888,polygon,259.1436092,None,264.8309954,None,275.8077972,None,,,,,,,,,,,26,1,2022_Jan_04_1113,untitled_1,2020.2.6,60.00340819
ירוק,red,z,0,train_Image_certainty//image2_alemnt2.jpg,2.jpg,two_down_left,three_middle_right,widespread,train_certainty,,,,,0,6,6,1,,,,,279.4071722,279.6070029,x,0,0.8158319,279.4071722,None,-0.000925926,0.005555556,1,0,0,1.6000464,polygon,276.3078609,None,282.3145409,291.3092629,293.355226,None,,,,,,,,,,,26,1,2022_Jan_04_1113,untitled_1,2020.2.6,60.00340819
כחול,green,x,0,train_Image_certainty//image5_alemnt5.jpg,5.jpg,one_middle_left,three_middle_right,widespread,train_certainty,,,,,0,7,7,4,,,,,297.7881799,297.9879365,x,1,0.8025372,297.7881799,None,-0.007407407,0.009259259,1,0,0,1.3828896,polygon,293.855284,None,300.7057597,309.6900415,311.7193699,None,,,,,,,,,,,26,1,2022_Jan_04_1113,untitled_1,2020.2.6,60.00340819
אדום,green,x,0,train_Image_certainty//image6_alemnt6.jpg,6.jpg,one_middle_left,two_up_right,widespread,train_certainty,,,,,0,8,8,5,,,,,315.1694619,315.3691803,x,1,0.8329107,315.1694619,None,0,0.005555556,1,0,0,1.4490876,polygon,312.219364,None,318.1209521,327.1046084,329.1345836,None,,,,,,,,,,,26,1,2022_Jan_04_1113,untitled_1,2020.2.6,60.00340819
אדום,red,z,1,train_Image_certainty//image12_alemnt12.jpg,12.jpg,one_down_left,one_up_right,widespread,train_certainty,,,,,0,9,9,11,,,,,333.5338496,333.7338652,x,0,0.4607962,333.5338496,None,-0.000925926,0.00462963,1,0,0,2.4121905,polygon,329.6341299,None,336.1072987,None,342.7161784,None,TRUE,4.6380812,4.6390897,0.403703704,0.167592593,1,0,0,4.6380812,one_up_right,26,1,2022_Jan_04_1113,untitled_1,2020.2.6,60.00340819
אדום,red,z,1,train_Image_certainty//image15_alemnt1.jpg,1.jpg,one_up_left,one_middle_right,infrequent,train_certainty,,,,,0,10,10,14,,,,,347.1491588,347.3486644,z,1,0.6456407,347.1491588,None,-0.002777778,0.003703704,1,0,0,2.4296938,polygon,343.2158311,None,349.8934139,None,356.8806763,None,TRUE,5.020485,5.0233304,0.416666667,0.002777778,1,0,0,5.020485,one_middle_right,26,1,2022_Jan_04_1113,untitled_1,2020.2.6,60.00340819
ירוק,blue,c,0,train_Image_certainty//image9_alemnt9.jpg,9.jpg,two_up_left,one_middle_right,widespread,train_certainty,,,,,0,11,11,8,,,,,360.0470818,360.2473801,x,0,0.9197552,360.0470818,None,-0.000925926,0.002777778,1,0,0,1.1648026,polygon,357.3806881,None,363.067215,None,371.6955994,None,TRUE,,6.6704088,,,,,,,,26,1,2022_Jan_04_1113,untitled_1,2020.2.6,60.00340819
כחול,blue,c,1,train_Image_certainty//image14_alemnt14.jpg,14.jpg,three_middle_left,one_middle_right,widespread,train_certainty,,,,,0,12,12,13,,,,,374.6455796,374.844849,c,1,0.639206,374.6455796,None,0,0,1,0,0,0.9631968,polygon,372.1951456,None,377.389701,None,387.1933805,None,FALSE,7.8176798,7.8191271,0.714814815,-0.232407407,1,0,0,7.8176798,two_down_right,26,1,2022_Jan_04_1113,untitled_1,2020.2.6,60.00340819
אדום,blue,c,0,train_Image_certainty//image1_alemnt1.jpg,1.jpg,two_middle_left,one_down_right,widespread,train_certainty,,,,,0,13,13,0,,,,,390.9434029,391.1432616,z,0,0.8014387,390.9434029,None,0.000925926,0.002777778,1,0,0,1.7497504,polygon,387.6929393,None,393.8578935,None,398.5922459,None,TRUE,2.7844052,2.7864564,0.415740741,-0.22037037,1,0,0,2.7844052,one_down_right,26,1,2022_Jan_04_1113,untitled_1,2020.2.6,60.00340819
ירוק,blue,c,0,train_Image_certainty//image3_alemnt3.jpg,3.jpg,two_down_left,three_middle_right,widespread,train_certainty,,,,,0,14,14,2,,,,,401.5750246,401.7752347,x,0,0.7945058,401.5750246,None,-0.001851852,0.005555556,1,0,0,0.9951368,polygon,399.0918407,None,404.454368,None,412.6570678,None,TRUE,6.2193237,6.2212408,0.713888889,0.075,1,0,0,6.2193237,three_middle_right,26,1,2022_Jan_04_1113,untitled_1,2020.2.6,60.00340819
ירוק,blue,c,0,Image_certainty//image57_alemnt13.jpg,13.jpg,two_down_left,two_middle_right,widespread,certainty,,,,,,,,,0,0,0,57,430.4379981,430.6381585,c,1,0.7615998,430.4379981,None,0.000925926,0.00462963,1,0,0,7.9787946,polygon,420.9509232,None,432.2506091,None,438.6862559,None,TRUE,,6.4738424,,,,,,,,26,1,2022_Jan_04_1113,untitled_1,2020.2.6,60.00340819
אדום,red,z,1,Image_certainty//image147_alemnt9.jpg,9.jpg,three_middle_left,two_up_right,widespread,certainty,,,,,,,,,0,1,1,147,441.8368721,442.0365742,z,1,0.6608045,441.8368721,None,0,0,1,0,0,1.1463479,polygon,439.1869249,None,443.590913,None,449.3181914,None,TRUE,5.8017358,5.8019329,0.558333333,0.231481481,1,0,0,5.8017358,two_up_right,26,1,2022_Jan_04_1113,untitled_1,2020.2.6,60.00340819
אדום,blue,c,0,Image_certainty//image61_alemnt10.jpg,10.jpg,one_down_left,one_middle_right,widespread,certainty,,,,,,,,,0,2,2,61,452.3180409,452.5177583,c,1,0.6384733,452.3180409,None,0,0,1,0,0,1.015486,polygon,449.8181279,None,454.0140579,None,456.7173239,None,TRUE,2.7359516,2.7368208,0.398148148,-0.005555556,1,0,0,2.7359516,one_middle_right,26,1,2022_Jan_04_1113,untitled_1,2020.2.6,60.00340819
כחול,green,x,0,Image_certainty//image83_alemnt14.jpg,14.jpg,one_down_left,one_middle_right,widespread,certainty,,,,,,,,,0,3,3,83,459.4338157,459.6335438,c,0,0.8361822,459.4338157,None,0,0,1,0,0,0.7312384,polygon,457.217178,None,461.3592589,None,469.6667727,None,FALSE,8.3708091,8.37159,0.391666667,0.139814815,1,0,0,8.3708091,one_up_right,26,1,2022_Jan_04_1113,untitled_1,2020.2.6,60.00340819
אדום,green,x,0,Image_certainty//image12_alemnt1.jpg,1.jpg,one_up_left,two_up_right,infrequent,certainty,,,,,,,,,0,4,4,12,472.6161953,472.8156545,x,1,0.8986284,472.6161953,None,0,0,1,0,0,0.9623037,polygon,470.1662875,None,474.5967995,None,480.3308029,None,TRUE,5.8009105,5.8011033,0.591666667,0.215740741,1,0,0,5.8009105,two_up_right,26,1,2022_Jan_04_1113,untitled_1,2020.2.6,60.00340819
אדום,green,x,0,Image_certainty//image30_alemnt10.jpg,10.jpg,two_down_left,three_middle_right,widespread,certainty,,,,,,,,,0,5,5,30,483.0978999,483.2974897,x,1,0.91224,483.0978999,None,0,0,1,0,0,0.7837102,polygon,480.8308092,None,485.0647423,None,489.7803133,None,TRUE,4.7569366,4.7582882,0.686111111,0.071296296,1,0,0,4.7569366,three_middle_right,26,1,2022_Jan_04_1113,untitled_1,2020.2.6,60.00340819
ירוק,green,x,1,Image_certainty//image115_alemnt2.jpg,2.jpg,three_middle_left,one_down_right,infrequent,certainty,,,,,,,,,0,6,6,115,492.7462923,492.9458764,x,1,0.6859021,492.7462923,None,0,0,1,0,0,0.9790874,polygon,490.2801061,None,494.4924982,None,497.9119804,None,TRUE,,3.4539557,,,,,,,,26,1,2022_Jan_04_1113,untitled_1,2020.2.6,60.00340819
כחול,red,z,0,Image_certainty//image34_alemnt8.jpg,8.jpg,one_middle_left,two_up_right,widespread,certainty,,,,,,,,,0,7,7,34,500.8455828,501.044861,z,1,0.7911653,500.8455828,None,0,0,1,0,0,0.94875,polygon,498.4118179,None,502.6898382,None,507.9106164,None,TRUE,5.2534882,5.2537735,0.601851852,0.224074074,1,0,0,5.2534882,two_up_right,26,1,2022_Jan_04_1113,untitled_1,2020.2.6,60.00340819
ירוק,red,z,0,Image_certainty//image38_alemnt8.jpg,8.jpg,two_up_left,two_down_right,widespread,certainty,,,,,,,,,0,8,8,38,511.0772631,511.2775521,x,0,0.7309852,511.0772631,None,0,0,1,0,0,1.1815148,polygon,508.4105745,None,512.8812239,521.8790443,521.8924397,None,,,,,,,,,,,26,1,2022_Jan_04_1113,untitled_1,2020.2.6,60.00340819
ירוק,green,x,1,Image_certainty//image169_alemnt11.jpg,11.jpg,one_middle_left,one_up_right,widespread,certainty,,,,,,,,,0,9,9,169,524.6924292,524.8922794,x,1,0.7348559,524.6924292,None,0,0,1,0,0,0.8144448,polygon,522.3924396,None,526.4894678,None,528.4415226,None,TRUE,1.9862858,1.9866548,0.322222222,0.198148148,1,0,0,1.9862858,one_up_right,26,1,2022_Jan_04_1113,untitled_1,2020.2.6,60.00340819
כחול,green,x,0,Image_certainty//image65_alemnt9.jpg,9.jpg,two_middle_left,two_up_right,widespread,certainty,,,,,,,,,0,10,10,65,531.107758,531.3076145,x,1,0.6539756,531.107758,None,0,0,1,0,0,0.6638469,polygon,528.9420011,None,532.8537793,None,537.2904404,None,TRUE,4.5026889,4.503026,0.594444444,0.183333333,1,0,0,4.5026889,two_up_right,26,1,2022_Jan_04_1113,untitled_1,2020.2.6,60.00340819
כחול,blue,c,1,Image_certainty//image194_alemnt11.jpg,11.jpg,three_middle_left,two_down_right,widespread,certainty,,,,,,,,,0,11,11,194,541.3569533,541.5569496,c,1,0.9123828,541.3569533,None,0,0,1,0,0,2.0784739,polygon,537.7908256,None,543.3400717,None,547.9388693,None,FALSE,4.6534145,4.6546046,0.577777778,-0.060185185,1,0,0,4.6534145,two_middle_right,26,1,2022_Jan_04_1113,untitled_1,2020.2.6,60.00340819
אדום,blue,c,0,Image_certainty//image1_alemnt6.jpg,6.jpg,two_down_left,one_up_right,infrequent,certainty,,,,,,,,,0,12,12,1,550.5052455,550.7049981,x,0,0.760302,550.5052455,None,0,0,1,0,0,0.5818345,polygon,548.438579,None,552.3454911,None,556.8877728,None,TRUE,4.6024313,4.6029896,0.365740741,0.185185185,1,0,0,4.6024313,one_up_right,26,1,2022_Jan_04_1113,untitled_1,2020.2.6,60.00340819
אדום,red,z,1,Image_certainty//image174_alemnt10.jpg,10.jpg,one_down_left,three_middle_right,widespread,certainty,,,,,,,,,0,13,13,174,559.7041726,559.9040708,z,1,0.8020153,559.7041726,None,0,0,1,0,0,0.8158935,polygon,557.3879715,None,561.5781363,None,565.0235642,None,TRUE,3.4912676,3.4926007,0.725,0.047222222,1,0,0,3.4912676,three_middle_right,26,1,2022_Jan_04_1113,untitled_1,2020.2.6,60.00340819
אדום,red,z,1,Image_certainty//image162_alemnt10.jpg,10.jpg,two_down_left,two_middle_right,widespread,certainty,,,,,,,,,0,14,14,162,567.7205851,567.9194725,z,1,0.7862632,567.7205851,None,0,0,1,0,0,0.6817571,polygon,565.5368805,None,569.5908777,None,572.3231093,None,TRUE,2.7887863,2.7920789,0.573148148,-0.038888889,1,0,0,2.7887863,two_middle_right,26,1,2022_Jan_04_1113,untitled_1,2020.2.6,60.00340819
אדום,red,z,1,Image_certainty//image153_alemnt9.jpg,9.jpg,three_middle_left,two_middle_right,widespread,certainty,,,,,,,,,0,15,15,153,575.4860141,575.6856114,z,1,0.5821515,575.4860141,None,0,0,1,0,0,1.1613034,polygon,572.8362034,None,577.1429393,None,580.3180569,None,TRUE,,3.2389942,,,,,,,,26,1,2022_Jan_04_1113,untitled_1,2020.2.6,60.00340819
אדום,red,z,1,Image_certainty//image189_alemnt8.jpg,8.jpg,one_middle_left,one_middle_right,widespread,certainty,,,,,,,,,0,16,16,189,582.9511918,583.1513344,z,1,0.575287,582.9511918,None,0,0,1,0,0,0.6293273,polygon,580.8185749,None,584.608236,None,588.6336762,None,TRUE,4.0854115,4.0868349,0.402777778,-0.014814815,1,0,0,4.0854115,one_middle_right,26,1,2022_Jan_04_1113,untitled_1,2020.2.6,60.00340819
כחול,red,z,0,Image_certainty//image58_alemnt8.jpg,8.jpg,two_middle_left,two_up_right,widespread,certainty,,,,,,,,,0,17,17,58,591.2840273,591.4835457,z,1,1.043423,591.2840273,None,0,0,1,0,0,0.6483035,polygon,589.1338402,None,593.4014567,None,596.4824816,None,TRUE,3.1360024,3.1363063,0.601851852,0.212962963,1,0,0,3.1360024,two_up_right,26,1,2022_Jan_04_1113,untitled_1,2020.2.6,60.00340819
אדום,red,z,1,Image_certainty//image117_alemnt1.jpg,1.jpg,one_up_left,two_up_right,infrequent,certainty,,,,,,,,,0,18,18,117,599.1493753,599.3490003,z,1,0.5923515,599.1493753,None,0,0,1,0,0,0.6834011,polygon,596.9824047,None,600.8105824,None,605.5311865,None,TRUE,4.7690569,4.7692381,0.6,0.200925926,1,0,0,4.7690569,two_up_right,26,1,2022_Jan_04_1113,untitled_1,2020.2.6,60.00340819
אדום,green,x,0,Image_certainty//image78_alemnt10.jpg,10.jpg,one_middle_left,two_up_right,widespread,certainty,,,,,,,,,0,19,19,78,608.2816545,608.4815597,z,0,0.6820576,608.2816545,None,0,0,1,0,0,0.7490102,polygon,606.0316245,None,610.0247053,618.999598,619.0297063,None,,,,,,,,,,,26,1,2022_Jan_04_1113,untitled_1,2020.2.6,60.00340819
ירוק,green,x,1,Image_certainty//image160_alemnt8.jpg,8.jpg,two_down_left,two_up_right,widespread,certainty,,,,,,,,,0,20,20,160,622.0966178,622.2960157,x,1,0.8217714,622.0966178,None,0,0,1,0,0,1.0629335,polygon,619.5302103,None,623.9724176,None,628.6948981,None,TRUE,4.7528229,4.7531597,0.625925926,0.190740741,1,0,0,4.7528229,two_up_right,26,1,2022_Jan_04_1113,untitled_1,2020.2.6,60.00340819
ירוק,green,x,1,Image_certainty//image148_alemnt13.jpg,13.jpg,one_middle_left,two_up_right,widespread,certainty,,,,,,,,,0,21,21,148,631.5454388,631.7452354,x,1,0.6887118,631.5454388,None,0,0,1,0,0,0.8519695,polygon,629.195127,None,633.3207414,None,641.5799,None,FALSE,8.321253,8.3245606,0.758333333,0.097222222,1,0,0,8.321253,three_middle_right,26,1,2022_Jan_04_1113,untitled_1,2020.2.6,60.00340819
ירוק,red,z,0,Image_certainty//image50_alemnt11.jpg,11.jpg,three_middle_left,one_down_right,widespread,certainty,,,,,,,,,0,22,22,50,646.9599097,647.159897,None,0,,646.9599097,None,-0.002777778,0.003703704,1,0,0,3.3684633,polygon,642.0932835,None,649.2343786,None,652.492185,None,TRUE,3.3347909,3.3362949,0.439814815,-0.191666667,1,0,0,3.3347909,one_down_right,26,1,2022_Jan_04_1113,untitled_1,2020.2.6,60.00340819
אדום,green,x,0,Image_certainty//image36_alemnt10.jpg,10.jpg,three_middle_left,three_middle_right,widespread,certainty,,,,,,,,,0,23,23,36,655.1088702,655.3088369,None,0,,655.1088702,None,0,0,1,0,0,0.6142469,polygon,652.9921149,None,657.3637462,None,662.9738977,None,TRUE,5.6675174,5.6685915,0.712037037,0.049074074,1,0,0,5.6675174,three_middle_right,26,1,2022_Jan_04_1113,untitled_1,2020.2.6,60.00340819
אדום,red,z,1,Image_certainty//image120_alemnt12.jpg,12.jpg,two_up_left,two_up_right,widespread,certainty,,,,,,,,,0,24,24,120,665.5737408,665.773417,z,1,0.7655463,665.5737408,None,0,0,1,0,0,0.5983395,polygon,663.4743899,None,667.3868265,676.3753725,676.38911,None,,,,,,,,,,,26,1,2022_Jan_04_1113,untitled_1,2020.2.6,60.00340819
כחול,blue,c,1,Image_certainty//image134_alemnt9.jpg,9.jpg,two_down_left,three_middle_right,widespread,certainty,,,,,,,,,0,25,25,134,679.2226184,679.4221332,None,0,,679.2226184,None,0,0,1,0,0,0.8450008,polygon,676.8890301,None,681.4697825,None,686.1261178,None,TRUE,4.7050206,4.708745,0.742592593,0.04537037,1,0,0,4.7050206,three_middle_right,26,1,2022_Jan_04_1113,untitled_1,2020.2.6,60.00340819
ירוק,green,x,1,Image_certainty//image106_alemnt5.jpg,5.jpg,one_down_left,three_middle_right,infrequent,certainty,,,,,,,,,0,26,26,106,688.7372467,688.9370828,c,0,1.1153134,688.7372467,None,0,0,1,0,0,0.6111663,polygon,686.6378686,None,690.9214191,None,695.5197548,None,TRUE,4.651851,4.6531274,0.758333333,0.093518519,1,0,0,4.651851,three_middle_right,26,1,2022_Jan_04_1113,untitled_1,2020.2.6,60.00340819
כחול,blue,c,1,Image_certainty//image185_alemnt14.jpg,14.jpg,three_middle_left,three_middle_right,widespread,certainty,,,,,,,,,0,27,27,185,698.0868888,698.2863117,c,1,1.0150955,698.0868888,None,0,0,1,0,0,0.5679646,polygon,696.0199786,None,700.1636453,709.1378885,709.1677981,None,,,,,,,,,,,26,1,2022_Jan_04_1113,untitled_1,2020.2.6,60.00340819
כחול,green,x,0,Image_certainty//image53_alemnt12.jpg,12.jpg,two_down_left,two_middle_right,widespread,certainty,,,,,,,,,0,28,28,53,711.9513849,712.1515098,x,1,1.0654253,711.9513849,None,0,0,1,0,0,0.7960205,polygon,709.6681404,None,714.0600054,None,716.2667971,None,TRUE,2.2372455,2.2381654,0.575,-0.037962963,1,0,0,2.2372455,two_middle_right,26,1,2022_Jan_04_1113,untitled_1,2020.2.6,60.00340819
ירוק,green,x,1,Image_certainty//image118_alemnt6.jpg,6.jpg,one_up_left,one_up_right,infrequent,certainty,,,,,,,,,0,29,29,118,718.850037,719.049814,x,1,1.1203838,718.850037,None,0,0,1,0,0,0.5815803,polygon,716.7669444,None,721.0223056,None,722.6993803,None,TRUE,1.7027779,1.7030639,0.352777778,0.199074074,1,0,0,1.7027779,one_up_right,26,1,2022_Jan_04_1113,untitled_1,2020.2.6,60.00340819
ירוק,red,z,0,Image_certainty//image74_alemnt8.jpg,8.jpg,two_up_left,three_middle_right,widespread,certainty,,,,,,,,,0,30,30,74,725.2000074,725.3997883,None,0,,725.2000074,None,0,0,1,0,0,0.4979186,polygon,723.1998009,None,727.4468611,None,735.6810632,None,FALSE,8.2850217,8.2859733,0.538888889,-0.052777778,1,0,0,8.2850217,two_middle_right,26,1,2022_Jan_04_1113,untitled_1,2020.2.6,60.00340819
כחול,green,x,0,Image_certainty//image23_alemnt9.jpg,9.jpg,one_up_left,two_up_right,widespread,certainty,,,,,,,,,0,31,31,23,738.2815054,738.481094,x,1,0.7677862,738.2815054,None,0,0,1,0,0,0.5968984,polygon,736.1816917,None,740.1554103,None,746.9961561,None,TRUE,6.9183172,6.9185119,0.60462963,0.197222222,1,0,0,6.9183172,two_up_right,26,1,2022_Jan_04_1113,untitled_1,2020.2.6,60.00340819
ירוק,green,x,1,Image_certainty//image121_alemnt12.jpg,12.jpg,two_down_left,three_middle_right,widespread,certainty,,,,,,,,,0,32,32,121,749.7135482,749.9131584,x,1,0.8485033,749.7135482,None,0,0,1,0,0,0.7339427,polygon,747.4961607,None,751.6214544,None,756.2952951,None,TRUE,4.7193267,4.7219415,0.755555556,0.036111111,1,0,0,4.7193267,three_middle_right,26,1,2022_Jan_04_1113,untitled_1,2020.2.6,60.00340819
אדום,red,z,1,Image_certainty//image102_alemnt1.jpg,1.jpg,three_middle_left,two_middle_right,infrequent,certainty,,,,,,,,,0,33,33,102,759.8118855,760.0110426,z,1,0.7184564,759.8118855,None,0.003703704,-0.002777778,1,0,0,1.5175894,polygon,756.7955655,None,761.6211032,None,765.6108801,None,TRUE,,4.0567084,,,,,,,,26,1,2022_Jan_04_1113,untitled_1,2020.2.6,60.00340819
ירוק,green,x,1,Image_certainty//image124_alemnt10.jpg,10.jpg,one_up_left,two_middle_right,widespread,certainty,,,,,,,,,0,34,34,124,768.7611922,768.9608154,x,1,0.7226533,768.7611922,None,-0.002777778,0.006481481,1,0,0,1.164674,polygon,766.1112484,None,770.5427604,None,776.4261196,None,FALSE,5.9216385,5.9221309,0.572222222,0.240740741,1,0,0,5.9216385,two_up_right,26,1,2022_Jan_04_1113,untitled_1,2020.2.6,60.00340819
ירוק,red,z,0,Image_certainty//image92_alemnt10.jpg,10.jpg,one_down_left,two_middle_right,widespread,certainty,,,,,,,,,0,35,35,92,779.2259687,779.4253011,z,1,0.9887028,779.2259687,None,0,0,1,0,0,0.81608,polygon,776.9260139,None,781.2951909,None,784.2913421,None,TRUE,3.0517251,3.0526898,0.581481481,-0.014814815,1,0,0,3.0517251,two_middle_right,26,1,2022_Jan_04_1113,untitled_1,2020.2.6,60.00340819
כחול,blue,c,1,Image_certainty//image122_alemnt14.jpg,14.jpg,one_down_left,two_up_right,widespread,certainty,,,,,,,,,0,36,36,122,786.8582885,787.0576243,c,1,0.9738718,786.8582885,None,0,0,1,0,0,0.5646947,polygon,784.7918433,None,788.9084142,None,795.0400763,None,TRUE,6.1843237,6.1845698,0.615740741,0.234259259,1,0,0,6.1843237,two_up_right,26,1,2022_Jan_04_1113,untitled_1,2020.2.6,60.00340819
כחול,blue,c,1,Image_certainty//image182_alemnt9.jpg,9.jpg,one_up_left,two_middle_right,widespread,certainty,,,,,,,,,0,37,37,182,797.7739635,797.9736885,c,1,0.645376,797.7739635,None,0,0,1,0,0,0.7464892,polygon,795.5399034,None,799.493497,None,804.9723009,None,TRUE,5.5387252,5.5398134,0.625925926,-0.092592593,1,0,0,4.9013303,two_middle_right,26,1,2022_Jan_04_1113,untitled_1,2020.2.6,60.00340819
כחול,green,x,0,Image_certainty//image17_alemnt5.jpg,5.jpg,two_up_left,two_down_right,infrequent,certainty,,,,,,,,,0,38,38,17,807.7884836,807.9882504,x,1,0.9568466,807.7884836,None,0,0,1,0,0,0.830011,polygon,805.4724752,None,809.8105177,None,813.2587519,None,TRUE,3.4892189,3.4932323,0.75462963,-0.222222222,1,0,0,3.4892189,two_down_right,26,1,2022_Jan_04_1113,untitled_1,2020.2.6,60.00340819
אדום,red,z,1,Image_certainty//image150_alemnt13.jpg,13.jpg,one_down_left,two_down_right,widespread,certainty,,,,,,,,,0,39,39,150,816.0215264,816.2213551,z,1,0.7054312,816.0215264,None,0,0,1,0,0,0.7492685,polygon,813.7715689,None,817.7826481,None,825.1362651,None,FALSE,7.3863561,7.3877797,0.612962963,-0.037962963,1,0,0,7.3863561,two_middle_right,26,1,2022_Jan_04_1113,untitled_1,2020.2.6,60.00340819
כחול,red,z,0,Image_certainty//image40_alemnt14.jpg,14.jpg,one_up_left,one_middle_right,widespread,certainty,,,,,,,,,0,40,40,40,827.6531636,827.8531386,z,1,1.0156017,827.6531636,None,0,0,1,0,0,0.5287585,polygon,825.6366296,None,829.71775,None,836.351313,None,FALSE,6.6684197,6.6695095,0.564814815,-0.026851852,1,0,0,6.6684197,two_middle_right,26,1,2022_Jan_04_1113,untitled_1,2020.2.6,60.00340819
ירוק,red,z,0,Image_certainty//image44_alemnt11.jpg,11.jpg,two_middle_left,one_up_right,widespread,certainty,,,,,,,,,0,41,41,44,838.7843807,838.9842555,z,1,0.818058,838.7843807,None,0,0,1,0,0,0.4483332,polygon,836.8511894,None,841.3932436,None,843.2669682,None,TRUE,2.6528273,2.6531614,0.32962963,0.206481481,1,0,0,2.6528273,one_up_right,26,1,2022_Jan_04_1113,untitled_1,2020.2.6,60.00340819
ירוק,red,z,0,Image_certainty//image20_alemnt10.jpg,10.jpg,two_up_left,two_up_right,widespread,certainty,,,,,,,,,0,42,42,20,846.4334903,846.6332658,z,1,0.6937926,846.4334903,None,-0.008333333,-0.001851852,1,0,0,1.1814414,polygon,843.7674898,None,848.1753559,None,851.6826292,None,TRUE,3.5368933,3.5371167,0.641666667,0.225925926,1,0,0,3.5368933,two_up_right,26,1,2022_Jan_04_1113,untitled_1,2020.2.6,60.00340819
ירוק,red,z,0,Image_certainty//image80_alemnt9.jpg,9.jpg,one_middle_left,one_middle_right,widespread,certainty,,,,,,,,,0,43,43,80,854.2325867,854.4322616,z,1,0.6341922,854.2325867,None,0,0,1,0,0,0.5501776,polygon,852.182472,None,855.9073384,None,863.4976212,None,FALSE,7.619371,7.6214086,0.722222222,-0.228703704,1,0,0,7.619371,two_down_right,26,1,2022_Jan_04_1113,untitled_1,2020.2.6,60.00340819
ירוק,green,x,1,Image_certainty//image133_alemnt11.jpg,11.jpg,one_middle_left,two_up_right,widespread,certainty,,,,,,,,,0,44,44,133,865.9309903,866.1307583,c,0,1.1208498,865.9309903,None,0,0,1,0,0,0.4484662,polygon,863.9976102,None,868.1073953,None,874.2630617,None,TRUE,6.1869378,6.1871398,0.609259259,0.253703704,1,0,0,6.1869378,two_up_right,26,1,2022_Jan_04_1113,untitled_1,2020.2.6,60.00340819
ירוק,blue,c,0,Image_certainty//image87_alemnt11.jpg,11.jpg,three_middle_left,two_middle_right,widespread,certainty,,,,,,,,,0,45,45,87,876.8797145,877.0792697,None,0,,876.8797145,None,0,0,1,0,0,0.6316514,polygon,874.7629506,None,879.1051551,888.0984131,888.1112875,None,,,,,,,,,,,26,1,2022_Jan_04_1113,untitled_1,2020.2.6,60.00340819
אדום,red,z,1,Image_certainty//image171_alemnt12.jpg,12.jpg,one_up_left,two_down_right,widespread,certainty,,,,,,,,,0,46,46,171,891.0778119,891.2773774,z,1,0.6924074,891.0778119,None,-0.002777778,-0.000925926,1,0,0,0.9832539,polygon,888.6112546,None,892.8214566,None,896.5933159,None,TRUE,3.8030772,3.8043896,0.717592593,-0.233333333,1,0,0,3.8030772,two_down_right,26,1,2022_Jan_04_1113,untitled_1,2020.2.6,60.00340819
כחול,blue,c,1,Image_certainty//image116_alemnt2.jpg,2.jpg,one_middle_left,two_down_right,infrequent,certainty,,,,,,,,,0,47,47,116,899.0933213,899.2930525,c,1,0.986312,899.0933213,None,0,0,1,0,0,0.5153915,polygon,897.0933844,None,901.1344493,None,906.0254934,None,FALSE,4.9196825,4.92071,0.711111111,0.050925926,1,0,0,4.9196825,three_middle_right,26,1,2022_Jan_04_1113,untitled_1,2020.2.6,60.00340819
אדום,red,z,1,Image_certainty//image177_alemnt11.jpg,11.jpg,two_down_left,three_middle_right,widespread,certainty,,,,,,,,,0,48,48,177,908.4756338,908.6750645,z,1,0.5730784,908.4756338,None,0,0,1,0,0,0.4648736,polygon,906.5254408,None,910.1424734,None,915.6241874,None,TRUE,5.5524025,5.5534886,0.707407407,0.046296296,1,0,0,5.5524025,three_middle_right,26,1,2022_Jan_04_1113,untitled_1,2020.2.6,60.00340819
כחול,blue,c,1,Image_certainty//image176_alemnt9.jpg,9.jpg,two_middle_left,one_down_right,widespread,certainty,,,,,,,,,0,49,49,176,918.0742163,918.2739481,c,1,0.7773611,918.0742163,None,0,0,1,0,0,0.4648706,polygon,916.1241547,None,919.9001828,None,923.4732043,None,TRUE,3.6033364,3.6046801,0.472222222,-0.209259259,1,0,0,3.6033364,one_down_right,26,1,2022_Jan_04_1113,untitled_1,2020.2.6,60.00340819
אדום,blue,c,0,Image_certainty//image43_alemnt11.jpg,11.jpg,two_down_left,one_up_right,widespread,certainty,,,,,,,,,0,50,50,43,926.8565237,927.0561203,c,1,0.8947834,926.8565237,None,0.001851852,0.006481481,1,0,0,1.3981287,polygon,923.9731891,None,928.8032554,None,930.6055864,None,TRUE,1.8374541,1.8378018,0.338888889,0.167592593,1,0,0,1.8374541,one_up_right,26,1,2022_Jan_04_1113,untitled_1,2020.2.6,60.00340819
ירוק,green,x,1,Image_certainty//image130_alemnt11.jpg,11.jpg,three_middle_left,two_down_right,widespread,certainty,,,,,,,,,0,51,51,130,933.1721467,933.3719636,x,1,0.8520972,933.1721467,None,0,0,1,0,0,0.5821349,polygon,931.1055246,None,935.0794124,None,941.1042516,None,FALSE,6.0524609,6.0526484,0.603703704,0.208333333,1,0,0,6.0524609,two_up_right,26,1,2022_Jan_04_1113,untitled_1,2020.2.6,60.00340819
אדום,green,x,0,Image_certainty//image54_alemnt11.jpg,11.jpg,two_down_left,two_middle_right,widespread,certainty,,,,,,,,,0,52,52,54,943.9042616,944.1039973,c,0,1.0932763,943.9042616,None,0,0,1,0,0,0.8153957,polygon,941.6042711,None,946.0486529,None,949.8865248,None,TRUE,3.8687989,3.869734,0.546296296,-0.082407407,1,0,0,3.8687989,two_middle_right,26,1,2022_Jan_04_1113,untitled_1,2020.2.6,60.00340819
אדום,red,z,1,Image_certainty//image138_alemnt9.jpg,9.jpg,one_down_left,two_down_right,widespread,certainty,,,,,,,,,0,53,53,138,952.4696735,952.6694944,z,1,0.5572374,952.4696735,None,0,0,1,0,0,0.5979664,polygon,950.3864424,None,954.0772349,None,962.6014939,None,FALSE,8.5527075,8.552986,0.355555556,0.187962963,1,0,0,8.5527075,one_up_right,26,1,2022_Jan_04_1113,untitled_1,2020.2.6,60.00340819
אדום,green,x,0,Image_certainty//image24_alemnt13.jpg,13.jpg,three_middle_left,one_middle_right,widespread,certainty,,,,,,,,,0,54,54,24,966.0178522,966.2176807,x,1,0.8704786,966.0178522,None,0,0,1,0,0,1.431785,polygon,963.1015671,None,967.9809506,None,976.8664338,None,FALSE,8.9515683,8.9526221,0.716666667,0.035185185,1,0,0,8.9515683,three_middle_right,26,1,2022_Jan_04_1113,untitled_1,2020.2.6,60.00340819
כחול,blue,c,1,Image_certainty//image110_alemnt5.jpg,5.jpg,three_middle_left,one_up_right,infrequent,certainty,,,,,,,,,0,55,55,110,979.3830478,979.5826954,c,1,0.7266044,979.3830478,None,0,0,1,0,0,0.5315957,polygon,977.366335,None,981.1632836,None,982.6489048,None,TRUE,1.5200286,1.520319,0.347222222,0.185185185,1,0,0,1.5200286,one_up_right,26,1,2022_Jan_04_1113,untitled_1,2020.2.6,60.00340819
ירוק,green,x,1,Image_certainty//image196_alemnt13.jpg,13.jpg,three_middle_left,one_down_right,widespread,certainty,,,,,,,,,0,56,56,196,985.4488412,985.648528,x,1,0.6566745,985.4488412,None,0,0.002777778,1,0,0,0.815032,polygon,983.1489288,None,987.159714,996.1509984,996.1638542,None,,,,,,,,,,,26,1,2022_Jan_04_1113,untitled_1,2020.2.6,60.00340819
אדום,blue,c,0,Image_certainty//image37_alemnt13.jpg,13.jpg,two_down_left,one_up_right,widespread,certainty,,,,,,,,,0,57,57,37,999.3811099,999.5806981,c,1,0.8594625,999.3811099,None,0.00462963,0.007407407,1,0,0,1.2146969,polygon,996.6644507,None,1001.32455,None,1003.229605,None,TRUE,1.9688451,1.9692311,0.353703704,0.142592593,1,0,0,1.9688451,one_up_right,26,1,2022_Jan_04_1113,untitled_1,2020.2.6,60.00340819
ירוק,red,z,0,Image_certainty//image56_alemnt11.jpg,11.jpg,three_middle_left,two_up_right,widespread,certainty,,,,,,,,,0,58,58,56,1005.580227,1005.780031,z,1,0.8316729,1005.580227,None,0,0,1,0,0,0.3479883,polygon,1003.730349,None,1007.450407,None,1015.294723,None,TRUE,7.8691544,7.8693499,0.587962963,0.243518519,1,0,0,7.8691544,two_up_right,26,1,2022_Jan_04_1113,untitled_1,2020.2.6,60.00340819
אדום,red,z,1,Image_certainty//image141_alemnt11.jpg,11.jpg,two_down_left,three_middle_right,widespread,certainty,,,,,,,,,0,59,59,141,1018.411736,1018.611608,z,1,0.64671,1018.411736,None,-0.009259259,0.00462963,1,0,0,1.117691,polygon,1015.794636,None,1020.124316,None,1027.726372,None,FALSE,7.6363299,7.6365348,0.606481481,0.212962963,1,0,0,7.6363299,two_up_right,26,1,2022_Jan_04_1113,untitled_1,2020.2.6,60.00340819
כחול,red,z,0,Image_certainty//image94_alemnt9.jpg,9.jpg,three_middle_left,two_down_right,widespread,certainty,,,,,,,,,0,60,60,94,1030.293676,1030.493512,z,1,0.8070236,1030.293676,None,0,0,1,0,0,0.5817207,polygon,1028.226401,None,1032.173429,None,1040.817045,None,TRUE,8.6888358,8.6943433,0.719444444,-0.236111111,1,0,0,8.6888358,two_down_right,26,1,2022_Jan_04_1113,untitled_1,2020.2.6,60.00340819
כחול,green,x,0,Image_certainty//image89_alemnt13.jpg,13.jpg,two_up_left,three_middle_right,widespread,certainty,,,,,,,,,0,61,61,89,1043.357987,1043.557714,x,1,0.9183522,1043.357987,None,0,0,1,0,0,0.5305282,polygon,1041.325383,None,1045.373763,None,1050.090178,None,TRUE,,4.7858425,,,,,,,,26,1,2022_Jan_04_1113,untitled_1,2020.2.6,60.00340819
ירוק,green,x,1,Image_certainty//image145_alemnt12.jpg,12.jpg,two_down_left,two_down_right,widespread,certainty,,,,,,,,,0,62,62,145,1053.64,1053.840419,x,1,0.5755022,1053.64,None,-0.003703704,0.00462963,1,0,0,1.5504342,polygon,1050.590157,None,1055.299322,None,1061.521966,None,TRUE,6.2847425,6.2858501,0.706481481,-0.162037037,1,0,0,6.2847425,two_down_right,26,1,2022_Jan_04_1113,untitled_1,2020.2.6,60.00340819
ירוק,green,x,1,Image_certainty//image127_alemnt14.jpg,14.jpg,one_up_left,two_middle_right,widespread,certainty,,,,,,,,,0,63,63,127,1064.788455,1064.988146,x,1,0.7213063,1064.788455,None,0.002777778,0.008333333,1,0,0,1.2817588,polygon,1062.022013,None,1066.565665,None,1074.403565,None,FALSE,7.8692977,7.8703262,0.748148148,0.077777778,1,0,0,7.8692977,three_middle_right,26,1,2022_Jan_04_1113,untitled_1,2020.2.6,60.00340819
אדום,green,x,0,Image_certainty//image66_alemnt11.jpg,11.jpg,one_up_left,two_up_right,widespread,certainty,,,,,,,,,0,64,64,66,1077.736773,1077.936448,x,1,0.8325441,1077.736773,None,-0.003703704,0.00462963,1,0,0,1.3485593,polygon,1074.903563,None,1079.633454,None,1086.018872,None,TRUE,6.4352492,6.4354327,0.583333333,0.251851852,1,0,0,6.4352492,two_up_right,26,1,2022_Jan_04_1113,untitled_1,2020.2.6,60.00340819
כחול,red,z,0,Image_certainty//image70_alemnt14.jpg,14.jpg,two_down_left,one_middle_right,widespread,certainty,,,,,,,,,0,65,65,70,1089.269189,1089.468823,z,1,0.8163194,1089.269189,None,0.001851852,0.003703704,1,0,0,1.2631363,polygon,1086.519582,None,1091.156228,1100.154242,1100.166953,None,,,,,,,,,,,26,1,2022_Jan_04_1113,untitled_1,2020.2.6,60.00340819
כחול,blue,c,1,Image_certainty//image191_alemnt12.jpg,12.jpg,two_middle_left,one_up_right,widespread,certainty,,,,,,,,,0,66,66,191,1102.934048,1103.133717,c,1,0.7456805,1102.934048,None,0,0,1,0,0,0.7667163,polygon,1100.666987,None,1104.728479,None,1106.38547,None,TRUE,1.6897637,1.6906577,0.364814815,0.194444444,1,0,0,1.6897637,one_up_right,26,1,2022_Jan_04_1113,untitled_1,2020.2.6,60.00340819
כחול,blue,c,1,Image_certainty//image125_alemnt12.jpg,12.jpg,one_down_left,one_down_right,widespread,certainty,,,,,,,,,0,67,67,125,1109.532728,1109.732392,c,1,0.6089193,1109.532728,None,-0.005555556,0.002777778,1,0,0,1.1312925,polygon,1106.900088,None,1111.228084,None,1113.134999,None,TRUE,1.9704406,1.9741129,0.430555556,-0.225,1,0,0,1.9704406,one_down_right,26,1,2022_Jan_04_1113,untitled_1,2020.2.6,60.00340819
אדום,red,z,1,Image_certainty//image111_alemnt3.jpg,3.jpg,one_middle_left,two_up_right,infrequent,certainty,,,,,,,,,0,68,68,111,1116.26589,1116.465667,z,1,0.689904,1116.26589,None,-0.002777778,0.006481481,1,0,0,1.1172535,polygon,1113.648613,None,1118.005237,None,1125.613984,None,FALSE,7.6363779,7.6384101,0.725925926,-0.227777778,1,0,0,7.6363779,two_down_right,26,1,2022_Jan_04_1113,untitled_1,2020.2.6,60.00340819
אדום,red,z,1,Image_certainty//image132_alemnt9.jpg,9.jpg,one_down_left,two_down_right,widespread,certainty,,,,,,,,,0,69,69,132,1128.181039,1128.380775,z,1,0.6251156,1128.181039,None,0,0,1,0,0,0.5799588,polygon,1126.113801,None,1129.875606,None,1134.762499,None,FALSE,4.9371112,4.9385807,0.440740741,-0.225925926,1,0,0,4.9371112,one_down_right,26,1,2022_Jan_04_1113,untitled_1,2020.2.6,60.00340819
ירוק,green,x,1,Image_certainty//image142_alemnt14.jpg,14.jpg,three_middle_left,two_down_right,widespread,certainty,,,,,,,,,0,70,70,142,1137.863066,1138.06241,x,1,0.97251,1137.863066,None,0,0,1,0,0,1.1006246,polygon,1135.263137,None,1139.890876,None,1143.59481,None,TRUE,3.7353058,3.7367495,0.718518519,-0.212962963,1,0,0,3.7353058,two_down_right,26,1,2022_Jan_04_1113,untitled_1,2020.2.6,60.00340819
אדום,red,z,1,Image_certainty//image183_alemnt9.jpg,9.jpg,three_middle_left,two_down_right,widespread,certainty,,,,,,,,,0,71,71,183,1146.095242,1146.294846,z,1,0.6338452,1146.095242,None,0,0,1,0,0,0.5150283,polygon,1144.094817,None,1147.802132,None,1150.710666,None,FALSE,2.9704892,2.9706898,0.593518519,0.188888889,1,0,0,2.9704892,two_up_right,26,1,2022_Jan_04_1113,untitled_1,2020.2.6,60.00340819
ירוק,green,x,1,Image_certainty//image178_alemnt8.jpg,8.jpg,two_up_left,one_up_right,widespread,certainty,,,,,,,,,0,72,72,178,1153.360381,1153.56051,x,1,0.7467326,1153.360381,None,0,0,1,0,0,0.6480561,polygon,1151.211196,None,1155.18613,None,1156.993133,None,TRUE,1.8679464,1.8682834,0.362962963,0.183333333,1,0,0,1.8679464,one_up_right,26,1,2022_Jan_04_1113,untitled_1,2020.2.6,60.00340819
כחול,blue,c,1,Image_certainty//image146_alemnt12.jpg,12.jpg,one_up_left,two_middle_right,widespread,certainty,,,,,,,,,0,73,73,146,1159.409573,1159.60928,c,1,1.0844507,1159.409573,None,0,0,1,0,0,0.4294491,polygon,1157.493631,None,1161.578181,None,1170.195342,None,TRUE,8.6712499,8.6744265,0.569444444,-0.060185185,1,0,0,8.6712499,two_middle_right,26,1,2022_Jan_04_1113,untitled_1,2020.2.6,60.00340819
כחול,blue,c,1,Image_certainty//image140_alemnt11.jpg,11.jpg,one_up_left,two_up_right,widespread,certainty,,,,,,,,,0,74,74,140,1172.741216,1172.940873,c,1,0.8809744,1172.741216,None,0,0,1,0,0,0.5309735,polygon,1170.70866,None,1174.711826,None,1182.289677,None,FALSE,,7.6562344,,,,,,,,26,1,2022_Jan_04_1113,untitled_1,2020.2.6,60.00340819
אדום,green,x,0,Image_certainty//image48_alemnt9.jpg,9.jpg,one_down_left,one_down_right,widespread,certainty,,,,,,,,,0,75,75,48,1184.806333,1185.006019,x,1,0.9542636,1184.806333,None,0,0,1,0,0,0.513958,polygon,1182.790287,None,1186.846457,None,1190.43897,None,TRUE,3.6554599,3.6568485,0.421296296,-0.228703704,1,0,0,3.6554599,one_down_right,26,1,2022_Jan_04_1113,untitled_1,2020.2.6,60.00340819
ירוק,blue,c,0,Image_certainty//image93_alemnt14.jpg,14.jpg,one_down_left,one_middle_right,widespread,certainty,,,,,,,,,0,76,76,93,1192.922372,1193.122285,c,1,0.664983,1192.922372,None,0,0,1,0,0,0.4974522,polygon,1190.938563,None,1194.658186,1203.640503,1203.670432,None,,,,,,,,,,,26,1,2022_Jan_04_1113,untitled_1,2020.2.6,60.00340819
אדום,blue,c,0,Image_certainty//image49_alemnt11.jpg,11.jpg,three_middle_left,two_middle_right,widespread,certainty,,,,,,,,,0,77,77,49,1206.154205,1206.353986,c,1,0.724524,1206.154205,None,0,0,1,0,0,0.4954564,polygon,1204.170966,None,1207.960429,None,1210.841447,None,TRUE,2.9394724,2.9432586,0.602777778,-0.058333333,1,0,0,2.9394724,two_middle_right,26,1,2022_Jan_04_1113,untitled_1,2020.2.6,60.00340819
אדום,blue,c,0,Image_certainty//image91_alemnt8.jpg,8.jpg,two_up_left,one_up_right,widespread,certainty,,,,,,,,,0,78,78,91,1213.819911,1214.019507,None,0,,1213.819911,None,0.009259259,0.003703704,1,0,0,0.9670269,polygon,1211.352582,None,1216.074326,None,1218.118551,None,TRUE,2.1018309,2.1021662,0.349074074,0.163888889,1,0,0,2.1018309,one_up_right,26,1,2022_Jan_04_1113,untitled_1,2020.2.6,60.00340819
ירוק,blue,c,0,Image_certainty//image75_alemnt11.jpg,11.jpg,two_up_left,one_middle_right,widespread,certainty,,,,,,,,,0,79,79,75,1222.385352,1222.585205,c,1,0.7672456,1222.385352,None,-0.007407407,-0.002777778,1,0,0,2.267935,polygon,1218.618786,None,1224.242641,1233.236359,1233.250183,None,,,,,,,,,,,26,1,2022_Jan_04_1113,untitled_1,2020.2.6,60.00340819
כחול,green,x,0,Image_certainty//image11_alemnt7.jpg,7.jpg,two_middle_left,one_middle_right,infrequent,certainty,,,,,,,,,0,80,80,11,1236.066297,1236.265962,x,1,0.9627705,1236.066297,None,-0.000925926,0.001851852,1,0,0,0.8139648,polygon,1233.750452,None,1238.093044,1247.068502,1247.10147,None,FALSE,,9.056511,,,,,,,,26,1,2022_Jan_04_1113,untitled_1,2020.2.6,60.00340819
ירוק,blue,c,0,Image_certainty//image9_alemnt2.jpg,2.jpg,one_up_left,two_down_right,infrequent,certainty,,,,,,,,,0,81,81,9,1251.181778,1251.381578,c,1,0.8153496,1251.181778,None,-0.007407407,0.005555556,1,0,0,1.0302552,polygon,1247.615099,None,1253.067146,None,1257.798368,None,TRUE,4.7872681,4.7887604,0.719444444,-0.225,1,0,0,4.7872681,two_down_right,26,1,2022_Jan_04_1113,untitled_1,2020.2.6,60.00340819
כחול,blue,c,1,Image_certainty//image119_alemnt6.jpg,6.jpg,two_middle_left,one_down_right,infrequent,certainty,,,,,,,,,0,82,82,119,1261.346419,1261.546686,c,1,0.797707,1261.346419,None,0.003703704,0.013888889,1,0,0,1.5305868,polygon,1258.313909,None,1263.220078,None,1269.56583,None,FALSE,6.4051794,6.407776,0.413888889,0.00462963,1,0,0,6.4051794,one_middle_right,26,1,2022_Jan_04_1113,untitled_1,2020.2.6,60.00340819
כחול,green,x,0,Image_certainty//image71_alemnt12.jpg,12.jpg,three_middle_left,two_down_right,widespread,certainty,,,,,,,,,0,83,83,71,1274.412079,1274.611897,None,0,,1274.412079,None,-0.001851852,0.006481481,1,0,0,2.8300777,polygon,1270.078632,None,1276.67313,None,1279.065905,None,TRUE,2.455033,2.4589547,0.705555556,-0.206481481,1,0,0,2.455033,two_down_right,26,1,2022_Jan_04_1113,untitled_1,2020.2.6,60.00340819
אדום,blue,c,0,Image_certainty//image55_alemnt12.jpg,12.jpg,three_middle_left,one_middle_right,widespread,certainty,,,,,,,,,0,84,84,55,1281.494523,1281.694156,c,1,0.8788372,1281.494523,None,0,0,1,0,0,0.4311335,polygon,1279.57709,None,1283.445712,None,1286.25956,None,TRUE,,2.8699843,,,,,,,,26,1,2022_Jan_04_1113,untitled_1,2020.2.6,60.00340819
כחול,blue,c,1,Image_certainty//image149_alemnt11.jpg,11.jpg,one_middle_left,three_middle_right,widespread,certainty,,,,,,,,,0,85,85,149,1288.66031,1288.859925,c,1,0.6985915,1288.66031,None,0,0,1,0,0,0.4121799,polygon,1286.760192,None,1290.424893,None,1295.759105,None,FALSE,5.3882505,5.3892866,0.412037037,-0.008333333,1,0,0,5.3882505,one_middle_right,26,1,2022_Jan_04_1113,untitled_1,2020.2.6,60.00340819
ירוק,red,z,0,Image_certainty//image62_alemnt11.jpg,11.jpg,two_down_left,two_middle_right,widespread,certainty,,,,,,,,,0,86,86,62,1298.358636,1298.55826,z,1,0.8641912,1298.358636,None,0,0,1,0,0,0.5963953,polygon,1296.258822,None,1300.288231,None,1302.390963,None,TRUE,2.1524438,2.1535336,0.560185185,-0.084259259,1,0,0,2.1524438,two_middle_right,26,1,2022_Jan_04_1113,untitled_1,2020.2.6,60.00340819
כחול,green,x,0,Image_certainty//image29_alemnt13.jpg,13.jpg,one_middle_left,one_up_right,widespread,certainty,,,,,,,,,0,87,87,29,1305.591293,1305.791152,None,0,,1305.591293,None,-0.003703704,0.002777778,1,0,0,1.1981394,polygon,1302.891444,None,1307.816465,None,1309.356802,None,TRUE,1.5722593,1.5725931,0.364814815,0.201851852,1,0,0,1.5722593,one_up_right,26,1,2022_Jan_04_1113,untitled_1,2020.2.6,60.00340819
כחול,blue,c,1,Image_certainty//image173_alemnt12.jpg,12.jpg,two_up_left,three_middle_right,widespread,certainty,,,,,,,,,0,88,88,173,1311.907172,1312.106604,c,1,0.8344115,1311.907172,None,0,0,1,0,0,0.5666987,polygon,1309.85723,None,1313.802948,1322.791863,1322.804758,None,,,,,,,,,,,26,1,2022_Jan_04_1113,untitled_1,2020.2.6,60.00340819
ירוק,red,z,0,Image_certainty//image86_alemnt13.jpg,13.jpg,two_middle_left,one_up_right,widespread,certainty,,,,,,,,,0,89,89,86,1325.238536,1325.438192,z,1,0.7537683,1325.238536,None,0,0,1,0,0,0.4301434,polygon,1323.305467,None,1327.050321,None,1328.720969,None,TRUE,1.7032036,1.7035452,0.342592593,0.191666667,1,0,0,1.7032036,one_up_right,26,1,2022_Jan_04_1113,untitled_1,2020.2.6,60.00340819
אדום,blue,c,0,Image_certainty//image79_alemnt13.jpg,13.jpg,one_down_left,one_up_right,widespread,certainty,,,,,,,,,0,90,90,79,1331.604561,1331.804177,c,1,1.0420181,1331.604561,None,0,0,1,0,0,0.8960548,polygon,1329.22141,None,1333.723473,None,1338.686231,None,TRUE,5.0187695,5.0193517,0.460185185,0.194444444,1,0,0,4.3543855,one_up_right,26,1,2022_Jan_04_1113,untitled_1,2020.2.6,60.00340819
ירוק,red,z,0,Image_certainty//image98_alemnt13.jpg,13.jpg,three_middle_left,two_down_right,widespread,certainty,,,,,,,,,0,91,91,98,1341.152835,1341.352906,z,1,0.6495928,1341.152835,None,0,0,1,0,0,0.4631363,polygon,1339.186813,None,1342.875204,None,1345.593376,None,TRUE,2.7804571,2.7820826,0.724074074,-0.174074074,1,0,0,2.7804571,two_down_right,26,1,2022_Jan_04_1113,untitled_1,2020.2.6,60.00340819
כחול,green,x,0,Image_certainty//image77_alemnt10.jpg,10.jpg,one_middle_left,two_up_right,widespread,certainty,,,,,,,,,0,92,92,77,1348.218858,1348.418287,x,1,0.8197954,1348.218858,None,0,0,1,0,0,0.6287686,polygon,1346.102214,None,1350.101827,None,1353.217679,None,TRUE,3.1524001,3.1526087,0.627777778,0.244444444,1,0,0,3.1524001,two_up_right,26,1,2022_Jan_04_1113,untitled_1,2020.2.6,60.00340819
ירוק,blue,c,0,Image_certainty//image21_alemnt14.jpg,14.jpg,one_down_left,one_middle_right,widespread,certainty,,,,,,,,,0,93,93,21,1356.401169,1356.601141,c,1,0.9790136,1356.401169,None,0,0,1,0,0,1.1842211,polygon,1353.717404,None,1358.463555,None,1362.499844,None,TRUE,4.1016906,4.102927,0.42037037,0.003703704,1,0,0,4.1016906,one_middle_right,26,1,2022_Jan_04_1113,untitled_1,2020.2.6,60.00340819
ירוק,green,x,1,Image_certainty//image151_alemnt13.jpg,13.jpg,two_middle_left,one_down_right,widespread,certainty,,,,,,,,,0,94,94,151,1365.100036,1365.300095,x,1,0.6145965,1365.100036,None,0,0,1,0,0,0.6161558,polygon,1362.999875,None,1366.776826,None,1369.865448,None,TRUE,3.1347963,3.1363787,0.455555556,-0.22962963,1,0,0,3.1347963,one_down_right,26,1,2022_Jan_04_1113,untitled_1,2020.2.6,60.00340819
ירוק,blue,c,0,Image_certainty//image63_alemnt13.jpg,13.jpg,three_middle_left,one_down_right,widespread,certainty,,,,,,,,,0,95,95,63,1372.348592,1372.548308,c,1,0.7409132,1372.348592,None,0,0,1,0,0,0.4821137,polygon,1370.365757,None,1374.16966,None,1376.297818,None,TRUE,,2.1884421,,,,,,,,26,1,2022_Jan_04_1113,untitled_1,2020.2.6,60.00340819
אדום,red,z,1,Image_certainty//image165_alemnt8.jpg,8.jpg,one_middle_left,one_up_right,widespread,certainty,,,,,,,,,0,96,96,165,1378.764896,1378.96491,z,1,0.9246281,1378.764896,None,0,0,1,0,0,0.4642397,polygon,1376.79854,None,1380.76565,1389.749835,1389.763273,None,,,,,,,,,,,26,1,2022_Jan_04_1113,untitled_1,2020.2.6,60.00340819
אדום,red,z,1,Image_certainty//image105_alemnt7.jpg,7.jpg,one_middle_left,one_up_right,infrequent,certainty,,,,,,,,,0,97,97,105,1392.513249,1392.71273,z,1,0.5311392,1392.513249,None,0,0,1,0,0,0.7626415,polygon,1390.263295,None,1394.114742,None,1395.795196,None,TRUE,1.7352995,1.7356115,0.348148148,0.173148148,1,0,0,1.7352995,one_up_right,26,1,2022_Jan_04_1113,untitled_1,2020.2.6,60.00340819
אדום,red,z,1,Image_certainty//image114_alemnt2.jpg,2.jpg,one_middle_left,one_middle_right,infrequent,certainty,,,,,,,,,0,98,98,114,1398.195198,1398.394915,z,1,0.6121118,1398.195198,None,0,0,1,0,0,0.4154114,polygon,1396.295281,None,1399.849411,None,1405.044057,None,TRUE,5.2199282,5.2207697,0.384259259,-0.034259259,1,0,0,5.2199282,one_middle_right,26,1,2022_Jan_04_1113,untitled_1,2020.2.6,60.00340819
אדום,blue,c,0,Image_certainty//image7_alemnt7.jpg,7.jpg,one_down_left,one_down_right,infrequent,certainty,,,,,,,,,0,99,99,7,1407.510666,1407.71038,c,1,0.9842567,1407.510666,None,0,0,1,0,0,0.4827264,polygon,1405.544108,None,1409.549658,None,1414.992787,None,FALSE,4.9194928,5.4689813,0.508333333,0.052777778,1,0,0,4.9194928,,26,1,2022_Jan_04_1113,untitled_1,2020.2.6,60.00340819
אדום,red,z,1,Image_certainty//image126_alemnt9.jpg,9.jpg,two_down_left,one_middle_right,widespread,certainty,,,,,,,,,0,100,100,126,1417.459367,1417.659093,z,1,0.5663314,1417.459367,None,0,0,1,0,0,0.4812842,polygon,1415.492673,None,1419.071514,None,1425.15816,None,FALSE,6.1193242,6.1202542,0.575,-0.043518519,1,0,0,6.1193242,two_middle_right,26,1,2022_Jan_04_1113,untitled_1,2020.2.6,60.00340819
ירוק,green,x,1,Image_certainty//image175_alemnt11.jpg,11.jpg,one_middle_left,two_down_right,widespread,certainty,,,,,,,,,0,101,101,175,1427.574547,1427.774509,x,1,0.9317775,1427.574547,None,0,0,1,0,0,0.4317408,polygon,1425.658079,None,1429.551306,None,1432.757097,None,FALSE,3.2363139,3.237415,0.583333333,-0.036111111,1,0,0,3.2363139,two_middle_right,26,1,2022_Jan_04_1113,untitled_1,2020.2.6,60.00340819
ירוק,blue,c,0,Image_certainty//image51_alemnt14.jpg,14.jpg,three_middle_left,one_down_right,widespread,certainty,,,,,,,,,0,102,102,51,1435.390421,1435.590163,c,1,0.8804588,1435.390421,None,0,0,1,0,0,0.6478596,polygon,1433.257017,None,1437.320017,None,1446.021845,None,TRUE,8.7339392,8.7354112,0.486111111,-0.2,1,0,0,8.7339392,one_down_right,26,1,2022_Jan_04_1113,untitled_1,2020.2.6,60.00340819
ירוק,green,x,1,Image_certainty//image136_alemnt8.jpg,8.jpg,three_middle_left,two_down_right,widespread,certainty,,,,,,,,,0,103,103,136,1448.4713,1448.671296,x,1,0.8500742,1448.4713,None,0,0,1,0,0,0.4655658,polygon,1446.521932,None,1450.362178,None,1456.637236,None,TRUE,6.3027663,6.3039872,0.724074074,-0.236111111,1,0,0,6.3027663,two_down_right,26,1,2022_Jan_04_1113,untitled_1,2020.2.6,60.00340819
כחול,blue,c,1,Image_certainty//image164_alemnt9.jpg,9.jpg,one_middle_left,three_middle_right,widespread,certainty,,,,,,,,,0,104,104,164,1459.070833,1459.27088,c,1,0.8237342,1459.070833,None,0,0,1,0,0,0.4510385,polygon,1457.137215,None,1460.962575,None,1463.136415,None,TRUE,2.2184672,2.2194175,0.737962963,0.049074074,1,0,0,2.2184672,three_middle_right,26,1,2022_Jan_04_1113,untitled_1,2020.2.6,60.00340819
אדום,red,z,1,Image_certainty//image180_alemnt12.jpg,12.jpg,one_up_left,one_middle_right,widespread,certainty,,,,,,,,,0,105,105,180,1465.719936,1465.92008,z,1,0.6947581,1465.719936,None,0,0,1,0,0,0.5832877,polygon,1463.636822,None,1467.491977,None,1470.718903,None,TRUE,3.2851503,3.2860841,0.412037037,0.008333333,1,0,0,3.2851503,one_middle_right,26,1,2022_Jan_04_1113,untitled_1,2020.2.6,60.00340819
ירוק,green,x,1,Image_certainty//image190_alemnt12.jpg,12.jpg,one_down_left,one_middle_right,widespread,certainty,,,,,,,,,0,106,106,190,1473.20212,1473.401923,x,1,1.1038035,1473.20212,None,0,0,1,0,0,0.4830301,polygon,1471.218913,None,1475.362845,None,1480.25274,None,TRUE,4.921717,4.9238261,0.408333333,0.002777778,1,0,0,4.921717,one_middle_right,26,1,2022_Jan_04_1113,untitled_1,2020.2.6,60.00340819
אדום,green,x,0,Image_certainty//image72_alemnt9.jpg,9.jpg,one_middle_left,two_down_right,widespread,certainty,,,,,,,,,0,107,107,72,1482.751644,1482.951366,x,1,0.8031254,1482.751644,None,0,0,1,0,0,0.4799162,polygon,1480.768264,None,1484.641687,None,1487.916642,None,TRUE,3.3343075,3.3357207,0.722222222,-0.190740741,1,0,0,3.3343075,two_down_right,26,1,2022_Jan_04_1113,untitled_1,2020.2.6,60.00340819
ירוק,green,x,1,Image_certainty//image166_alemnt14.jpg,14.jpg,two_middle_left,one_middle_right,widespread,certainty,,,,,,,,,0,108,108,166,1490.450102,1490.650181,x,1,0.6527199,1490.450102,None,0,0,1,0,0,0.5307549,polygon,1488.417042,None,1492.161525,None,1500.348568,None,TRUE,8.2188733,8.2199713,0.405555556,-0.014814815,1,0,0,8.2188733,one_middle_right,26,1,2022_Jan_04_1113,untitled_1,2020.2.6,60.00340819
כחול,blue,c,1,Image_certainty//image107_alemnt6.jpg,6.jpg,two_middle_left,two_up_right,infrequent,certainty,,,,,,,,,0,109,109,107,1502.782417,1502.965423,c,1,0.7282412,1502.782417,None,0,0,1,0,0,0.4297554,polygon,1500.848997,None,1504.578793,None,1509.680778,None,TRUE,5.1538678,5.1542617,0.625925926,0.212037037,1,0,0,5.1538678,two_up_right,26,1,2022_Jan_04_1113,untitled_1,2020.2.6,60.00340819
אדום,blue,c,0,Image_certainty//image25_alemnt8.jpg,8.jpg,two_middle_left,one_down_right,widespread,certainty,,,,,,,,,0,110,110,25,1512.530384,1512.730444,c,1,0.8687045,1512.530384,None,0,0,1,0,0,0.8505122,polygon,1510.180436,None,1514.462449,None,1516.629576,None,TRUE,2.2027484,2.2040724,0.492592593,-0.206481481,1,0,0,2.2027484,one_down_right,26,1,2022_Jan_04_1113,untitled_1,2020.2.6,60.00340819
אדום,blue,c,0,Image_certainty//image67_alemnt13.jpg,13.jpg,three_middle_left,one_middle_right,widespread,certainty,,,,,,,,,0,111,111,67,1519.112872,1519.312569,c,1,0.8544449,1519.112872,None,0,0,1,0,0,0.4815077,polygon,1517.130253,None,1521.025219,1530.014787,1530.027937,None,,,,,,,,,,,26,1,2022_Jan_04_1113,untitled_1,2020.2.6,60.00340819
ירוק,red,z,0,Image_certainty//image68_alemnt14.jpg,14.jpg,one_down_left,two_down_right,widespread,certainty,,,,,,,,,0,112,112,68,1533.17778,1533.377734,z,1,0.8203301,1533.17778,None,-0.001851852,-0.007407407,1,0,0,1.1648425,polygon,1530.527949,None,1535.060031,None,1542.108991,None,TRUE,7.0841143,7.085201,0.710185185,-0.203703704,1,0,0,7.0841143,two_down_right,26,1,2022_Jan_04_1113,untitled_1,2020.2.6,60.00340819
אדום,red,z,1,Image_certainty//image156_alemnt11.jpg,11.jpg,two_down_left,one_down_right,widespread,certainty,,,,,,,,,0,113,113,156,1544.558969,1544.758815,z,1,0.6159329,1544.558969,None,0,0,1,0,0,0.4649357,polygon,1542.608923,None,1546.219453,None,1550.358508,None,TRUE,4.1702549,4.1715756,0.477777778,-0.24537037,1,0,0,4.1702549,one_down_right,26,1,2022_Jan_04_1113,untitled_1,2020.2.6,60.00340819
ירוק,red,z,0,Image_certainty//image2_alemnt4.jpg,4.jpg,one_down_left,two_down_right,infrequent,certainty,,,,,,,,,0,114,114,2,1552.908393,1553.108097,z,1,0.6184762,1552.908393,None,0,0,1,0,0,0.5648918,polygon,1550.85845,None,1554.584107,None,1558.690689,None,TRUE,4.1365226,4.1379906,0.735185185,-0.232407407,1,0,0,4.1365226,two_down_right,26,1,2022_Jan_04_1113,untitled_1,2020.2.6,60.00340819
ירוק,green,x,1,Image_certainty//image154_alemnt9.jpg,9.jpg,one_middle_left,one_down_right,widespread,certainty,,,,,,,,,0,115,115,154,1561.174067,1561.373716,x,1,0.8195465,1561.174067,None,0,0,1,0,0,0.4982065,polygon,1559.190754,None,1563.047877,None,1568.772827,None,TRUE,5.7531155,5.7546058,0.448148148,-0.248148148,1,0,0,5.7531155,one_down_right,26,1,2022_Jan_04_1113,untitled_1,2020.2.6,60.00340819
ירוק,blue,c,0,Image_certainty//image81_alemnt14.jpg,14.jpg,three_middle_left,one_down_right,widespread,certainty,,,,,,,,,0,116,116,81,1571.13933,1571.339096,c,1,0.9152703,1571.13933,None,0,0,1,0,0,0.3818464,polygon,1569.272747,None,1573.097709,1582.091593,1582.104378,None,,,,,,,,,,,26,1,2022_Jan_04_1113,untitled_1,2020.2.6,60.00340819
ירוק,blue,c,0,Image_certainty//image27_alemnt8.jpg,8.jpg,three_middle_left,two_middle_right,widespread,certainty,,,,,,,,,0,117,117,27,1584.537771,1584.737344,c,1,0.7149115,1584.537771,None,0,0,1,0,0,0.448129,polygon,1582.604317,None,1586.30008,None,1594.052832,None,FALSE,7.7860758,7.7872659,0.732407407,0.027777778,1,0,0,7.7860758,three_middle_right,26,1,2022_Jan_04_1113,untitled_1,2020.2.6,60.00340819
ירוק,blue,c,0,Image_certainty//image69_alemnt14.jpg,14.jpg,one_middle_left,two_down_right,widespread,certainty,,,,,,,,,0,118,118,69,1596.469427,1596.669135,c,1,0.7600059,1596.469427,None,0,0,1,0,0,0.4313834,polygon,1594.552838,None,1598.280607,None,1604.601479,None,TRUE,6.3530938,6.3546575,0.749074074,-0.243518519,1,0,0,6.3530938,two_down_right,26,1,2022_Jan_04_1113,untitled_1,2020.2.6,60.00340819
כחול,blue,c,1,Image_certainty//image170_alemnt13.jpg,13.jpg,one_down_left,two_middle_right,widespread,certainty,,,,,,,,,0,119,119,170,1607.051509,1607.251144,c,1,0.62367,1607.051509,None,0,0,1,0,0,0.4649566,polygon,1605.101483,None,1608.724058,None,1611.250524,None,TRUE,2.5531154,2.5541438,0.583333333,-0.038888889,1,0,0,2.5531154,two_middle_right,26,1,2022_Jan_04_1113,untitled_1,2020.2.6,60.00340819
כחול,green,x,0,Image_certainty//image5_alemnt2.jpg,2.jpg,two_down_left,two_down_right,infrequent,certainty,,,,,,,,,0,120,120,5,1613.817316,1614.016937,x,1,0.9120829,1613.817316,None,0,0,1,0,0,0.5823062,polygon,1611.750617,None,1615.775929,None,1622.182418,None,TRUE,6.4359711,6.43743,0.702777778,-0.209259259,1,0,0,6.4359711,two_down_right,26,1,2022_Jan_04_1113,untitled_1,2020.2.6,60.00340819
כחול,green,x,0,Image_certainty//image47_alemnt13.jpg,13.jpg,one_middle_left,one_middle_right,widespread,certainty,,,,,,,,,0,121,121,47,1624.982547,1625.182046,None,0,,1624.982547,None,0,0,1,0,0,0.8147411,polygon,1622.682385,None,1627.207375,None,1632.531179,None,TRUE,5.3525384,5.3533766,0.366666667,-0.027777778,1,0,0,5.3525384,one_middle_right,26,1,2022_Jan_04_1113,untitled_1,2020.2.6,60.00340819
כחול,blue,c,1,Image_certainty//image131_alemnt13.jpg,13.jpg,one_middle_left,one_middle_right,widespread,certainty,,,,,,,,,0,122,122,131,1635.097849,1635.297513,None,0,,1635.097849,None,0,0,1,0,0,0.5810861,polygon,1633.031061,None,1637.322189,None,1641.946532,None,TRUE,4.6527677,4.6535667,0.415740741,0,1,0,0,4.6527677,one_middle_right,26,1,2022_Jan_04_1113,untitled_1,2020.2.6,60.00340819
ירוק,green,x,1,Image_certainty//image103_alemnt1.jpg,1.jpg,two_down_left,one_middle_right,infrequent,certainty,,,,,,,,,0,123,123,103,1644.396696,1644.596196,x,1,0.8943361,1644.396696,None,0,0,1,0,0,0.4651261,polygon,1642.44662,None,1646.341542,1655.331677,1655.344788,None,,,,,,,,,,,26,1,2022_Jan_04_1113,untitled_1,2020.2.6,60.00340819
אדום,red,z,1,Image_certainty//image198_alemnt9.jpg,9.jpg,one_up_left,one_middle_right,widespread,certainty,,,,,,,,,0,124,124,198,1657.861586,1658.061136,z,1,0.6525212,1657.861586,None,0,0,1,0,0,0.5311442,polygon,1655.844754,None,1659.570146,1668.563245,1668.576417,None,,,,,,,,,,,26,1,2022_Jan_04_1113,untitled_1,2020.2.6,60.00340819
אדום,red,z,1,Image_certainty//image186_alemnt11.jpg,11.jpg,one_down_left,two_up_right,widespread,certainty,,,,,,,,,0,125,125,186,1671.009745,1671.209549,z,1,0.5905604,1671.009745,None,0,0,1,0,0,0.4481956,polygon,1669.076348,None,1672.65403,None,1678.541756,None,TRUE,5.9199385,5.9201183,0.591666667,0.230555556,1,0,0,5.9199385,two_up_right,26,1,2022_Jan_04_1113,untitled_1,2020.2.6,60.00340819
ירוק,blue,c,0,Image_certainty//image33_alemnt13.jpg,13.jpg,three_middle_left,two_middle_right,widespread,certainty,,,,,,,,,0,126,126,33,1681.008532,1681.208195,c,1,0.9886437,1681.008532,None,0,0,1,0,0,0.4814701,polygon,1679.041917,None,1683.050677,None,1688.440466,None,FALSE,5.4194841,5.4208406,0.696296296,-0.25,1,0,0,5.4194841,two_down_right,26,1,2022_Jan_04_1113,untitled_1,2020.2.6,60.00340819
ירוק,red,z,0,Image_certainty//image8_alemnt6.jpg,6.jpg,one_down_left,one_up_right,infrequent,certainty,,,,,,,,,0,127,127,8,1690.890634,1691.090244,z,1,0.8633594,1690.890634,None,0,0,1,0,0,0.4655691,polygon,1688.940438,None,1692.83623,None,1698.039329,None,FALSE,5.2695932,5.2698044,0.596296296,0.198148148,1,0,0,5.2695932,two_up_right,26,1,2022_Jan_04_1113,untitled_1,2020.2.6,60.00340819
ירוק,green,x,1,Image_certainty//image184_alemnt14.jpg,14.jpg,one_up_left,two_middle_right,widespread,certainty,,,,,,,,,0,128,128,184,1700.389324,1700.589036,x,1,1.1488498,1700.389324,None,0,0,1,0,0,0.3652975,polygon,1698.539191,None,1702.583123,None,1705.48829,None,TRUE,2.9360186,2.9369616,0.562962963,-0.063888889,1,0,0,2.9360186,two_middle_right,26,1,2022_Jan_04_1113,untitled_1,2020.2.6,60.00340819
ירוק,green,x,1,Image_certainty//image181_alemnt12.jpg,12.jpg,two_up_left,one_down_right,widespread,certainty,,,,,,,,,0,129,129,181,1707.821683,1708.021411,x,1,0.7756786,1707.821683,None,0,0,1,0,0,0.3487743,polygon,1705.988288,None,1709.643232,None,1713.620579,None,FALSE,4.0025163,4.0027218,0.562962963,0.213888889,1,0,0,4.0025163,two_up_right,26,1,2022_Jan_04_1113,untitled_1,2020.2.6,60.00340819
אדום,blue,c,0,Image_certainty//image73_alemnt10.jpg,10.jpg,two_down_left,one_down_right,widespread,certainty,,,,,,,,,0,130,130,73,1716.03736,1716.237002,c,1,0.9015342,1716.03736,None,0,0,1,0,0,0.4317365,polygon,1714.120503,None,1717.994225,None,1720.603004,None,TRUE,2.6367084,2.6384015,0.452777778,-0.227777778,1,0,0,2.6367084,one_down_right,26,1,2022_Jan_04_1113,untitled_1,2020.2.6,60.00340819
אדום,green,x,0,Image_certainty//image6_alemnt7.jpg,7.jpg,three_middle_left,three_middle_right,infrequent,certainty,,,,,,,,,0,131,131,6,1722.936532,1723.136114,x,1,0.7484227,1722.936532,None,0,0,1,0,0,0.3482757,polygon,1721.103155,None,1724.728049,None,1730.701649,None,TRUE,6.0026913,6.0038207,0.716666667,0.037962963,1,0,0,6.0026913,three_middle_right,26,1,2022_Jan_04_1113,untitled_1,2020.2.6,60.00340819
אדום,red,z,1,Image_certainty//image195_alemnt10.jpg,10.jpg,one_down_left,two_middle_right,widespread,certainty,,,,,,,,,0,132,132,195,1733.035089,1733.23481,z,1,0.7050958,1733.035089,None,0,0,1,0,0,0.3486291,polygon,1731.201654,None,1734.796215,None,1741.08372,None,FALSE,6.3202515,6.3212295,0.389814815,-0.035185185,1,0,0,6.3202515,one_middle_right,26,1,2022_Jan_04_1113,untitled_1,2020.2.6,60.00340819
ירוק,green,x,1,Image_certainty//image139_alemnt10.jpg,10.jpg,two_up_left,one_middle_right,widespread,certainty,,,,,,,,,0,133,133,139,1743.81704,1744.016743,x,1,0.8540668,1743.81704,None,0,0,1,0,0,0.7484936,polygon,1741.583746,None,1745.727825,None,1752.565525,None,TRUE,6.8685827,6.8694485,0.387962963,-0.001851852,1,0,0,6.8685827,one_middle_right,26,1,2022_Jan_04_1113,untitled_1,2020.2.6,60.00340819
ירוק,green,x,1,Image_certainty//image193_alemnt12.jpg,12.jpg,three_middle_left,three_middle_right,widespread,certainty,,,,,,,,,0,134,134,193,1754.932226,1755.131974,x,1,0.8988659,1754.932226,None,0,0,1,0,0,0.3813916,polygon,1753.065542,None,1756.87659,None,1761.281146,None,TRUE,4.4361904,4.4373767,0.723148148,0.062962963,1,0,0,4.4361904,three_middle_right,26,1,2022_Jan_04_1113,untitled_1,2020.2.6,60.00340819
ירוק,red,z,0,Image_certainty//image32_alemnt9.jpg,9.jpg,two_up_left,one_down_right,widespread,certainty,,,,,,,,,0,135,135,32,1763.697756,1763.897478,z,1,0.8809261,1763.697756,None,0,0,1,0,0,0.4332777,polygon,1761.781109,None,1765.622784,None,1771.163154,None,TRUE,5.5698562,5.5712379,0.418518519,-0.237962963,1,0,0,5.5698562,one_down_right,26,1,2022_Jan_04_1113,untitled_1,2020.2.6,60.00340819
אדום,green,x,0,Image_certainty//image90_alemnt12.jpg,12.jpg,three_middle_left,two_up_right,widespread,certainty,,,,,,,,,0,136,136,90,1773.596491,1773.796156,x,1,0.7795332,1773.596491,None,0,0,1,0,0,0.4483504,polygon,1771.663129,None,1775.422218,None,1780.195294,None,TRUE,4.803777,4.8039625,0.572222222,0.203703704,1,0,0,4.803777,two_up_right,26,1,2022_Jan_04_1113,untitled_1,2020.2.6,60.00340819
ירוק,blue,c,0,Image_certainty//image15_alemnt3.jpg,3.jpg,three_middle_left,two_down_right,infrequent,certainty,,,,,,,,,0,137,137,15,1782.645273,1782.844908,c,1,0.4963216,1782.645273,None,0,0,1,0,0,0.4654548,polygon,1780.695263,None,1784.182995,None,1789.077476,None,TRUE,4.9197382,4.9213595,0.731481481,-0.232407407,1,0,0,4.9197382,two_down_right,26,1,2022_Jan_04_1113,untitled_1,2020.2.6,60.00340819
כחול,blue,c,1,Image_certainty//image143_alemnt9.jpg,9.jpg,two_down_left,one_middle_right,widespread,certainty,,,,,,,,,0,138,138,143,1791.510713,1791.710514,c,1,0.6121353,1791.510713,None,0,0,1,0,0,0.4478469,polygon,1789.577614,None,1793.171184,None,1801.325866,None,FALSE,8.1858704,8.1861665,0.377777778,0.189814815,1,0,0,8.1858704,one_up_right,26,1,2022_Jan_04_1113,untitled_1,2020.2.6,60.00340819
אדום,blue,c,0,Image_certainty//image97_alemnt8.jpg,8.jpg,one_middle_left,three_middle_right,widespread,certainty,,,,,,,,,0,139,139,97,1803.759308,1803.958852,c,1,0.5624056,1803.759308,None,0,0,1,0,0,0.4479782,polygon,1801.825892,None,1805.36672,1814.361113,1814.374145,None,,,,,,,,,,,26,1,2022_Jan_04_1113,untitled_1,2020.2.6,60.00340819
אדום,blue,c,0,Image_certainty//image85_alemnt14.jpg,14.jpg,two_down_left,three_middle_right,widespread,certainty,,,,,,,,,0,140,140,85,1817.77398,1817.973731,c,1,0.8733945,1817.77398,None,0.002777778,0.000925926,1,0,0,1.414768,polygon,1814.87421,None,1819.696194,1828.692456,1828.705652,None,,,,,,,,,,,26,1,2022_Jan_04_1113,untitled_1,2020.2.6,60.00340819
אדום,green,x,0,Image_certainty//image42_alemnt12.jpg,12.jpg,two_up_left,one_up_right,widespread,certainty,,,,,,,,,0,141,141,42,1831.105492,1831.305239,x,1,0.7473059,1831.105492,None,0,0,1,0,0,0.4146858,polygon,1829.205506,None,1832.896841,None,1834.504864,None,TRUE,1.6376138,1.6379068,0.343518519,0.199074074,1,0,0,1.6376138,one_up_right,26,1,2022_Jan_04_1113,untitled_1,2020.2.6,60.00340819
כחול,green,x,0,Image_certainty//image95_alemnt9.jpg,9.jpg,two_up_left,two_down_right,widespread,certainty,,,,,,,,,0,142,142,95,1836.938252,1837.137929,x,1,0.7127353,1836.938252,None,0,0,1,0,0,0.44779,polygon,1835.004984,None,1838.700653,None,1841.787336,None,TRUE,3.1201244,3.1214899,0.717592593,-0.181481481,1,0,0,3.1201244,two_down_right,26,1,2022_Jan_04_1113,untitled_1,2020.2.6,60.00340819
אדום,blue,c,0,Image_certainty//image31_alemnt9.jpg,9.jpg,one_up_left,one_down_right,widespread,certainty,,,,,,,,,0,143,143,31,1844.204002,1844.403668,x,0,0.7998975,1844.204002,None,0,0,1,0,0,0.4315634,polygon,1842.287327,None,1846.040757,None,1853.219115,None,TRUE,7.2023813,7.2037068,0.464814815,-0.248148148,1,0,0,7.2023813,one_down_right,26,1,2022_Jan_04_1113,untitled_1,2020.2.6,60.00340819
אדום,red,z,1,Image_certainty//image144_alemnt8.jpg,8.jpg,two_middle_left,two_down_right,widespread,certainty,,,,,,,,,0,144,144,144,1857.668893,1857.868546,z,1,0.7250274,1857.668893,None,0,0,1,0,0,2.4652001,polygon,1853.719185,None,1859.444765,None,1866.684364,None,FALSE,7.2702065,7.2707381,0.373148148,0.14537037,1,0,0,7.2702065,one_up_right,26,1,2022_Jan_04_1113,untitled_1,2020.2.6,60.00340819
ירוק,green,x,1,Image_certainty//image157_alemnt8.jpg,8.jpg,one_middle_left,three_middle_right,widespread,certainty,,,,,,,,,0,145,145,157,1869.317294,1869.51706,x,1,0.7939057,1869.317294,None,0,0,1,0,0,0.6483125,polygon,1867.184074,None,1871.157628,None,1875.549727,None,TRUE,4.4211016,4.4221262,0.726851852,0.069444444,1,0,0,4.4211016,three_middle_right,26,1,2022_Jan_04_1113,untitled_1,2020.2.6,60.00340819
כחול,blue,c,1,Image_certainty//image188_alemnt9.jpg,9.jpg,two_up_left,two_down_right,widespread,certainty,,,,,,,,,0,146,146,188,1877.932953,1878.132898,c,1,0.6560314,1877.932953,None,0,0,1,0,0,0.3981192,polygon,1876.049595,None,1879.657055,None,1883.781902,None,TRUE,4.1686564,4.1700701,0.70462963,-0.223148148,1,0,0,4.1686564,two_down_right,26,1,2022_Jan_04_1113,untitled_1,2020.2.6,60.00340819
כחול,red,z,0,Image_certainty//image4_alemnt2.jpg,2.jpg,two_middle_left,two_middle_right,infrequent,certainty,,,,,,,,,0,147,147,4,1886.165426,1886.365066,z,1,0.7127093,1886.165426,None,0,0,1,0,0,0.3974767,polygon,1884.281855,None,1887.926032,None,1892.014114,None,TRUE,4.1201915,4.121117,0.564814815,-0.071296296,1,0,0,4.1201915,two_middle_right,26,1,2022_Jan_04_1113,untitled_1,2020.2.6,60.00340819
ירוק,green,x,1,Image_certainty//image100_alemnt4.jpg,4.jpg,two_down_left,one_middle_right,infrequent,certainty,,,,,,,,,0,148,148,100,1894.49746,1894.697288,x,1,1.0256786,1894.49746,None,0,0,1,0,0,0.4968181,polygon,1892.514217,None,1896.59183,None,1898.81329,None,TRUE,2.2688185,2.269711,0.382407407,0.001851852,1,0,0,2.2688185,one_middle_right,26,1,2022_Jan_04_1113,untitled_1,2020.2.6,60.00340819
כחול,red,z,0,Image_certainty//image22_alemnt11.jpg,11.jpg,two_up_left,one_down_right,widespread,certainty,,,,,,,,,0,149,149,22,1901.363321,1901.562921,z,1,0.8337809,1901.363321,None,0,0,1,0,0,0.5654528,polygon,1899.313276,None,1903.231064,None,1909.679112,None,TRUE,,6.4745415,,,,,,,,26,1,2022_Jan_04_1113,untitled_1,2020.2.6,60.00340819
ירוק,red,z,0,Image_certainty//image14_alemnt6.jpg,6.jpg,two_up_left,one_up_right,infrequent,certainty,,,,,,,,,0,150,150,14,1912.145166,1912.344812,z,1,0.8059149,1912.145166,None,0,0,1,0,0,0.480515,polygon,1910.178812,None,1914.006192,None,1915.694426,None,TRUE,1.7206992,1.7210553,0.381481481,0.198148148,1,0,0,1.7206992,one_up_right,26,1,2022_Jan_04_1113,untitled_1,2020.2.6,60.00340819
אדום,red,z,1,Image_certainty//image123_alemnt13.jpg,13.jpg,one_up_left,one_down_right,widespread,certainty,,,,,,,,,0,151,151,123,1918.2277,1918.427369,z,1,0.6043112,1918.2277,None,0,0,1,0,0,0.548249,polygon,1916.194422,None,1919.882893,None,1923.310022,None,TRUE,3.452529,3.4538361,0.459259259,-0.203703704,1,0,0,3.452529,one_down_right,26,1,2022_Jan_04_1113,untitled_1,2020.2.6,60.00340819
כחול,red,z,0,Image_certainty//image64_alemnt10.jpg,10.jpg,one_up_left,three_middle_right,widespread,certainty,,,,,,,,,0,152,152,64,1925.959972,1926.159765,z,1,0.5308988,1925.959972,None,0,0,1,0,0,0.6645383,polygon,1923.809993,None,1927.542273,1936.528567,1936.541656,None,,,,,,,,,,,26,1,2022_Jan_04_1113,untitled_1,2020.2.6,60.00340819
אדום,red,z,1,Image_certainty//image192_alemnt11.jpg,11.jpg,one_up_left,one_down_right,widespread,certainty,,,,,,,,,0,153,153,192,1938.941739,1939.141778,z,1,0.4770225,1938.941739,None,0,0,1,0,0,0.4138147,polygon,1937.041831,None,1940.469468,None,1947.023567,None,FALSE,,6.5866523,,,,,,,,26,1,2022_Jan_04_1113,untitled_1,2020.2.6,60.00340819
ירוק,green,x,1,Image_certainty//image112_alemnt3.jpg,3.jpg,one_down_left,two_up_right,infrequent,certainty,,,,,,,,,0,154,154,112,1949.340885,1949.539918,x,1,0.7069362,1949.340885,None,0,0,1,0,0,0.3321891,polygon,1947.523679,None,1951.101514,None,1953.856112,None,TRUE,2.7866132,2.7867833,0.581481481,0.197222222,1,0,0,2.7866132,two_up_right,26,1,2022_Jan_04_1113,untitled_1,2020.2.6,60.00340819
ירוק,green,x,1,Image_certainty//image109_alemnt5.jpg,5.jpg,one_down_left,two_middle_right,infrequent,certainty,,,,,,,,,0,155,155,109,1956.189414,1956.389109,x,1,0.7664165,1956.189414,None,0,0,1,0,0,0.34794,polygon,1954.356018,None,1957.993715,1966.99139,1967.004279,None,,,,,,,,,,,26,1,2022_Jan_04_1113,untitled_1,2020.2.6,60.00340819
אדום,red,z,1,Image_certainty//image159_alemnt13.jpg,13.jpg,one_middle_left,two_middle_right,widespread,certainty,,,,,,,,,0,156,156,159,1969.754475,1969.954042,z,1,0.6457894,1969.754475,None,0,0,1,0,0,0.7657825,polygon,1967.504224,None,1971.449864,1980.439632,1980.452709,None,,,,,,,,,,,26,1,2022_Jan_04_1113,untitled_1,2020.2.6,60.00340819
כחול,green,x,0,Image_certainty//image59_alemnt14.jpg,14.jpg,two_down_left,one_down_right,widespread,certainty,,,,,,,,,0,157,157,59,1983.302625,1983.502291,x,1,0.7279846,1983.302625,None,0.001851852,0.00462963,1,0,0,0.8649426,polygon,1980.952654,None,1985.085211,None,1991.601195,None,FALSE,6.5522509,6.5532663,0.575,-0.032407407,1,0,0,6.5522509,two_middle_right,26,1,2022_Jan_04_1113,untitled_1,2020.2.6,60.00340819
ירוק,blue,c,0,Image_certainty//image3_alemnt4.jpg,4.jpg,one_middle_left,one_up_right,infrequent,certainty,,,,,,,,,0,158,158,3,1993.96784,1994.167485,c,1,0.9382081,1993.96784,None,0,0,1,0,0,0.3814764,polygon,1992.101209,None,1995.962428,None,2001.86655,None,FALSE,5.9364224,5.937752,0.471296296,-0.211111111,1,0,0,5.9364224,one_down_right,26,1,2022_Jan_04_1113,untitled_1,2020.2.6,60.00340819
כחול,red,z,0,Image_certainty//image46_alemnt8.jpg,8.jpg,two_middle_left,two_up_right,widespread,certainty,,,,,,,,,0,159,159,46,2004.183185,2004.382846,z,1,0.7328632,2004.183185,None,0,0,1,0,0,0.3312911,polygon,2002.366479,None,2005.961808,None,2011.815207,None,TRUE,5.8855647,5.8857588,0.630555556,0.237037037,1,0,0,5.8855647,two_up_right,26,1,2022_Jan_04_1113,untitled_1,2020.2.6,60.00340819
כחול,red,z,0,Image_certainty//image28_alemnt10.jpg,10.jpg,one_down_left,two_down_right,widespread,certainty,,,,,,,,,0,160,160,28,2014.165229,2014.364857,z,1,0.5514024,2014.165229,None,0,0,1,0,0,0.3647793,polygon,2012.315225,None,2015.786734,None,2017.997859,None,TRUE,2.2530283,2.2544139,0.70462963,-0.232407407,1,0,0,2.2530283,two_down_right,26,1,2022_Jan_04_1113,untitled_1,2020.2.6,60.00340819
ירוק,green,x,1,Image_certainty//image199_alemnt9.jpg,9.jpg,one_up_left,one_down_right,widespread,certainty,,,,,,,,,0,161,161,199,2020.364429,2020.564186,x,1,0.6402592,2020.364429,None,0,0,1,0,0,0.3818998,polygon,2018.49771,None,2022.052997,None,2025.396801,None,TRUE,3.3684607,3.3697527,0.427777778,-0.186111111,1,0,0,3.3684607,one_down_right,26,1,2022_Jan_04_1113,untitled_1,2020.2.6,60.00340819
כחול,red,z,0,Image_certainty//image10_alemnt6.jpg,6.jpg,two_middle_left,three_middle_right,infrequent,certainty,,,,,,,,,0,162,162,10,2027.930065,2028.129767,z,1,0.4664625,2027.930065,None,0,0,1,0,0,0.5481202,polygon,2025.89684,None,2029.440431,None,2035.712148,None,FALSE,6.3025504,6.3028741,0.367592593,0.186111111,1,0,0,6.3025504,one_up_right,26,1,2022_Jan_04_1113,untitled_1,2020.2.6,60.00340819
כחול,red,z,0,Image_certainty//image16_alemnt4.jpg,4.jpg,one_middle_left,two_up_right,infrequent,certainty,,,,,,,,,0,163,163,16,2038.045454,2038.245137,z,1,0.6967421,2038.045454,None,0,0,1,0,0,0.3484331,polygon,2036.2121,None,2039.791022,2048.780664,2048.793873,None,,,,,,,,,,,26,1,2022_Jan_04_1113,untitled_1,2020.2.6,60.00340819
אדום,green,x,0,Image_certainty//image18_alemnt4.jpg,4.jpg,three_middle_left,one_down_right,infrequent,certainty,,,,,,,,,0,164,164,18,2051.127139,2051.326772,x,1,0.7604846,2051.127139,None,0,0,1,0,0,0.3481596,polygon,2049.293808,None,2052.93835,2061.912345,2061.942051,None,,,,,,,,,,,26,1,2022_Jan_04_1113,untitled_1,2020.2.6,60.00340819
ירוק,red,z,0,Image_certainty//image26_alemnt11.jpg,11.jpg,one_middle_left,two_down_right,widespread,certainty,,,,,,,,,0,165,165,26,2064.375372,2064.575064,z,1,0.7030945,2064.375372,None,0,0,1,0,0,0.4481669,polygon,2062.442015,None,2066.13956,None,2071.924094,None,TRUE,5.8195524,5.8209901,0.724074074,-0.236111111,1,0,0,5.8195524,two_down_right,26,1,2022_Jan_04_1113,untitled_1,2020.2.6,60.00340819
כחול,red,z,0,Image_certainty//image82_alemnt14.jpg,14.jpg,three_middle_left,two_down_right,widespread,certainty,,,,,,,,,0,166,166,82,2074.307412,2074.507068,z,1,0.542698,2074.307412,None,0,0,1,0,0,0.3981607,polygon,2072.423992,None,2075.900226,None,2081.372856,None,FALSE,5.5032227,5.5035776,0.412962963,0.161111111,1,0,0,5.5032227,one_up_right,26,1,2022_Jan_04_1113,untitled_1,2020.2.6,60.00340819
אדום,red,z,1,Image_certainty//image168_alemnt10.jpg,10.jpg,two_middle_left,two_down_right,widespread,certainty,,,,,,,,,0,167,167,168,2083.806068,2084.005901,z,1,0.5120772,2083.806068,None,0,0,1,0,0,0.447868,polygon,2081.872883,None,2085.368716,None,2089.588519,None,TRUE,4.2541048,4.2555135,0.715740741,-0.215740741,1,0,0,4.2541048,two_down_right,26,1,2022_Jan_04_1113,untitled_1,2020.2.6,60.00340819
כחול,blue,c,1,Image_certainty//image167_alemnt8.jpg,8.jpg,two_down_left,one_middle_right,widespread,certainty,,,,,,,,,0,168,168,167,2091.921804,2092.121528,c,1,0.7425479,2091.921804,None,0,0,1,0,0,0.3484391,polygon,2090.08847,None,2093.717554,None,2098.020725,None,TRUE,4.336574,4.3374523,0.396296296,-0.024074074,1,0,0,4.336574,one_middle_right,26,1,2022_Jan_04_1113,untitled_1,2020.2.6,60.00340819
כחול,blue,c,1,Image_certainty//image101_alemnt6.jpg,6.jpg,one_down_left,two_middle_right,infrequent,certainty,,,,,,,,,0,169,169,101,2100.387183,2100.587025,c,1,0.8499163,2100.387183,None,0,0,1,0,0,0.3665445,polygon,2098.5207,None,2102.31689,None,2106.369956,None,TRUE,4.1219757,4.1230526,0.564814815,-0.040740741,1,0,0,4.1219757,two_middle_right,26,1,2022_Jan_04_1113,untitled_1,2020.2.6,60.00340819
כחול,blue,c,1,Image_certainty//image113_alemnt2.jpg,2.jpg,one_up_left,two_up_right,infrequent,certainty,,,,,,,,,0,170,170,113,2110.836716,2111.03643,c,1,0.6615495,2110.836716,None,-0.001851852,0.005555556,1,0,0,2.4679395,polygon,2106.870311,None,2112.581545,None,2116.735199,None,TRUE,4.2181512,4.2183796,0.585185185,0.224074074,1,0,0,4.2181512,two_up_right,26,1,2022_Jan_04_1113,untitled_1,2020.2.6,60.00340819
כחול,blue,c,1,Image_certainty//image155_alemnt11.jpg,11.jpg,one_up_left,two_middle_right,widespread,certainty,,,,,,,,,0,171,171,155,2119.235616,2119.435432,c,1,0.7742874,2119.235616,None,0,0,1,0,0,0.5008826,polygon,2117.235411,None,2121.089696,None,2126.806481,None,TRUE,5.7739752,5.7764136,0.57962963,-0.058333333,1,0,0,5.7739752,two_middle_right,26,1,2022_Jan_04_1113,untitled_1,2020.2.6,60.00340819
אדום,blue,c,0,Image_certainty//image13_alemnt2.jpg,2.jpg,two_up_left,one_down_right,infrequent,certainty,,,,,,,,,0,172,172,13,2129.201039,2129.400764,c,1,0.5177941,2129.201039,None,0,0,1,0,0,0.3807802,polygon,2127.317737,None,2130.808484,None,2133.937659,None,TRUE,3.1882862,3.192071,0.459259259,-0.238888889,1,0,0,3.1882862,one_down_right,26,1,2022_Jan_04_1113,untitled_1,2020.2.6,60.00340819
אדום,green,x,0,Image_certainty//image96_alemnt14.jpg,14.jpg,one_up_left,two_down_right,widespread,certainty,,,,,,,,,0,173,173,96,2136.333387,2136.533198,x,1,0.7462519,2136.333387,None,0,0,1,0,0,0.3817504,polygon,2134.450107,None,2138.152649,None,2142.602695,None,TRUE,4.5031026,4.5074763,0.682407407,-0.241666667,1,0,0,4.5031026,two_down_right,26,1,2022_Jan_04_1113,untitled_1,2020.2.6,60.00340819
ירוק,green,x,1,Image_certainty//image163_alemnt12.jpg,12.jpg,two_middle_left,three_middle_right,widespread,certainty,,,,,,,,,0,174,174,163,2145.11562,2145.315387,x,1,1.1130395,2145.11562,None,0,0,1,0,0,0.5014706,polygon,2143.115646,None,2147.304642,None,2150.265502,None,TRUE,3.019727,3.0223529,0.774074074,0.056481481,1,0,0,3.019727,three_middle_right,26,1,2022_Jan_04_1113,untitled_1,2020.2.6,60.00340819
אדום,green,x,0,Image_certainty//image84_alemnt12.jpg,12.jpg,one_up_left,one_up_right,widespread,certainty,,,,,,,,,0,175,175,84,2152.747887,2152.947378,x,1,0.7150048,2152.747887,None,0,0,1,0,0,0.480686,polygon,2150.764569,None,2154.528076,None,2155.932292,None,TRUE,1.4587492,1.4597286,0.308333333,0.188888889,1,0,0,1.4587492,one_up_right,26,1,2022_Jan_04_1113,untitled_1,2020.2.6,60.00340819
ירוק,green,x,1,Image_certainty//image172_alemnt8.jpg,8.jpg,two_middle_left,two_down_right,widespread,certainty,,,,,,,,,0,176,176,172,2158.397209,2158.597075,x,1,0.6026822,2158.397209,None,0,0,1,0,0,0.4476307,polygon,2156.447275,None,2160.0785,None,2163.912372,None,TRUE,3.8864565,3.8882034,0.696296296,-0.234259259,1,0,0,3.8864565,two_down_right,26,1,2022_Jan_04_1113,untitled_1,2020.2.6,60.00340819
ירוק,blue,c,0,Image_certainty//image39_alemnt12.jpg,12.jpg,one_middle_left,one_middle_right,widespread,certainty,,,,,,,,,0,177,177,39,2166.24619,2166.445546,c,1,0.7558963,2166.24619,None,0,0,1,0,0,0.3306809,polygon,2164.412914,None,2168.082685,2177.081065,2177.094199,None,,,,,,,,,,,26,1,2022_Jan_04_1113,untitled_1,2020.2.6,60.00340819
כחול,blue,c,1,Image_certainty//image137_alemnt8.jpg,8.jpg,one_up_left,two_middle_right,widespread,certainty,,,,,,,,,0,178,178,137,2179.57782,2179.777555,c,1,0.6664341,2179.57782,None,0,0,1,0,0,0.4794764,polygon,2177.594471,None,2181.343779,None,2186.959213,None,TRUE,5.6883145,5.6894508,0.57037037,-0.056481481,1,0,0,5.6883145,two_middle_right,26,1,2022_Jan_04_1113,untitled_1,2020.2.6,60.00340819
כחול,blue,c,1,Image_certainty//image179_alemnt12.jpg,12.jpg,two_middle_left,one_down_right,widespread,certainty,,,,,,,,,0,179,179,179,2189.359649,2189.55974,c,1,0.6224959,2189.359649,None,0,0,1,0,0,0.3974054,polygon,2187.459938,None,2191.066799,None,2193.442187,None,TRUE,,2.44053,,,,,,,,26,1,2022_Jan_04_1113,untitled_1,2020.2.6,60.00340819
כחול,blue,c,1,Image_certainty//image158_alemnt11.jpg,11.jpg,one_up_left,two_down_right,widespread,certainty,,,,,,,,,0,180,180,158,2195.792229,2195.99181,c,1,0.6267279,2195.792229,None,0,0,1,0,0,0.3482166,polygon,2193.942398,None,2197.504672,None,2200.792295,None,TRUE,3.3532491,3.3568226,0.683333333,-0.137037037,1,0,0,2.6570872,two_down_right,26,1,2022_Jan_04_1113,untitled_1,2020.2.6,60.00340819
ירוק,green,x,1,Image_certainty//image187_alemnt10.jpg,10.jpg,two_up_left,three_middle_right,widespread,certainty,,,,,,,,,0,181,181,187,2203.191418,2203.39118,x,1,0.7979549,2203.191418,None,0,0,1,0,0,0.4016309,polygon,2201.291442,None,2205.069518,None,2213.472621,None,TRUE,8.4704047,8.4716669,0.697222222,0.058333333,1,0,0,8.4704047,three_middle_right,26,1,2022_Jan_04_1113,untitled_1,2020.2.6,60.00340819
כחול,green,x,0,Image_certainty//image35_alemnt8.jpg,8.jpg,two_down_left,one_up_right,widespread,certainty,,,,,,,,,0,182,182,35,2215.889793,2216.089506,x,1,0.7415732,2215.889793,None,0,0,1,0,0,0.4293603,polygon,2213.973099,None,2217.710882,None,2222.621345,None,TRUE,4.96854,4.9689256,0.363888889,0.178703704,1,0,0,4.96854,one_up_right,26,1,2022_Jan_04_1113,untitled_1,2020.2.6,60.00340819
אדום,blue,c,0,Image_certainty//image19_alemnt4.jpg,4.jpg,one_middle_left,two_middle_right,infrequent,certainty,,,,,,,,,0,183,183,19,2225.4383,2225.638212,None,0,,2225.4383,None,0,0,1,0,0,0.8157096,polygon,2223.122025,None,2227.694385,None,2233.340338,None,TRUE,5.7039542,5.7069082,0.568518519,0,1,0,0,5.7039542,two_middle_right,26,1,2022_Jan_04_1113,untitled_1,2020.2.6,60.00340819
כחול,red,z,0,Image_certainty//image52_alemnt13.jpg,13.jpg,one_middle_left,two_middle_right,widespread,certainty,,,,,,,,,0,184,184,52,2235.78716,2235.986889,z,1,1.0516422,2235.78716,None,0,0,1,0,0,0.4339479,polygon,2233.853818,None,2237.936167,None,2241.173475,None,TRUE,3.3060414,3.3088155,0.562962963,-0.055555556,1,0,0,3.3060414,two_middle_right,26,1,2022_Jan_04_1113,untitled_1,2020.2.6,60.00340819
ירוק,blue,c,0,Image_certainty//image45_alemnt9.jpg,9.jpg,one_down_left,three_middle_right,widespread,certainty,,,,,,,,,0,185,185,45,2243.535888,2243.735982,c,1,1.07691,2243.535888,None,0,0,1,0,0,0.3476757,polygon,2241.686205,None,2245.705084,None,2250.311433,None,TRUE,4.6748633,4.6795485,0.72962963,0.035185185,1,0,0,4.6748633,three_middle_right,26,1,2022_Jan_04_1113,untitled_1,2020.2.6,60.00340819
כחול,blue,c,1,Image_certainty//image128_alemnt13.jpg,13.jpg,two_up_left,three_middle_right,widespread,certainty,,,,,,,,,0,186,186,128,2252.68496,2252.884825,c,1,0.663482,2252.68496,None,0,0,1,0,0,0.3646275,polygon,2250.81835,None,2254.445553,None,2256.434526,None,TRUE,,2.0741766,,,,,,,,26,1,2022_Jan_04_1113,untitled_1,2020.2.6,60.00340819
כחול,blue,c,1,Image_certainty//image152_alemnt14.jpg,14.jpg,one_middle_left,one_middle_right,widespread,certainty,,,,,,,,,0,187,187,152,2258.800785,2259.000461,c,1,0.4341701,2258.800785,None,0,0,1,0,0,0.3691828,polygon,2256.934201,None,2260.301066,None,2265.499113,None,TRUE,,5.2555823,,,,,,,,26,1,2022_Jan_04_1113,untitled_1,2020.2.6,60.00340819
כחול,red,z,0,Image_certainty//image76_alemnt14.jpg,14.jpg,three_middle_left,two_middle_right,widespread,certainty,,,,,,,,,0,188,188,76,2267.949679,2268.149396,z,1,0.5808511,2267.949679,None,0,0,1,0,0,0.44707,polygon,2265.999724,None,2269.606162,None,2274.782503,None,TRUE,5.2358865,5.2381534,0.569444444,-0.05462963,1,0,0,5.2358865,two_middle_right,26,1,2022_Jan_04_1113,untitled_1,2020.2.6,60.00340819
אדום,green,x,0,Image_certainty//image0_alemnt7.jpg,7.jpg,one_down_left,two_up_right,infrequent,certainty,,,,,,,,,0,189,189,0,2277.298146,2277.498222,x,1,0.8502861,2277.298146,None,0,0,1,0,0,0.5137524,polygon,2275.281861,None,2279.225153,None,2287.079826,None,TRUE,7.9188143,7.9192959,0.606481481,0.189814815,1,0,0,7.9188143,two_up_right,26,1,2022_Jan_04_1113,untitled_1,2020.2.6,60.00340819
אדום,red,z,1,Image_certainty//image129_alemnt8.jpg,8.jpg,one_middle_left,three_middle_right,widespread,certainty,,,,,,,,,0,190,190,129,2289.563477,2289.763334,z,1,0.5690829,2289.563477,None,0,0,1,0,0,0.4808726,polygon,2287.580247,None,2291.213925,None,2297.345153,None,TRUE,6.1848571,6.1860814,0.732407407,0.091666667,1,0,0,6.1848571,three_middle_right,26,1,2022_Jan_04_1113,untitled_1,2020.2.6,60.00340819
אדום,red,z,1,Image_certainty//image135_alemnt12.jpg,12.jpg,two_middle_left,one_middle_right,widespread,certainty,,,,,,,,,0,191,191,135,2299.812222,2300.011965,z,1,0.6250389,2299.812222,None,0,0,1,0,0,0.4635949,polygon,2297.845479,None,2301.497474,None,2304.386348,None,TRUE,2.9259958,2.9292561,0.394444444,-0.017592593,1,0,0,2.9259958,one_middle_right,26,1,2022_Jan_04_1113,untitled_1,2020.2.6,60.00340819
כחול,blue,c,1,Image_certainty//image197_alemnt11.jpg,11.jpg,two_down_left,two_middle_right,widespread,certainty,,,,,,,,,0,192,192,197,2307.444392,2307.644329,None,0,,2307.444392,None,0,0,1,0,0,1.0475111,polygon,2304.894674,None,2309.693804,None,2318.659163,None,,,,,,,,,,,26,1,2022_Jan_04_1113,untitled_1,2020.2.6,60.00340819
כחול,blue,c,1,Image_certainty//image161_alemnt12.jpg,12.jpg,one_down_left,two_middle_right,widespread,certainty,,,,,,,,,0,193,193,161,2321.24275,2321.442567,c,1,0.7807875,2321.24275,None,-0.005555556,-0.001851852,1,0,0,0.5829924,polygon,2319.159352,None,2323.090838,None,2332.042009,None,TRUE,9.0029998,9.0054355,0.561111111,-0.07962963,1,0,0,9.0029998,two_middle_right,26,1,2022_Jan_04_1113,untitled_1,2020.2.6,60.00340819
ירוק,blue,c,0,Image_certainty//image99_alemnt10.jpg,10.jpg,three_middle_left,one_middle_right,widespread,certainty,,,,,,,,,0,194,194,99,2334.524061,2334.724047,c,1,0.7770087,2334.524061,None,0,0,1,0,0,0.4810611,polygon,2332.540721,None,2336.382359,2345.375304,2345.388722,None,,,,,,,,,,,26,1,2022_Jan_04_1113,untitled_1,2020.2.6,60.00340819
כחול,green,x,0,Image_certainty//image41_alemnt12.jpg,12.jpg,two_up_left,one_up_right,widespread,certainty,,,,,,,,,0,195,195,41,2347.905963,2348.105696,x,1,0.7678865,2347.905963,None,0,0,1,0,0,0.5136407,polygon,2345.889285,None,2349.752177,None,2351.571296,None,TRUE,,1.8707512,,,,,,,,26,1,2022_Jan_04_1113,untitled_1,2020.2.6,60.00340819
אדום,red,z,1,Image_certainty//image108_alemnt2.jpg,2.jpg,one_down_left,one_up_right,infrequent,certainty,,,,,,,,,0,196,196,108,2354.188247,2354.388278,None,0,,2354.188247,None,0,0,1,0,0,0.6183804,polygon,2352.071857,None,2356.441439,None,2359.656135,None,TRUE,3.2720934,3.2730739,0.366666667,0.162037037,1,0,0,3.2720934,one_up_right,26,1,2022_Jan_04_1113,untitled_1,2020.2.6,60.00340819
כחול,blue,c,1,Image_certainty//image104_alemnt3.jpg,3.jpg,three_middle_left,two_down_right,infrequent,certainty,,,,,,,,,0,197,197,104,2362.770688,2362.970526,None,0,,2362.770688,None,0,0,1,0,0,1.0970659,polygon,2360.170844,None,2365.036382,None,2373.985349,None,,,,,,,,,,,26,1,2022_Jan_04_1113,untitled_1,2020.2.6,60.00340819
כחול,red,z,0,Image_certainty//image88_alemnt10.jpg,10.jpg,two_middle_left,two_up_right,widespread,certainty,,,,,,,,,0,198,198,88,2376.518817,2376.718654,z,1,0.765003,2376.518817,None,0,0.001851852,1,0,0,0.5319948,polygon,2374.485627,None,2378.339777,2387.337214,2387.350191,None,,,,,,,,,,,26,1,2022_Jan_04_1113,untitled_1,2020.2.6,60.00340819
אדום,green,x,0,Image_certainty//image60_alemnt13.jpg,13.jpg,one_middle_left,two_up_right,widespread,certainty,,,,,,,,,0,199,199,60,2389.867215,2390.066977,None,0,,2389.867215,None,0,0,1,0,0,0.5281996,polygon,2387.850531,None,2392.124317,None,2401.098331,None,,,,,,,,,,,26,1,2022_Jan_04_1113,untitled_1,2020.2.6,60.00340819
