﻿word,letterColor,corrAns,congruent,imageTrain,true_shaps,corrAnsLeft,corrAnsRight,common,experiment,stroop_loop.thisRepN,stroop_loop.thisTrialN,stroop_loop.thisN,stroop_loop.thisIndex,trail_certaninty.thisRepN,trail_certaninty.thisTrialN,trail_certaninty.thisN,trail_certaninty.thisIndex,test_certaincy.thisRepN,test_certaincy.thisTrialN,test_certaincy.thisN,test_certaincy.thisIndex,stroop_text.started,stroop_text.stopped,stroop_anser.keys,stroop_anser.corr,stroop_anser.rt,stroop_anser.started,stroop_anser.stopped,test_fixability_certity.x,test_fixability_certity.y,test_fixability_certity.leftButton,test_fixability_certity.midButton,test_fixability_certity.rightButton,test_fixability_certity.time,test_fixability_certity.clicked_name,test_fixability_certity.started,test_fixability_certity.stopped,test_certainty_anser_currect,finalClickTime,test_certainty_anser_time,test_certainty_mouse.x,test_certainty_mouse.y,test_certainty_mouse.leftButton,test_certainty_mouse.midButton,test_certainty_mouse.rightButton,test_certainty_mouse.time,test_certainty_mouse.clicked_name,test_certainty_mouse.started,test_certainty_mouse.stopped,text_5.started,text_5.stopped,participant,session,date,expName,psychopyVersion,frameRate
ירוק,blue,c,0,,,,,,,0,0,0,3,,,,,,,,,20.6398865,20.8398476,z,0,1.0995326,20.6398865,None,,,,,,,,,,,,,,,,,,,,,,,,27,1,2022_Jan_04_1205,untitled_1,2020.2.6,60.01842566
אדום,green,x,0,,,,,,,0,1,1,1,,,,,,,,,26.2891151,26.4889853,c,0,0.9822084,26.2891151,None,,,,,,,,,,,,,,,,,,,,,,,,27,1,2022_Jan_04_1205,untitled_1,2020.2.6,60.01842566
כחול,red,z,0,,,,,,,0,2,2,5,,,,,,,,,31.8547423,32.0549408,z,1,1.0709577,31.8547423,None,,,,,,,,,,,,,,,,,,,,,,,,27,1,2022_Jan_04_1205,untitled_1,2020.2.6,60.01842566
כחול,blue,c,1,,,,,,,0,3,3,4,,,,,,,,,37.4878615,37.6874036,c,1,0.9367244,37.4878615,None,,,,,,,,,,,,,,,,,,,,,,,,27,1,2022_Jan_04_1205,untitled_1,2020.2.6,60.01842566
ירוק,green,x,1,,,,,,,0,4,4,2,,,,,,,,,43.0037181,43.2035733,x,1,0.8775422,43.0037181,None,,,,,,,,,,,,,,,,,,,,,,,,27,1,2022_Jan_04_1205,untitled_1,2020.2.6,60.01842566
אדום,red,z,1,,,,,,,0,5,5,0,,,,,,,,,48.4529902,48.6522484,z,1,0.6988706,48.4529902,None,,,,,,,,,,,,,,,,,,,,,,,,27,1,2022_Jan_04_1205,untitled_1,2020.2.6,60.01842566
כחול,blue,c,1,,,,,,,1,0,6,4,,,,,,,,,53.7024059,53.9019376,c,1,1.0224779,53.7024059,None,,,,,,,,,,,,,,,,,,,,,,,,27,1,2022_Jan_04_1205,untitled_1,2020.2.6,60.01842566
ירוק,green,x,1,,,,,,,1,1,7,2,,,,,,,,,59.3014937,59.5014151,x,1,0.6484786,59.3014937,None,,,,,,,,,,,,,,,,,,,,,,,,27,1,2022_Jan_04_1205,untitled_1,2020.2.6,60.01842566
אדום,red,z,1,,,,,,,1,2,8,0,,,,,,,,,64.5005673,64.700738,z,1,0.6804064,64.5005673,None,,,,,,,,,,,,,,,,,,,,,,,,27,1,2022_Jan_04_1205,untitled_1,2020.2.6,60.01842566
כחול,red,z,0,,,,,,,1,3,9,5,,,,,,,,,69.7333529,69.9333774,z,1,0.7677307,69.7333529,None,,,,,,,,,,,,,,,,,,,,,,,,27,1,2022_Jan_04_1205,untitled_1,2020.2.6,60.01842566
אדום,green,x,0,,,,,,,1,4,10,1,,,,,,,,,75.0496225,75.2488333,x,1,0.6840131,75.0496225,None,,,,,,,,,,,,,,,,,,,,,,,,27,1,2022_Jan_04_1205,untitled_1,2020.2.6,60.01842566
ירוק,blue,c,0,,,,,,,1,5,11,3,,,,,,,,,80.2989084,80.4986418,c,1,0.6466316,80.2989084,None,,,,,,,,,,,,,,,,,,,,,,,,27,1,2022_Jan_04_1205,untitled_1,2020.2.6,60.01842566
כחול,blue,c,1,,,,,,,2,0,12,4,,,,,,,,,85.514794,85.7145812,c,1,0.6678057,85.514794,None,,,,,,,,,,,,,,,,,,,,,,,,27,1,2022_Jan_04_1205,untitled_1,2020.2.6,60.01842566
כחול,red,z,0,,,,,,,2,1,13,5,,,,,,,,,90.7475763,90.9466435,x,0,0.8052328,90.7475763,None,,,,,,,,,,,,,,,,,,,,,,,,27,1,2022_Jan_04_1205,untitled_1,2020.2.6,60.01842566
אדום,red,z,1,,,,,,,2,2,14,0,,,,,,,,,96.1297986,96.3295699,z,1,0.6204041,96.1297986,None,,,,,,,,,,,1.752974229,,,,,,,,,,,,,27,1,2022_Jan_04_1205,untitled_1,2020.2.6,60.01842566
אדום,green,x,0,,,,,,,2,3,15,1,,,,,,,,,101.3127974,101.5125519,x,1,0.7575452,101.3127974,None,,,,,,,,,,,4.075999372,,,,,,,,,,,,,27,1,2022_Jan_04_1205,untitled_1,2020.2.6,60.01842566
ירוק,blue,c,0,,,,,,,2,4,16,3,,,,,,,,,106.645423,106.8445208,c,1,0.7484893,106.645423,None,,,,,,,,,,,,,,,,,,,,,,,,27,1,2022_Jan_04_1205,untitled_1,2020.2.6,60.01842566
ירוק,green,x,1,,,,,,,2,5,17,2,,,,,,,,,111.9614151,112.1611545,x,1,0.8532373,111.9614151,None,,,,,,,,,,,,,,,,,,,,,,,,27,1,2022_Jan_04_1205,untitled_1,2020.2.6,60.01842566
ירוק,blue,c,0,train_Image_certainty//image9_alemnt9.jpg,9.jpg,two_up_left,one_middle_right,widespread,train_certainty,,,,,0,0,0,8,,,,,135.1081348,135.3081938,None,0,,135.1081348,None,0,0,1,0,0,1.8227451,polygon,131.7814736,None,TRUE,6.3431787,6.3446557,0.387037037,0.000925926,1,0,0,6.3431787,one_middle_right,138.4295618,None,146.6732568,None,27,1,2022_Jan_04_1205,untitled_1,2020.2.6,60.01842566
אדום,red,z,1,train_Image_certainty//image12_alemnt12.jpg,12.jpg,one_down_left,one_up_right,widespread,train_certainty,,,,,0,1,1,11,,,,,149.6399305,149.8396519,None,0,,149.6399305,None,0,0,1,0,0,0.963951,polygon,147.1731365,None,TRUE,7.0915043,7.0918541,0.361111111,0.182407407,1,0,0,7.0915043,one_up_right,152.8854375,None,161.9545933,None,27,1,2022_Jan_04_1205,untitled_1,2020.2.6,60.01842566
אדום,red,z,1,train_Image_certainty//image15_alemnt1.jpg,1.jpg,one_up_left,one_middle_right,infrequent,train_certainty,,,,,0,2,2,14,,,,,164.9542566,165.1543456,x,0,1.0118381,164.9542566,None,0,0,1,0,0,0.9983317,polygon,162.4547037,None,,,,,,,,,,,168.0890818,177.0732515,179.1025716,None,27,1,2022_Jan_04_1205,untitled_1,2020.2.6,60.01842566
ירוק,green,x,1,train_Image_certainty//image10_alemnt10.jpg,10.jpg,two_up_left,three_middle_right,widespread,train_certainty,,,,,0,3,3,9,,,,,181.9524055,182.1521059,z,0,0.6782144,181.9524055,None,0,0,1,0,0,0.8477182,polygon,179.6022618,None,TRUE,6.1560059,6.1571918,0.743518519,0.106481481,1,0,0,6.1560059,three_middle_right,184.752466,None,192.8673363,None,27,1,2022_Jan_04_1205,untitled_1,2020.2.6,60.01842566
ירוק,red,z,0,train_Image_certainty//image2_alemnt2.jpg,2.jpg,two_down_left,three_middle_right,widespread,train_certainty,,,,,0,4,4,1,,,,,196.1666387,196.3663218,z,1,0.7402392,196.1666387,None,0,0,1,0,0,1.3002207,polygon,193.3672447,None,TRUE,4.1536221,4.1562783,0.737037037,0.037037037,1,0,0,4.1536221,three_middle_right,199.0137103,None,205.1322947,None,27,1,2022_Jan_04_1205,untitled_1,2020.2.6,60.01842566
ירוק,red,z,0,train_Image_certainty//image8_alemnt8.jpg,8.jpg,two_down_left,two_middle_right,widespread,train_certainty,,,,,0,5,5,7,,,,,208.7321047,208.9319793,x,0,0.9155715,208.7321047,None,0,0,1,0,0,1.5983946,polygon,205.6318114,None,TRUE,8.3891361,8.3932668,0.614814815,-0.040740741,1,0,0,8.3891361,two_middle_right,211.7645102,None,222.1301973,None,27,1,2022_Jan_04_1205,untitled_1,2020.2.6,60.01842566
אדום,blue,c,0,train_Image_certainty//image7_alemnt7.jpg,7.jpg,one_middle_left,one_up_right,widespread,train_certainty,,,,,0,6,6,6,,,,,226.3132277,226.5124759,c,1,0.8431803,226.3132277,None,0,0,1,0,0,2.1803765,polygon,222.6302595,None,TRUE,2.3854968,2.3861371,0.352777778,0.182407407,1,0,0,2.3854968,one_up_right,229.2766448,None,233.6285906,None,27,1,2022_Jan_04_1205,untitled_1,2020.2.6,60.01842566
ירוק,green,x,1,train_Image_certainty//image13_alemnt13.jpg,13.jpg,two_up_left,one_up_right,widespread,train_certainty,,,,,0,7,7,12,,,,,236.111835,236.3116837,z,0,0.8838442,236.111835,None,0,0,1,0,0,0.4806942,polygon,234.1286207,None,TRUE,7.0198563,7.0206388,0.346296296,0.22037037,1,0,0,7.0198563,one_up_right,239.0763063,None,248.0591966,None,27,1,2022_Jan_04_1205,untitled_1,2020.2.6,60.01842566
כחול,red,z,0,train_Image_certainty//image4_alemnt4.jpg,4.jpg,two_middle_left,two_up_right,widespread,train_certainty,,,,,0,8,8,3,,,,,250.6099749,250.8098124,c,0,0.9500762,250.6099749,None,0,0,1,0,0,0.5680827,polygon,248.5592108,None,,,,,,,,,,,253.6184356,262.6112962,264.6411061,None,27,1,2022_Jan_04_1205,untitled_1,2020.2.6,60.01842566
אדום,blue,c,0,train_Image_certainty//image1_alemnt1.jpg,1.jpg,two_middle_left,one_down_right,widespread,train_certainty,,,,,0,9,9,0,,,,,267.4577722,267.6576232,c,1,0.7861887,267.4577722,None,0,0,1,0,0,0.8125929,polygon,265.1412436,None,TRUE,3.2371192,3.2406325,0.423148148,-0.22962963,1,0,0,3.2371192,one_down_right,270.3782274,None,275.5731135,None,27,1,2022_Jan_04_1205,untitled_1,2020.2.6,60.01842566
כחול,blue,c,1,train_Image_certainty//image14_alemnt14.jpg,14.jpg,three_middle_left,one_middle_right,widespread,train_certainty,,,,,0,10,10,13,,,,,278.0731316,278.2730735,c,1,0.6488418,278.0731316,None,0,0,1,0,0,0.4969804,polygon,276.0731819,None,TRUE,2.4217692,2.4228166,0.37962963,0.000925926,1,0,0,2.4217692,one_middle_right,280.8407683,None,285.2219294,None,27,1,2022_Jan_04_1205,untitled_1,2020.2.6,60.01842566
אדום,green,x,0,train_Image_certainty//image6_alemnt6.jpg,6.jpg,one_middle_left,two_up_right,widespread,train_certainty,,,,,0,11,11,5,,,,,287.6549101,287.8549807,x,1,0.7105711,287.6549101,None,0,0,1,0,0,0.4452923,polygon,285.7219161,None,TRUE,3.0225917,3.0234465,0.589814815,0.228703704,1,0,0,3.0225917,two_up_right,290.4712625,None,295.4706338,None,27,1,2022_Jan_04_1205,untitled_1,2020.2.6,60.01842566
כחול,blue,c,1,train_Image_certainty//image11_alemnt11.jpg,11.jpg,two_down_left,one_down_right,widespread,train_certainty,,,,,0,12,12,10,,,,,298.1035502,298.3034754,c,1,0.8008991,298.1035502,None,0,0,1,0,0,0.6319125,polygon,295.970424,None,TRUE,,3.6372666,,,,,,,,301.0045381,None,306.6022268,None,27,1,2022_Jan_04_1205,untitled_1,2020.2.6,60.01842566
כחול,green,x,0,train_Image_certainty//image5_alemnt5.jpg,5.jpg,one_middle_left,three_middle_right,widespread,train_certainty,,,,,0,13,13,4,,,,,309.1190689,309.3188969,x,1,0.9593139,309.1190689,None,0,0,1,0,0,0.5149303,polygon,307.1023611,None,TRUE,2.90206,2.9032441,0.721296296,0.050925926,1,0,0,2.90206,three_middle_right,312.2036931,None,317.067781,None,27,1,2022_Jan_04_1205,untitled_1,2020.2.6,60.01842566
ירוק,blue,c,0,train_Image_certainty//image3_alemnt3.jpg,3.jpg,two_down_left,three_middle_right,widespread,train_certainty,,,,,0,14,14,2,,,,,319.5176566,319.7174488,c,1,0.7131466,319.5176566,None,0,0,1,0,0,0.4499916,polygon,317.5669637,None,TRUE,4.4906666,4.4919221,0.769444444,0.073148148,1,0,0,4.4906666,three_middle_right,322.3362752,None,328.7827141,None,27,1,2022_Jan_04_1205,untitled_1,2020.2.6,60.01842566
ירוק,red,z,0,Image_certainty//image74_alemnt8.jpg,8.jpg,two_up_left,three_middle_right,widespread,certainty,,,,,,,,,0,0,0,74,343.864547,344.0642279,z,1,0.960894,343.864547,None,0,0,1,0,0,1.4067233,polygon,340.9511279,None,,,,,,,,,,,345.8987978,354.883437,354.8956814,None,27,1,2022_Jan_04_1205,untitled_1,2020.2.6,60.01842566
אדום,red,z,1,Image_certainty//image132_alemnt9.jpg,9.jpg,one_down_left,two_down_right,widespread,certainty,,,,,,,,,0,1,1,132,358.4792865,358.6790611,z,1,0.8294887,358.4792865,None,-0.006481481,0.001851852,1,0,0,1.579765,polygon,355.3958704,None,,,,,,,,,,,360.3771939,369.3647663,369.3771202,None,27,1,2022_Jan_04_1205,untitled_1,2020.2.6,60.01842566
ירוק,blue,c,0,Image_certainty//image3_alemnt4.jpg,4.jpg,one_middle_left,one_up_right,infrequent,certainty,,,,,,,,,0,2,2,3,372.7107863,372.91039,c,1,0.9549195,372.7107863,None,-0.003703704,-0.000925926,1,0,0,1.3307095,polygon,369.8775197,None,TRUE,4.6265784,4.6278096,0.410185185,0.172222222,1,0,0,4.6265784,one_up_right,374.7295375,None,379.3186824,None,27,1,2022_Jan_04_1205,untitled_1,2020.2.6,60.01842566
כחול,blue,c,1,Image_certainty//image122_alemnt14.jpg,14.jpg,one_down_left,two_up_right,widespread,certainty,,,,,,,,,0,3,3,122,382.4594869,382.6592745,c,1,0.6278039,382.4594869,None,0.000925926,0.014814815,1,0,0,1.1310847,polygon,379.8259022,None,TRUE,5.2387942,5.2395311,0.586111111,0.169444444,1,0,0,5.2387942,two_up_right,384.1637609,None,389.342297,None,27,1,2022_Jan_04_1205,untitled_1,2020.2.6,60.01842566
ירוק,green,x,1,Image_certainty//image130_alemnt11.jpg,11.jpg,three_middle_left,two_down_right,widespread,certainty,,,,,,,,,0,4,4,130,392.6746083,392.8745611,x,1,0.6387984,392.6746083,None,-0.003703704,0,1,0,0,1.3302089,polygon,389.8412644,None,TRUE,,3.6894241,,,,,,,,394.3777476,None,398.0230328,None,27,1,2022_Jan_04_1205,untitled_1,2020.2.6,60.01842566
ירוק,blue,c,0,Image_certainty//image27_alemnt8.jpg,8.jpg,three_middle_left,two_middle_right,widespread,certainty,,,,,,,,,0,5,5,27,401.5570178,401.756772,c,1,0.787409,401.5570178,None,-0.001851852,0.003703704,1,0,0,1.5312897,polygon,398.5238505,None,TRUE,3.4374074,3.4384885,0.575,-0.093518519,1,0,0,3.4374074,two_middle_right,403.4276203,None,406.8054086,None,27,1,2022_Jan_04_1205,untitled_1,2020.2.6,60.01842566
כחול,blue,c,1,Image_certainty//image113_alemnt2.jpg,2.jpg,one_up_left,two_up_right,infrequent,certainty,,,,,,,,,0,6,6,113,411.5220646,411.7222101,c,1,0.8930647,411.5220646,None,0.006481481,0.011111111,1,0,0,1.6161318,polygon,407.3059729,None,TRUE,2.3191591,2.319524,0.606481481,0.169444444,1,0,0,2.3191591,two_up_right,413.4827055,None,415.7543244,None,27,1,2022_Jan_04_1205,untitled_1,2020.2.6,60.01842566
כחול,green,x,0,Image_certainty//image71_alemnt12.jpg,12.jpg,three_middle_left,two_down_right,widespread,certainty,,,,,,,,,0,7,7,71,419.3047521,419.5044768,x,1,0.9230462,419.3047521,None,-0.006481481,0.000925926,1,0,0,1.5475076,polygon,416.2544949,None,TRUE,6.954619,6.9564176,0.715740741,-0.201851852,1,0,0,6.954619,two_down_right,421.2926194,None,428.2032958,None,27,1,2022_Jan_04_1205,untitled_1,2020.2.6,60.01842566
אדום,red,z,1,Image_certainty//image150_alemnt13.jpg,13.jpg,one_down_left,two_down_right,widespread,certainty,,,,,,,,,0,8,8,150,431.7864004,431.9861798,z,1,0.9974709,431.7864004,None,-0.000925926,0.003703704,1,0,0,1.5809923,polygon,428.7028987,None,TRUE,3.7542881,3.7581909,0.712962963,-0.237962963,1,0,0,3.7542881,two_down_right,433.8520423,None,437.5550997,None,27,1,2022_Jan_04_1205,untitled_1,2020.2.6,60.01842566
אדום,green,x,0,Image_certainty//image78_alemnt10.jpg,10.jpg,one_middle_left,two_up_right,widespread,certainty,,,,,,,,,0,9,9,78,440.2685136,440.4683604,x,1,0.8547646,440.2685136,None,0,0,1,0,0,0.6995224,polygon,438.0686191,None,TRUE,5.3858181,5.3861523,0.608333333,0.215740741,1,0,0,5.3858181,two_up_right,442.2063827,None,447.5339574,None,27,1,2022_Jan_04_1205,untitled_1,2020.2.6,60.01842566
כחול,red,z,0,Image_certainty//image10_alemnt6.jpg,6.jpg,two_middle_left,three_middle_right,infrequent,certainty,,,,,,,,,0,10,10,10,450.1673554,450.3671421,None,0,,450.1673554,None,0,0.000925926,1,0,0,0.6297918,polygon,448.0338693,None,,,,,,,,,,,452.4182456,None,461.381978,None,27,1,2022_Jan_04_1205,untitled_1,2020.2.6,60.01842566
ירוק,green,x,1,Image_certainty//image127_alemnt14.jpg,14.jpg,one_up_left,two_middle_right,widespread,certainty,,,,,,,,,0,11,11,127,464.8487175,465.04854,x,1,0.7511081,464.8487175,None,0.00462963,0.000925926,1,0,0,1.4662039,polygon,461.8820541,None,TRUE,3.6713379,3.6747307,0.561111111,-0.083333333,1,0,0,3.6713379,two_middle_right,466.6459082,None,470.2839412,None,27,1,2022_Jan_04_1205,untitled_1,2020.2.6,60.01842566
אדום,red,z,1,Image_certainty//image177_alemnt11.jpg,11.jpg,two_down_left,three_middle_right,widespread,certainty,,,,,,,,,0,12,12,177,473.231062,473.4307803,z,1,1.0220743,473.231062,None,0,0,1,0,0,0.9308793,polygon,470.7976918,None,TRUE,6.9728438,6.9757915,0.725,0.049074074,1,0,0,6.9728438,three_middle_right,475.3369416,None,482.2514708,None,27,1,2022_Jan_04_1205,untitled_1,2020.2.6,60.01842566
כחול,green,x,0,Image_certainty//image65_alemnt9.jpg,9.jpg,two_middle_left,two_up_right,widespread,certainty,,,,,,,,,0,13,13,65,485.5627081,485.7625104,x,1,0.6533325,485.5627081,None,0,0,1,0,0,1.3114089,polygon,482.7627978,None,TRUE,3.8706576,3.8709101,0.59537037,0.249074074,1,0,0,3.8706576,two_up_right,487.3086379,None,491.1111011,None,27,1,2022_Jan_04_1205,untitled_1,2020.2.6,60.01842566
ירוק,blue,c,0,Image_certainty//image21_alemnt14.jpg,14.jpg,one_down_left,one_middle_right,widespread,certainty,,,,,,,,,0,14,14,21,494.0115774,494.2113621,c,1,1.0859691,494.0115774,None,0,0,1,0,0,0.8991605,polygon,491.6111655,None,TRUE,3.9854129,3.9865991,0.416666667,0.025925926,1,0,0,3.9854129,one_middle_right,496.1788703,None,500.1097896,None,27,1,2022_Jan_04_1205,untitled_1,2020.2.6,60.01842566
ירוק,green,x,1,Image_certainty//image190_alemnt12.jpg,12.jpg,one_down_left,one_middle_right,widespread,certainty,,,,,,,,,0,15,15,190,502.8938076,503.0935881,x,1,0.6642112,502.8938076,None,0,0,1,0,0,0.7832141,polygon,500.6104711,None,TRUE,1.7899753,1.7933753,0.393518519,-0.00462963,1,0,0,1.7899753,one_middle_right,504.6174122,None,506.3662007,None,27,1,2022_Jan_04_1205,untitled_1,2020.2.6,60.01842566
ירוק,red,z,0,Image_certainty//image92_alemnt10.jpg,10.jpg,one_down_left,two_middle_right,widespread,certainty,,,,,,,,,0,16,16,92,509.1929598,509.3927461,z,1,0.9453258,509.1929598,None,0,0,1,0,0,0.814345,polygon,506.8761434,None,TRUE,2.3032104,2.3056398,0.517592593,-0.056481481,1,0,0,2.3032104,two_middle_right,511.1878031,None,513.4595561,None,27,1,2022_Jan_04_1205,untitled_1,2020.2.6,60.01842566
אדום,blue,c,0,Image_certainty//image79_alemnt13.jpg,13.jpg,one_down_left,one_up_right,widespread,certainty,,,,,,,,,0,17,17,79,515.9754702,516.1752223,c,1,0.8159166,515.9754702,None,0,0,1,0,0,0.5138139,polygon,513.9586348,None,TRUE,3.505229,3.5064166,0.375925926,0.17962963,1,0,0,3.505229,one_up_right,517.8544031,None,521.3118608,None,27,1,2022_Jan_04_1205,untitled_1,2020.2.6,60.01842566
ירוק,blue,c,0,Image_certainty//image33_alemnt13.jpg,13.jpg,three_middle_left,two_middle_right,widespread,certainty,,,,,,,,,0,18,18,33,523.8244002,524.0241029,c,1,0.8248591,523.8244002,None,0,0,1,0,0,0.4975644,polygon,521.8243725,None,TRUE,7.6867734,7.6893479,0.602777778,-0.05462963,1,0,0,7.6867734,two_middle_right,525.7232021,None,533.3566716,None,27,1,2022_Jan_04_1205,untitled_1,2020.2.6,60.01842566
ירוק,green,x,1,Image_certainty//image142_alemnt14.jpg,14.jpg,three_middle_left,two_down_right,widespread,certainty,,,,,,,,,0,19,19,142,536.0561978,536.2558652,x,1,0.7926491,536.0561978,None,0,0,1,0,0,0.6979711,polygon,533.8560918,None,TRUE,5.7058023,5.7126636,0.726851852,-0.203703704,1,0,0,5.7058023,two_down_right,537.9094565,None,543.5819327,None,27,1,2022_Jan_04_1205,untitled_1,2020.2.6,60.01842566
אדום,red,z,1,Image_certainty//image138_alemnt9.jpg,9.jpg,one_down_left,two_down_right,widespread,certainty,,,,,,,,,0,20,20,138,546.0880907,546.2879306,None,0,,546.0880907,None,0,0,1,0,0,0.4971679,polygon,544.0881632,None,TRUE,4.6730659,4.6745987,0.703703704,-0.178703704,1,0,0,4.6730659,two_down_right,548.3248169,None,552.9549463,None,27,1,2022_Jan_04_1205,untitled_1,2020.2.6,60.01842566
ירוק,green,x,1,Image_certainty//image145_alemnt12.jpg,12.jpg,two_down_left,two_down_right,widespread,certainty,,,,,,,,,0,21,21,145,555.5035666,555.7030965,x,1,0.6468349,555.5035666,None,0,0,1,0,0,0.5455181,polygon,553.469896,None,TRUE,,3.773725,,,,,,,,557.2246731,None,560.9361541,None,27,1,2022_Jan_04_1205,untitled_1,2020.2.6,60.01842566
אדום,red,z,1,Image_certainty//image126_alemnt9.jpg,9.jpg,two_down_left,one_middle_right,widespread,certainty,,,,,,,,,0,22,22,126,563.8523201,564.0523015,c,0,0.9819882,563.8523201,None,0,0,1,0,0,0.9128767,polygon,561.4354249,None,TRUE,2.0059382,2.0085691,0.389814815,-0.012962963,1,0,0,2.0059382,one_middle_right,565.8997111,None,567.855588,None,27,1,2022_Jan_04_1205,untitled_1,2020.2.6,60.01842566
כחול,green,x,0,Image_certainty//image95_alemnt9.jpg,9.jpg,two_up_left,two_down_right,widespread,certainty,,,,,,,,,0,23,23,95,570.401513,570.6008693,x,1,0.9118938,570.401513,None,0,0,1,0,0,0.5315382,polygon,568.368317,None,TRUE,3.8411286,3.8456511,0.757407407,-0.219444444,1,0,0,3.8411286,two_down_right,572.3762025,None,576.1754587,None,27,1,2022_Jan_04_1205,untitled_1,2020.2.6,60.01842566
אדום,blue,c,0,Image_certainty//image19_alemnt4.jpg,4.jpg,one_middle_left,two_middle_right,infrequent,certainty,,,,,,,,,0,24,24,19,578.8673215,579.066899,c,1,0.9033616,578.8673215,None,0,0,1,0,0,0.6804247,polygon,576.6839033,None,TRUE,5.8847105,5.8856576,0.540740741,-0.046296296,1,0,0,5.8847105,two_middle_right,580.8556964,None,586.6817463,None,27,1,2022_Jan_04_1205,untitled_1,2020.2.6,60.01842566
ירוק,green,x,1,Image_certainty//image112_alemnt3.jpg,3.jpg,one_down_left,two_up_right,infrequent,certainty,,,,,,,,,0,25,25,112,589.3821479,589.5817466,x,1,0.6652343,589.3821479,None,0,0,1,0,0,0.6977235,polygon,587.1824756,None,,,,,,,,,,,591.102035,600.0843847,600.0970146,None,27,1,2022_Jan_04_1205,untitled_1,2020.2.6,60.01842566
אדום,red,z,1,Image_certainty//image120_alemnt12.jpg,12.jpg,two_up_left,two_up_right,widespread,certainty,,,,,,,,,0,26,26,120,602.8141495,603.0139662,z,1,0.9080794,602.8141495,None,0,0,1,0,0,0.7290119,polygon,600.5974433,None,TRUE,3.4208375,3.4213295,0.587962963,0.164814815,1,0,0,3.4208375,two_up_right,604.7812228,None,608.1624662,None,27,1,2022_Jan_04_1205,untitled_1,2020.2.6,60.01842566
אדום,red,z,1,Image_certainty//image174_alemnt10.jpg,10.jpg,one_down_left,three_middle_right,widespread,certainty,,,,,,,,,0,27,27,174,610.629685,610.8294798,z,1,0.6865071,610.629685,None,0,0,1,0,0,0.4664044,polygon,608.6627437,None,TRUE,3.1208943,3.1239947,0.650925926,0.059259259,1,0,0,3.1208943,three_middle_right,612.3945553,None,615.4644273,None,27,1,2022_Jan_04_1205,untitled_1,2020.2.6,60.01842566
ירוק,green,x,1,Image_certainty//image139_alemnt10.jpg,10.jpg,two_up_left,one_middle_right,widespread,certainty,,,,,,,,,0,28,28,139,618.3121094,618.5112539,x,1,0.6767888,618.3121094,None,0,0,1,0,0,0.8474854,polygon,615.9787697,None,TRUE,1.6228452,1.6252217,0.382407407,0.012962963,1,0,0,1.6228452,one_middle_right,620.048046,None,621.6322558,None,27,1,2022_Jan_04_1205,untitled_1,2020.2.6,60.01842566
כחול,red,z,0,Image_certainty//image40_alemnt14.jpg,14.jpg,one_up_left,one_middle_right,widespread,certainty,,,,,,,,,0,29,29,40,624.2779921,624.4776766,z,1,0.7145114,624.2779921,None,0,0,1,0,0,0.6317664,polygon,622.144632,None,TRUE,7.3890801,7.3914728,0.431481481,-0.014814815,1,0,0,7.3890801,one_middle_right,626.0627576,None,633.3974582,None,27,1,2022_Jan_04_1205,untitled_1,2020.2.6,60.01842566
כחול,blue,c,1,Image_certainty//image101_alemnt6.jpg,6.jpg,one_down_left,two_middle_right,infrequent,certainty,,,,,,,,,0,30,30,101,635.9598411,636.159345,c,1,0.8225948,635.9598411,None,0,0,1,0,0,0.5474716,polygon,633.909757,None,TRUE,3.4057728,3.4086577,0.624074074,-0.068518519,1,0,0,3.4057728,two_middle_right,637.8592484,None,641.2125813,None,27,1,2022_Jan_04_1205,untitled_1,2020.2.6,60.01842566
כחול,blue,c,1,Image_certainty//image173_alemnt12.jpg,12.jpg,two_up_left,three_middle_right,widespread,certainty,,,,,,,,,0,31,31,173,644.208722,644.4085643,c,1,0.6154025,644.208722,None,0,0,1,0,0,0.9809692,polygon,641.725426,None,TRUE,2.5401286,2.5412554,0.764814815,0.04537037,1,0,0,2.5401286,three_middle_right,645.8884022,None,648.3761775,None,27,1,2022_Jan_04_1205,untitled_1,2020.2.6,60.01842566
אדום,red,z,1,Image_certainty//image195_alemnt10.jpg,10.jpg,one_down_left,two_middle_right,widespread,certainty,,,,,,,,,0,32,32,195,650.9078859,651.1075141,x,0,1.0471993,650.9078859,None,0,0,1,0,0,0.5166077,polygon,648.8911531,None,TRUE,6.9399126,6.9410104,0.592592593,-0.064814815,1,0,0,6.9399126,two_middle_right,653.0169339,None,659.9094481,None,27,1,2022_Jan_04_1205,untitled_1,2020.2.6,60.01842566
ירוק,green,x,1,Image_certainty//image106_alemnt5.jpg,5.jpg,one_down_left,three_middle_right,infrequent,certainty,,,,,,,,,0,33,33,106,662.4563505,662.6560727,x,1,0.8960276,662.4563505,None,0,0,1,0,0,0.5455947,polygon,660.4229365,None,TRUE,2.955377,2.9567002,0.723148148,0.072222222,1,0,0,2.955377,three_middle_right,664.4150243,None,667.3219632,None,27,1,2022_Jan_04_1205,untitled_1,2020.2.6,60.01842566
כחול,green,x,0,Image_certainty//image5_alemnt2.jpg,2.jpg,two_down_left,two_down_right,infrequent,certainty,,,,,,,,,0,34,34,5,669.8384147,670.0384663,x,1,0.9343968,669.8384147,None,0,0,1,0,0,0.5168016,polygon,667.821965,None,TRUE,5.1198531,5.1234863,0.743518519,-0.208333333,1,0,0,5.1198531,two_down_right,671.8494181,None,676.9232079,None,27,1,2022_Jan_04_1205,untitled_1,2020.2.6,60.01842566
כחול,blue,c,1,Image_certainty//image146_alemnt12.jpg,12.jpg,one_up_left,two_middle_right,widespread,certainty,,,,,,,,,0,35,35,146,679.5540974,679.7538193,c,1,1.0479246,679.5540974,None,0,0,1,0,0,0.6162434,polygon,677.4373055,None,TRUE,3.4024981,3.403859,0.522222222,-0.087962963,1,0,0,3.4024981,two_middle_right,681.6708628,None,685.0189544,None,27,1,2022_Jan_04_1205,untitled_1,2020.2.6,60.01842566
ירוק,red,z,0,Image_certainty//image80_alemnt9.jpg,9.jpg,one_middle_left,one_middle_right,widespread,certainty,,,,,,,,,0,36,36,80,687.5193764,687.71951,None,0,,687.5193764,None,0,0,1,0,0,0.4993802,polygon,685.5193334,None,TRUE,2.4530584,2.4548143,0.367592593,-0.033333333,1,0,0,2.4530584,one_middle_right,689.7766296,None,692.1682241,None,27,1,2022_Jan_04_1205,untitled_1,2020.2.6,60.01842566
ירוק,green,x,1,Image_certainty//image187_alemnt10.jpg,10.jpg,two_up_left,three_middle_right,widespread,certainty,,,,,,,,,0,37,37,187,694.7021383,694.901926,x,1,0.6721702,694.7021383,None,0,0,1,0,0,0.5310016,polygon,692.6687714,None,TRUE,3.4732342,3.474415,0.731481481,-0.001851852,1,0,0,3.4732342,three_middle_right,696.4419389,None,699.8688307,None,27,1,2022_Jan_04_1205,untitled_1,2020.2.6,60.01842566
ירוק,blue,c,0,Image_certainty//image75_alemnt11.jpg,11.jpg,two_up_left,one_middle_right,widespread,certainty,,,,,,,,,0,38,38,75,702.3011843,702.5009385,c,1,0.6837461,702.3011843,None,0,0,1,0,0,0.4143282,polygon,700.3843407,None,,,,,,,,,,,704.0415303,713.0362409,713.0492776,None,27,1,2022_Jan_04_1205,untitled_1,2020.2.6,60.01842566
כחול,red,z,0,Image_certainty//image76_alemnt14.jpg,14.jpg,three_middle_left,two_middle_right,widespread,certainty,,,,,,,,,0,39,39,76,716.566001,716.7657351,z,1,0.9217404,716.566001,None,0.00462963,0.009259259,1,0,0,1.514033,polygon,713.5491422,None,TRUE,2.4413678,2.4440079,0.552777778,-0.064814815,1,0,0,2.4413678,two_middle_right,718.5661839,None,720.9523172,None,27,1,2022_Jan_04_1205,untitled_1,2020.2.6,60.01842566
אדום,red,z,1,Image_certainty//image156_alemnt11.jpg,11.jpg,two_down_left,one_down_right,widespread,certainty,,,,,,,,,0,40,40,156,723.4484036,723.6480706,z,1,1.0035213,723.4484036,None,0,0,1,0,0,0.4808659,polygon,721.4647202,None,TRUE,4.3905055,4.3921068,0.444444444,-0.183333333,1,0,0,4.3905055,one_down_right,725.5320032,None,729.8671793,None,27,1,2022_Jan_04_1205,untitled_1,2020.2.6,60.01842566
כחול,blue,c,1,Image_certainty//image158_alemnt11.jpg,11.jpg,one_up_left,two_down_right,widespread,certainty,,,,,,,,,0,41,41,158,732.2638981,732.4636415,c,1,0.7809357,732.2638981,None,0,0,1,0,0,0.3973674,polygon,730.3804866,None,TRUE,4.0376368,4.0419243,0.744444444,-0.199074074,1,0,0,4.0376368,two_down_right,734.1160643,None,738.1005625,None,27,1,2022_Jan_04_1205,untitled_1,2020.2.6,60.01842566
כחול,green,x,0,Image_certainty//image59_alemnt14.jpg,14.jpg,two_down_left,one_down_right,widespread,certainty,,,,,,,,,0,42,42,59,740.7620099,740.9625246,x,1,0.8159203,740.7620099,None,0,0,1,0,0,0.6474627,polygon,738.6124162,None,TRUE,2.8896016,2.8939395,0.438888889,-0.239814815,1,0,0,2.8896016,one_down_right,742.63242,None,745.4846654,None,27,1,2022_Jan_04_1205,untitled_1,2020.2.6,60.01842566
ירוק,blue,c,0,Image_certainty//image39_alemnt12.jpg,12.jpg,one_middle_left,one_middle_right,widespread,certainty,,,,,,,,,0,43,43,39,748.0115858,748.2116136,c,1,0.832029,748.0115858,None,0,0,1,0,0,0.5142028,polygon,745.9951091,None,TRUE,1.6890336,1.6928335,0.394444444,-0.006481481,1,0,0,1.6890336,one_middle_right,749.9104462,None,751.5506764,None,27,1,2022_Jan_04_1205,untitled_1,2020.2.6,60.01842566
כחול,green,x,0,Image_certainty//image17_alemnt5.jpg,5.jpg,two_up_left,two_down_right,infrequent,certainty,,,,,,,,,0,44,44,17,753.9441308,754.1441355,x,1,0.6426344,753.9441308,None,0,0,1,0,0,0.3845597,polygon,752.0610443,None,TRUE,6.2548788,6.25977,0.708333333,-0.199074074,1,0,0,6.2548788,two_down_right,755.6539425,None,761.8645426,None,27,1,2022_Jan_04_1205,untitled_1,2020.2.6,60.01842566
כחול,green,x,0,Image_certainty//image23_alemnt9.jpg,9.jpg,one_up_left,two_up_right,widespread,certainty,,,,,,,,,0,45,45,23,764.3094668,764.5094907,x,1,0.825613,764.3094668,None,0,0,1,0,0,0.4455591,polygon,762.3763425,None,,,,,,,,,,,766.2098227,775.194224,775.2072634,None,27,1,2022_Jan_04_1205,untitled_1,2020.2.6,60.01842566
ירוק,blue,c,0,Image_certainty//image15_alemnt3.jpg,3.jpg,three_middle_left,two_down_right,infrequent,certainty,,,,,,,,,0,46,46,15,779.1244616,779.3241885,c,1,0.735336,779.1244616,None,-0.002777778,-0.002777778,1,0,0,1.914049,polygon,775.7077806,None,TRUE,2.6372007,2.6401665,0.712037037,-0.212962963,1,0,0,2.6372007,two_down_right,780.93963,None,783.5242726,None,27,1,2022_Jan_04_1205,untitled_1,2020.2.6,60.01842566
אדום,green,x,0,Image_certainty//image36_alemnt10.jpg,10.jpg,three_middle_left,three_middle_right,widespread,certainty,,,,,,,,,0,47,47,36,785.9067356,786.1060029,x,1,0.8058422,785.9067356,None,0,0,1,0,0,0.3836515,polygon,784.0235467,None,TRUE,2.6882467,2.6895298,0.74537037,0.033333333,1,0,0,2.6882467,three_middle_right,787.7878994,None,790.4221447,None,27,1,2022_Jan_04_1205,untitled_1,2020.2.6,60.01842566
ירוק,green,x,1,Image_certainty//image109_alemnt5.jpg,5.jpg,one_down_left,two_middle_right,infrequent,certainty,,,,,,,,,0,48,48,109,792.9393912,793.1390426,x,1,0.6647644,792.9393912,None,0,0,1,0,0,0.5146061,polygon,790.9226205,None,TRUE,8.3058594,8.3085525,0.556481481,-0.036111111,1,0,0,8.3058594,two_middle_right,794.672985,None,802.9254753,None,27,1,2022_Jan_04_1205,untitled_1,2020.2.6,60.01842566
כחול,green,x,0,Image_certainty//image11_alemnt7.jpg,7.jpg,two_middle_left,one_middle_right,infrequent,certainty,,,,,,,,,0,49,49,11,805.4544151,805.6541347,x,1,0.7188704,805.4544151,None,0,0,1,0,0,0.5137424,polygon,803.4376585,None,TRUE,1.8546565,1.8570428,0.397222222,0.021296296,1,0,0,1.8546565,one_middle_right,807.2512382,None,809.057028,None,27,1,2022_Jan_04_1205,untitled_1,2020.2.6,60.01842566
כחול,blue,c,1,Image_certainty//image161_alemnt12.jpg,12.jpg,one_down_left,two_middle_right,widespread,certainty,,,,,,,,,0,50,50,161,811.4868822,811.6865509,c,1,0.6812259,811.4868822,None,0,0,1,0,0,0.4128208,polygon,809.5702129,None,TRUE,4.5554676,4.5586366,0.52962963,-0.062962963,1,0,0,4.5554676,two_middle_right,813.2240669,None,817.7398048,None,27,1,2022_Jan_04_1205,untitled_1,2020.2.6,60.01842566
ירוק,green,x,1,Image_certainty//image151_alemnt13.jpg,13.jpg,two_middle_left,one_down_right,widespread,certainty,,,,,,,,,0,51,51,151,820.235794,820.4348185,x,1,0.8963522,820.235794,None,0,0,1,0,0,0.4810192,polygon,818.2524112,None,TRUE,,3.6084353,,,,,,,,822.1819205,None,825.7534074,None,27,1,2022_Jan_04_1205,untitled_1,2020.2.6,60.01842566
ירוק,green,x,1,Image_certainty//image169_alemnt11.jpg,11.jpg,one_middle_left,one_up_right,widespread,certainty,,,,,,,,,0,52,52,169,828.3179981,828.5178213,x,1,0.6321749,828.3179981,None,0,0,1,0,0,0.5478153,polygon,826.2680474,None,TRUE,8.8042006,8.8051323,0.400925926,0.182407407,1,0,0,8.8042006,one_up_right,830.0207068,None,838.7680651,None,27,1,2022_Jan_04_1205,untitled_1,2020.2.6,60.01842566
כחול,blue,c,1,Image_certainty//image140_alemnt11.jpg,11.jpg,one_up_left,two_up_right,widespread,certainty,,,,,,,,,0,53,53,140,841.3494273,841.5653338,c,1,0.7947536,841.3494273,None,0,0,1,0,0,0.5819352,polygon,839.2829942,None,TRUE,4.0714618,4.0721904,0.588888889,0.191666667,1,0,0,4.0714618,two_up_right,843.2212132,None,847.2329655,None,27,1,2022_Jan_04_1205,untitled_1,2020.2.6,60.01842566
כחול,red,z,0,Image_certainty//image46_alemnt8.jpg,8.jpg,two_middle_left,two_up_right,widespread,certainty,,,,,,,,,0,54,54,46,849.6982894,849.898376,z,1,0.7684798,849.6982894,None,0,0,1,0,0,0.4472402,polygon,847.7485727,None,TRUE,4.2877048,4.2879599,0.586111111,0.189814815,1,0,0,4.2877048,two_up_right,851.5515131,None,855.7799378,None,27,1,2022_Jan_04_1205,untitled_1,2020.2.6,60.01842566
ירוק,blue,c,0,Image_certainty//image45_alemnt9.jpg,9.jpg,one_down_left,three_middle_right,widespread,certainty,,,,,,,,,0,55,55,45,860.0636026,860.2636204,c,1,0.7908014,860.0636026,None,0,0,1,0,0,2.283658,polygon,856.2803966,None,TRUE,7.3026832,7.3048548,0.748148148,0.058333333,1,0,0,7.3026832,three_middle_right,861.9192598,None,869.1791825,None,27,1,2022_Jan_04_1205,untitled_1,2020.2.6,60.01842566
כחול,red,z,0,Image_certainty//image88_alemnt10.jpg,10.jpg,two_middle_left,two_up_right,widespread,certainty,,,,,,,,,0,56,56,88,871.695198,871.8955059,c,0,1.0204426,871.695198,None,0,0,1,0,0,0.514817,polygon,869.6790846,None,TRUE,2.8878098,2.8883465,0.594444444,0.24537037,1,0,0,2.8878098,two_up_right,873.8015365,None,876.6288657,None,27,1,2022_Jan_04_1205,untitled_1,2020.2.6,60.01842566
אדום,red,z,1,Image_certainty//image114_alemnt2.jpg,2.jpg,one_middle_left,one_middle_right,infrequent,certainty,,,,,,,,,0,57,57,114,878.9948498,879.1945025,c,0,0.9943513,878.9948498,None,0,0,1,0,0,0.3641338,polygon,877.1280673,None,TRUE,4.1567363,4.1599911,0.392592593,0.034259259,1,0,0,4.1567363,one_middle_right,881.0670132,None,885.1647697,None,27,1,2022_Jan_04_1205,untitled_1,2020.2.6,60.01842566
ירוק,green,x,1,Image_certainty//image100_alemnt4.jpg,4.jpg,two_down_left,one_middle_right,infrequent,certainty,,,,,,,,,0,58,58,100,888.0602909,888.2600302,x,1,0.856027,888.0602909,None,0,0,1,0,0,0.8809544,polygon,885.6769306,None,TRUE,1.6365478,1.638221,0.375925926,-0.017592593,1,0,0,1.6365478,one_middle_right,889.9841137,None,891.5757469,None,27,1,2022_Jan_04_1205,untitled_1,2020.2.6,60.01842566
כחול,red,z,0,Image_certainty//image64_alemnt10.jpg,10.jpg,one_up_left,three_middle_right,widespread,certainty,,,,,,,,,0,59,59,64,894.0757952,894.2759519,None,0,,894.0757952,None,0,0,1,0,0,0.4977397,polygon,892.0761293,None,TRUE,3.9707194,3.9745157,0.765740741,0.087037037,1,0,0,3.9707194,three_middle_right,896.3106869,None,900.24476,None,27,1,2022_Jan_04_1205,untitled_1,2020.2.6,60.01842566
ירוק,green,x,1,Image_certainty//image199_alemnt9.jpg,9.jpg,one_up_left,one_down_right,widespread,certainty,,,,,,,,,0,60,60,199,903.1416282,903.3414018,x,1,0.6339065,903.1416282,None,0,0,1,0,0,0.8820039,polygon,900.75833,None,TRUE,2.7552108,2.7566932,0.49537037,-0.196296296,1,0,0,2.7552108,one_down_right,904.8305015,None,907.5400003,None,27,1,2022_Jan_04_1205,untitled_1,2020.2.6,60.01842566
כחול,green,x,0,Image_certainty//image29_alemnt13.jpg,13.jpg,one_middle_left,one_up_right,widespread,certainty,,,,,,,,,0,61,61,29,910.1737246,910.3737649,None,0,,910.1737246,None,0,0,1,0,0,0.6298183,polygon,908.0407198,None,TRUE,4.8859457,4.8863109,0.376851852,0.203703704,1,0,0,4.8859457,one_up_right,912.4200995,None,917.255571,None,27,1,2022_Jan_04_1205,untitled_1,2020.2.6,60.01842566
אדום,green,x,0,Image_certainty//image6_alemnt7.jpg,7.jpg,three_middle_left,three_middle_right,infrequent,certainty,,,,,,,,,0,62,62,6,919.7558674,919.9558947,z,0,0.9808405,919.7558674,None,0,0,1,0,0,0.5119111,polygon,917.7559156,None,TRUE,3.4063334,3.4103008,0.7,0.05462963,1,0,0,3.4063334,three_middle_right,921.8072798,None,925.1618569,None,27,1,2022_Jan_04_1205,untitled_1,2020.2.6,60.01842566
ירוק,green,x,1,Image_certainty//image175_alemnt11.jpg,11.jpg,one_middle_left,two_down_right,widespread,certainty,,,,,,,,,0,63,63,175,927.6048888,927.8048717,x,1,0.8423624,927.6048888,None,0,0,1,0,0,0.430373,polygon,925.6717294,None,TRUE,5.0214312,5.0262309,0.683333333,-0.209259259,1,0,0,5.0214312,two_down_right,929.5276717,None,934.4930211,None,27,1,2022_Jan_04_1205,untitled_1,2020.2.6,60.01842566
אדום,green,x,0,Image_certainty//image66_alemnt11.jpg,11.jpg,one_up_left,two_up_right,widespread,certainty,,,,,,,,,0,64,64,66,937.070493,937.2699542,None,0,,937.070493,None,0,0,1,0,0,0.5647616,polygon,935.0037867,None,TRUE,2.1719789,2.1722439,0.531481481,0.177777778,1,0,0,2.1719789,two_up_right,939.3260318,None,941.4358449,None,27,1,2022_Jan_04_1205,untitled_1,2020.2.6,60.01842566
אדום,green,x,0,Image_certainty//image54_alemnt11.jpg,11.jpg,two_down_left,two_middle_right,widespread,certainty,,,,,,,,,0,65,65,54,944.0361254,944.2357436,z,0,0.7464139,944.0361254,None,0,0,1,0,0,0.5972865,polygon,941.9362907,None,TRUE,5.5279967,5.5307152,0.610185185,-0.049074074,1,0,0,5.5279967,two_middle_right,945.8410967,None,951.3276789,None,27,1,2022_Jan_04_1205,untitled_1,2020.2.6,60.01842566
ירוק,red,z,0,Image_certainty//image44_alemnt11.jpg,11.jpg,two_middle_left,one_up_right,widespread,certainty,,,,,,,,,0,66,66,44,954.0513608,954.2514219,x,0,0.8752355,954.0513608,None,0,0,1,0,0,0.7288367,polygon,951.8349746,None,TRUE,3.1686756,3.1690698,0.358333333,0.187962963,1,0,0,3.1686756,one_up_right,955.9940918,None,959.1167792,None,27,1,2022_Jan_04_1205,untitled_1,2020.2.6,60.01842566
ירוק,red,z,0,Image_certainty//image32_alemnt9.jpg,9.jpg,two_up_left,one_down_right,widespread,certainty,,,,,,,,,0,67,67,32,961.5507353,961.7504312,x,0,0.8474116,961.5507353,None,0,0,1,0,0,0.449019,polygon,959.6173061,None,TRUE,4.650933,4.652586,0.448148148,-0.177777778,1,0,0,4.650933,one_down_right,963.4630991,None,968.0655376,None,27,1,2022_Jan_04_1205,untitled_1,2020.2.6,60.01842566
כחול,red,z,0,Image_certainty//image70_alemnt14.jpg,14.jpg,two_down_left,one_middle_right,widespread,certainty,,,,,,,,,0,68,68,70,970.4491482,970.649328,c,0,0.900413,970.4491482,None,0,0,1,0,0,0.3813847,polygon,968.5661611,None,TRUE,1.6858199,1.6872078,0.402777778,-0.009259259,1,0,0,1.6858199,one_middle_right,972.4411734,None,974.0648398,None,27,1,2022_Jan_04_1205,untitled_1,2020.2.6,60.01842566
ירוק,red,z,0,Image_certainty//image56_alemnt11.jpg,11.jpg,three_middle_left,two_up_right,widespread,certainty,,,,,,,,,0,69,69,56,976.4820333,976.6816987,x,0,0.8096003,976.4820333,None,0,0,1,0,0,0.4151492,polygon,974.5650734,None,TRUE,3.702164,3.7024323,0.593518519,0.260185185,1,0,0,3.702164,two_up_right,978.369281,None,982.0137889,None,27,1,2022_Jan_04_1205,untitled_1,2020.2.6,60.01842566
כחול,blue,c,1,Image_certainty//image119_alemnt6.jpg,6.jpg,two_middle_left,one_down_right,infrequent,certainty,,,,,,,,,0,70,70,119,985.6475861,985.8473425,x,0,0.6645556,985.6475861,None,0.000925926,0.012037037,1,0,0,1.6345298,polygon,982.5140479,None,TRUE,3.8405103,3.8462253,0.478703704,-0.212037037,1,0,0,3.8405103,one_down_right,987.367434,None,991.1711374,None,27,1,2022_Jan_04_1205,untitled_1,2020.2.6,60.01842566
ירוק,green,x,1,Image_certainty//image118_alemnt6.jpg,6.jpg,one_up_left,one_up_right,infrequent,certainty,,,,,,,,,0,71,71,118,993.6965468,993.8962743,x,1,0.7103278,993.6965468,None,0,0,1,0,0,0.5150012,polygon,991.6797195,None,TRUE,2.8558394,2.8568712,0.37037037,0.197222222,1,0,0,2.8558394,one_up_right,995.4624431,None,998.2816684,None,27,1,2022_Jan_04_1205,untitled_1,2020.2.6,60.01842566
כחול,blue,c,1,Image_certainty//image128_alemnt13.jpg,13.jpg,two_up_left,three_middle_right,widespread,certainty,,,,,,,,,0,72,72,128,1000.728814,1000.92856,c,1,0.8316602,1000.728814,None,0,0,1,0,0,0.4319417,polygon,998.7955442,None,TRUE,3.6366411,3.6387623,0.741666667,0.039814815,1,0,0,3.6366411,three_middle_right,1002.621371,None,1006.211152,None,27,1,2022_Jan_04_1205,untitled_1,2020.2.6,60.01842566
כחול,blue,c,1,Image_certainty//image137_alemnt8.jpg,8.jpg,one_up_left,two_middle_right,widespread,certainty,,,,,,,,,0,73,73,137,1008.794224,1008.994316,c,1,0.7993712,1008.794224,None,0,0,1,0,0,0.5804875,polygon,1006.711178,None,TRUE,4.0079417,4.0090382,0.573148148,-0.041666667,1,0,0,4.0079417,two_middle_right,1010.639548,None,1014.612694,None,27,1,2022_Jan_04_1205,untitled_1,2020.2.6,60.01842566
כחול,blue,c,1,Image_certainty//image131_alemnt13.jpg,13.jpg,one_middle_left,one_middle_right,widespread,certainty,,,,,,,,,0,74,74,131,1017.143294,1017.342853,c,1,0.6893049,1017.143294,None,0,0,1,0,0,0.5156623,polygon,1015.126748,None,TRUE,1.6694837,1.6712372,0.349074074,0.006481481,1,0,0,1.6694837,one_middle_right,1018.910169,None,1020.525732,None,27,1,2022_Jan_04_1205,untitled_1,2020.2.6,60.01842566
ירוק,green,x,1,Image_certainty//image157_alemnt8.jpg,8.jpg,one_middle_left,three_middle_right,widespread,certainty,,,,,,,,,0,75,75,157,1022.942031,1023.142471,x,1,0.6561239,1022.942031,None,0,0,1,0,0,0.4145948,polygon,1021.025985,None,TRUE,4.4693453,4.47177,0.716666667,0.047222222,1,0,0,4.4693453,three_middle_right,1024.66191,None,1029.092078,None,27,1,2022_Jan_04_1205,untitled_1,2020.2.6,60.01842566
אדום,green,x,0,Image_certainty//image0_alemnt7.jpg,7.jpg,one_down_left,two_up_right,infrequent,certainty,,,,,,,,,0,76,76,0,1032.408085,1032.60756,None,0,,1032.408085,None,0,0,1,0,0,1.3138654,polygon,1029.59154,None,TRUE,4.2864963,4.287013,0.593518519,0.175925926,1,0,0,4.2864963,two_up_right,1034.659307,None,1038.889629,None,27,1,2022_Jan_04_1205,untitled_1,2020.2.6,60.01842566
כחול,red,z,0,Image_certainty//image16_alemnt4.jpg,4.jpg,one_middle_left,two_up_right,infrequent,certainty,,,,,,,,,0,77,77,16,1041.356924,1041.556673,c,0,0.8318447,1041.356924,None,0,0,1,0,0,0.4648103,polygon,1039.39029,None,TRUE,6.1545231,6.1549908,0.583333333,0.187037037,1,0,0,6.1545231,two_up_right,1043.242414,None,1049.356878,None,27,1,2022_Jan_04_1205,untitled_1,2020.2.6,60.01842566
כחול,blue,c,1,Image_certainty//image104_alemnt3.jpg,3.jpg,three_middle_left,two_down_right,infrequent,certainty,,,,,,,,,0,78,78,104,1051.839019,1052.03843,c,1,0.9238851,1051.839019,None,0,0,1,0,0,0.4639165,polygon,1049.872159,None,TRUE,3.9221949,3.9264757,0.747222222,-0.25,1,0,0,3.9221949,two_down_right,1053.824717,None,1057.709416,None,27,1,2022_Jan_04_1205,untitled_1,2020.2.6,60.01842566
אדום,red,z,1,Image_certainty//image102_alemnt1.jpg,1.jpg,three_middle_left,two_middle_right,infrequent,certainty,,,,,,,,,0,79,79,102,1060.204454,1060.404305,None,0,,1060.204454,None,0,0,1,0,0,0.4820588,polygon,1058.220636,None,TRUE,2.6730832,2.6756863,0.560185185,-0.062037037,1,0,0,2.6730832,two_middle_right,1062.458983,None,1065.074507,None,27,1,2022_Jan_04_1205,untitled_1,2020.2.6,60.01842566
אדום,red,z,1,Image_certainty//image123_alemnt13.jpg,13.jpg,one_up_left,one_down_right,widespread,certainty,,,,,,,,,0,80,80,123,1067.820196,1068.019931,z,1,0.9150326,1067.820196,None,0,0,1,0,0,0.7310999,polygon,1065.586761,None,TRUE,6.1684569,6.1711151,0.421296296,-0.189814815,1,0,0,6.1684569,one_down_right,1069.807156,None,1075.918131,None,27,1,2022_Jan_04_1205,untitled_1,2020.2.6,60.01842566
ירוק,green,x,1,Image_certainty//image166_alemnt14.jpg,14.jpg,two_middle_left,one_middle_right,widespread,certainty,,,,,,,,,0,81,81,166,1078.385363,1078.584832,x,1,0.748997,1078.385363,None,0,0,1,0,0,0.4642486,polygon,1076.418462,None,TRUE,1.6042769,1.6053433,0.378703704,0.007407407,1,0,0,1.6042769,one_middle_right,1080.187581,None,1081.750969,None,27,1,2022_Jan_04_1205,untitled_1,2020.2.6,60.01842566
אדום,blue,c,0,Image_certainty//image7_alemnt7.jpg,7.jpg,one_down_left,one_down_right,infrequent,certainty,,,,,,,,,0,82,82,7,1084.501047,1084.700934,z,0,0.8950056,1084.501047,None,0,0,1,0,0,0.7476702,polygon,1082.251281,None,TRUE,2.219634,2.222176,0.437037037,-0.233333333,1,0,0,2.219634,one_down_right,1086.452708,None,1088.633079,None,27,1,2022_Jan_04_1205,untitled_1,2020.2.6,60.01842566
ירוק,red,z,0,Image_certainty//image14_alemnt6.jpg,6.jpg,two_up_left,one_up_right,infrequent,certainty,,,,,,,,,0,83,83,14,1091.20026,1091.399661,x,0,0.9425162,1091.20026,None,0,0,1,0,0,0.5638263,polygon,1089.133765,None,TRUE,1.9922158,1.9932033,0.331481481,0.211111111,1,0,0,1.9922158,one_up_right,1093.208612,None,1095.154817,None,27,1,2022_Jan_04_1205,untitled_1,2020.2.6,60.01842566
ירוק,green,x,1,Image_certainty//image115_alemnt2.jpg,2.jpg,three_middle_left,one_down_right,infrequent,certainty,,,,,,,,,0,84,84,115,1097.682964,1097.882711,x,1,0.6770865,1097.682964,None,0,0,1,0,0,0.5143737,polygon,1095.666239,None,TRUE,4.3705995,4.3740502,0.455555556,-0.256481481,1,0,0,4.3705995,one_down_right,1099.408234,None,1103.751638,None,27,1,2022_Jan_04_1205,untitled_1,2020.2.6,60.01842566
כחול,red,z,0,Image_certainty//image94_alemnt9.jpg,9.jpg,three_middle_left,two_down_right,widespread,certainty,,,,,,,,,0,85,85,94,1106.164759,1106.364896,z,1,0.9828395,1106.164759,None,0,0,1,0,0,0.3976084,polygon,1104.265041,None,TRUE,3.1376684,3.1418009,0.689814815,-0.236111111,1,0,0,3.1376684,two_down_right,1108.213751,None,1111.301605,None,27,1,2022_Jan_04_1205,untitled_1,2020.2.6,60.01842566
אדום,blue,c,0,Image_certainty//image1_alemnt6.jpg,6.jpg,two_down_left,one_up_right,infrequent,certainty,,,,,,,,,0,86,86,1,1113.814141,1114.013938,z,0,1.0129465,1113.814141,None,0,0,1,0,0,0.4971917,polygon,1111.814185,None,TRUE,5.1542249,5.155129,0.380555556,0.223148148,1,0,0,5.1542249,one_up_right,1115.883476,None,1120.996325,None,27,1,2022_Jan_04_1205,untitled_1,2020.2.6,60.01842566
ירוק,blue,c,0,Image_certainty//image63_alemnt13.jpg,13.jpg,three_middle_left,one_down_right,widespread,certainty,,,,,,,,,0,87,87,63,1123.762788,1123.962616,None,0,,1123.762788,None,0,0,1,0,0,0.7651864,polygon,1121.495796,None,TRUE,2.7552126,2.7567421,0.439814815,-0.250925926,1,0,0,2.7552126,one_down_right,1126.013966,None,1128.711305,None,27,1,2022_Jan_04_1205,untitled_1,2020.2.6,60.01842566
אדום,red,z,1,Image_certainty//image147_alemnt9.jpg,9.jpg,three_middle_left,two_up_right,widespread,certainty,,,,,,,,,0,88,88,147,1131.195295,1131.394962,z,1,0.6503912,1131.195295,None,0,0,1,0,0,0.4817413,polygon,1129.211545,None,TRUE,3.9028265,3.9031893,0.584259259,0.185185185,1,0,0,3.9028265,two_up_right,1132.907414,None,1136.777131,None,27,1,2022_Jan_04_1205,untitled_1,2020.2.6,60.01842566
כחול,blue,c,1,Image_certainty//image164_alemnt9.jpg,9.jpg,one_middle_left,three_middle_right,widespread,certainty,,,,,,,,,0,89,89,164,1139.577525,1139.777311,None,0,,1139.577525,None,0,0,1,0,0,0.7989349,polygon,1137.277448,None,TRUE,2.8594553,2.8631789,0.763888889,0.082407407,1,0,0,2.8594553,three_middle_right,1141.828429,None,1144.63517,None,27,1,2022_Jan_04_1205,untitled_1,2020.2.6,60.01842566
ירוק,blue,c,0,Image_certainty//image9_alemnt2.jpg,2.jpg,one_up_left,two_down_right,infrequent,certainty,,,,,,,,,0,90,90,9,1147.093152,1147.293004,None,0,,1147.093152,None,0,0,1,0,0,0.4492021,polygon,1145.143222,None,TRUE,2.918873,2.9205503,0.721296296,-0.19537037,1,0,0,2.918873,two_down_right,1149.334544,None,1152.208125,None,27,1,2022_Jan_04_1205,untitled_1,2020.2.6,60.01842566
כחול,green,x,0,Image_certainty//image53_alemnt12.jpg,12.jpg,two_down_left,two_middle_right,widespread,certainty,,,,,,,,,0,91,91,53,1157.425206,1157.624929,x,1,0.8336926,1157.425206,None,0.007407407,0.005555556,1,0,0,1.6809569,polygon,1152.708512,None,TRUE,8.3744051,8.3772567,0.553703704,-0.051851852,1,0,0,8.3744051,two_middle_right,1159.305628,None,1167.645876,None,27,1,2022_Jan_04_1205,untitled_1,2020.2.6,60.01842566
ירוק,blue,c,0,Image_certainty//image81_alemnt14.jpg,14.jpg,three_middle_left,one_down_right,widespread,certainty,,,,,,,,,0,92,92,81,1170.206587,1170.40652,c,1,1.0409039,1170.206587,None,0,0,1,0,0,0.5474629,polygon,1168.15681,None,,,,,,,,,,,1172.297791,1181.292106,1181.304521,None,27,1,2022_Jan_04_1205,untitled_1,2020.2.6,60.01842566
ירוק,green,x,1,Image_certainty//image136_alemnt8.jpg,8.jpg,three_middle_left,two_down_right,widespread,certainty,,,,,,,,,0,93,93,136,1184.904613,1185.104589,x,1,0.7510652,1184.904613,None,-0.006481481,0.002777778,1,0,0,1.5979514,polygon,1181.804525,None,TRUE,7.985235,7.9875156,0.692592593,-0.202777778,1,0,0,7.985235,two_down_right,1186.707622,None,1194.652758,None,27,1,2022_Jan_04_1205,untitled_1,2020.2.6,60.01842566
אדום,red,z,1,Image_certainty//image111_alemnt3.jpg,3.jpg,one_middle_left,two_up_right,infrequent,certainty,,,,,,,,,0,94,94,111,1197.186476,1197.386381,None,0,,1197.186476,None,0,0,1,0,0,0.5304345,polygon,1195.153284,None,TRUE,4.0009936,4.0012034,0.544444444,0.177777778,1,0,0,4.0009936,two_up_right,1199.433231,None,1203.384951,None,27,1,2022_Jan_04_1205,untitled_1,2020.2.6,60.01842566
ירוק,green,x,1,Image_certainty//image148_alemnt13.jpg,13.jpg,one_middle_left,two_up_right,widespread,certainty,,,,,,,,,0,95,95,148,1206.035512,1206.235187,x,1,0.6364401,1206.035512,None,0,0,1,0,0,0.647753,polygon,1203.885361,None,TRUE,2.5916464,2.5918831,0.661111111,0.197222222,1,0,0,2.5916464,two_up_right,1207.748103,None,1210.286146,None,27,1,2022_Jan_04_1205,untitled_1,2020.2.6,60.01842566
אדום,red,z,1,Image_certainty//image129_alemnt8.jpg,8.jpg,one_middle_left,three_middle_right,widespread,certainty,,,,,,,,,0,96,96,129,1213.767797,1213.967205,c,0,0.8775072,1213.767797,None,0.00462963,0.003703704,1,0,0,1.4637081,polygon,1210.80146,None,TRUE,3.6513472,3.652427,0.716666667,0.028703704,1,0,0,3.6513472,three_middle_right,1215.711613,None,1219.315968,None,27,1,2022_Jan_04_1205,untitled_1,2020.2.6,60.01842566
כחול,blue,c,1,Image_certainty//image191_alemnt12.jpg,12.jpg,two_middle_left,one_up_right,widespread,certainty,,,,,,,,,0,97,97,191,1221.766663,1221.966328,c,1,0.9522203,1221.766663,None,0,0,1,0,0,0.4491284,polygon,1219.816751,None,TRUE,5.1412867,5.1423024,0.389814815,0.192592593,1,0,0,5.1412867,one_up_right,1223.78047,None,1228.886382,None,27,1,2022_Jan_04_1205,untitled_1,2020.2.6,60.01842566
ירוק,blue,c,0,Image_certainty//image57_alemnt13.jpg,13.jpg,two_down_left,two_middle_right,widespread,certainty,,,,,,,,,0,98,98,57,1231.448583,1231.648593,c,1,1.1092038,1231.448583,None,0,0,1,0,0,0.5491596,polygon,1229.398356,None,TRUE,4.9215005,4.9238093,0.557407407,-0.031481481,1,0,0,4.9215005,two_middle_right,1233.617588,None,1238.500315,None,27,1,2022_Jan_04_1205,untitled_1,2020.2.6,60.01842566
אדום,red,z,1,Image_certainty//image117_alemnt1.jpg,1.jpg,one_up_left,two_up_right,infrequent,certainty,,,,,,,,,0,99,99,117,1240.980988,1241.180673,z,1,0.9123491,1240.980988,None,0,0,1,0,0,0.4784949,polygon,1239.014232,None,TRUE,3.785016,3.7852183,0.54537037,0.223148148,1,0,0,3.785016,two_up_right,1242.98254,None,1246.695967,None,27,1,2022_Jan_04_1205,untitled_1,2020.2.6,60.01842566
אדום,green,x,0,Image_certainty//image42_alemnt12.jpg,12.jpg,two_up_left,one_up_right,widespread,certainty,,,,,,,,,0,100,100,42,1249.112997,1249.312994,x,1,1.0993397,1249.112997,None,0,0,1,0,0,0.4281951,polygon,1247.196504,None,TRUE,6.2678406,6.2681793,0.387037037,0.196296296,1,0,0,6.2678406,one_up_right,1251.262793,None,1257.494563,None,27,1,2022_Jan_04_1205,untitled_1,2020.2.6,60.01842566
ירוק,green,x,1,Image_certainty//image103_alemnt1.jpg,1.jpg,two_down_left,one_middle_right,infrequent,certainty,,,,,,,,,0,101,101,103,1260.011626,1260.211458,x,1,0.5989443,1260.011626,None,0,0,1,0,0,0.5144228,polygon,1257.995087,None,,,,,,,,,,,1261.663045,1270.646717,1270.65999,None,27,1,2022_Jan_04_1205,untitled_1,2020.2.6,60.01842566
אדום,blue,c,0,Image_certainty//image37_alemnt13.jpg,13.jpg,two_down_left,one_up_right,widespread,certainty,,,,,,,,,0,102,102,37,1274.159565,1274.359315,c,1,0.816092,1274.159565,None,-0.003703704,0.003703704,1,0,0,1.4982242,polygon,1271.159732,None,TRUE,2.8036337,2.8043408,0.343518519,0.217592593,1,0,0,2.8036337,one_up_right,1276.028845,None,1278.791841,None,27,1,2022_Jan_04_1205,untitled_1,2020.2.6,60.01842566
כחול,blue,c,1,Image_certainty//image125_alemnt12.jpg,12.jpg,one_down_left,one_down_right,widespread,certainty,,,,,,,,,0,103,103,125,1282.508715,1282.708838,c,1,0.8621718,1282.508715,None,0,0,1,0,0,1.7147474,polygon,1279.292289,None,TRUE,,4.435806,,,,,,,,1284.428625,None,1288.823582,None,27,1,2022_Jan_04_1205,untitled_1,2020.2.6,60.01842566
ירוק,green,x,1,Image_certainty//image133_alemnt11.jpg,11.jpg,one_middle_left,two_up_right,widespread,certainty,,,,,,,,,0,104,104,133,1291.491075,1291.690585,x,1,0.8572614,1291.491075,None,0,0,1,0,0,0.6808513,polygon,1289.324156,None,TRUE,2.0865555,2.0875333,0.606481481,0.243518519,1,0,0,2.0865555,two_up_right,1293.413286,None,1295.456267,None,27,1,2022_Jan_04_1205,untitled_1,2020.2.6,60.01842566
כחול,green,x,0,Image_certainty//image77_alemnt10.jpg,10.jpg,one_middle_left,two_up_right,widespread,certainty,,,,,,,,,0,105,105,77,1298.023271,1298.223311,x,1,0.7601165,1298.023271,None,0,0,1,0,0,0.5794777,polygon,1295.956819,None,TRUE,2.7193723,2.7197068,0.60462963,0.222222222,1,0,0,2.7193723,two_up_right,1299.835057,None,1302.522098,None,27,1,2022_Jan_04_1205,untitled_1,2020.2.6,60.01842566
ירוק,green,x,1,Image_certainty//image124_alemnt10.jpg,10.jpg,one_up_left,two_middle_right,widespread,certainty,,,,,,,,,0,106,106,124,1304.971779,1305.172283,x,1,0.6091769,1304.971779,None,0,0,1,0,0,0.4500482,polygon,1303.022462,None,TRUE,5.2683471,5.2696894,0.556481481,-0.065740741,1,0,0,5.2683471,two_middle_right,1306.631537,None,1311.870884,None,27,1,2022_Jan_04_1205,untitled_1,2020.2.6,60.01842566
ירוק,green,x,1,Image_certainty//image121_alemnt12.jpg,12.jpg,two_down_left,three_middle_right,widespread,certainty,,,,,,,,,0,107,107,121,1315.854476,1316.054306,x,1,0.5942109,1315.854476,None,0,0,1,0,0,1.9830284,polygon,1312.371374,None,,,,,,,,,,,1317.506899,1326.48991,1326.502263,None,27,1,2022_Jan_04_1205,untitled_1,2020.2.6,60.01842566
ירוק,blue,c,0,Image_certainty//image87_alemnt11.jpg,11.jpg,three_middle_left,two_middle_right,widespread,certainty,,,,,,,,,0,108,108,87,1329.886022,1330.085379,c,1,0.7555749,1329.886022,None,0.001851852,0.00462963,1,0,0,1.3796051,polygon,1327.002757,None,,,,,,,,,,,1331.701246,1340.687749,1340.700777,None,27,1,2022_Jan_04_1205,untitled_1,2020.2.6,60.01842566
ירוק,red,z,0,Image_certainty//image8_alemnt6.jpg,6.jpg,one_down_left,one_up_right,infrequent,certainty,,,,,,,,,0,109,109,8,1343.817495,1344.017305,z,1,0.8488744,1343.817495,None,0.002777778,0.012037037,1,0,0,1.1145788,polygon,1341.200454,None,,,,,,,,,,,1345.7425,1354.735872,1354.748769,None,27,1,2022_Jan_04_1205,untitled_1,2020.2.6,60.01842566
אדום,red,z,1,Image_certainty//image189_alemnt8.jpg,8.jpg,one_middle_left,one_middle_right,widespread,certainty,,,,,,,,,0,110,110,189,1358.14898,1358.348752,z,1,0.975664,1358.14898,None,0.00462963,0.002777778,1,0,0,1.3983786,polygon,1355.24871,None,TRUE,2.4379993,2.4401291,0.362037037,-0.006481481,1,0,0,2.4379993,one_middle_right,1360.192508,None,1362.583279,None,27,1,2022_Jan_04_1205,untitled_1,2020.2.6,60.01842566
כחול,blue,c,1,Image_certainty//image185_alemnt14.jpg,14.jpg,three_middle_left,three_middle_right,widespread,certainty,,,,,,,,,0,111,111,185,1365.114636,1365.314238,c,1,0.8692704,1365.114636,None,0,0,1,0,0,0.5127733,polygon,1363.09775,None,TRUE,3.0901268,3.0928112,0.709259259,0.062037037,1,0,0,3.0901268,three_middle_right,1367.061824,None,1370.100181,None,27,1,2022_Jan_04_1205,untitled_1,2020.2.6,60.01842566
כחול,blue,c,1,Image_certainty//image188_alemnt9.jpg,9.jpg,two_up_left,two_down_right,widespread,certainty,,,,,,,,,0,112,112,188,1372.946891,1373.146786,c,1,0.8041755,1372.946891,None,0,0,1,0,0,0.8316433,polygon,1370.613507,None,,,,,,,,,,,1374.813336,1383.799022,1383.811569,None,27,1,2022_Jan_04_1205,untitled_1,2020.2.6,60.01842566
כחול,blue,c,1,Image_certainty//image167_alemnt8.jpg,8.jpg,two_down_left,one_middle_right,widespread,certainty,,,,,,,,,0,113,113,167,1387.294884,1387.494928,c,1,0.7928523,1387.294884,None,-0.00462963,0.006481481,1,0,0,1.4792525,polygon,1384.312126,None,,,,,,,,,,,1389.149,1398.146591,1398.159775,None,27,1,2022_Jan_04_1205,untitled_1,2020.2.6,60.01842566
כחול,red,z,0,Image_certainty//image4_alemnt2.jpg,2.jpg,two_middle_left,two_middle_right,infrequent,certainty,,,,,,,,,0,114,114,4,1400.926835,1401.126493,z,1,0.822177,1400.926835,None,0,0,1,0,0,0.7790991,polygon,1398.660073,None,TRUE,6.0231337,6.0270309,0.580555556,-0.068518519,1,0,0,6.0231337,two_middle_right,1402.810952,None,1408.79961,None,27,1,2022_Jan_04_1205,untitled_1,2020.2.6,60.01842566
אדום,green,x,0,Image_certainty//image84_alemnt12.jpg,12.jpg,one_up_left,one_up_right,widespread,certainty,,,,,,,,,0,115,115,84,1411.29199,1411.491742,z,0,0.706463,1411.29199,None,0,0,1,0,0,0.4827736,polygon,1409.308353,None,TRUE,4.319635,4.3199629,0.331481481,0.190740741,1,0,0,4.319635,one_up_right,1413.076089,None,1417.34044,None,27,1,2022_Jan_04_1205,untitled_1,2020.2.6,60.01842566
כחול,red,z,0,Image_certainty//image34_alemnt8.jpg,8.jpg,one_middle_left,two_up_right,widespread,certainty,,,,,,,,,0,116,116,34,1419.841001,1420.040792,c,0,0.8312672,1419.841001,None,0,0,1,0,0,0.4971349,polygon,1417.840919,None,,,,,,,,,,,1421.73196,1430.725572,1430.739153,None,27,1,2022_Jan_04_1205,untitled_1,2020.2.6,60.01842566
אדום,blue,c,0,Image_certainty//image73_alemnt10.jpg,10.jpg,two_down_left,one_down_right,widespread,certainty,,,,,,,,,0,117,117,73,1433.189056,1433.388992,None,0,,1433.189056,None,0,0,1,0,0,0.4477867,polygon,1431.239123,None,TRUE,4.853425,4.8561006,0.482407407,-0.238888889,1,0,0,4.853425,one_down_right,1435.422798,None,1440.238829,None,27,1,2022_Jan_04_1205,untitled_1,2020.2.6,60.01842566
אדום,red,z,1,Image_certainty//image105_alemnt7.jpg,7.jpg,one_middle_left,one_up_right,infrequent,certainty,,,,,,,,,0,118,118,105,1442.670976,1442.870794,z,1,0.8971101,1442.670976,None,0,0,1,0,0,0.4310512,polygon,1440.737941,None,TRUE,3.9697744,3.9705203,0.362037037,0.2,1,0,0,3.9697744,one_up_right,1444.623018,None,1448.553336,None,27,1,2022_Jan_04_1205,untitled_1,2020.2.6,60.01842566
אדום,red,z,1,Image_certainty//image162_alemnt10.jpg,10.jpg,two_down_left,two_middle_right,widespread,certainty,,,,,,,,,0,119,119,162,1451.103229,1451.303302,z,1,0.5633212,1451.103229,None,0,0,1,0,0,0.5471258,polygon,1449.053532,None,TRUE,4.5390337,4.5419057,0.575,-0.013888889,1,0,0,4.5390337,two_middle_right,1452.734316,None,1457.222612,None,27,1,2022_Jan_04_1205,untitled_1,2020.2.6,60.01842566
אדום,blue,c,0,Image_certainty//image25_alemnt8.jpg,8.jpg,two_middle_left,one_down_right,widespread,certainty,,,,,,,,,0,120,120,25,1459.602238,1459.801845,c,1,0.8926722,1459.602238,None,0,0,1,0,0,0.3629293,polygon,1457.735742,None,TRUE,7.1062272,7.1117883,0.494444444,-0.237962963,1,0,0,7.1062272,one_down_right,1461.565889,None,1468.625991,None,27,1,2022_Jan_04_1205,untitled_1,2020.2.6,60.01842566
אדום,blue,c,0,Image_certainty//image91_alemnt8.jpg,8.jpg,two_up_left,one_up_right,widespread,certainty,,,,,,,,,0,121,121,91,1471.383932,1471.584019,c,1,0.7770691,1471.383932,None,0,0,1,0,0,0.7479142,polygon,1469.134254,None,TRUE,4.2236484,4.224003,0.353703704,0.203703704,1,0,0,4.2236484,one_up_right,1473.232893,None,1477.401264,None,27,1,2022_Jan_04_1205,untitled_1,2020.2.6,60.01842566
כחול,red,z,0,Image_certainty//image52_alemnt13.jpg,13.jpg,one_middle_left,two_middle_right,widespread,certainty,,,,,,,,,0,122,122,52,1479.983101,1480.182899,z,1,0.998761,1479.983101,None,0,0,1,0,0,0.5670481,polygon,1477.91645,None,TRUE,3.842454,3.8468001,0.500925926,-0.037962963,1,0,0,3.842454,two_middle_right,1482.034192,None,1485.84265,None,27,1,2022_Jan_04_1205,untitled_1,2020.2.6,60.01842566
ירוק,red,z,0,Image_certainty//image68_alemnt14.jpg,14.jpg,one_down_left,two_down_right,widespread,certainty,,,,,,,,,0,123,123,68,1488.515,1488.715091,z,1,1.1037882,1488.515,None,0,0,1,0,0,0.6660584,polygon,1486.348021,None,TRUE,4.7050877,4.708279,0.731481481,-0.182407407,1,0,0,4.7050877,two_down_right,1490.686457,None,1495.350386,None,27,1,2022_Jan_04_1205,untitled_1,2020.2.6,60.01842566
כחול,blue,c,1,Image_certainty//image182_alemnt9.jpg,9.jpg,one_up_left,two_middle_right,widespread,certainty,,,,,,,,,0,124,124,182,1497.797521,1497.997191,None,0,,1497.797521,None,0,0,1,0,0,0.4307539,polygon,1495.864152,None,TRUE,6.7704548,6.773162,0.556481481,-0.040740741,1,0,0,6.7704548,two_middle_right,1500.037287,None,1506.7632,None,27,1,2022_Jan_04_1205,untitled_1,2020.2.6,60.01842566
אדום,red,z,1,Image_certainty//image108_alemnt2.jpg,2.jpg,one_down_left,one_up_right,infrequent,certainty,,,,,,,,,0,125,125,108,1509.212692,1509.412398,z,1,0.6643509,1509.212692,None,0,0,1,0,0,0.4473645,polygon,1507.2626,None,TRUE,4.2860534,4.2864777,0.399074074,0.156481481,1,0,0,4.2860534,one_up_right,1510.949752,None,1515.177485,None,27,1,2022_Jan_04_1205,untitled_1,2020.2.6,60.01842566
כחול,red,z,0,Image_certainty//image82_alemnt14.jpg,14.jpg,three_middle_left,two_down_right,widespread,certainty,,,,,,,,,0,126,126,82,1517.694674,1517.89415,z,1,0.9221056,1517.694674,None,0,0,1,0,0,0.5138265,polygon,1515.678177,None,TRUE,3.2538307,3.2567316,0.739814815,-0.199074074,1,0,0,3.2538307,two_down_right,1519.679132,None,1522.894927,None,27,1,2022_Jan_04_1205,untitled_1,2020.2.6,60.01842566
ירוק,green,x,1,Image_certainty//image193_alemnt12.jpg,12.jpg,three_middle_left,three_middle_right,widespread,certainty,,,,,,,,,0,127,127,193,1525.677176,1525.876896,z,0,0.7844246,1525.677176,None,0,0,1,0,0,0.7653331,polygon,1523.410136,None,TRUE,3.953529,3.954719,0.764814815,0.064814815,1,0,0,3.953529,three_middle_right,1527.528589,None,1531.442222,None,27,1,2022_Jan_04_1205,untitled_1,2020.2.6,60.01842566
אדום,red,z,1,Image_certainty//image183_alemnt9.jpg,9.jpg,three_middle_left,two_down_right,widespread,certainty,,,,,,,,,0,128,128,183,1533.809476,1534.009019,z,1,1.0820098,1533.809476,None,0,0,1,0,0,0.3633022,polygon,1531.942676,None,TRUE,5.6693148,5.6729267,0.69537037,-0.205555556,1,0,0,5.6693148,two_down_right,1535.960648,None,1541.575538,None,27,1,2022_Jan_04_1205,untitled_1,2020.2.6,60.01842566
אדום,blue,c,0,Image_certainty//image85_alemnt14.jpg,14.jpg,two_down_left,three_middle_right,widespread,certainty,,,,,,,,,0,129,129,85,1543.958156,1544.157354,c,1,0.925818,1543.958156,None,0,0,1,0,0,0.3808604,polygon,1542.074735,None,TRUE,3.3526731,3.3544521,0.714814815,0.036111111,1,0,0,3.3526731,three_middle_right,1545.95479,None,1549.256759,None,27,1,2022_Jan_04_1205,untitled_1,2020.2.6,60.01842566
אדום,red,z,1,Image_certainty//image159_alemnt13.jpg,13.jpg,one_middle_left,two_middle_right,widespread,certainty,,,,,,,,,0,130,130,159,1551.99019,1552.190166,None,0,,1551.99019,None,0,0,1,0,0,0.730967,polygon,1549.75707,None,TRUE,4.3872403,4.3892553,0.558333333,-0.052777778,1,0,0,4.3872403,two_middle_right,1554.236705,None,1558.572792,None,27,1,2022_Jan_04_1205,untitled_1,2020.2.6,60.01842566
כחול,red,z,0,Image_certainty//image58_alemnt8.jpg,8.jpg,two_middle_left,two_up_right,widespread,certainty,,,,,,,,,0,131,131,58,1561.039278,1561.238989,None,0,,1561.039278,None,0,0,1,0,0,0.463976,polygon,1559.072458,None,TRUE,4.8083714,4.8090736,0.623148148,0.22962963,1,0,0,4.8083714,two_up_right,1563.287446,None,1568.044173,None,27,1,2022_Jan_04_1205,untitled_1,2020.2.6,60.01842566
כחול,green,x,0,Image_certainty//image83_alemnt14.jpg,14.jpg,one_down_left,one_middle_right,widespread,certainty,,,,,,,,,0,132,132,83,1571.703989,1571.904248,x,1,0.6436723,1571.703989,None,0,0,1,0,0,1.6476637,polygon,1568.554542,None,TRUE,4.8568221,4.8578997,0.397222222,0,1,0,0,4.8568221,one_middle_right,1573.411215,None,1578.221906,None,27,1,2022_Jan_04_1205,untitled_1,2020.2.6,60.01842566
אדום,blue,c,0,Image_certainty//image61_alemnt10.jpg,10.jpg,one_down_left,one_middle_right,widespread,certainty,,,,,,,,,0,133,133,61,1580.770026,1580.969644,c,1,0.9081321,1580.770026,None,0,0,1,0,0,0.5450344,polygon,1578.736633,None,TRUE,6.6180421,6.6199063,0.375925926,0.007407407,1,0,0,6.6180421,one_middle_right,1582.752254,None,1589.318044,None,27,1,2022_Jan_04_1205,untitled_1,2020.2.6,60.01842566
אדום,green,x,0,Image_certainty//image72_alemnt9.jpg,9.jpg,one_middle_left,two_down_right,widespread,certainty,,,,,,,,,0,134,134,72,1592.068467,1592.267894,x,1,0.7367971,1592.068467,None,0,0,1,0,0,0.7473321,polygon,1589.818408,None,TRUE,4.3727292,4.3794032,0.718518519,-0.237962963,1,0,0,4.3727292,two_down_right,1593.884944,None,1598.209437,None,27,1,2022_Jan_04_1205,untitled_1,2020.2.6,60.01842566
אדום,green,x,0,Image_certainty//image18_alemnt4.jpg,4.jpg,three_middle_left,one_down_right,infrequent,certainty,,,,,,,,,0,135,135,18,1600.667349,1600.867103,x,1,0.6780906,1600.667349,None,0,0,1,0,0,0.4476689,polygon,1598.717342,None,TRUE,5.0559648,5.0615925,0.412037037,-0.236111111,1,0,0,5.0559648,one_down_right,1602.415659,None,1607.423031,None,27,1,2022_Jan_04_1205,untitled_1,2020.2.6,60.01842566
אדום,green,x,0,Image_certainty//image96_alemnt14.jpg,14.jpg,one_up_left,two_down_right,widespread,certainty,,,,,,,,,0,136,136,96,1609.916187,1610.115684,x,1,0.5951706,1609.916187,None,0,0,1,0,0,0.4799034,polygon,1607.932512,None,TRUE,5.3678692,5.3694494,0.750925926,-0.207407407,1,0,0,5.3678692,two_down_right,1611.581206,None,1616.897717,None,27,1,2022_Jan_04_1205,untitled_1,2020.2.6,60.01842566
אדום,red,z,1,Image_certainty//image186_alemnt11.jpg,11.jpg,one_down_left,two_up_right,widespread,certainty,,,,,,,,,0,137,137,186,1619.548278,1619.747984,None,0,,1619.548278,None,0,0,1,0,0,0.6486752,polygon,1617.398138,None,TRUE,5.5223581,5.5229196,0.587962963,0.215740741,1,0,0,5.5223581,two_up_right,1621.794222,None,1627.266757,None,27,1,2022_Jan_04_1205,untitled_1,2020.2.6,60.01842566
אדום,green,x,0,Image_certainty//image90_alemnt12.jpg,12.jpg,three_middle_left,two_up_right,widespread,certainty,,,,,,,,,0,138,138,90,1629.613187,1629.813471,x,1,0.6776764,1629.613187,None,0,0,1,0,0,0.3454051,polygon,1627.780196,None,TRUE,2.3551549,2.3558386,0.580555556,0.237962963,1,0,0,2.3551549,two_up_right,1631.361057,None,1633.663641,None,27,1,2022_Jan_04_1205,untitled_1,2020.2.6,60.01842566
ירוק,blue,c,0,Image_certainty//image51_alemnt14.jpg,14.jpg,three_middle_left,one_down_right,widespread,certainty,,,,,,,,,0,139,139,51,1636.062476,1636.24585,c,1,0.6998142,1636.062476,None,0,0,1,0,0,0.3956214,polygon,1634.16268,None,TRUE,2.9071442,2.9129302,0.452777778,-0.240740741,1,0,0,2.9071442,one_down_right,1637.81653,None,1640.688981,None,27,1,2022_Jan_04_1205,untitled_1,2020.2.6,60.01842566
ירוק,red,z,0,Image_certainty//image26_alemnt11.jpg,11.jpg,one_middle_left,two_down_right,widespread,certainty,,,,,,,,,0,140,140,26,1643.095223,1643.294929,z,1,0.8953433,1643.095223,None,0,0,1,0,0,0.3967472,polygon,1641.19505,None,TRUE,2.955796,2.9574873,0.718518519,-0.188888889,1,0,0,2.955796,two_down_right,1645.052719,None,1647.960371,None,27,1,2022_Jan_04_1205,untitled_1,2020.2.6,60.01842566
כחול,blue,c,1,Image_certainty//image176_alemnt9.jpg,9.jpg,two_middle_left,one_down_right,widespread,certainty,,,,,,,,,0,141,141,176,1651.443875,1651.643203,c,1,0.9096643,1651.443875,None,0,0,1,0,0,1.48116,polygon,1648.460869,None,,,,,,,,,,,1653.428227,1662.412994,1662.425159,None,27,1,2022_Jan_04_1205,untitled_1,2020.2.6,60.01842566
אדום,blue,c,0,Image_certainty//image67_alemnt13.jpg,13.jpg,three_middle_left,one_middle_right,widespread,certainty,,,,,,,,,0,142,142,67,1665.975583,1666.175332,c,1,0.8061343,1665.975583,None,-0.005555556,0.000925926,1,0,0,1.5471988,polygon,1662.925349,None,TRUE,1.7231832,1.7263369,0.398148148,0.00462963,1,0,0,1.7231832,one_middle_right,1667.853318,None,1669.529175,None,27,1,2022_Jan_04_1205,untitled_1,2020.2.6,60.01842566
כחול,green,x,0,Image_certainty//image35_alemnt8.jpg,8.jpg,two_down_left,one_up_right,widespread,certainty,,,,,,,,,0,143,143,35,1672.191438,1672.39126,x,1,0.7294798,1672.191438,None,0,0,1,0,0,0.6471256,polygon,1670.041038,None,,,,,,,,,,,1673.991742,1682.975814,1682.989103,None,27,1,2022_Jan_04_1205,untitled_1,2020.2.6,60.01842566
אדום,red,z,1,Image_certainty//image171_alemnt12.jpg,12.jpg,one_up_left,two_down_right,widespread,certainty,,,,,,,,,0,144,144,171,1686.239336,1686.439332,None,0,,1686.239336,None,0,0.002777778,1,0,0,1.2502079,polygon,1683.48937,None,TRUE,3.4034897,3.4063369,0.697222222,-0.212962963,1,0,0,3.4034897,two_down_right,1688.49199,None,1691.838407,None,27,1,2022_Jan_04_1205,untitled_1,2020.2.6,60.01842566
ירוק,red,z,0,Image_certainty//image98_alemnt13.jpg,13.jpg,three_middle_left,two_down_right,widespread,certainty,,,,,,,,,0,145,145,98,1694.221899,1694.421628,z,1,1.021229,1694.221899,None,0,0,1,0,0,0.3953931,polygon,1692.338359,None,TRUE,3.1015217,3.1034068,0.726851852,-0.225925926,1,0,0,3.1015217,two_down_right,1696.32215,None,1699.370316,None,27,1,2022_Jan_04_1205,untitled_1,2020.2.6,60.01842566
ירוק,red,z,0,Image_certainty//image62_alemnt11.jpg,11.jpg,two_down_left,two_middle_right,widespread,certainty,,,,,,,,,0,146,146,62,1703.504063,1703.703787,z,1,0.8443834,1703.504063,None,0,0,1,0,0,2.1311851,polygon,1699.870837,None,TRUE,4.2868263,4.2891973,0.555555556,-0.016666667,1,0,0,4.2868263,two_middle_right,1705.41914,None,1709.653254,None,27,1,2022_Jan_04_1205,untitled_1,2020.2.6,60.01842566
ירוק,green,x,1,Image_certainty//image178_alemnt8.jpg,8.jpg,two_up_left,one_up_right,widespread,certainty,,,,,,,,,0,147,147,178,1713.236056,1713.435879,x,1,0.915167,1713.236056,None,0,0,1,0,0,1.5815864,polygon,1710.15284,None,TRUE,8.3520298,8.3525643,0.409259259,0.162962963,1,0,0,8.3520298,one_up_right,1715.220211,None,1723.517251,None,27,1,2022_Jan_04_1205,untitled_1,2020.2.6,60.01842566
אדום,green,x,0,Image_certainty//image48_alemnt9.jpg,9.jpg,one_down_left,one_down_right,widespread,certainty,,,,,,,,,0,148,148,48,1726.051099,1726.250773,x,1,0.7343867,1726.051099,None,0,0,1,0,0,0.5305501,polygon,1724.017676,None,TRUE,5.9373571,5.9387642,0.451851852,-0.232407407,1,0,0,5.9373571,one_down_right,1727.862126,None,1733.749726,None,27,1,2022_Jan_04_1205,untitled_1,2020.2.6,60.01842566
אדום,blue,c,0,Image_certainty//image49_alemnt11.jpg,11.jpg,three_middle_left,two_middle_right,widespread,certainty,,,,,,,,,0,149,149,49,1736.199697,1736.399473,c,1,0.808083,1736.199697,None,0,0,1,0,0,0.4493669,polygon,1734.249687,None,TRUE,2.2704877,2.2716246,0.557407407,-0.052777778,1,0,0,2.2704877,two_middle_right,1738.081855,None,1740.29828,None,27,1,2022_Jan_04_1205,untitled_1,2020.2.6,60.01842566
אדום,green,x,0,Image_certainty//image60_alemnt13.jpg,13.jpg,one_middle_left,two_up_right,widespread,certainty,,,,,,,,,0,150,150,60,1747.165065,1747.364779,x,1,0.7095225,1747.165065,None,0,0,1,0,0,4.8631443,polygon,1740.798823,None,TRUE,2.3397172,2.3401854,0.588888889,0.217592593,1,0,0,2.3397172,two_up_right,1748.951885,None,1751.233266,None,27,1,2022_Jan_04_1205,untitled_1,2020.2.6,60.01842566
ירוק,green,x,1,Image_certainty//image172_alemnt8.jpg,8.jpg,two_middle_left,two_down_right,widespread,certainty,,,,,,,,,0,151,151,172,1753.796932,1753.996882,x,1,0.5737548,1753.796932,None,0,0,1,0,0,0.5490938,polygon,1751.746965,None,TRUE,,3.672533,,,,,,,,1755.434187,None,1759.062442,None,27,1,2022_Jan_04_1205,untitled_1,2020.2.6,60.01842566
אדום,blue,c,0,Image_certainty//image13_alemnt2.jpg,2.jpg,two_up_left,one_down_right,infrequent,certainty,,,,,,,,,0,152,152,13,1761.513045,1761.712863,c,1,0.7968273,1761.513045,None,0,0,1,0,0,0.4490213,polygon,1759.56303,None,TRUE,4.938014,4.9416272,0.433333333,-0.20462963,1,0,0,4.938014,one_down_right,1763.368394,None,1768.266029,None,27,1,2022_Jan_04_1205,untitled_1,2020.2.6,60.01842566
ירוק,red,z,0,Image_certainty//image50_alemnt11.jpg,11.jpg,three_middle_left,one_down_right,widespread,certainty,,,,,,,,,0,153,153,50,1771.411854,1771.611515,z,1,1.1488346,1771.411854,None,0,0,1,0,0,1.1307497,polygon,1768.778519,None,TRUE,6.8201919,6.8225619,0.451851852,-0.212037037,1,0,0,6.8201919,one_down_right,1773.603731,None,1780.393631,None,27,1,2022_Jan_04_1205,untitled_1,2020.2.6,60.01842566
אדום,blue,c,0,Image_certainty//image43_alemnt11.jpg,11.jpg,two_down_left,one_up_right,widespread,certainty,,,,,,,,,0,154,154,43,1782.909835,1783.109965,c,1,0.6445086,1782.909835,None,0,0,1,0,0,0.5163822,polygon,1780.892923,None,TRUE,1.8872724,1.8880134,0.350925926,0.223148148,1,0,0,1.8872724,one_up_right,1784.611566,None,1786.458988,None,27,1,2022_Jan_04_1205,untitled_1,2020.2.6,60.01842566
אדום,green,x,0,Image_certainty//image12_alemnt1.jpg,1.jpg,one_up_left,two_up_right,infrequent,certainty,,,,,,,,,0,155,155,12,1788.959466,1789.159262,x,1,0.7042535,1788.959466,None,0,0,1,0,0,0.4963159,polygon,1786.95947,None,TRUE,6.7069886,6.7072032,0.617592593,0.24537037,1,0,0,6.7069886,two_up_right,1790.742803,None,1797.393411,None,27,1,2022_Jan_04_1205,untitled_1,2020.2.6,60.01842566
כחול,blue,c,1,Image_certainty//image149_alemnt11.jpg,11.jpg,one_middle_left,three_middle_right,widespread,certainty,,,,,,,,,0,156,156,149,1799.874697,1800.074512,c,1,0.8247779,1799.874697,None,0,0,1,0,0,0.4674153,polygon,1797.908049,None,TRUE,2.8911044,2.8947731,0.703703704,0.051851852,1,0,0,2.8911044,three_middle_right,1801.7735,None,1804.613933,None,27,1,2022_Jan_04_1205,untitled_1,2020.2.6,60.01842566
אדום,blue,c,0,Image_certainty//image97_alemnt8.jpg,8.jpg,one_middle_left,three_middle_right,widespread,certainty,,,,,,,,,0,157,157,97,1807.10722,1807.306898,c,1,0.7524874,1807.10722,None,0,0,1,0,0,0.4813534,polygon,1805.123773,None,TRUE,3.4719381,3.4731548,0.739814815,0.026851852,1,0,0,3.4719381,three_middle_right,1808.923895,None,1812.355642,None,27,1,2022_Jan_04_1205,untitled_1,2020.2.6,60.01842566
אדום,red,z,1,Image_certainty//image141_alemnt11.jpg,11.jpg,two_down_left,three_middle_right,widespread,certainty,,,,,,,,,0,158,158,141,1814.789461,1814.989137,z,1,0.9119076,1814.789461,None,0,0,1,0,0,0.4480472,polygon,1812.855999,None,TRUE,5.0724123,5.0741147,0.673148148,0.062037037,1,0,0,5.0724123,three_middle_right,1816.76978,None,1821.790268,None,27,1,2022_Jan_04_1205,untitled_1,2020.2.6,60.01842566
אדום,green,x,0,Image_certainty//image24_alemnt13.jpg,13.jpg,three_middle_left,one_middle_right,widespread,certainty,,,,,,,,,0,159,159,24,1824.404617,1824.604061,x,1,0.880205,1824.404617,None,0,0,1,0,0,0.597085,polygon,1822.304914,None,TRUE,1.5864976,1.58864,0.362962963,-0.008333333,1,0,0,1.5864976,one_middle_right,1826.349919,None,1827.886942,None,27,1,2022_Jan_04_1205,untitled_1,2020.2.6,60.01842566
אדום,red,z,1,Image_certainty//image192_alemnt11.jpg,11.jpg,one_up_left,one_down_right,widespread,certainty,,,,,,,,,0,160,160,192,1830.653674,1830.853069,z,1,0.6580815,1830.653674,None,0,0,1,0,0,0.7641134,polygon,1828.387305,None,TRUE,2.0263522,2.0321443,0.452777778,-0.190740741,1,0,0,2.0263522,one_down_right,1832.373093,None,1834.364784,None,27,1,2022_Jan_04_1205,untitled_1,2020.2.6,60.01842566
כחול,red,z,0,Image_certainty//image22_alemnt11.jpg,11.jpg,two_up_left,one_down_right,widespread,certainty,,,,,,,,,0,161,161,22,1836.986622,1837.186129,c,0,0.9509027,1836.986622,None,0,0,1,0,0,0.6138875,polygon,1834.869839,None,TRUE,3.7886852,3.7926048,0.459259259,-0.199074074,1,0,0,3.7886852,one_down_right,1838.991875,None,1842.739419,None,27,1,2022_Jan_04_1205,untitled_1,2020.2.6,60.01842566
כחול,blue,c,1,Image_certainty//image107_alemnt6.jpg,6.jpg,two_middle_left,two_up_right,infrequent,certainty,,,,,,,,,0,162,162,107,1846.50201,1846.701375,c,1,0.8798436,1846.50201,None,0,0,1,0,0,1.7479176,polygon,1843.252142,None,TRUE,3.9202967,3.9208051,0.625925926,0.210185185,1,0,0,3.9202967,two_up_right,1848.449409,None,1852.31788,None,27,1,2022_Jan_04_1205,untitled_1,2020.2.6,60.01842566
אדום,blue,c,0,Image_certainty//image55_alemnt12.jpg,12.jpg,three_middle_left,one_middle_right,widespread,certainty,,,,,,,,,0,163,163,55,1854.667602,1854.867042,None,0,,1854.667602,None,0,0,1,0,0,0.3480357,polygon,1852.817534,None,TRUE,1.5208984,1.5226508,0.358333333,0.006481481,1,0,0,1.5208984,one_middle_right,1856.910439,None,1858.382802,None,27,1,2022_Jan_04_1205,untitled_1,2020.2.6,60.01842566
כחול,blue,c,1,Image_certainty//image110_alemnt5.jpg,5.jpg,three_middle_left,one_up_right,infrequent,certainty,,,,,,,,,0,164,164,110,1861.38347,1861.582814,c,1,0.7017476,1861.38347,None,0,0,1,0,0,1.0115978,polygon,1858.883432,None,TRUE,8.4509242,8.4512847,0.357407407,0.125925926,1,0,0,8.4509242,one_up_right,1863.15126,None,1871.564543,None,27,1,2022_Jan_04_1205,untitled_1,2020.2.6,60.01842566
אדום,blue,c,0,Image_certainty//image31_alemnt9.jpg,9.jpg,one_up_left,one_down_right,widespread,certainty,,,,,,,,,0,165,165,31,1874.081848,1874.28136,c,1,1.1538287,1874.081848,None,0,0,1,0,0,0.5134555,polygon,1872.065046,None,TRUE,7.9877975,7.9928319,0.439814815,-0.201851852,1,0,0,7.9877975,one_down_right,1876.302804,None,1884.253487,None,27,1,2022_Jan_04_1205,untitled_1,2020.2.6,60.01842566
ירוק,red,z,0,Image_certainty//image86_alemnt13.jpg,13.jpg,two_middle_left,one_up_right,widespread,certainty,,,,,,,,,0,166,166,86,1886.730145,1886.929837,z,1,0.9063686,1886.730145,None,0,0,1,0,0,0.4633702,polygon,1884.763318,None,TRUE,3.1218815,3.1230207,0.346296296,0.212037037,1,0,0,3.1218815,one_up_right,1888.709136,None,1891.783309,None,27,1,2022_Jan_04_1205,untitled_1,2020.2.6,60.01842566
ירוק,green,x,1,Image_certainty//image196_alemnt13.jpg,13.jpg,three_middle_left,one_down_right,widespread,certainty,,,,,,,,,0,167,167,196,1894.162424,1894.36203,x,1,0.7642281,1894.162424,None,0,0,1,0,0,0.3785396,polygon,1892.295778,None,TRUE,2.2711951,2.2726553,0.473148148,-0.221296296,1,0,0,2.2711951,one_down_right,1895.997525,None,1898.210938,None,27,1,2022_Jan_04_1205,untitled_1,2020.2.6,60.01842566
ירוק,green,x,1,Image_certainty//image184_alemnt14.jpg,14.jpg,one_up_left,two_middle_right,widespread,certainty,,,,,,,,,0,168,168,184,1901.528144,1901.727969,x,1,0.6181028,1901.528144,None,0,0,1,0,0,1.318224,polygon,1898.711532,None,TRUE,2.637161,2.6397509,0.577777778,-0.041666667,1,0,0,2.637161,two_middle_right,1903.203787,None,1905.812529,None,27,1,2022_Jan_04_1205,untitled_1,2020.2.6,60.01842566
אדום,red,z,1,Image_certainty//image165_alemnt8.jpg,8.jpg,one_middle_left,one_up_right,widespread,certainty,,,,,,,,,0,169,169,165,1908.210684,1908.410408,None,0,,1908.210684,None,0,0,1,0,0,0.3833815,polygon,1906.326971,None,TRUE,3.5239852,3.5247252,0.35462963,0.205555556,1,0,0,3.5239852,one_up_right,1910.452852,None,1913.929576,None,27,1,2022_Jan_04_1205,untitled_1,2020.2.6,60.01842566
ירוק,green,x,1,Image_certainty//image160_alemnt8.jpg,8.jpg,two_down_left,two_up_right,widespread,certainty,,,,,,,,,0,170,170,160,1916.426173,1916.625802,x,1,0.6409829,1916.426173,None,0,0,1,0,0,0.479859,polygon,1914.442858,None,TRUE,2.6246472,2.6251254,0.584259259,0.213888889,1,0,0,2.6246472,two_up_right,1918.130685,None,1920.713245,None,27,1,2022_Jan_04_1205,untitled_1,2020.2.6,60.01842566
כחול,blue,c,1,Image_certainty//image194_alemnt11.jpg,11.jpg,three_middle_left,two_down_right,widespread,certainty,,,,,,,,,0,171,171,194,1925.2917,1925.491469,z,0,0.9198152,1925.2917,None,0,0,1,0,0,2.5641463,polygon,1921.225313,None,TRUE,2.2556996,2.2611394,0.728703704,-0.164814815,1,0,0,2.2556996,two_down_right,1927.276988,None,1929.497275,None,27,1,2022_Jan_04_1205,untitled_1,2020.2.6,60.01842566
כחול,blue,c,1,Image_certainty//image155_alemnt11.jpg,11.jpg,one_up_left,two_middle_right,widespread,certainty,,,,,,,,,0,172,172,155,1931.974193,1932.174001,c,1,0.8979319,1931.974193,None,0,0,1,0,0,0.4647136,polygon,1930.00745,None,TRUE,5.0216709,5.0228412,0.553703704,-0.050925926,1,0,0,5.0216709,two_middle_right,1933.920024,None,1938.906396,None,27,1,2022_Jan_04_1205,untitled_1,2020.2.6,60.01842566
ירוק,blue,c,0,Image_certainty//image99_alemnt10.jpg,10.jpg,three_middle_left,one_middle_right,widespread,certainty,,,,,,,,,0,173,173,99,1941.289186,1941.489077,x,0,0.7733041,1941.289186,None,0,0,1,0,0,0.380552,polygon,1939.406267,None,TRUE,1.7545413,1.7569006,0.374074074,-0.003703704,1,0,0,1.7545413,one_middle_right,1943.140199,None,1944.840292,None,27,1,2022_Jan_04_1205,untitled_1,2020.2.6,60.01842566
כחול,green,x,0,Image_certainty//image89_alemnt13.jpg,13.jpg,two_up_left,three_middle_right,widespread,certainty,,,,,,,,,0,174,174,89,1947.305601,1947.504969,None,0,,1947.305601,None,0,0,1,0,0,0.4516273,polygon,1945.355029,None,TRUE,2.375507,2.3766384,0.701851852,0.040740741,1,0,0,2.375507,three_middle_right,1949.530461,None,1951.873695,None,27,1,2022_Jan_04_1205,untitled_1,2020.2.6,60.01842566
ירוק,red,z,0,Image_certainty//image2_alemnt4.jpg,4.jpg,one_down_left,two_down_right,infrequent,certainty,,,,,,,,,0,175,175,2,1954.30458,1954.504004,None,0,,1954.30458,None,0,0,1,0,0,0.4139742,polygon,1952.387924,None,TRUE,6.5877866,6.5916147,0.713888889,-0.212962963,1,0,0,6.5877866,two_down_right,1956.547191,None,1963.090429,None,27,1,2022_Jan_04_1205,untitled_1,2020.2.6,60.01842566
אדום,red,z,1,Image_certainty//image198_alemnt9.jpg,9.jpg,one_up_left,one_middle_right,widespread,certainty,,,,,,,,,0,176,176,198,1965.553199,1965.752953,None,0,,1965.553199,None,0,0,1,0,0,0.4480147,polygon,1963.603145,None,,,,,,,,,,,1967.804349,None,1976.767872,None,27,1,2022_Jan_04_1205,untitled_1,2020.2.6,60.01842566
ירוק,green,x,1,Image_certainty//image154_alemnt9.jpg,9.jpg,one_middle_left,one_down_right,widespread,certainty,,,,,,,,,0,177,177,154,1979.251397,1979.45082,None,0,,1979.251397,None,0,0,1,0,0,0.4820431,polygon,1977.26801,None,TRUE,2.3377476,2.3420928,0.477777778,-0.224074074,1,0,0,2.3377476,one_down_right,1981.494241,None,1983.788044,None,27,1,2022_Jan_04_1205,untitled_1,2020.2.6,60.01842566
ירוק,blue,c,0,Image_certainty//image69_alemnt14.jpg,14.jpg,one_middle_left,two_down_right,widespread,certainty,,,,,,,,,0,178,178,69,1986.25053,1986.450169,None,0,,1986.25053,None,0,0,1,0,0,0.4500507,polygon,1984.300419,None,TRUE,,3.174786,,,,,,,,1988.498704,None,1991.617217,None,27,1,2022_Jan_04_1205,untitled_1,2020.2.6,60.01842566
ירוק,blue,c,0,Image_certainty//image93_alemnt14.jpg,14.jpg,one_down_left,one_middle_right,widespread,certainty,,,,,,,,,0,179,179,93,1994.216128,1994.415879,None,0,,1994.216128,None,0,0,1,0,0,0.5809203,polygon,1992.132735,None,TRUE,1.8054201,1.8064641,0.415740741,0.014814815,1,0,0,1.8054201,one_middle_right,1996.469704,None,1998.214683,None,27,1,2022_Jan_04_1205,untitled_1,2020.2.6,60.01842566
ירוק,green,x,1,Image_certainty//image163_alemnt12.jpg,12.jpg,two_middle_left,three_middle_right,widespread,certainty,,,,,,,,,0,180,180,163,2001.714531,2001.914929,x,1,0.9346759,2001.714531,None,0,0,1,0,0,1.4974143,polygon,1998.715175,None,TRUE,3.6425886,3.6438638,0.703703704,0.043518519,1,0,0,3.6425886,three_middle_right,2003.707632,None,2007.316938,None,27,1,2022_Jan_04_1205,untitled_1,2020.2.6,60.01842566
כחול,blue,c,1,Image_certainty//image143_alemnt9.jpg,9.jpg,two_down_left,one_middle_right,widespread,certainty,,,,,,,,,0,181,181,143,2009.963892,2010.163772,c,1,0.6935045,2009.963892,None,0,0,1,0,0,0.6305729,polygon,2007.830245,None,TRUE,1.8068712,1.8105058,0.403703704,0.040740741,1,0,0,1.8068712,one_middle_right,2011.709776,None,2013.486668,None,27,1,2022_Jan_04_1205,untitled_1,2020.2.6,60.01842566
ירוק,red,z,0,Image_certainty//image38_alemnt8.jpg,8.jpg,two_up_left,two_down_right,widespread,certainty,,,,,,,,,0,182,182,38,2015.863273,2016.062412,z,1,1.0539555,2015.863273,None,0,0,1,0,0,0.365116,polygon,2013.996052,None,TRUE,4.472936,4.4779121,0.698148148,-0.217592593,1,0,0,4.472936,two_down_right,2017.976917,None,2022.419527,None,27,1,2022_Jan_04_1205,untitled_1,2020.2.6,60.01842566
אדום,red,z,1,Image_certainty//image180_alemnt12.jpg,12.jpg,one_up_left,one_middle_right,widespread,certainty,,,,,,,,,0,183,183,180,2024.978806,2025.178522,z,1,0.847661,2024.978806,None,0,0,1,0,0,0.5478031,polygon,2022.928703,None,TRUE,1.987753,1.9910169,0.356481481,-0.009259259,1,0,0,1.987753,one_middle_right,2026.881949,None,2028.832156,None,27,1,2022_Jan_04_1205,untitled_1,2020.2.6,60.01842566
ירוק,red,z,0,Image_certainty//image20_alemnt10.jpg,10.jpg,two_up_left,two_up_right,widespread,certainty,,,,,,,,,0,184,184,20,2031.827874,2032.027648,z,1,0.7616524,2031.827874,None,0,0,1,0,0,0.9805967,polygon,2029.344276,None,TRUE,6.0730314,6.0737398,0.609259259,0.213888889,1,0,0,6.0730314,two_up_right,2033.664159,None,2039.680717,None,27,1,2022_Jan_04_1205,untitled_1,2020.2.6,60.01842566
כחול,blue,c,1,Image_certainty//image152_alemnt14.jpg,14.jpg,one_middle_left,one_middle_right,widespread,certainty,,,,,,,,,0,185,185,152,2042.892582,2043.092249,c,1,0.9620127,2042.892582,None,0,0,1,0,0,1.1974564,polygon,2040.193132,None,TRUE,4.7882396,4.7914182,0.382407407,0.000925926,1,0,0,4.7882396,one_middle_right,2044.920491,None,2049.663492,None,27,1,2022_Jan_04_1205,untitled_1,2020.2.6,60.01842566
אדום,green,x,0,Image_certainty//image30_alemnt10.jpg,10.jpg,two_down_left,three_middle_right,widespread,certainty,,,,,,,,,0,186,186,30,2058.241134,2058.440837,x,1,1.0773127,2058.241134,None,0,0,1,0,0,6.5659458,polygon,2050.175252,None,TRUE,6.6036562,6.6065152,0.699074074,0.059259259,1,0,0,6.6036562,three_middle_right,2060.395853,None,2066.943031,None,27,1,2022_Jan_04_1205,untitled_1,2020.2.6,60.01842566
כחול,red,z,0,Image_certainty//image28_alemnt10.jpg,10.jpg,one_down_left,two_down_right,widespread,certainty,,,,,,,,,0,187,187,28,2073.339168,2073.538871,z,1,0.9532791,2073.339168,None,0,0,1,0,0,4.3829461,polygon,2067.456253,None,TRUE,5.7721121,5.7782607,0.744444444,-0.255555556,1,0,0,5.7721121,two_down_right,2075.35933,None,2081.097283,None,27,1,2022_Jan_04_1205,untitled_1,2020.2.6,60.01842566
אדום,red,z,1,Image_certainty//image135_alemnt12.jpg,12.jpg,two_middle_left,one_middle_right,widespread,certainty,,,,,,,,,0,188,188,135,2083.671064,2083.870766,z,1,1.1460707,2083.671064,None,0,0,1,0,0,0.5655878,polygon,2081.604337,None,TRUE,2.5561346,2.5597399,0.398148148,0.00462963,1,0,0,2.5561346,one_middle_right,2085.88748,None,2088.393831,None,27,1,2022_Jan_04_1205,untitled_1,2020.2.6,60.01842566
כחול,green,x,0,Image_certainty//image47_alemnt13.jpg,13.jpg,one_middle_left,one_middle_right,widespread,certainty,,,,,,,,,0,189,189,47,2091.019276,2091.2194,x,1,0.8736327,2091.019276,None,0,0,1,0,0,0.6163124,polygon,2088.903203,None,TRUE,1.7530979,1.7548517,0.405555556,0.023148148,1,0,0,1.7530979,one_middle_right,2092.95476,None,2094.66886,None,27,1,2022_Jan_04_1205,untitled_1,2020.2.6,60.01842566
כחול,green,x,0,Image_certainty//image41_alemnt12.jpg,12.jpg,two_up_left,one_up_right,widespread,certainty,,,,,,,,,0,190,190,41,2097.31878,2097.51897,x,1,0.7490345,2097.31878,None,0,0,1,0,0,0.6481406,polygon,2095.168879,None,TRUE,2.2196609,2.220224,0.331481481,0.182407407,1,0,0,2.2196609,one_up_right,2099.130947,None,2101.301317,None,27,1,2022_Jan_04_1205,untitled_1,2020.2.6,60.01842566
כחול,blue,c,1,Image_certainty//image116_alemnt2.jpg,2.jpg,one_middle_left,two_down_right,infrequent,certainty,,,,,,,,,0,191,191,116,2105.784864,2105.98473,c,1,1.0299055,2105.784864,None,0,0,1,0,0,2.4975185,polygon,2101.801727,None,TRUE,2.8206288,2.8235646,0.718518519,-0.222222222,1,0,0,2.8206288,two_down_right,2107.864133,None,2110.651418,None,27,1,2022_Jan_04_1205,untitled_1,2020.2.6,60.01842566
ירוק,green,x,1,Image_certainty//image181_alemnt12.jpg,12.jpg,two_up_left,one_down_right,widespread,certainty,,,,,,,,,0,192,192,181,2113.067387,2113.266517,x,1,0.8816032,2113.067387,None,0,0,1,0,0,0.3993762,polygon,2111.166514,None,TRUE,2.7685024,2.7699331,0.439814815,-0.230555556,1,0,0,2.7685024,one_down_right,2114.996038,None,2117.732422,None,27,1,2022_Jan_04_1205,untitled_1,2020.2.6,60.01842566
כחול,blue,c,1,Image_certainty//image134_alemnt9.jpg,9.jpg,two_down_left,three_middle_right,widespread,certainty,,,,,,,,,0,193,193,134,2120.399286,2120.599406,c,1,0.7652076,2120.399286,None,0,0,1,0,0,0.6694165,polygon,2118.232476,None,TRUE,3.5534858,3.5556274,0.719444444,0.049074074,1,0,0,3.5534858,three_middle_right,2122.218124,None,2125.731969,None,27,1,2022_Jan_04_1205,untitled_1,2020.2.6,60.01842566
אדום,red,z,1,Image_certainty//image144_alemnt8.jpg,8.jpg,two_middle_left,two_down_right,widespread,certainty,,,,,,,,,0,194,194,144,2128.597948,2128.781788,z,1,1.0975094,2128.597948,None,0,0,1,0,0,0.8660979,polygon,2126.231933,None,TRUE,3.1232293,3.1247063,0.699074074,-0.20462963,1,0,0,3.1232293,two_down_right,2130.755238,None,2133.832043,None,27,1,2022_Jan_04_1205,untitled_1,2020.2.6,60.01842566
כחול,blue,c,1,Image_certainty//image170_alemnt13.jpg,13.jpg,one_down_left,two_middle_right,widespread,certainty,,,,,,,,,0,195,195,170,2136.213976,2136.413357,None,0,,2136.213976,None,0,0,1,0,0,0.3802626,polygon,2134.347556,None,TRUE,2.4031273,2.4053276,0.589814815,-0.033333333,1,0,0,2.4031273,two_middle_right,2138.440786,None,2140.813355,None,27,1,2022_Jan_04_1205,untitled_1,2020.2.6,60.01842566
כחול,blue,c,1,Image_certainty//image197_alemnt11.jpg,11.jpg,two_down_left,two_middle_right,widespread,certainty,,,,,,,,,0,196,196,197,2144.446628,2144.646217,c,1,0.7535898,2144.446628,None,0,0,1,0,0,1.6312271,polygon,2141.313,None,TRUE,6.3730811,6.3757947,0.546296296,-0.073148148,1,0,0,6.3730811,two_middle_right,2146.285745,None,2152.600372,None,27,1,2022_Jan_04_1205,untitled_1,2020.2.6,60.01842566
אדום,red,z,1,Image_certainty//image168_alemnt10.jpg,10.jpg,two_middle_left,two_down_right,widespread,certainty,,,,,,,,,0,197,197,168,2155.128407,2155.328178,z,1,0.9895429,2155.128407,None,0,0,1,0,0,0.5138387,polygon,2153.111814,None,TRUE,3.8711237,3.8762144,0.764814815,-0.247222222,1,0,0,3.8711237,two_down_right,2157.181033,None,2161.016989,None,27,1,2022_Jan_04_1205,untitled_1,2020.2.6,60.01842566
כחול,blue,c,1,Image_certainty//image179_alemnt12.jpg,12.jpg,two_middle_left,one_down_right,widespread,certainty,,,,,,,,,0,198,198,179,2164.077075,2164.277088,c,1,0.9331016,2164.077075,None,0,0,1,0,0,1.0477027,polygon,2161.526966,None,TRUE,,2.8736172,,,,,,,,2166.07734,None,2168.892613,None,27,1,2022_Jan_04_1205,untitled_1,2020.2.6,60.01842566
אדום,red,z,1,Image_certainty//image153_alemnt9.jpg,9.jpg,three_middle_left,two_middle_right,widespread,certainty,,,,,,,,,0,199,199,153,2171.892543,2172.092164,z,1,0.9699615,2171.892543,None,0,0,1,0,0,0.9978605,polygon,2169.392931,None,TRUE,4.1887602,4.1922443,0.522222222,-0.041666667,1,0,0,4.1887602,two_middle_right,2173.929897,None,2178.079929,None,27,1,2022_Jan_04_1205,untitled_1,2020.2.6,60.01842566
