﻿word,letterColor,corrAns,congruent,imageTrain,true_shaps,corrAnsLeft,corrAnsRight,common,experiment,stroop_loop.thisRepN,stroop_loop.thisTrialN,stroop_loop.thisN,stroop_loop.thisIndex,trail_certaninty.thisRepN,trail_certaninty.thisTrialN,trail_certaninty.thisN,trail_certaninty.thisIndex,test_certaincy.thisRepN,test_certaincy.thisTrialN,test_certaincy.thisN,test_certaincy.thisIndex,stroop_text.started,stroop_text.stopped,stroop_anser.keys,stroop_anser.corr,stroop_anser.started,stroop_anser.stopped,stroop_anser.rt,test_fixability_certity.x,test_fixability_certity.y,test_fixability_certity.leftButton,test_fixability_certity.midButton,test_fixability_certity.rightButton,test_fixability_certity.time,test_fixability_certity.clicked_name,test_fixability_certity.started,test_fixability_certity.stopped,test_certainty_anser_currect,finalClickTime,test_certainty_anser_time,test_certainty_mouse.x,test_certainty_mouse.y,test_certainty_mouse.leftButton,test_certainty_mouse.midButton,test_certainty_mouse.rightButton,test_certainty_mouse.time,test_certainty_mouse.clicked_name,test_certainty_mouse.started,test_certainty_mouse.stopped,text_5.started,text_5.stopped,participant,session,date,expName,psychopyVersion,frameRate
כחול,red,z,0,,,,,,,0,0,0,5,,,,,,,,,992.0684048,992.2680172,None,0,992.0684048,None,,,,,,,,,,,,,,,,,,,,,,,,,28,1,2022_Jan_04_1211,untitled_1,2020.2.6,59.91963578
אדום,red,z,1,,,,,,,0,1,1,0,,,,,,,,,997.7181004,997.9179682,z,1,997.7181004,None,0.4479549,,,,,,,,,,,,,,,,,,,,,,,,28,1,2022_Jan_04_1211,untitled_1,2020.2.6,59.91963578
כחול,blue,c,1,,,,,,,0,2,2,4,,,,,,,,,1002.717439,1002.917291,c,1,1002.717439,None,0.6582884,,,,,,,,,,,,,,,,,,,,,,,,28,1,2022_Jan_04_1211,untitled_1,2020.2.6,59.91963578
ירוק,blue,c,0,,,,,,,0,3,3,3,,,,,,,,,1007.950119,1008.14987,c,1,1007.950119,None,0.4346536,,,,,,,,,,,,,,,,,,,,,,,,28,1,2022_Jan_04_1211,untitled_1,2020.2.6,59.91963578
ירוק,green,x,1,,,,,,,0,4,4,2,,,,,,,,,1012.9328,1013.132665,x,1,1012.9328,None,0.4677879,,,,,,,,,,,,,,,,,,,,,,,,28,1,2022_Jan_04_1211,untitled_1,2020.2.6,59.91963578
אדום,green,x,0,,,,,,,0,5,5,1,,,,,,,,,1017.9655,1018.165145,c,0,1017.9655,None,0.3761226,,,,,,,,,,,,,,,,,,,,,,,,28,1,2022_Jan_04_1211,untitled_1,2020.2.6,59.91963578
אדום,green,x,0,,,,,,,1,0,6,1,,,,,,,,,1022.898245,1023.097985,x,1,1022.898245,None,0.6529743,,,,,,,,,,,,,,,,,,,,,,,,28,1,2022_Jan_04_1211,untitled_1,2020.2.6,59.91963578
כחול,blue,c,1,,,,,,,1,1,7,4,,,,,,,,,1028.130477,1028.330589,c,1,1028.130477,None,0.5684675,,,,,,,,,,,,,,,,,,,,,,,,28,1,2022_Jan_04_1211,untitled_1,2020.2.6,59.91963578
ירוק,blue,c,0,,,,,,,1,2,8,3,,,,,,,,,1033.279909,1033.480048,c,1,1033.279909,None,0.4400737,,,,,,,,,,,,,,,,,,,,,,,,28,1,2022_Jan_04_1211,untitled_1,2020.2.6,59.91963578
אדום,red,z,1,,,,,,,1,3,9,0,,,,,,,,,1038.296188,1038.496091,z,1,1038.296188,None,0.5480726,,,,,,,,,,,,,,,,,,,,,,,,28,1,2022_Jan_04_1211,untitled_1,2020.2.6,59.91963578
ירוק,green,x,1,,,,,,,1,4,10,2,,,,,,,,,1043.41212,1043.612073,x,1,1043.41212,None,0.7316921,,,,,,,,,,,,,,,,,,,,,,,,28,1,2022_Jan_04_1211,untitled_1,2020.2.6,59.91963578
כחול,red,z,0,,,,,,,1,5,11,5,,,,,,,,,1048.711495,1048.911237,z,1,1048.711495,None,0.7343975,,,,,,,,,,,,,,,,,,,,,,,,28,1,2022_Jan_04_1211,untitled_1,2020.2.6,59.91963578
ירוק,blue,c,0,,,,,,,2,0,12,3,,,,,,,,,1054.010832,1054.210657,c,1,1054.010832,None,0.5347382,,,,,,,,,,,,,,,,,,,,,,,,28,1,2022_Jan_04_1211,untitled_1,2020.2.6,59.91963578
ירוק,green,x,1,,,,,,,2,1,13,2,,,,,,,,,1059.126752,1059.326602,x,1,1059.126752,None,0.492466,,,,,,,,,,,,,,,,,,,,,,,,28,1,2022_Jan_04_1211,untitled_1,2020.2.6,59.91963578
כחול,blue,c,1,,,,,,,2,2,14,4,,,,,,,,,1064.192822,1064.39249,c,1,1064.192822,None,0.6509659,,,,,,,,,,,1.964826607,,,,,,,,,,,,,28,1,2022_Jan_04_1211,untitled_1,2020.2.6,59.91963578
אדום,green,x,0,,,,,,,2,3,15,1,,,,,,,,,1069.408783,1069.608676,x,1,1069.408783,None,1.0041518,,,,,,,,,,,4.086381213,,,,,,,,,,,,,28,1,2022_Jan_04_1211,untitled_1,2020.2.6,59.91963578
כחול,red,z,0,,,,,,,2,4,16,5,,,,,,,,,1074.958094,1075.157887,z,1,1074.958094,None,0.5817472,,,,,,,,,,,,,,,,,,,,,,,,28,1,2022_Jan_04_1211,untitled_1,2020.2.6,59.91963578
אדום,red,z,1,,,,,,,2,5,17,0,,,,,,,,,1080.107438,1080.307237,z,1,1080.107438,None,0.4345957,,,,,,,,,,,,,,,,,,,,,,,,28,1,2022_Jan_04_1211,untitled_1,2020.2.6,59.91963578
אדום,blue,c,0,train_Image_certainty//image1_alemnt1.jpg,1.jpg,two_middle_left,one_down_right,widespread,train_certainty,,,,,0,0,0,0,,,,,1133.983519,1134.18362,None,0,1133.983519,None,,-0.005555556,0.022222222,1,0,0,4.9253079,polygon,1126.538999,None,TRUE,6.4229141,6.4278919,0.455555556,-0.258333333,1,0,0,6.4229141,one_down_right,1137.30037,None,1145.648287,None,28,1,2022_Jan_04_1211,untitled_1,2020.2.6,59.91963578
ירוק,red,z,0,train_Image_certainty//image8_alemnt8.jpg,8.jpg,two_down_left,two_middle_right,widespread,train_certainty,,,,,0,1,1,7,,,,,1148.548702,1148.748101,z,1,1148.548702,None,0.6415439,0,0.007407407,1,0,0,0.8972656,polygon,1146.148753,None,TRUE,3.3546073,3.3588858,-0.400925926,-0.271296296,1,0,0,3.3546073,two_down_left,1151.275966,None,1156.630625,None,28,1,2022_Jan_04_1211,untitled_1,2020.2.6,59.91963578
אדום,red,z,1,train_Image_certainty//image15_alemnt1.jpg,1.jpg,one_up_left,one_middle_right,infrequent,train_certainty,,,,,0,2,2,14,,,,,1159.413951,1159.6136,z,1,1159.413951,None,0.5308441,0,0,1,0,0,0.7815824,polygon,1157.130226,None,TRUE,3.7560092,3.756935,0.37037037,0.017592593,1,0,0,3.7560092,one_middle_right,1162.044634,None,1167.762455,None,28,1,2022_Jan_04_1211,untitled_1,2020.2.6,59.91963578
ירוק,blue,c,0,train_Image_certainty//image3_alemnt3.jpg,3.jpg,two_down_left,three_middle_right,widespread,train_certainty,,,,,0,3,3,2,,,,,1170.828913,1171.02884,c,1,1170.828913,None,0.6433611,-0.001851852,-0.015740741,1,0,0,1.0674223,polygon,1168.262432,None,TRUE,2.0185006,2.0201308,0.739814815,0.089814815,1,0,0,2.0185006,three_middle_right,1173.59224,None,1177.577615,None,28,1,2022_Jan_04_1211,untitled_1,2020.2.6,59.91963578
כחול,green,x,0,train_Image_certainty//image5_alemnt5.jpg,5.jpg,one_middle_left,three_middle_right,widespread,train_certainty,,,,,0,4,4,4,,,,,1179.994536,1180.194267,c,0,1179.994536,None,0.8735064,0,0,1,0,0,0.4143666,polygon,1178.077837,None,TRUE,2.6710435,2.6723528,0.767592593,0.066666667,1,0,0,2.6710435,three_middle_right,1182.973672,None,1187.609923,None,28,1,2022_Jan_04_1211,untitled_1,2020.2.6,59.91963578
ירוק,blue,c,0,train_Image_certainty//image9_alemnt9.jpg,9.jpg,two_up_left,one_middle_right,widespread,train_certainty,,,,,0,5,5,8,,,,,1189.959921,1190.159683,c,1,1189.959921,None,0.934747,0,0,1,0,0,0.3503263,polygon,1188.109874,None,TRUE,3.1047646,3.3354311,0.412962963,-0.072222222,1,0,0,3.1047646,,1193.023207,None,1198.324782,None,28,1,2022_Jan_04_1211,untitled_1,2020.2.6,59.91963578
כחול,blue,c,1,train_Image_certainty//image11_alemnt11.jpg,11.jpg,two_down_left,one_down_right,widespread,train_certainty,,,,,0,6,6,10,,,,,1200.708571,1200.908207,c,1,1200.708571,None,1.0279211,0,0,1,0,0,0.3806763,polygon,1198.825049,None,TRUE,4.1201696,4.1235336,0.425,-0.248148148,1,0,0,4.1201696,one_down_right,1203.814035,None,1209.923669,None,28,1,2022_Jan_04_1211,untitled_1,2020.2.6,59.91963578
ירוק,green,x,1,train_Image_certainty//image13_alemnt13.jpg,13.jpg,two_up_left,one_up_right,widespread,train_certainty,,,,,0,7,7,12,,,,,1215.689819,1215.889677,x,1,1215.689819,None,0.8111377,0.000925926,0.00462963,1,0,0,3.7654773,polygon,1210.423349,None,TRUE,2.4065061,2.4075046,0.314814815,0.186111111,1,0,0,2.4065061,one_up_right,1218.618776,None,1223.005264,None,28,1,2022_Jan_04_1211,untitled_1,2020.2.6,59.91963578
ירוק,green,x,1,train_Image_certainty//image10_alemnt10.jpg,10.jpg,two_up_left,three_middle_right,widespread,train_certainty,,,,,0,8,8,9,,,,,1232.371057,1232.570861,x,1,1232.371057,None,0.814441,0.005555556,0.00462963,1,0,0,7.3638781,polygon,1223.505115,None,TRUE,3.4038931,3.4078546,0.725,0.067592593,1,0,0,3.4038931,three_middle_right,1235.282622,None,1240.669634,None,28,1,2022_Jan_04_1211,untitled_1,2020.2.6,59.91963578
כחול,red,z,0,train_Image_certainty//image4_alemnt4.jpg,4.jpg,two_middle_left,two_up_right,widespread,train_certainty,,,,,0,9,9,3,,,,,1243.353108,1243.55259,z,1,1243.353108,None,0.7480465,0,0,1,0,0,0.6808756,polygon,1241.169593,None,TRUE,2.4218606,2.4224848,0.597222222,0.227777778,1,0,0,2.4218606,two_up_right,1246.202995,None,1250.584722,None,28,1,2022_Jan_04_1211,untitled_1,2020.2.6,59.91963578
אדום,green,x,0,train_Image_certainty//image6_alemnt6.jpg,6.jpg,one_middle_left,two_up_right,widespread,train_certainty,,,,,0,10,10,5,,,,,1253.00158,1253.201416,x,1,1253.00158,None,0.7914011,0,0,1,0,0,0.4192062,polygon,1251.085044,None,,,,,,,,,,,1255.884782,1264.869343,1266.899566,None,28,1,2022_Jan_04_1211,untitled_1,2020.2.6,59.91963578
אדום,red,z,1,train_Image_certainty//image12_alemnt12.jpg,12.jpg,one_down_left,one_up_right,widespread,train_certainty,,,,,0,11,11,11,,,,,1271.399398,1271.599129,z,1,1271.399398,None,0.6735818,-0.010185185,0.011111111,1,0,0,1.0157322,polygon,1267.399707,None,TRUE,3.8005163,3.8008496,0.391666667,0.191666667,1,0,0,3.8005163,one_up_right,1274.18019,None,1279.964558,None,28,1,2022_Jan_04_1211,untitled_1,2020.2.6,59.91963578
כחול,blue,c,1,train_Image_certainty//image14_alemnt14.jpg,14.jpg,three_middle_left,one_middle_right,widespread,train_certainty,,,,,0,12,12,13,,,,,1282.564487,1282.764316,c,1,1282.564487,None,0.6512964,0,0,1,0,0,0.6012903,polygon,1280.464488,None,TRUE,1.5708668,1.5728602,0.371296296,0.032407407,1,0,0,1.5708668,one_middle_right,1285.333686,None,1288.863424,None,28,1,2022_Jan_04_1211,untitled_1,2020.2.6,59.91963578
ירוק,red,z,0,train_Image_certainty//image2_alemnt2.jpg,2.jpg,two_down_left,three_middle_right,widespread,train_certainty,,,,,0,13,13,1,,,,,1292.279946,1292.479731,z,1,1292.279946,None,0.9968955,-0.016666667,-0.017592593,1,0,0,0.4639112,polygon,1289.363514,None,TRUE,8.9502409,8.9517796,0.767592593,0.07962963,1,0,0,8.9502409,three_middle_right,1295.388124,None,1306.311167,None,28,1,2022_Jan_04_1211,untitled_1,2020.2.6,59.91963578
אדום,blue,c,0,train_Image_certainty//image7_alemnt7.jpg,7.jpg,one_middle_left,one_up_right,widespread,train_certainty,,,,,0,14,14,6,,,,,1308.694537,1308.894226,None,0,1308.694537,None,,0,0,1,0,0,0.3827663,polygon,1306.811049,None,TRUE,6.5911178,6.5914125,0.377777778,0.216666667,1,0,0,6.5911178,one_up_right,1311.938034,None,1320.509043,None,28,1,2022_Jan_04_1211,untitled_1,2020.2.6,59.91963578
כחול,red,z,0,Image_certainty//image58_alemnt8.jpg,8.jpg,two_middle_left,two_up_right,widespread,certainty,,,,,,,,,0,0,0,58,1328.608634,1328.808341,z,1,1328.608634,None,0.8308997,0,0,1,0,0,3.7175856,polygon,1323.385907,None,,,,,,,,,,,1330.515019,1339.509482,1339.522975,None,28,1,2022_Jan_04_1211,untitled_1,2020.2.6,59.91963578
ירוק,green,x,1,Image_certainty//image193_alemnt12.jpg,12.jpg,three_middle_left,three_middle_right,widespread,certainty,,,,,,,,,0,1,1,193,1342.190155,1342.389751,x,1,1342.190155,None,0.9394912,0,0,1,0,0,0.6622256,polygon,1340.023392,None,TRUE,4.1386054,4.1425858,0.725925926,0.028703704,1,0,0,4.1386054,three_middle_right,1344.198296,None,1348.297274,None,28,1,2022_Jan_04_1211,untitled_1,2020.2.6,59.91963578
ירוק,green,x,1,Image_certainty//image136_alemnt8.jpg,8.jpg,three_middle_left,two_down_right,widespread,certainty,,,,,,,,,0,2,2,136,1351.3722,1351.571751,x,1,1351.3722,None,0.4865099,0.015740741,0.000925926,1,0,0,1.0641632,polygon,1348.805634,None,TRUE,,5.4551351,,,,,,,,1352.926392,None,1358.337246,None,28,1,2022_Jan_04_1211,untitled_1,2020.2.6,59.91963578
כחול,blue,c,1,Image_certainty//image167_alemnt8.jpg,8.jpg,two_down_left,one_middle_right,widespread,certainty,,,,,,,,,0,3,3,167,1361.287545,1361.487445,c,1,1361.287545,None,0.5325501,0.000925926,0.005555556,1,0,0,0.9626497,polygon,1358.837621,None,TRUE,3.601672,3.6027472,0.382407407,-0.000925926,1,0,0,3.601672,one_middle_right,1362.874583,None,1366.436096,None,28,1,2022_Jan_04_1211,untitled_1,2020.2.6,59.91963578
ירוק,green,x,1,Image_certainty//image121_alemnt12.jpg,12.jpg,two_down_left,three_middle_right,widespread,certainty,,,,,,,,,0,4,4,121,1370.002961,1370.20283,x,1,1370.002961,None,0.4161296,0.000925926,0.00462963,1,0,0,1.5656469,polygon,1366.936568,None,TRUE,3.2367459,3.2403093,0.762037037,0.036111111,1,0,0,3.2367459,three_middle_right,1371.478197,None,1374.671737,None,28,1,2022_Jan_04_1211,untitled_1,2020.2.6,59.91963578
כחול,green,x,0,Image_certainty//image41_alemnt12.jpg,12.jpg,two_up_left,one_up_right,widespread,certainty,,,,,,,,,0,5,5,41,1377.38546,1377.58533,x,1,1377.38546,None,0.4756471,0,0,1,0,0,0.6978785,polygon,1375.185512,None,TRUE,3.5046596,3.5049678,0.358333333,0.183333333,1,0,0,3.5046596,one_up_right,1378.931303,None,1382.384109,None,28,1,2022_Jan_04_1211,untitled_1,2020.2.6,59.91963578
כחול,blue,c,1,Image_certainty//image140_alemnt11.jpg,11.jpg,one_up_left,two_up_right,widespread,certainty,,,,,,,,,0,6,6,140,1386.067818,1386.267369,z,0,1386.067818,None,0.7536523,0,0,1,0,0,1.6963662,polygon,1382.884565,None,TRUE,2.6023539,2.602707,0.611111111,0.2,1,0,0,2.6023539,two_up_right,1387.889757,None,1390.449659,None,28,1,2022_Jan_04_1211,untitled_1,2020.2.6,59.91963578
ירוק,green,x,1,Image_certainty//image181_alemnt12.jpg,12.jpg,two_up_left,one_down_right,widespread,certainty,,,,,,,,,0,7,7,181,1393.9501,1394.149658,x,1,1393.9501,None,0.4723327,-0.00462963,0.002777778,1,0,0,1.5120647,polygon,1390.949918,None,TRUE,3.371838,3.3764214,0.439814815,-0.221296296,1,0,0,3.371838,one_down_right,1395.495726,None,1398.820276,None,28,1,2022_Jan_04_1211,untitled_1,2020.2.6,59.91963578
אדום,red,z,1,Image_certainty//image198_alemnt9.jpg,9.jpg,one_up_left,one_middle_right,widespread,certainty,,,,,,,,,0,8,8,198,1401.449021,1401.648737,z,1,1401.449021,None,0.3762645,0,0,1,0,0,0.6133792,polygon,1399.332411,None,TRUE,2.384648,2.3857046,0.346296296,-0.018518519,1,0,0,2.384648,one_middle_right,1402.885702,None,1405.231081,None,28,1,2022_Jan_04_1211,untitled_1,2020.2.6,59.91963578
ירוק,blue,c,0,Image_certainty//image9_alemnt2.jpg,2.jpg,one_up_left,two_down_right,infrequent,certainty,,,,,,,,,0,9,9,9,1408.281257,1408.481054,c,1,1408.281257,None,0.579166,-0.017592593,0.000925926,1,0,0,1.0486135,polygon,1405.731495,None,TRUE,4.1050861,4.11055,0.702777778,-0.225,1,0,0,4.1050861,two_down_right,1409.92769,None,1413.986881,None,28,1,2022_Jan_04_1211,untitled_1,2020.2.6,59.91963578
אדום,red,z,1,Image_certainty//image189_alemnt8.jpg,8.jpg,one_middle_left,one_middle_right,widespread,certainty,,,,,,,,,0,10,10,189,1416.597054,1416.796903,z,1,1416.597054,None,0.3804223,0,0,1,0,0,0.5966467,polygon,1414.497112,None,TRUE,4.7019727,4.7037186,0.350925926,0.017592593,1,0,0,4.7019727,one_middle_right,1418.049471,None,1422.69558,None,28,1,2022_Jan_04_1211,untitled_1,2020.2.6,59.91963578
ירוק,green,x,1,Image_certainty//image151_alemnt13.jpg,13.jpg,two_middle_left,one_down_right,widespread,certainty,,,,,,,,,0,11,11,151,1425.51254,1425.71243,x,1,1425.51254,None,0.6238748,-0.003703704,-0.008333333,1,0,0,0.8133192,polygon,1423.19595,None,TRUE,3.4878263,3.493187,0.460185185,-0.247222222,1,0,0,3.4878263,one_down_right,1427.204886,None,1430.651542,None,28,1,2022_Jan_04_1211,untitled_1,2020.2.6,59.91963578
כחול,green,x,0,Image_certainty//image5_alemnt2.jpg,2.jpg,two_down_left,two_down_right,infrequent,certainty,,,,,,,,,0,12,12,5,1433.561664,1433.761366,z,0,1433.561664,None,0.4610821,-0.003703704,0.012037037,1,0,0,0.89964,polygon,1431.16138,None,TRUE,4.8729953,4.8784046,0.739814815,-0.181481481,1,0,0,4.8729953,two_down_right,1435.083112,None,1439.918712,None,28,1,2022_Jan_04_1211,untitled_1,2020.2.6,59.91963578
ירוק,blue,c,0,Image_certainty//image3_alemnt4.jpg,4.jpg,one_middle_left,one_up_right,infrequent,certainty,,,,,,,,,0,13,13,3,1442.693662,1442.89341,None,0,1442.693662,None,,0,0,1,0,0,0.7636805,polygon,1440.42713,None,TRUE,8.5351793,8.5358529,0.383333333,0.226851852,1,0,0,8.5351793,one_up_right,1444.933191,None,1453.42503,None,28,1,2022_Jan_04_1211,untitled_1,2020.2.6,59.91963578
ירוק,green,x,1,Image_certainty//image124_alemnt10.jpg,10.jpg,one_up_left,two_middle_right,widespread,certainty,,,,,,,,,0,14,14,124,1456.708621,1456.908381,x,1,1456.708621,None,0.5680447,0.006481481,-0.002777778,1,0,0,1.2828461,polygon,1453.925339,None,TRUE,3.1188576,3.1205832,0.542592593,-0.022222222,1,0,0,3.1188576,two_middle_right,1458.345835,None,1461.424097,None,28,1,2022_Jan_04_1211,untitled_1,2020.2.6,59.91963578
כחול,blue,c,1,Image_certainty//image152_alemnt14.jpg,14.jpg,one_middle_left,one_middle_right,widespread,certainty,,,,,,,,,0,15,15,152,1464.007555,1464.207438,c,1,1464.007555,None,0.8041225,0,0,1,0,0,0.5837191,polygon,1461.924311,None,TRUE,,2.4403252,,,,,,,,1465.884711,None,1468.272908,None,28,1,2022_Jan_04_1211,untitled_1,2020.2.6,59.91963578
אדום,red,z,1,Image_certainty//image132_alemnt9.jpg,9.jpg,one_down_left,two_down_right,widespread,certainty,,,,,,,,,0,16,16,132,1471.256338,1471.45636,z,1,1471.256338,None,0.4563227,-0.009259259,0.002777778,1,0,0,0.9802518,polygon,1468.773351,None,,,,,,,,,,,1472.784508,1481.75853,1481.787967,None,28,1,2022_Jan_04_1211,untitled_1,2020.2.6,59.91963578
ירוק,red,z,0,Image_certainty//image44_alemnt11.jpg,11.jpg,two_middle_left,one_up_right,widespread,certainty,,,,,,,,,0,17,17,44,1484.321281,1484.521456,z,1,1484.321281,None,0.795252,0,0,1,0,0,0.5342518,polygon,1482.288297,None,TRUE,3.0874211,3.0881003,0.324074074,0.180555556,1,0,0,3.0874211,one_up_right,1486.174372,None,1489.220155,None,28,1,2022_Jan_04_1211,untitled_1,2020.2.6,59.91963578
ירוק,red,z,0,Image_certainty//image74_alemnt8.jpg,8.jpg,two_up_left,three_middle_right,widespread,certainty,,,,,,,,,0,18,18,74,1504.552413,1504.752122,z,1,1504.552413,None,0.4729773,-0.007407407,0.007407407,1,0,0,10.2998267,polygon,1489.72068,None,,,,,,,,,,,1506.106621,1515.103624,1515.117216,None,28,1,2022_Jan_04_1211,untitled_1,2020.2.6,59.91963578
אדום,green,x,0,Image_certainty//image18_alemnt4.jpg,4.jpg,three_middle_left,one_down_right,infrequent,certainty,,,,,,,,,0,19,19,18,1518.200572,1518.400285,x,1,1518.200572,None,0.6010474,-0.003703704,0.013888889,1,0,0,1.0813314,polygon,1515.617061,None,TRUE,1.8352953,1.8369923,0.421296296,-0.276851852,1,0,0,1.8352953,one_down_right,1519.854359,None,1521.649302,None,28,1,2022_Jan_04_1211,untitled_1,2020.2.6,59.91963578
ירוק,red,z,0,Image_certainty//image26_alemnt11.jpg,11.jpg,one_middle_left,two_down_right,widespread,certainty,,,,,,,,,0,20,20,26,1524.566391,1524.766221,z,1,1524.566391,None,0.5305343,0.006481481,-0.003703704,1,0,0,0.9133765,polygon,1522.149729,None,TRUE,2.587342,3.6741201,0.19537037,-0.177777778,1,0,0,2.587342,,1526.161064,None,1529.782383,None,28,1,2022_Jan_04_1211,untitled_1,2020.2.6,59.91963578
כחול,blue,c,1,Image_certainty//image185_alemnt14.jpg,14.jpg,three_middle_left,three_middle_right,widespread,certainty,,,,,,,,,0,21,21,185,1532.365335,1532.565194,c,1,1532.365335,None,0.3750234,0,0,1,0,0,0.5963582,polygon,1530.282082,None,TRUE,4.3370277,4.3396331,0.698148148,0.085185185,1,0,0,4.3370277,three_middle_right,1533.816213,None,1538.098875,None,28,1,2022_Jan_04_1211,untitled_1,2020.2.6,59.91963578
אדום,red,z,1,Image_certainty//image162_alemnt10.jpg,10.jpg,two_down_left,two_middle_right,widespread,certainty,,,,,,,,,0,22,22,162,1540.480982,1540.680665,z,1,1540.480982,None,0.4637754,0,0,1,0,0,0.3645726,polygon,1538.61396,None,TRUE,1.9701568,1.972835,0.498148148,-0.068518519,1,0,0,1.9701568,two_middle_right,1542.002993,None,1543.931343,None,28,1,2022_Jan_04_1211,untitled_1,2020.2.6,59.91963578
כחול,red,z,0,Image_certainty//image76_alemnt14.jpg,14.jpg,three_middle_left,two_middle_right,widespread,certainty,,,,,,,,,0,23,23,76,1549.32969,1549.529557,z,1,1549.32969,None,0.4402774,0.007407407,0.014814815,1,0,0,0.8464922,polygon,1544.43026,None,TRUE,3.7029984,3.7041381,0.565740741,-0.047222222,1,0,0,3.7029984,two_middle_right,1550.835966,None,1554.495095,None,28,1,2022_Jan_04_1211,untitled_1,2020.2.6,59.91963578
כחול,blue,c,1,Image_certainty//image149_alemnt11.jpg,11.jpg,one_middle_left,three_middle_right,widespread,certainty,,,,,,,,,0,24,24,149,1557.145476,1557.345312,c,1,1557.145476,None,0.3862848,0,0,1,0,0,0.6477977,polygon,1554.99548,None,TRUE,3.7025555,3.7038157,0.738888889,0.084259259,1,0,0,3.7025555,three_middle_right,1558.613267,None,1562.260666,None,28,1,2022_Jan_04_1211,untitled_1,2020.2.6,59.91963578
כחול,blue,c,1,Image_certainty//image161_alemnt12.jpg,12.jpg,one_down_left,two_middle_right,widespread,certainty,,,,,,,,,0,25,25,161,1564.644428,1564.84402,c,1,1564.644428,None,0.5126273,0,0,1,0,0,0.3806245,polygon,1562.761196,None,TRUE,3.7216108,3.7251397,0.551851852,-0.043518519,1,0,0,3.7216108,two_middle_right,1566.216179,None,1569.897858,None,28,1,2022_Jan_04_1211,untitled_1,2020.2.6,59.91963578
כחול,blue,c,1,Image_certainty//image191_alemnt12.jpg,12.jpg,two_middle_left,one_up_right,widespread,certainty,,,,,,,,,0,26,26,191,1572.259784,1572.459973,z,0,1572.259784,None,0.2992282,0,0,1,0,0,0.3486481,polygon,1570.410136,None,TRUE,3.9389816,3.9399156,0.384259259,0.191666667,1,0,0,3.9389816,one_up_right,1573.627313,None,1577.511416,None,28,1,2022_Jan_04_1211,untitled_1,2020.2.6,59.91963578
ירוק,blue,c,0,Image_certainty//image21_alemnt14.jpg,14.jpg,one_down_left,one_middle_right,widespread,certainty,,,,,,,,,0,27,27,21,1580.12579,1580.325534,c,1,1580.12579,None,0.6331728,0,0,1,0,0,0.5972778,polygon,1578.025838,None,TRUE,4.8855799,4.8879203,0.388888889,-0.001851852,1,0,0,4.8855799,one_middle_right,1581.815482,None,1586.658646,None,28,1,2022_Jan_04_1211,untitled_1,2020.2.6,59.91963578
כחול,green,x,0,Image_certainty//image17_alemnt5.jpg,5.jpg,two_up_left,two_down_right,infrequent,certainty,,,,,,,,,0,28,28,17,1589.207995,1589.407766,x,1,1589.207995,None,0.5554557,0,0,1,0,0,0.547924,polygon,1587.15798,None,TRUE,5.9388408,5.9404866,0.789814815,-0.251851852,1,0,0,5.9388408,two_down_right,1590.845202,None,1596.723962,None,28,1,2022_Jan_04_1211,untitled_1,2020.2.6,59.91963578
כחול,red,z,0,Image_certainty//image82_alemnt14.jpg,14.jpg,three_middle_left,two_down_right,widespread,certainty,,,,,,,,,0,29,29,82,1599.189782,1599.389866,z,1,1599.189782,None,0.5777587,0,0,1,0,0,0.478615,polygon,1597.223085,None,TRUE,2.1225099,2.127228,0.672222222,-0.213888889,1,0,0,2.1225099,two_down_right,1600.83293,None,1602.911381,None,28,1,2022_Jan_04_1211,untitled_1,2020.2.6,59.91963578
ירוק,green,x,1,Image_certainty//image169_alemnt11.jpg,11.jpg,one_middle_left,one_up_right,widespread,certainty,,,,,,,,,0,30,30,169,1613.388262,1613.587965,x,1,1613.388262,None,0.5993281,-0.012962963,0.012037037,1,0,0,1.2014307,polygon,1603.422298,None,,,,,,,,,,,1615.047594,1624.039191,1624.053016,None,28,1,2022_Jan_04_1211,untitled_1,2020.2.6,59.91963578
ירוק,blue,c,0,Image_certainty//image69_alemnt14.jpg,14.jpg,one_middle_left,two_down_right,widespread,certainty,,,,,,,,,0,31,31,69,1628.069698,1628.269247,c,1,1628.069698,None,0.6036409,0,0,1,0,0,2.0165296,polygon,1624.553202,None,TRUE,5.5722315,5.5738195,0.726851852,-0.231481481,1,0,0,5.5722315,two_down_right,1629.742713,None,1635.270452,None,28,1,2022_Jan_04_1211,untitled_1,2020.2.6,59.91963578
כחול,blue,c,1,Image_certainty//image143_alemnt9.jpg,9.jpg,two_down_left,one_middle_right,widespread,certainty,,,,,,,,,0,32,32,143,1637.968092,1638.167999,x,0,1637.968092,None,0.3862508,0,0,1,0,0,0.6801159,polygon,1635.785029,None,TRUE,8.1041947,8.1069713,0.435185185,-0.000925926,1,0,0,8.1041947,one_middle_right,1639.433354,None,1647.485778,None,28,1,2022_Jan_04_1211,untitled_1,2020.2.6,59.91963578
אדום,blue,c,0,Image_certainty//image79_alemnt13.jpg,13.jpg,one_down_left,one_up_right,widespread,certainty,,,,,,,,,0,33,33,79,1650.333543,1650.533256,None,0,1650.333543,None,,0,0,1,0,0,0.8307483,polygon,1648.000076,None,TRUE,4.3359822,4.3365107,0.408333333,0.20462963,1,0,0,4.3359822,one_up_right,1652.574987,None,1656.865099,None,28,1,2022_Jan_04_1211,untitled_1,2020.2.6,59.91963578
כחול,green,x,0,Image_certainty//image71_alemnt12.jpg,12.jpg,three_middle_left,two_down_right,widespread,certainty,,,,,,,,,0,34,34,71,1659.948761,1660.148631,x,1,1659.948761,None,0.8821565,0,-0.009259259,1,0,0,1.0808113,polygon,1657.365302,None,TRUE,,6.9236669,,,,,,,,1661.885302,None,1668.764411,None,28,1,2022_Jan_04_1211,untitled_1,2020.2.6,59.91963578
ירוק,blue,c,0,Image_certainty//image15_alemnt3.jpg,3.jpg,three_middle_left,two_down_right,infrequent,certainty,,,,,,,,,0,35,35,15,1671.86391,1672.063754,c,1,1671.86391,None,0.5074304,-0.003703704,-0.013888889,1,0,0,1.100186,polygon,1669.264119,None,TRUE,,6.5717393,,,,,,,,1673.43085,None,1679.962211,None,28,1,2022_Jan_04_1211,untitled_1,2020.2.6,59.91963578
אדום,green,x,0,Image_certainty//image78_alemnt10.jpg,10.jpg,one_middle_left,two_up_right,widespread,certainty,,,,,,,,,0,36,36,78,1683.062136,1683.261997,x,1,1683.062136,None,0.4442021,-0.003703704,0.00462963,1,0,0,1.0972096,polygon,1680.462572,None,TRUE,6.3022489,6.3026465,0.592592593,0.192592593,1,0,0,6.3022489,two_up_right,1684.567413,None,1690.827441,None,28,1,2022_Jan_04_1211,untitled_1,2020.2.6,59.91963578
ירוק,red,z,0,Image_certainty//image98_alemnt13.jpg,13.jpg,three_middle_left,two_down_right,widespread,certainty,,,,,,,,,0,37,37,98,1693.177784,1693.377664,z,1,1693.177784,None,0.3390262,0,0,1,0,0,0.3486385,polygon,1691.32768,None,TRUE,1.6232515,1.6250675,0.712962963,-0.268518519,1,0,0,1.6232515,two_down_right,1694.594128,None,1696.161636,None,28,1,2022_Jan_04_1211,untitled_1,2020.2.6,59.91963578
ירוק,green,x,1,Image_certainty//image187_alemnt10.jpg,10.jpg,two_up_left,three_middle_right,widespread,certainty,,,,,,,,,0,38,38,187,1698.677097,1698.876822,x,1,1698.677097,None,0.5554467,0,0,1,0,0,0.4970385,polygon,1696.677196,None,,,,,,,,,,,1700.291623,1709.27842,1709.291628,None,28,1,2022_Jan_04_1211,untitled_1,2020.2.6,59.91963578
ירוק,green,x,1,Image_certainty//image160_alemnt8.jpg,8.jpg,two_down_left,two_up_right,widespread,certainty,,,,,,,,,0,39,39,160,1712.325405,1712.524974,x,1,1712.325405,None,0.4819658,-0.009259259,-0.000925926,1,0,0,1.030903,polygon,1709.79186,None,TRUE,6.6850575,6.6852693,0.562962963,0.188888889,1,0,0,6.6850575,two_up_right,1713.861879,None,1720.506878,None,28,1,2022_Jan_04_1211,untitled_1,2020.2.6,59.91963578
כחול,blue,c,1,Image_certainty//image173_alemnt12.jpg,12.jpg,two_up_left,three_middle_right,widespread,certainty,,,,,,,,,0,40,40,173,1723.073737,1723.273745,c,1,1723.073737,None,0.4512098,0,0,1,0,0,0.5634682,polygon,1721.00734,None,TRUE,6.1692184,6.1718016,0.784259259,-0.014814815,1,0,0,6.1692184,three_middle_right,1724.609447,None,1730.722946,None,28,1,2022_Jan_04_1211,untitled_1,2020.2.6,59.91963578
ירוק,blue,c,0,Image_certainty//image51_alemnt14.jpg,14.jpg,three_middle_left,one_down_right,widespread,certainty,,,,,,,,,0,41,41,51,1733.289218,1733.488816,c,1,1733.289218,None,0.5878804,0,0,1,0,0,0.5644498,polygon,1731.222641,None,TRUE,7.206771,7.2123461,0.481481481,-0.215740741,1,0,0,7.206771,one_down_right,1734.948168,None,1742.112032,None,28,1,2022_Jan_04_1211,untitled_1,2020.2.6,59.91963578
אדום,blue,c,0,Image_certainty//image19_alemnt4.jpg,4.jpg,one_middle_left,two_middle_right,infrequent,certainty,,,,,,,,,0,42,42,19,1744.50437,1744.704323,c,1,1744.50437,None,0.8322342,0,0,1,0,0,0.3815843,polygon,1742.620922,None,TRUE,6.5544372,6.5568342,0.575925926,-0.037962963,1,0,0,6.5544372,two_middle_right,1746.390847,None,1752.906231,None,28,1,2022_Jan_04_1211,untitled_1,2020.2.6,59.91963578
כחול,blue,c,1,Image_certainty//image107_alemnt6.jpg,6.jpg,two_middle_left,two_up_right,infrequent,certainty,,,,,,,,,0,43,43,107,1755.253129,1755.452774,x,0,1755.253129,None,0.396193,0,0,1,0,0,0.3312089,polygon,1753.419481,None,TRUE,3.1054108,3.1058603,0.619444444,0.169444444,1,0,0,3.1054108,two_up_right,1756.72256,None,1759.770114,None,28,1,2022_Jan_04_1211,untitled_1,2020.2.6,59.91963578
ירוק,blue,c,0,Image_certainty//image63_alemnt13.jpg,13.jpg,three_middle_left,one_down_right,widespread,certainty,,,,,,,,,0,44,44,63,1764.018704,1764.21844,c,1,1764.018704,None,0.5106798,-0.013888889,0.007407407,1,0,0,0.9148393,polygon,1760.285375,None,TRUE,1.8057727,1.8122994,0.457407407,-0.233333333,1,0,0,1.8057727,one_down_right,1765.58831,None,1767.360086,None,28,1,2022_Jan_04_1211,untitled_1,2020.2.6,59.91963578
כחול,red,z,0,Image_certainty//image28_alemnt10.jpg,10.jpg,one_down_left,two_down_right,widespread,certainty,,,,,,,,,0,45,45,28,1769.717836,1769.917624,z,1,1769.717836,None,0.3512829,0,0,1,0,0,0.3480423,polygon,1767.867907,None,TRUE,4.7374619,4.7422227,0.716666667,-0.271296296,1,0,0,4.7374619,two_down_right,1771.143792,None,1775.836283,None,28,1,2022_Jan_04_1211,untitled_1,2020.2.6,59.91963578
אדום,red,z,1,Image_certainty//image126_alemnt9.jpg,9.jpg,two_down_left,one_middle_right,widespread,certainty,,,,,,,,,0,46,46,126,1778.28338,1778.483133,z,1,1778.28338,None,0.6316767,0,0,1,0,0,0.4331204,polygon,1776.349883,None,TRUE,4.6524411,4.6540972,0.409259259,0.035185185,1,0,0,4.6524411,one_middle_right,1779.980863,None,1784.581801,None,28,1,2022_Jan_04_1211,untitled_1,2020.2.6,59.91963578
ירוק,red,z,0,Image_certainty//image14_alemnt6.jpg,6.jpg,two_up_left,one_up_right,infrequent,certainty,,,,,,,,,0,47,47,14,1786.982256,1787.181714,z,1,1786.982256,None,0.4456959,0,0,1,0,0,0.412148,polygon,1785.082317,None,TRUE,2.004798,2.0053978,0.346296296,0.190740741,1,0,0,2.004798,one_up_right,1788.479873,None,1790.448001,None,28,1,2022_Jan_04_1211,untitled_1,2020.2.6,59.91963578
כחול,blue,c,1,Image_certainty//image101_alemnt6.jpg,6.jpg,one_down_left,two_middle_right,infrequent,certainty,,,,,,,,,0,48,48,101,1792.798159,1792.997974,c,1,1792.798159,None,0.56131,0,0,1,0,0,0.3473118,polygon,1790.948205,None,,,,,,,,,,,1794.411623,1803.399152,1803.412688,None,28,1,2022_Jan_04_1211,untitled_1,2020.2.6,59.91963578
כחול,blue,c,1,Image_certainty//image146_alemnt12.jpg,12.jpg,one_up_left,two_middle_right,widespread,certainty,,,,,,,,,0,49,49,146,1806.22988,1806.429622,c,1,1806.22988,None,0.5938093,0.009259259,-0.00462963,1,0,0,0.8138549,polygon,1803.913268,None,TRUE,4.9048234,4.9059428,0.552777778,-0.049074074,1,0,0,4.9048234,two_middle_right,1807.882963,None,1812.744616,None,28,1,2022_Jan_04_1211,untitled_1,2020.2.6,59.91963578
כחול,blue,c,1,Image_certainty//image131_alemnt13.jpg,13.jpg,one_middle_left,one_middle_right,widespread,certainty,,,,,,,,,0,50,50,131,1815.11199,1815.311878,c,1,1815.11199,None,0.4678555,0,0,1,0,0,0.363455,polygon,1813.245276,None,TRUE,3.8375112,3.8407029,0.350925926,-0.014814815,1,0,0,3.8375112,one_middle_right,1816.656302,None,1820.448154,None,28,1,2022_Jan_04_1211,untitled_1,2020.2.6,59.91963578
אדום,blue,c,0,Image_certainty//image55_alemnt12.jpg,12.jpg,three_middle_left,one_middle_right,widespread,certainty,,,,,,,,,0,51,51,55,1822.827457,1823.027291,c,1,1822.827457,None,0.88299,0,0,1,0,0,0.3666883,polygon,1820.961002,None,TRUE,1.5890009,1.5921579,0.340740741,0.02037037,1,0,0,1.5890009,one_middle_right,1824.767783,None,1826.314674,None,28,1,2022_Jan_04_1211,untitled_1,2020.2.6,59.91963578
אדום,green,x,0,Image_certainty//image90_alemnt12.jpg,12.jpg,three_middle_left,two_up_right,widespread,certainty,,,,,,,,,0,52,52,90,1829.01029,1829.210027,x,1,1829.01029,None,0.4530665,0.012962963,0.003703704,1,0,0,0.6811724,polygon,1826.826872,None,TRUE,8.0051977,8.0056247,0.571296296,0.189814815,1,0,0,8.0051977,two_up_right,1830.525521,None,1838.493346,None,28,1,2022_Jan_04_1211,untitled_1,2020.2.6,59.91963578
אדום,red,z,1,Image_certainty//image150_alemnt13.jpg,13.jpg,one_down_left,two_down_right,widespread,certainty,,,,,,,,,0,53,53,150,1840.858614,1841.058164,z,1,1840.858614,None,0.5806144,0,0,1,0,0,0.3480206,polygon,1839.008644,None,TRUE,2.337149,2.3413746,0.788888889,-0.227777778,1,0,0,2.337149,two_down_right,1842.514227,None,1844.794051,None,28,1,2022_Jan_04_1211,untitled_1,2020.2.6,59.91963578
אדום,red,z,1,Image_certainty//image159_alemnt13.jpg,13.jpg,one_middle_left,two_middle_right,widespread,certainty,,,,,,,,,0,54,54,159,1847.807726,1848.007594,z,1,1847.807726,None,0.385146,-0.014814815,-0.000925926,1,0,0,1.0114205,polygon,1845.307537,None,TRUE,2.6684985,2.6701478,0.559259259,-0.068518519,1,0,0,2.6684985,two_middle_right,1849.257503,None,1851.88964,None,28,1,2022_Jan_04_1211,untitled_1,2020.2.6,59.91963578
כחול,green,x,0,Image_certainty//image47_alemnt13.jpg,13.jpg,one_middle_left,one_middle_right,widespread,certainty,,,,,,,,,0,55,55,47,1854.223604,1854.423411,x,1,1854.223604,None,0.5564599,0,0,1,0,0,0.3319143,polygon,1852.390256,None,TRUE,2.3017253,2.3028773,0.378703704,0,1,0,0,2.3017253,one_middle_right,1855.843684,None,1858.105593,None,28,1,2022_Jan_04_1211,untitled_1,2020.2.6,59.91963578
אדום,green,x,0,Image_certainty//image12_alemnt1.jpg,1.jpg,one_up_left,two_up_right,infrequent,certainty,,,,,,,,,0,56,56,12,1860.389405,1860.589294,x,1,1860.389405,None,0.5438825,0,0,1,0,0,0.2958149,polygon,1858.606099,None,TRUE,3.3543698,3.3549804,0.538888889,0.214814815,1,0,0,3.3543698,two_up_right,1861.99458,None,1865.307049,None,28,1,2022_Jan_04_1211,untitled_1,2020.2.6,59.91963578
כחול,red,z,0,Image_certainty//image34_alemnt8.jpg,8.jpg,one_middle_left,two_up_right,widespread,certainty,,,,,,,,,0,57,57,34,1868.221799,1868.421593,x,0,1868.221799,None,0.5566705,0,0,1,0,0,0.8976471,polygon,1865.821457,None,TRUE,4.5180514,4.5183014,0.580555556,0.256481481,1,0,0,4.5180514,two_up_right,1869.845831,None,1874.32021,None,28,1,2022_Jan_04_1211,untitled_1,2020.2.6,59.91963578
כחול,blue,c,1,Image_certainty//image179_alemnt12.jpg,12.jpg,two_middle_left,one_down_right,widespread,certainty,,,,,,,,,0,58,58,179,1877.037408,1877.237146,c,1,1877.037408,None,0.5122861,0,0,1,0,0,0.7142565,polygon,1874.820686,None,TRUE,2.122477,2.127634,0.443518519,-0.199074074,1,0,0,2.122477,one_down_right,1878.608623,None,1880.694073,None,28,1,2022_Jan_04_1211,untitled_1,2020.2.6,59.91963578
ירוק,green,x,1,Image_certainty//image118_alemnt6.jpg,6.jpg,one_up_left,one_up_right,infrequent,certainty,,,,,,,,,0,59,59,118,1883.036458,1883.236328,x,1,1883.036458,None,0.684034,0,0,1,0,0,0.3306609,polygon,1881.203158,None,,,,,,,,,,,1884.77143,1893.75434,1893.768008,None,28,1,2022_Jan_04_1211,untitled_1,2020.2.6,59.91963578
ירוק,blue,c,0,Image_certainty//image99_alemnt10.jpg,10.jpg,three_middle_left,one_middle_right,widespread,certainty,,,,,,,,,0,60,60,99,1896.268054,1896.468021,c,1,1896.268054,None,0.5662135,0,0,1,0,0,0.4975026,polygon,1894.268144,None,TRUE,1.202004,1.2028689,0.363888889,-0.003703704,1,0,0,1.202004,one_middle_right,1897.896568,None,1899.050278,None,28,1,2022_Jan_04_1211,untitled_1,2020.2.6,59.91963578
אדום,red,z,1,Image_certainty//image114_alemnt2.jpg,2.jpg,one_middle_left,one_middle_right,infrequent,certainty,,,,,,,,,0,61,61,114,1901.450849,1901.650547,z,1,1901.450849,None,0.3884651,0,0,1,0,0,0.3974236,polygon,1899.550777,None,TRUE,2.3034155,2.304443,0.373148148,-0.010185185,1,0,0,2.3034155,one_middle_right,1902.920504,None,1905.166122,None,28,1,2022_Jan_04_1211,untitled_1,2020.2.6,59.91963578
אדום,red,z,1,Image_certainty//image174_alemnt10.jpg,10.jpg,one_down_left,three_middle_right,widespread,certainty,,,,,,,,,0,62,62,174,1907.482949,1907.683093,z,1,1907.482949,None,0.4703168,0,0,1,0,0,0.314839,polygon,1905.666672,None,TRUE,4.8505491,4.8518619,0.792592593,0.100925926,1,0,0,4.8505491,three_middle_right,1909.032776,None,1913.83176,None,28,1,2022_Jan_04_1211,untitled_1,2020.2.6,59.91963578
אדום,green,x,0,Image_certainty//image66_alemnt11.jpg,11.jpg,one_up_left,two_up_right,widespread,certainty,,,,,,,,,0,63,63,66,1916.248844,1916.448584,x,1,1916.248844,None,0.6743789,0,0,1,0,0,0.4140146,polygon,1914.332252,None,TRUE,4.3025993,4.3030559,0.598148148,0.17962963,1,0,0,4.3025993,two_up_right,1917.997343,None,1922.247372,None,28,1,2022_Jan_04_1211,untitled_1,2020.2.6,59.91963578
אדום,red,z,1,Image_certainty//image183_alemnt9.jpg,9.jpg,three_middle_left,two_down_right,widespread,certainty,,,,,,,,,0,64,64,183,1924.547919,1924.747254,z,1,1924.547919,None,0.5320259,0,0,1,0,0,0.3158675,polygon,1922.747768,None,TRUE,5.4536169,5.4564103,0.737037037,-0.193518519,1,0,0,5.4536169,two_down_right,1926.127479,None,1931.547497,None,28,1,2022_Jan_04_1211,untitled_1,2020.2.6,59.91963578
ירוק,red,z,0,Image_certainty//image62_alemnt11.jpg,11.jpg,two_down_left,two_middle_right,widespread,certainty,,,,,,,,,0,65,65,62,1933.763206,1933.963066,z,1,1933.763206,None,0.4041344,0,0,1,0,0,0.2136853,polygon,1932.046563,None,,,,,,,,,,,1935.233108,1944.215049,1944.244373,None,28,1,2022_Jan_04_1211,untitled_1,2020.2.6,59.91963578
כחול,red,z,0,Image_certainty//image70_alemnt14.jpg,14.jpg,two_down_left,one_middle_right,widespread,certainty,,,,,,,,,0,66,66,70,1946.761499,1946.961341,z,1,1946.761499,None,0.5130774,0,0,1,0,0,0.5134702,polygon,1944.744611,None,TRUE,2.0707679,2.0740136,0.367592593,-0.00462963,1,0,0,2.0707679,one_middle_right,1948.337783,None,1950.365122,None,28,1,2022_Jan_04_1211,untitled_1,2020.2.6,59.91963578
ירוק,blue,c,0,Image_certainty//image75_alemnt11.jpg,11.jpg,two_up_left,one_middle_right,widespread,certainty,,,,,,,,,0,67,67,75,1952.727386,1952.927137,c,1,1952.727386,None,0.4772926,0,0,1,0,0,0.3474874,polygon,1950.877441,None,TRUE,6.5707634,6.5736451,0.414814815,0.019444444,1,0,0,6.5707634,one_middle_right,1954.255525,None,1960.796869,None,28,1,2022_Jan_04_1211,untitled_1,2020.2.6,59.91963578
כחול,green,x,0,Image_certainty//image95_alemnt9.jpg,9.jpg,two_up_left,two_down_right,widespread,certainty,,,,,,,,,0,68,68,95,1963.176053,1963.375805,c,0,1963.176053,None,0.5774239,0,0,1,0,0,0.3638693,polygon,1961.309412,None,TRUE,8.7208025,8.7248921,0.687962963,-0.184259259,1,0,0,8.7208025,two_down_right,1964.807802,None,1973.495841,None,28,1,2022_Jan_04_1211,untitled_1,2020.2.6,59.91963578
ירוק,blue,c,0,Image_certainty//image45_alemnt9.jpg,9.jpg,one_down_left,three_middle_right,widespread,certainty,,,,,,,,,0,69,69,45,1975.924085,1976.124232,x,0,1975.924085,None,0.3573076,0,0,1,0,0,0.4177875,polygon,1974.007713,None,TRUE,2.4198314,2.4220747,0.712037037,0.078703704,1,0,0,2.4198314,three_middle_right,1977.350364,None,1979.723152,None,28,1,2022_Jan_04_1211,untitled_1,2020.2.6,59.91963578
ירוק,blue,c,0,Image_certainty//image81_alemnt14.jpg,14.jpg,three_middle_left,one_down_right,widespread,certainty,,,,,,,,,0,70,70,81,1982.056928,1982.256661,x,0,1982.056928,None,0.5845193,0,0,1,0,0,0.3308276,polygon,1980.223553,None,TRUE,6.2216128,6.225914,0.419444444,-0.250925926,1,0,0,6.2216128,one_down_right,1983.702544,None,1989.893148,None,28,1,2022_Jan_04_1211,untitled_1,2020.2.6,59.91963578
כחול,blue,c,1,Image_certainty//image164_alemnt9.jpg,9.jpg,one_middle_left,three_middle_right,widespread,certainty,,,,,,,,,0,71,71,164,1997.638043,1997.83808,c,1,1997.638043,None,0.5908328,0,0,1,0,0,5.7321626,polygon,1990.405657,None,TRUE,8.7856471,8.7882673,0.719444444,0.040740741,1,0,0,8.7856471,three_middle_right,1999.297375,None,2008.037888,None,28,1,2022_Jan_04_1211,untitled_1,2020.2.6,59.91963578
אדום,red,z,1,Image_certainty//image144_alemnt8.jpg,8.jpg,two_middle_left,two_down_right,widespread,certainty,,,,,,,,,0,72,72,144,2010.869874,2011.069735,z,1,2010.869874,None,0.4981137,0,0,1,0,0,0.8284216,polygon,2008.5533,None,TRUE,5.5216086,5.751648,0.82962963,-0.236111111,1,0,0,5.5216086,,2012.427162,None,2018.134889,None,28,1,2022_Jan_04_1211,untitled_1,2020.2.6,59.91963578
כחול,blue,c,1,Image_certainty//image170_alemnt13.jpg,13.jpg,one_down_left,two_middle_right,widespread,certainty,,,,,,,,,0,73,73,170,2020.951897,2021.151352,c,1,2020.951897,None,0.6991927,0,0,1,0,0,0.8142089,polygon,2018.635059,None,TRUE,2.1220628,2.1245642,0.543518519,-0.07962963,1,0,0,2.1220628,two_middle_right,2022.725547,None,2024.786361,None,28,1,2022_Jan_04_1211,untitled_1,2020.2.6,59.91963578
אדום,blue,c,0,Image_certainty//image85_alemnt14.jpg,14.jpg,two_down_left,three_middle_right,widespread,certainty,,,,,,,,,0,74,74,85,2027.167672,2027.367462,c,1,2027.167672,None,0.9373671,0,0,1,0,0,0.3646605,polygon,2025.301123,None,TRUE,3.1383723,3.1422889,0.703703704,0.028703704,1,0,0,3.1383723,three_middle_right,2029.167023,None,2032.272302,None,28,1,2022_Jan_04_1211,untitled_1,2020.2.6,59.91963578
אדום,red,z,1,Image_certainty//image153_alemnt9.jpg,9.jpg,three_middle_left,two_middle_right,widespread,certainty,,,,,,,,,0,75,75,153,2034.599769,2034.799909,z,1,2034.599769,None,0.4997784,0,0,1,0,0,0.3286837,polygon,2032.783479,None,TRUE,4.001971,4.0043129,0.562037037,-0.078703704,1,0,0,4.001971,two_middle_right,2036.162286,None,2040.115327,None,28,1,2022_Jan_04_1211,untitled_1,2020.2.6,59.91963578
כחול,blue,c,1,Image_certainty//image176_alemnt9.jpg,9.jpg,two_middle_left,one_down_right,widespread,certainty,,,,,,,,,0,76,76,176,2042.982499,2043.182339,c,1,2042.982499,None,0.8082503,0,0,1,0,0,0.8644024,polygon,2040.615755,None,TRUE,,7.5551096,,,,,,,,2044.862736,None,2052.363732,None,28,1,2022_Jan_04_1211,untitled_1,2020.2.6,59.91963578
ירוק,green,x,1,Image_certainty//image148_alemnt13.jpg,13.jpg,one_middle_left,two_up_right,widespread,certainty,,,,,,,,,0,77,77,148,2056.830808,2057.030139,x,1,2056.830808,None,0.5728952,-0.007407407,0.023148148,1,0,0,0.8665583,polygon,2052.864212,None,TRUE,2.3552974,2.3555142,0.572222222,0.203703704,1,0,0,2.3552974,two_up_right,2058.484906,None,2060.779417,None,28,1,2022_Jan_04_1211,untitled_1,2020.2.6,59.91963578
כחול,green,x,0,Image_certainty//image89_alemnt13.jpg,13.jpg,two_up_left,three_middle_right,widespread,certainty,,,,,,,,,0,78,78,89,2064.313042,2064.512657,x,1,2064.313042,None,0.5550326,-0.00462963,0.011111111,1,0,0,1.5334644,polygon,2061.279886,None,TRUE,6.7708289,6.9024146,0.640740741,0.099074074,1,0,0,6.7708289,,2065.931465,None,2072.794542,None,28,1,2022_Jan_04_1211,untitled_1,2020.2.6,59.91963578
ירוק,green,x,1,Image_certainty//image163_alemnt12.jpg,12.jpg,two_middle_left,three_middle_right,widespread,certainty,,,,,,,,,0,79,79,163,2075.378117,2075.577917,x,1,2075.378117,None,0.5412929,0,0,1,0,0,0.5950245,polygon,2073.294911,None,,,,,,,,,,,2076.986297,2085.979251,2085.99265,None,28,1,2022_Jan_04_1211,untitled_1,2020.2.6,59.91963578
ירוק,red,z,0,Image_certainty//image68_alemnt14.jpg,14.jpg,one_down_left,two_down_right,widespread,certainty,,,,,,,,,0,80,80,68,2088.543102,2088.742872,z,1,2088.543102,None,0.416852,0,0,1,0,0,0.5476392,polygon,2086.493262,None,TRUE,4.6206375,4.6242416,0.789814815,-0.22962963,1,0,0,4.6206375,two_down_right,2090.01156,None,2094.594993,None,28,1,2022_Jan_04_1211,untitled_1,2020.2.6,59.91963578
ירוק,green,x,1,Image_certainty//image127_alemnt14.jpg,14.jpg,one_up_left,two_middle_right,widespread,certainty,,,,,,,,,0,81,81,127,2097.108671,2097.308428,z,0,2097.108671,None,0.507734,0,0,1,0,0,0.4977364,polygon,2095.108527,None,TRUE,2.5860593,2.5884593,0.572222222,-0.074074074,1,0,0,2.5860593,two_middle_right,2098.705113,None,2101.224544,None,28,1,2022_Jan_04_1211,untitled_1,2020.2.6,59.91963578
אדום,red,z,1,Image_certainty//image123_alemnt13.jpg,13.jpg,one_up_left,one_down_right,widespread,certainty,,,,,,,,,0,82,82,123,2103.707807,2103.907537,z,1,2103.707807,None,0.4259193,0,0,1,0,0,0.4809867,polygon,2101.724488,None,TRUE,2.40578,2.4076549,0.414814815,-0.234259259,1,0,0,2.40578,one_down_right,2105.18794,None,2107.558952,None,28,1,2022_Jan_04_1211,untitled_1,2020.2.6,59.91963578
ירוק,red,z,0,Image_certainty//image50_alemnt11.jpg,11.jpg,three_middle_left,one_down_right,widespread,certainty,,,,,,,,,0,83,83,50,2110.590224,2110.790044,z,1,2110.590224,None,0.8222092,0,0,1,0,0,1.0137841,polygon,2108.073638,None,TRUE,,5.8893584,,,,,,,,2112.470716,None,2118.321646,None,28,1,2022_Jan_04_1211,untitled_1,2020.2.6,59.91963578
כחול,red,z,0,Image_certainty//image64_alemnt10.jpg,10.jpg,one_up_left,three_middle_right,widespread,certainty,,,,,,,,,0,84,84,64,2120.971847,2121.172043,z,1,2120.971847,None,0.7971556,0,0,1,0,0,0.6475348,polygon,2118.822056,None,TRUE,4.2525991,4.2536683,0.751851852,0.075,1,0,0,4.2525991,three_middle_right,2122.809209,None,2127.037149,None,28,1,2022_Jan_04_1211,untitled_1,2020.2.6,59.91963578
ירוק,green,x,1,Image_certainty//image172_alemnt8.jpg,8.jpg,two_middle_left,two_down_right,widespread,certainty,,,,,,,,,0,85,85,172,2129.420378,2129.620053,x,1,2129.420378,None,0.6645392,0,0,1,0,0,0.3985268,polygon,2127.537033,None,,,,,,,,,,,2131.147426,2140.139085,2140.152473,None,28,1,2022_Jan_04_1211,untitled_1,2020.2.6,59.91963578
אדום,red,z,1,Image_certainty//image168_alemnt10.jpg,10.jpg,two_middle_left,two_down_right,widespread,certainty,,,,,,,,,0,86,86,168,2142.835785,2143.035759,z,1,2142.835785,None,0.7610691,0,0,1,0,0,0.6799587,polygon,2140.652898,None,TRUE,1.8380467,1.8418049,0.69537037,-0.181481481,1,0,0,1.8380467,two_down_right,2144.66576,None,2146.456319,None,28,1,2022_Jan_04_1211,untitled_1,2020.2.6,59.91963578
אדום,red,z,1,Image_certainty//image138_alemnt9.jpg,9.jpg,one_down_left,two_down_right,widespread,certainty,,,,,,,,,0,87,87,138,2148.901963,2149.101114,z,1,2148.901963,None,0.3696476,0,0,1,0,0,0.4326184,polygon,2146.96842,None,TRUE,4.6545946,4.6594276,0.711111111,-0.200925926,1,0,0,4.6545946,two_down_right,2150.342153,None,2154.956009,None,28,1,2022_Jan_04_1211,untitled_1,2020.2.6,59.91963578
אדום,red,z,1,Image_certainty//image186_alemnt11.jpg,11.jpg,one_down_left,two_up_right,widespread,certainty,,,,,,,,,0,88,88,186,2157.584283,2157.783891,z,1,2157.584283,None,0.4146227,0,0,1,0,0,0.615518,polygon,2155.467566,None,TRUE,1.9860733,2.250229,0.49537037,0.207407407,1,0,0,1.9860733,,2159.060092,None,2161.266342,None,28,1,2022_Jan_04_1211,untitled_1,2020.2.6,59.91963578
ירוק,green,x,1,Image_certainty//image115_alemnt2.jpg,2.jpg,three_middle_left,one_down_right,infrequent,certainty,,,,,,,,,0,89,89,115,2163.799661,2163.999802,x,1,2163.799661,None,0.6166384,0,0,1,0,0,0.5306102,polygon,2161.766744,None,TRUE,5.2187415,5.2207897,0.525925926,-0.253703704,1,0,0,4.7044127,one_down_right,2165.477334,None,2170.648166,None,28,1,2022_Jan_04_1211,untitled_1,2020.2.6,59.91963578
כחול,blue,c,1,Image_certainty//image134_alemnt9.jpg,9.jpg,two_down_left,three_middle_right,widespread,certainty,,,,,,,,,0,90,90,134,2173.19835,2173.398455,c,1,2173.19835,None,0.6446226,0,0,1,0,0,0.5485406,polygon,2171.148709,None,,,,,,,,,,,2174.915385,2183.90051,2183.913694,None,28,1,2022_Jan_04_1211,untitled_1,2020.2.6,59.91963578
ירוק,green,x,1,Image_certainty//image112_alemnt3.jpg,3.jpg,one_down_left,two_up_right,infrequent,certainty,,,,,,,,,0,91,91,112,2186.397056,2186.596878,x,1,2186.397056,None,0.4694955,0,0,1,0,0,0.4805256,polygon,2184.413755,None,TRUE,4.8543583,4.8549079,0.591666667,0.20462963,1,0,0,4.8543583,two_up_right,2187.938753,None,2192.747495,None,28,1,2022_Jan_04_1211,untitled_1,2020.2.6,59.91963578
ירוק,green,x,1,Image_certainty//image199_alemnt9.jpg,9.jpg,one_up_left,one_down_right,widespread,certainty,,,,,,,,,0,92,92,199,2195.195591,2195.395758,x,1,2195.195591,None,0.4204793,0,0,1,0,0,0.4307404,polygon,2193.262637,None,TRUE,2.3195016,2.3226332,0.443518519,-0.234259259,1,0,0,2.3195016,one_down_right,2196.677503,None,2198.962281,None,28,1,2022_Jan_04_1211,untitled_1,2020.2.6,59.91963578
כחול,blue,c,1,Image_certainty//image194_alemnt11.jpg,11.jpg,three_middle_left,two_down_right,widespread,certainty,,,,,,,,,0,93,93,194,2201.444999,2201.644814,c,1,2201.444999,None,0.6839985,0,0,1,0,0,0.4841565,polygon,2199.461886,None,TRUE,3.22186,3.2275401,0.723148148,-0.237962963,1,0,0,3.22186,two_down_right,2203.186718,None,2206.368332,None,28,1,2022_Jan_04_1211,untitled_1,2020.2.6,59.91963578
ירוק,red,z,0,Image_certainty//image56_alemnt11.jpg,11.jpg,three_middle_left,two_up_right,widespread,certainty,,,,,,,,,0,94,94,56,2208.727468,2208.92704,z,1,2208.727468,None,0.3963721,0,0,1,0,0,0.3472853,polygon,2206.877568,None,TRUE,1.9894591,1.9896834,0.581481481,0.187037037,1,0,0,1.9894591,two_up_right,2210.194601,None,2212.126209,None,28,1,2022_Jan_04_1211,untitled_1,2020.2.6,59.91963578
אדום,red,z,1,Image_certainty//image156_alemnt11.jpg,11.jpg,two_down_left,one_down_right,widespread,certainty,,,,,,,,,0,95,95,156,2214.52659,2214.72661,z,1,2214.52659,None,0.4657216,0,0,1,0,0,0.3956625,polygon,2212.626757,None,TRUE,,4.6221062,,,,,,,,2216.048507,None,2220.625006,None,28,1,2022_Jan_04_1211,untitled_1,2020.2.6,59.91963578
ירוק,green,x,1,Image_certainty//image157_alemnt8.jpg,8.jpg,one_middle_left,three_middle_right,widespread,certainty,,,,,,,,,0,96,96,157,2223.092324,2223.292069,x,1,2223.092324,None,1.0691884,0,0,1,0,0,0.4825079,polygon,2221.125609,None,TRUE,4.4715195,4.4749941,0.768518519,0.053703704,1,0,0,4.4715195,three_middle_right,2225.239258,None,2229.663232,None,28,1,2022_Jan_04_1211,untitled_1,2020.2.6,59.91963578
ירוק,red,z,0,Image_certainty//image80_alemnt9.jpg,9.jpg,one_middle_left,one_middle_right,widespread,certainty,,,,,,,,,0,97,97,80,2232.024475,2232.224182,z,1,2232.024475,None,0.4144142,0,0,1,0,0,0.3494591,polygon,2230.174183,None,TRUE,4.1858607,4.1876185,0.374074074,-0.014814815,1,0,0,4.1858607,one_middle_right,2233.503348,None,2237.639754,None,28,1,2022_Jan_04_1211,untitled_1,2020.2.6,59.91963578
כחול,blue,c,1,Image_certainty//image182_alemnt9.jpg,9.jpg,one_up_left,two_middle_right,widespread,certainty,,,,,,,,,0,98,98,182,2239.990087,2240.189826,c,1,2239.990087,None,0.5152488,0,0,1,0,0,0.3500335,polygon,2238.140164,None,TRUE,1.6713733,1.6737566,0.552777778,-0.066666667,1,0,0,1.6713733,two_middle_right,2241.573896,None,2243.19034,None,28,1,2022_Jan_04_1211,untitled_1,2020.2.6,59.91963578
כחול,green,x,0,Image_certainty//image83_alemnt14.jpg,14.jpg,one_down_left,one_middle_right,widespread,certainty,,,,,,,,,0,99,99,83,2247.389295,2247.589,x,1,2247.389295,None,0.7971596,0,0,1,0,0,2.2000074,polygon,2243.689435,None,TRUE,7.90543,7.9065127,0.375,-0.025,1,0,0,7.90543,one_middle_right,2249.269747,None,2257.10448,None,28,1,2022_Jan_04_1211,untitled_1,2020.2.6,59.91963578
כחול,blue,c,1,Image_certainty//image122_alemnt14.jpg,14.jpg,one_down_left,two_up_right,widespread,certainty,,,,,,,,,0,100,100,122,2261.553712,2261.753845,c,1,2261.553712,None,0.4979279,-0.012962963,0.005555556,1,0,0,1.1968664,polygon,2257.604221,None,TRUE,4.9712729,4.9716865,0.587037037,0.225925926,1,0,0,4.9712729,two_up_right,2263.107934,None,2268.035831,None,28,1,2022_Jan_04_1211,untitled_1,2020.2.6,59.91963578
אדום,blue,c,0,Image_certainty//image13_alemnt2.jpg,2.jpg,two_up_left,one_down_right,infrequent,certainty,,,,,,,,,0,101,101,13,2270.336197,2270.536039,z,0,2270.336197,None,0.350661,0,0,1,0,0,0.2978603,polygon,2268.536215,None,,,,,,,,,,,2271.747028,2280.738133,2280.751061,None,28,1,2022_Jan_04_1211,untitled_1,2020.2.6,59.91963578
ירוק,red,z,0,Image_certainty//image38_alemnt8.jpg,8.jpg,two_up_left,two_down_right,widespread,certainty,,,,,,,,,0,102,102,38,2284.284017,2284.484051,z,1,2284.284017,None,0.7797557,0.001851852,-0.001851852,1,0,0,1.530625,polygon,2281.251143,None,TRUE,5.773198,5.7750913,0.721296296,-0.227777778,1,0,0,5.773198,two_down_right,2286.120989,None,2291.851225,None,28,1,2022_Jan_04_1211,untitled_1,2020.2.6,59.91963578
כחול,green,x,0,Image_certainty//image35_alemnt8.jpg,8.jpg,two_down_left,one_up_right,widespread,certainty,,,,,,,,,0,103,103,35,2294.199692,2294.399484,x,1,2294.199692,None,0.6030312,0,0,1,0,0,0.3305489,polygon,2292.366409,None,TRUE,3.2064779,3.2075328,0.360185185,0.197222222,1,0,0,3.2064779,one_up_right,2295.872329,None,2299.036096,None,28,1,2022_Jan_04_1211,untitled_1,2020.2.6,59.91963578
כחול,red,z,0,Image_certainty//image10_alemnt6.jpg,6.jpg,two_middle_left,three_middle_right,infrequent,certainty,,,,,,,,,0,104,104,10,2301.882067,2302.081938,z,1,2301.882067,None,0.516219,0,0,1,0,0,0.8309791,polygon,2299.548839,None,TRUE,3.3885542,3.391935,0.758333333,0.031481481,1,0,0,3.3885542,three_middle_right,2303.459392,None,2306.801913,None,28,1,2022_Jan_04_1211,untitled_1,2020.2.6,59.91963578
אדום,red,z,1,Image_certainty//image135_alemnt12.jpg,12.jpg,two_middle_left,one_middle_right,widespread,certainty,,,,,,,,,0,105,105,135,2309.397795,2309.59752,z,1,2309.397795,None,0.481384,0,0,1,0,0,0.5812398,polygon,2307.314202,None,TRUE,1.5364494,1.5375073,0.436111111,-0.036111111,1,0,0,1.5364494,one_middle_right,2310.939483,None,2312.429952,None,28,1,2022_Jan_04_1211,untitled_1,2020.2.6,59.91963578
ירוק,blue,c,0,Image_certainty//image87_alemnt11.jpg,11.jpg,three_middle_left,two_middle_right,widespread,certainty,,,,,,,,,0,106,106,87,2316.496963,2316.69667,c,1,2316.496963,None,0.8897863,-0.008333333,0.032407407,1,0,0,1.5310353,polygon,2312.930402,None,TRUE,5.6872896,5.6904966,0.562962963,-0.022222222,1,0,0,5.6872896,two_middle_right,2318.464474,None,2324.098531,None,28,1,2022_Jan_04_1211,untitled_1,2020.2.6,59.91963578
אדום,red,z,1,Image_certainty//image165_alemnt8.jpg,8.jpg,one_middle_left,one_up_right,widespread,certainty,,,,,,,,,0,107,107,165,2326.395572,2326.595244,z,1,2326.395572,None,0.3678037,0,0,1,0,0,0.2810345,polygon,2324.612222,None,TRUE,3.1386258,3.1389505,0.363888889,0.185185185,1,0,0,3.1386258,one_up_right,2327.847789,None,2330.910765,None,28,1,2022_Jan_04_1211,untitled_1,2020.2.6,59.91963578
ירוק,green,x,1,Image_certainty//image106_alemnt5.jpg,5.jpg,one_down_left,three_middle_right,infrequent,certainty,,,,,,,,,0,108,108,106,2333.244422,2333.444411,c,0,2333.244422,None,0.6226814,0,0,1,0,0,0.3313642,polygon,2331.411333,None,,,,,,,,,,,2334.936596,2343.929247,2343.942933,None,28,1,2022_Jan_04_1211,untitled_1,2020.2.6,59.91963578
אדום,blue,c,0,Image_certainty//image7_alemnt7.jpg,7.jpg,one_down_left,one_down_right,infrequent,certainty,,,,,,,,,0,109,109,7,2346.526257,2346.726141,c,1,2346.526257,None,0.5874249,0,0,1,0,0,0.5798215,polygon,2344.443011,None,TRUE,1.7396932,1.7449128,0.419444444,-0.211111111,1,0,0,1.7396932,one_down_right,2348.192867,None,2349.884383,None,28,1,2022_Jan_04_1211,untitled_1,2020.2.6,59.91963578
כחול,red,z,0,Image_certainty//image22_alemnt11.jpg,11.jpg,two_up_left,one_down_right,widespread,certainty,,,,,,,,,0,110,110,22,2352.125571,2352.324884,z,1,2352.125571,None,0.5091689,0,0,1,0,0,0.2308507,polygon,2350.392208,None,TRUE,4.8540413,4.85907,0.430555556,-0.249074074,1,0,0,4.8540413,one_down_right,2353.691388,None,2358.512714,None,28,1,2022_Jan_04_1211,untitled_1,2020.2.6,59.91963578
ירוק,green,x,1,Image_certainty//image103_alemnt1.jpg,1.jpg,two_down_left,one_middle_right,infrequent,certainty,,,,,,,,,0,111,111,103,2366.056759,2366.256703,x,1,2366.056759,None,0.5233782,0,0,1,0,0,5.5309536,polygon,2359.024402,None,TRUE,1.405962,1.4069937,0.391666667,0,1,0,0,1.405962,one_middle_right,2367.653424,None,2369.005739,None,28,1,2022_Jan_04_1211,untitled_1,2020.2.6,59.91963578
ירוק,red,z,0,Image_certainty//image2_alemnt4.jpg,4.jpg,one_down_left,two_down_right,infrequent,certainty,,,,,,,,,0,112,112,2,2372.556277,2372.756116,z,1,2372.556277,None,0.5548239,0,0,1,0,0,1.5477918,polygon,2369.506392,None,TRUE,6.0039906,6.0058727,0.67962963,-0.246296296,1,0,0,6.0039906,two_down_right,2374.179224,None,2380.137781,None,28,1,2022_Jan_04_1211,untitled_1,2020.2.6,59.91963578
אדום,green,x,0,Image_certainty//image42_alemnt12.jpg,12.jpg,two_up_left,one_up_right,widespread,certainty,,,,,,,,,0,113,113,42,2382.521649,2382.721386,x,1,2382.521649,None,0.8762758,0,0,1,0,0,0.3799034,polygon,2380.638259,None,TRUE,2.1533998,2.1541354,0.40462963,0.187037037,1,0,0,2.1533998,one_up_right,2384.462775,None,2386.57018,None,28,1,2022_Jan_04_1211,untitled_1,2020.2.6,59.91963578
ירוק,blue,c,0,Image_certainty//image93_alemnt14.jpg,14.jpg,one_down_left,one_middle_right,widespread,certainty,,,,,,,,,0,114,114,93,2388.970756,2389.170494,c,1,2388.970756,None,0.7624613,0,0,1,0,0,0.3966547,polygon,2387.070812,None,TRUE,6.900851,6.9021795,0.422222222,0.00462963,1,0,0,6.900851,one_middle_right,2390.792393,None,2397.65216,None,28,1,2022_Jan_04_1211,untitled_1,2020.2.6,59.91963578
ירוק,green,x,1,Image_certainty//image100_alemnt4.jpg,4.jpg,two_down_left,one_middle_right,infrequent,certainty,,,,,,,,,0,115,115,100,2399.985831,2400.185692,x,1,2399.985831,None,0.5401683,0,0,1,0,0,0.3453105,polygon,2398.152642,None,TRUE,1.6364644,1.6386144,0.351851852,0.002777778,1,0,0,1.6364644,one_middle_right,2401.59635,None,2403.185888,None,28,1,2022_Jan_04_1211,untitled_1,2020.2.6,59.91963578
כחול,blue,c,1,Image_certainty//image155_alemnt11.jpg,11.jpg,one_up_left,two_middle_right,widespread,certainty,,,,,,,,,0,116,116,155,2405.535155,2405.73518,c,1,2405.535155,None,0.7825641,0,0,1,0,0,0.3477623,polygon,2403.685304,None,TRUE,2.2873113,2.2908598,0.532407407,-0.069444444,1,0,0,2.2873113,two_middle_right,2407.373222,None,2409.622601,None,28,1,2022_Jan_04_1211,untitled_1,2020.2.6,59.91963578
אדום,red,z,1,Image_certainty//image102_alemnt1.jpg,1.jpg,three_middle_left,two_middle_right,infrequent,certainty,,,,,,,,,0,117,117,102,2411.934459,2412.13395,z,1,2411.934459,None,0.3126667,0,0,1,0,0,0.2980371,polygon,2410.134453,None,TRUE,6.1524914,6.1548865,0.559259259,-0.052777778,1,0,0,6.1524914,two_middle_right,2413.313877,None,2419.417183,None,28,1,2022_Jan_04_1211,untitled_1,2020.2.6,59.91963578
אדום,blue,c,0,Image_certainty//image1_alemnt6.jpg,6.jpg,two_down_left,one_up_right,infrequent,certainty,,,,,,,,,0,118,118,1,2421.716444,2421.916408,c,1,2421.716444,None,1.0198405,0,0,1,0,0,0.2992674,polygon,2419.916518,None,TRUE,7.4034928,7.4043014,0.371296296,0.187962963,1,0,0,7.4034928,one_up_right,2423.833642,None,2431.165052,None,28,1,2022_Jan_04_1211,untitled_1,2020.2.6,59.91963578
אדום,blue,c,0,Image_certainty//image73_alemnt10.jpg,10.jpg,two_down_left,one_down_right,widespread,certainty,,,,,,,,,0,119,119,73,2433.481609,2433.681407,c,1,2433.481609,None,0.6110706,0,0,1,0,0,0.3124743,polygon,2431.665008,None,TRUE,5.3013373,5.3031125,0.422222222,-0.207407407,1,0,0,5.3013373,one_down_right,2435.162173,None,2440.413288,None,28,1,2022_Jan_04_1211,untitled_1,2020.2.6,59.91963578
ירוק,green,x,1,Image_certainty//image175_alemnt11.jpg,11.jpg,one_middle_left,two_down_right,widespread,certainty,,,,,,,,,0,120,120,175,2442.746725,2442.946875,x,1,2442.746725,None,0.62999,0,0,1,0,0,0.3309278,polygon,2440.913812,None,TRUE,6.8176468,6.818778,0.737037037,-0.255555556,1,0,0,6.8176468,two_down_right,2444.446368,None,2451.211567,None,28,1,2022_Jan_04_1211,untitled_1,2020.2.6,59.91963578
ירוק,green,x,1,Image_certainty//image166_alemnt14.jpg,14.jpg,two_middle_left,one_middle_right,widespread,certainty,,,,,,,,,0,121,121,166,2453.361555,2453.561326,x,1,2453.361555,None,0.5855979,0,0,1,0,0,0.1650655,polygon,2451.711528,None,TRUE,1.4507662,1.4515783,0.340740741,0,1,0,0,1.4507662,one_middle_right,2455.029889,None,2456.427638,None,28,1,2022_Jan_04_1211,untitled_1,2020.2.6,59.91963578
כחול,red,z,0,Image_certainty//image46_alemnt8.jpg,8.jpg,two_middle_left,two_up_right,widespread,certainty,,,,,,,,,0,122,122,46,2458.727518,2458.927257,z,1,2458.727518,None,0.6673894,0,0,1,0,0,0.3159172,polygon,2456.927491,None,TRUE,7.4036054,7.4037722,0.594444444,0.208333333,1,0,0,7.4036054,two_up_right,2460.422828,None,2467.809425,None,28,1,2022_Jan_04_1211,untitled_1,2020.2.6,59.91963578
אדום,green,x,0,Image_certainty//image72_alemnt9.jpg,9.jpg,one_middle_left,two_down_right,widespread,certainty,,,,,,,,,0,123,123,72,2478.675292,2478.875505,x,1,2478.675292,None,0.4300331,0,0,1,0,0,8.8675571,polygon,2468.309422,None,TRUE,7.4360965,7.4396734,0.737037037,-0.206481481,1,0,0,7.4360965,two_down_right,2480.174447,None,2487.559503,None,28,1,2022_Jan_04_1211,untitled_1,2020.2.6,59.91963578
כחול,green,x,0,Image_certainty//image77_alemnt10.jpg,10.jpg,one_middle_left,two_up_right,widespread,certainty,,,,,,,,,0,124,124,77,2489.907658,2490.107393,x,1,2489.907658,None,0.4572033,0,0,1,0,0,0.3496693,polygon,2488.07419,None,TRUE,6.3518911,6.3522748,0.593518519,0.259259259,1,0,0,6.3518911,two_up_right,2491.424931,None,2497.739276,None,28,1,2022_Jan_04_1211,untitled_1,2020.2.6,59.91963578
אדום,red,z,1,Image_certainty//image129_alemnt8.jpg,8.jpg,one_middle_left,three_middle_right,widespread,certainty,,,,,,,,,0,125,125,129,2499.989695,2500.189406,z,1,2499.989695,None,0.5342304,0,0,1,0,0,0.2478008,polygon,2498.23966,None,TRUE,6.8044645,6.8079466,0.764814815,0.053703704,1,0,0,6.8044645,three_middle_right,2501.591815,None,2508.359668,None,28,1,2022_Jan_04_1211,untitled_1,2020.2.6,59.91963578
אדום,blue,c,0,Image_certainty//image37_alemnt13.jpg,13.jpg,two_down_left,one_up_right,widespread,certainty,,,,,,,,,0,126,126,37,2510.588372,2510.788018,c,1,2510.588372,None,0.6497069,0,0,1,0,0,0.2138753,polygon,2508.871649,None,TRUE,1.3889907,1.389354,0.328703704,0.187962963,1,0,0,1.3889907,one_up_right,2512.313446,None,2513.653834,None,28,1,2022_Jan_04_1211,untitled_1,2020.2.6,59.91963578
כחול,red,z,0,Image_certainty//image16_alemnt4.jpg,4.jpg,one_middle_left,two_up_right,infrequent,certainty,,,,,,,,,0,127,127,16,2516.10423,2516.304001,z,1,2516.10423,None,0.4733657,0,0,1,0,0,0.448026,polygon,2514.154252,None,TRUE,4.405018,4.4052289,0.578703704,0.230555556,1,0,0,4.405018,two_up_right,2517.642501,None,2522.002679,None,28,1,2022_Jan_04_1211,untitled_1,2020.2.6,59.91963578
ירוק,blue,c,0,Image_certainty//image33_alemnt13.jpg,13.jpg,three_middle_left,two_middle_right,widespread,certainty,,,,,,,,,0,128,128,33,2524.30293,2524.502526,c,1,2524.30293,None,0.8400345,0,0,1,0,0,0.3012838,polygon,2522.503213,None,TRUE,1.606174,1.6097206,0.509259259,-0.04537037,1,0,0,1.606174,two_middle_right,2526.213523,None,2527.774908,None,28,1,2022_Jan_04_1211,untitled_1,2020.2.6,59.91963578
אדום,green,x,0,Image_certainty//image6_alemnt7.jpg,7.jpg,three_middle_left,three_middle_right,infrequent,certainty,,,,,,,,,0,129,129,6,2531.05232,2531.252184,x,1,2531.05232,None,0.5671531,0.00462963,-0.019444444,1,0,0,1.2667707,polygon,2528.285717,None,TRUE,5.2207414,5.222166,0.739814815,0.026851852,1,0,0,5.2207414,three_middle_right,2532.691426,None,2537.867495,None,28,1,2022_Jan_04_1211,untitled_1,2020.2.6,59.91963578
אדום,blue,c,0,Image_certainty//image91_alemnt8.jpg,8.jpg,two_up_left,one_up_right,widespread,certainty,,,,,,,,,0,130,130,91,2540.017798,2540.217558,z,0,2540.017798,None,0.4765309,0,0,1,0,0,0.147259,polygon,2538.367771,None,,,,,,,,,,,2541.563705,2550.552955,2550.565734,None,28,1,2022_Jan_04_1211,untitled_1,2020.2.6,59.91963578
ירוק,red,z,0,Image_certainty//image92_alemnt10.jpg,10.jpg,one_down_left,two_middle_right,widespread,certainty,,,,,,,,,0,131,131,92,2553.016137,2553.215905,z,1,2553.016137,None,0.5506373,0,0,1,0,0,0.4480371,polygon,2551.066181,None,TRUE,2.0069643,2.0081274,0.509259259,-0.033333333,1,0,0,2.0069643,two_middle_right,2554.639888,None,2556.600113,None,28,1,2022_Jan_04_1211,untitled_1,2020.2.6,59.91963578
אדום,red,z,1,Image_certainty//image180_alemnt12.jpg,12.jpg,one_up_left,one_middle_right,widespread,certainty,,,,,,,,,0,132,132,180,2558.932014,2559.13157,z,1,2558.932014,None,0.4278163,0,0,1,0,0,0.313731,polygon,2557.115401,None,TRUE,2.0372638,2.0401286,0.373148148,0.028703704,1,0,0,2.0372638,one_middle_right,2560.440133,None,2562.417079,None,28,1,2022_Jan_04_1211,untitled_1,2020.2.6,59.91963578
אדום,green,x,0,Image_certainty//image60_alemnt13.jpg,13.jpg,one_middle_left,two_up_right,widespread,certainty,,,,,,,,,0,133,133,60,2564.731284,2564.931011,x,1,2564.731284,None,0.3809521,0,0,1,0,0,0.2976722,polygon,2562.931293,None,TRUE,3.3549116,3.3555097,0.610185185,0.164814815,1,0,0,3.3549116,two_up_right,2566.165362,None,2569.482019,None,28,1,2022_Jan_04_1211,untitled_1,2020.2.6,59.91963578
כחול,green,x,0,Image_certainty//image53_alemnt12.jpg,12.jpg,two_down_left,two_middle_right,widespread,certainty,,,,,,,,,0,134,134,53,2571.663406,2571.863397,x,1,2571.663406,None,0.5152776,0,0,1,0,0,0.1645721,polygon,2569.996985,None,TRUE,3.8877887,3.8913893,0.55462963,-0.075,1,0,0,3.8877887,two_middle_right,2573.248683,None,2577.083973,None,28,1,2022_Jan_04_1211,untitled_1,2020.2.6,59.91963578
כחול,blue,c,1,Image_certainty//image188_alemnt9.jpg,9.jpg,two_up_left,two_down_right,widespread,certainty,,,,,,,,,0,135,135,188,2579.196005,2579.395813,c,1,2579.196005,None,0.4995058,0,0,1,0,0,0.1157903,polygon,2577.596055,None,TRUE,3.0680642,3.0697177,0.703703704,-0.22962963,1,0,0,3.0680642,two_down_right,2580.747914,None,2583.778031,None,28,1,2022_Jan_04_1211,untitled_1,2020.2.6,59.91963578
ירוק,green,x,1,Image_certainty//image130_alemnt11.jpg,11.jpg,three_middle_left,two_down_right,widespread,certainty,,,,,,,,,0,136,136,130,2586.028232,2586.22826,x,1,2586.028232,None,0.513983,0,0,1,0,0,0.2474467,polygon,2584.278546,None,TRUE,3.3383865,3.3434739,0.730555556,-0.241666667,1,0,0,3.3383865,two_down_right,2587.59757,None,2590.89873,None,28,1,2022_Jan_04_1211,untitled_1,2020.2.6,59.91963578
אדום,green,x,0,Image_certainty//image84_alemnt12.jpg,12.jpg,one_up_left,one_up_right,widespread,certainty,,,,,,,,,0,137,137,84,2593.127578,2593.327308,x,1,2593.127578,None,0.5846984,0,0,1,0,0,0.2141265,polygon,2591.41088,None,TRUE,3.138071,3.1390943,0.325,0.183333333,1,0,0,3.138071,one_up_right,2594.772809,None,2597.879357,None,28,1,2022_Jan_04_1211,untitled_1,2020.2.6,59.91963578
ירוק,red,z,0,Image_certainty//image32_alemnt9.jpg,9.jpg,two_up_left,one_down_right,widespread,certainty,,,,,,,,,0,138,138,32,2600.10996,2600.309559,z,1,2600.10996,None,0.6000961,0,0,1,0,0,0.2140608,polygon,2598.393383,None,TRUE,8.1706515,8.1750833,0.510185185,-0.232407407,1,0,0,7.6508053,one_down_right,2601.770103,None,2609.897096,None,28,1,2022_Jan_04_1211,untitled_1,2020.2.6,59.91963578
כחול,green,x,0,Image_certainty//image65_alemnt9.jpg,9.jpg,two_middle_left,two_up_right,widespread,certainty,,,,,,,,,0,139,139,65,2612.258422,2612.457989,x,1,2612.258422,None,0.4026112,0,0,1,0,0,0.3481296,polygon,2610.408407,None,TRUE,3.4725312,3.4731723,0.582407407,0.261111111,1,0,0,3.4725312,two_up_right,2613.727422,None,2617.160857,None,28,1,2022_Jan_04_1211,untitled_1,2020.2.6,59.91963578
ירוק,red,z,0,Image_certainty//image20_alemnt10.jpg,10.jpg,two_up_left,two_up_right,widespread,certainty,,,,,,,,,0,140,140,20,2619.424141,2619.623678,z,1,2619.424141,None,0.558683,0,0,1,0,0,0.2471529,polygon,2617.674198,None,TRUE,5.5550375,5.5556295,0.614814815,0.226851852,1,0,0,5.5550375,two_up_right,2621.061886,None,2626.558261,None,28,1,2022_Jan_04_1211,untitled_1,2020.2.6,59.91963578
כחול,blue,c,1,Image_certainty//image119_alemnt6.jpg,6.jpg,two_middle_left,one_down_right,infrequent,certainty,,,,,,,,,0,141,141,119,2628.672955,2628.872714,c,1,2628.672955,None,0.8900214,0,0,1,0,0,0.0976791,polygon,2627.072987,None,TRUE,2.7337639,2.7353947,0.433333333,-0.224074074,1,0,0,2.7337639,one_down_right,2630.642862,None,2633.321574,None,28,1,2022_Jan_04_1211,untitled_1,2020.2.6,59.91963578
ירוק,green,x,1,Image_certainty//image190_alemnt12.jpg,12.jpg,one_down_left,one_middle_right,widespread,certainty,,,,,,,,,0,142,142,190,2635.62203,2635.821432,x,1,2635.62203,None,0.4449186,0,0,1,0,0,0.2968086,polygon,2633.822113,None,TRUE,,4.7057614,,,,,,,,2637.112653,None,2641.786949,None,28,1,2022_Jan_04_1211,untitled_1,2020.2.6,59.91963578
ירוק,green,x,1,Image_certainty//image178_alemnt8.jpg,8.jpg,two_up_left,one_up_right,widespread,certainty,,,,,,,,,0,143,143,178,2644.237607,2644.437166,x,1,2644.237607,None,0.4982948,0,0,1,0,0,0.449346,polygon,2642.287669,None,TRUE,5.1549669,5.155954,0.353703704,0.128703704,1,0,0,5.1549669,one_up_right,2645.803409,None,2650.903976,None,28,1,2022_Jan_04_1211,untitled_1,2020.2.6,59.91963578
אדום,green,x,0,Image_certainty//image48_alemnt9.jpg,9.jpg,one_down_left,one_down_right,widespread,certainty,,,,,,,,,0,144,144,48,2652.936438,2653.136156,x,1,2652.936438,None,0.6176672,0,0,1,0,0,0.0312194,polygon,2651.402843,None,TRUE,2.2909857,2.2959229,0.482407407,-0.225925926,1,0,0,2.2909857,one_down_right,2654.611571,None,2656.859867,None,28,1,2022_Jan_04_1211,untitled_1,2020.2.6,59.91963578
כחול,red,z,0,Image_certainty//image4_alemnt2.jpg,2.jpg,two_middle_left,two_middle_right,infrequent,certainty,,,,,,,,,0,145,145,4,2660.618813,2660.81865,z,1,2660.618813,None,0.5894993,0,0,1,0,0,1.7470551,polygon,2657.368999,None,TRUE,5.5046369,5.5081491,0.532407407,-0.060185185,1,0,0,5.5046369,two_middle_right,2662.284596,None,2667.738789,None,28,1,2022_Jan_04_1211,untitled_1,2020.2.6,59.91963578
כחול,blue,c,1,Image_certainty//image158_alemnt11.jpg,11.jpg,one_up_left,two_down_right,widespread,certainty,,,,,,,,,0,146,146,158,2681.015983,2681.215616,x,0,2681.015983,None,0.4229083,0,0,1,0,0,11.2639783,polygon,2668.250944,None,TRUE,6.5729061,6.578741,0.735185185,-0.249074074,1,0,0,6.5729061,two_down_right,2682.504363,None,2689.041144,None,28,1,2022_Jan_04_1211,untitled_1,2020.2.6,59.91963578
אדום,red,z,1,Image_certainty//image105_alemnt7.jpg,7.jpg,one_middle_left,one_up_right,infrequent,certainty,,,,,,,,,0,147,147,105,2691.381493,2691.580821,z,1,2691.381493,None,0.3360706,0,0,1,0,0,0.33026,polygon,2689.54814,None,,,,,,,,,,,2692.801597,2701.799488,2701.812857,None,28,1,2022_Jan_04_1211,untitled_1,2020.2.6,59.91963578
אדום,blue,c,0,Image_certainty//image97_alemnt8.jpg,8.jpg,one_middle_left,three_middle_right,widespread,certainty,,,,,,,,,0,148,148,97,2704.213167,2704.412725,x,0,2704.213167,None,0.3998851,0.000925926,0.001851852,1,0,0,0.3979764,polygon,2702.313208,None,TRUE,2.0555849,2.058608,0.715740741,0.040740741,1,0,0,2.0555849,three_middle_right,2705.67242,None,2707.683137,None,28,1,2022_Jan_04_1211,untitled_1,2020.2.6,59.91963578
ירוק,blue,c,0,Image_certainty//image57_alemnt13.jpg,13.jpg,two_down_left,two_middle_right,widespread,certainty,,,,,,,,,0,149,149,57,2710.228932,2710.428409,c,1,2710.228932,None,0.7454226,0,0,1,0,0,0.5454338,polygon,2708.195776,None,TRUE,4.2175174,4.2187737,0.537962963,-0.039814815,1,0,0,4.2175174,two_middle_right,2712.041898,None,2716.210723,None,28,1,2022_Jan_04_1211,untitled_1,2020.2.6,59.91963578
ירוק,green,x,1,Image_certainty//image145_alemnt12.jpg,12.jpg,two_down_left,two_down_right,widespread,certainty,,,,,,,,,0,150,150,145,2718.927908,2719.127649,x,1,2718.927908,None,0.5610862,0,0,1,0,0,0.7182423,polygon,2716.711325,None,TRUE,1.7236335,1.7252611,0.747222222,-0.230555556,1,0,0,1.7236335,two_down_right,2720.546537,None,2722.228531,None,28,1,2022_Jan_04_1211,untitled_1,2020.2.6,59.91963578
אדום,blue,c,0,Image_certainty//image31_alemnt9.jpg,9.jpg,one_up_left,one_down_right,widespread,certainty,,,,,,,,,0,151,151,31,2724.743584,2724.943638,c,1,2724.743584,None,0.9164178,0,0,1,0,0,0.49738,polygon,2722.743546,None,,,,,,,,,,,2726.710694,2735.695754,2735.708329,None,28,1,2022_Jan_04_1211,untitled_1,2020.2.6,59.91963578
ירוק,green,x,1,Image_certainty//image196_alemnt13.jpg,13.jpg,three_middle_left,one_down_right,widespread,certainty,,,,,,,,,0,152,152,196,2742.974976,2743.174199,x,1,2742.974976,None,0.4466294,-0.007407407,0.013888889,1,0,0,1.1312583,polygon,2736.208675,None,TRUE,2.1712913,2.1749354,0.462037037,-0.246296296,1,0,0,2.1712913,one_down_right,2744.498649,None,2746.611567,None,28,1,2022_Jan_04_1211,untitled_1,2020.2.6,59.91963578
ירוק,green,x,1,Image_certainty//image133_alemnt11.jpg,11.jpg,one_middle_left,two_up_right,widespread,certainty,,,,,,,,,0,153,153,133,2749.140651,2749.340355,x,1,2749.140651,None,0.553034,0,0,1,0,0,0.5136656,polygon,2747.124053,None,TRUE,2.7214876,2.7221116,0.561111111,0.192592593,1,0,0,2.7214876,two_up_right,2750.766371,None,2753.442468,None,28,1,2022_Jan_04_1211,untitled_1,2020.2.6,59.91963578
כחול,red,z,0,Image_certainty//image52_alemnt13.jpg,13.jpg,one_middle_left,two_middle_right,widespread,certainty,,,,,,,,,0,154,154,52,2756.956456,2757.156181,c,0,2756.956456,None,0.6709946,0,0,1,0,0,1.5118813,polygon,2753.956472,None,TRUE,3.3198022,3.3216675,0.540740741,-0.049074074,1,0,0,3.3198022,two_middle_right,2758.698685,None,2761.971646,None,28,1,2022_Jan_04_1211,untitled_1,2020.2.6,59.91963578
כחול,green,x,0,Image_certainty//image11_alemnt7.jpg,7.jpg,two_middle_left,one_middle_right,infrequent,certainty,,,,,,,,,0,155,155,11,2764.338609,2764.538405,x,1,2764.338609,None,0.4774712,0,0,1,0,0,0.364184,polygon,2762.472184,None,TRUE,,2.1396747,,,,,,,,2765.877605,None,2767.970699,None,28,1,2022_Jan_04_1211,untitled_1,2020.2.6,59.91963578
ירוק,green,x,1,Image_certainty//image109_alemnt5.jpg,5.jpg,one_down_left,two_middle_right,infrequent,certainty,,,,,,,,,0,156,156,109,2770.537822,2770.737707,x,1,2770.537822,None,0.6755565,0,0,1,0,0,0.5644293,polygon,2768.47129,None,,,,,,,,,,,2772.26131,2781.255481,2781.268998,None,28,1,2022_Jan_04_1211,untitled_1,2020.2.6,59.91963578
אדום,green,x,0,Image_certainty//image54_alemnt11.jpg,11.jpg,two_down_left,two_middle_right,widespread,certainty,,,,,,,,,0,157,157,54,2791.968581,2792.168237,x,1,2791.968581,None,0.8273933,0,0,1,0,0,8.6963384,polygon,2781.769499,None,TRUE,1.3883245,1.3895429,0.598148148,-0.037962963,1,0,0,1.3883245,two_middle_right,2793.869145,None,2795.200382,None,28,1,2022_Jan_04_1211,untitled_1,2020.2.6,59.91963578
כחול,blue,c,1,Image_certainty//image197_alemnt11.jpg,11.jpg,two_down_left,two_middle_right,widespread,certainty,,,,,,,,,0,158,158,197,2797.634354,2797.8342,c,1,2797.634354,None,0.5964103,0,0,1,0,0,0.445595,polygon,2795.70101,None,TRUE,1.3399463,1.3412223,0.592592593,-0.072222222,1,0,0,1.3399463,two_middle_right,2799.272151,None,2800.584452,None,28,1,2022_Jan_04_1211,untitled_1,2020.2.6,59.91963578
כחול,blue,c,1,Image_certainty//image113_alemnt2.jpg,2.jpg,one_up_left,two_up_right,infrequent,certainty,,,,,,,,,0,159,159,113,2802.933676,2803.133408,c,1,2802.933676,None,0.5319984,0,0,1,0,0,0.3483129,polygon,2801.083701,None,TRUE,4.4218089,4.4222272,0.583333333,0.162037037,1,0,0,4.4218089,two_up_right,2804.504671,None,2808.899478,None,28,1,2022_Jan_04_1211,untitled_1,2020.2.6,59.91963578
כחול,green,x,0,Image_certainty//image59_alemnt14.jpg,14.jpg,two_down_left,one_down_right,widespread,certainty,,,,,,,,,0,160,160,59,2811.232616,2811.432429,x,1,2811.232616,None,0.7961648,0,0,1,0,0,0.3315236,polygon,2809.399283,None,TRUE,2.8536947,2.8570599,0.448148148,-0.190740741,1,0,0,2.8536947,one_down_right,2813.095969,None,2815.90061,None,28,1,2022_Jan_04_1211,untitled_1,2020.2.6,59.91963578
ירוק,green,x,1,Image_certainty//image139_alemnt10.jpg,10.jpg,two_up_left,one_middle_right,widespread,certainty,,,,,,,,,0,161,161,139,2818.531623,2818.7315,x,1,2818.531623,None,0.5019988,0,0,1,0,0,0.6135812,polygon,2816.415041,None,TRUE,6.0059853,6.0070969,0.411111111,-0.012962963,1,0,0,6.0059853,one_middle_right,2820.102331,None,2826.064947,None,28,1,2022_Jan_04_1211,untitled_1,2020.2.6,59.91963578
אדום,red,z,1,Image_certainty//image171_alemnt12.jpg,12.jpg,one_up_left,two_down_right,widespread,certainty,,,,,,,,,0,162,162,171,2828.380292,2828.580113,z,1,2828.380292,None,0.4842682,0,0,1,0,0,0.2965449,polygon,2826.580169,None,TRUE,3.1574997,3.1629203,0.706481481,-0.214814815,1,0,0,3.1574997,two_down_right,2829.909542,None,2833.038774,None,28,1,2022_Jan_04_1211,untitled_1,2020.2.6,59.91963578
ירוק,red,z,0,Image_certainty//image8_alemnt6.jpg,6.jpg,one_down_left,one_up_right,infrequent,certainty,,,,,,,,,0,163,163,8,2835.412805,2835.612576,z,1,2835.412805,None,0.5232998,0,0,1,0,0,0.3643713,polygon,2833.546182,None,TRUE,2.8345477,2.8349101,0.325925926,0.183333333,1,0,0,2.8345477,one_up_right,2837.002736,None,2839.794756,None,28,1,2022_Jan_04_1211,untitled_1,2020.2.6,59.91963578
ירוק,green,x,1,Image_certainty//image142_alemnt14.jpg,14.jpg,three_middle_left,two_down_right,widespread,certainty,,,,,,,,,0,164,164,142,2841.878584,2842.078339,x,1,2841.878584,None,0.5518083,0,0,1,0,0,0.081533,polygon,2840.295109,None,TRUE,4.568674,4.5705086,0.766666667,-0.223148148,1,0,0,4.568674,two_down_right,2843.509054,None,2848.026871,None,28,1,2022_Jan_04_1211,untitled_1,2020.2.6,59.91963578
אדום,green,x,0,Image_certainty//image30_alemnt10.jpg,10.jpg,two_down_left,three_middle_right,widespread,certainty,,,,,,,,,0,165,165,30,2850.310858,2850.510688,x,1,2850.310858,None,0.5110919,0,0,1,0,0,0.2822893,polygon,2848.527513,None,TRUE,1.6867445,1.6890515,0.75462963,0.037962963,1,0,0,1.6867445,three_middle_right,2851.877037,None,2853.526522,None,28,1,2022_Jan_04_1211,untitled_1,2020.2.6,59.91963578
כחול,blue,c,1,Image_certainty//image104_alemnt3.jpg,3.jpg,three_middle_left,two_down_right,infrequent,certainty,,,,,,,,,0,166,166,104,2855.860131,2856.059925,c,1,2855.860131,None,0.5993245,0,0,1,0,0,0.3305067,polygon,2854.026861,None,TRUE,,2.6886589,,,,,,,,2857.526634,None,2860.175367,None,28,1,2022_Jan_04_1211,untitled_1,2020.2.6,59.91963578
אדום,blue,c,0,Image_certainty//image25_alemnt8.jpg,8.jpg,two_middle_left,one_down_right,widespread,certainty,,,,,,,,,0,167,167,25,2862.85923,2863.05906,c,1,2862.85923,None,0.764246,0,0,1,0,0,0.6848448,polygon,2860.67598,None,TRUE,5.8215147,5.8264941,0.403703704,-0.297222222,1,0,0,5.8215147,one_down_right,2864.681593,None,2870.464405,None,28,1,2022_Jan_04_1211,untitled_1,2020.2.6,59.91963578
אדום,red,z,1,Image_certainty//image120_alemnt12.jpg,12.jpg,two_up_left,two_up_right,widespread,certainty,,,,,,,,,0,168,168,120,2873.09119,2873.291082,z,1,2873.09119,None,0.5756655,0,0,1,0,0,0.6147091,polygon,2870.974652,None,TRUE,3.0708855,3.0715188,0.606481481,0.22962963,1,0,0,3.0708855,two_up_right,2874.740251,None,2877.758778,None,28,1,2022_Jan_04_1211,untitled_1,2020.2.6,59.91963578
אדום,red,z,1,Image_certainty//image117_alemnt1.jpg,1.jpg,one_up_left,two_up_right,infrequent,certainty,,,,,,,,,0,169,169,117,2880.890221,2881.089642,z,1,2880.890221,None,0.4222351,0.00462963,-0.006481481,1,0,0,1.1177134,polygon,2878.2734,None,TRUE,6.9870343,6.987254,0.572222222,0.197222222,1,0,0,6.9870343,two_up_right,2882.389263,None,2889.3216,None,28,1,2022_Jan_04_1211,untitled_1,2020.2.6,59.91963578
אדום,blue,c,0,Image_certainty//image67_alemnt13.jpg,13.jpg,three_middle_left,one_middle_right,widespread,certainty,,,,,,,,,0,170,170,67,2891.672166,2891.871828,c,1,2891.672166,None,0.3882471,0,0,1,0,0,0.3475662,polygon,2889.82213,None,TRUE,1.2400109,1.2435495,0.385185185,-0.036111111,1,0,0,1.2400109,one_middle_right,2893.142454,None,2894.326344,None,28,1,2022_Jan_04_1211,untitled_1,2020.2.6,59.91963578
אדום,green,x,0,Image_certainty//image36_alemnt10.jpg,10.jpg,three_middle_left,three_middle_right,widespread,certainty,,,,,,,,,0,171,171,36,2896.738156,2896.937481,x,1,2896.738156,None,0.5306704,0,0,1,0,0,0.3980099,polygon,2894.838189,None,TRUE,5.4886708,5.4926223,0.769444444,0.037962963,1,0,0,5.4886708,three_middle_right,2898.326038,None,2903.791937,None,28,1,2022_Jan_04_1211,untitled_1,2020.2.6,59.91963578
ירוק,green,x,1,Image_certainty//image154_alemnt9.jpg,9.jpg,one_middle_left,one_down_right,widespread,certainty,,,,,,,,,0,172,172,154,2906.136969,2906.336696,x,1,2906.136969,None,0.6278485,0,0,1,0,0,0.3308961,polygon,2904.303447,None,TRUE,4.2387105,4.2430662,0.430555556,-0.208333333,1,0,0,4.2387105,one_down_right,2907.836257,None,2912.023218,None,28,1,2022_Jan_04_1211,untitled_1,2020.2.6,59.91963578
כחול,blue,c,1,Image_certainty//image125_alemnt12.jpg,12.jpg,one_down_left,one_down_right,widespread,certainty,,,,,,,,,0,173,173,125,2914.635722,2914.835172,x,0,2914.635722,None,0.3879133,0,0,1,0,0,0.5957048,polygon,2912.535891,None,TRUE,1.5542426,1.557897,0.427777778,-0.214814815,1,0,0,1.5542426,one_down_right,2916.075817,None,2917.606059,None,28,1,2022_Jan_04_1211,untitled_1,2020.2.6,59.91963578
כחול,red,z,0,Image_certainty//image40_alemnt14.jpg,14.jpg,one_up_left,one_middle_right,widespread,certainty,,,,,,,,,0,174,174,40,2919.88503,2920.084543,z,1,2919.88503,None,0.5887917,0,0,1,0,0,0.2806876,polygon,2918.118447,None,TRUE,7.03687,7.0390095,0.377777778,-0.012962963,1,0,0,7.03687,one_middle_right,2921.525992,None,2928.535454,None,28,1,2022_Jan_04_1211,untitled_1,2020.2.6,59.91963578
אדום,red,z,1,Image_certainty//image147_alemnt9.jpg,9.jpg,three_middle_left,two_up_right,widespread,certainty,,,,,,,,,0,175,175,147,2930.833538,2931.033466,z,1,2930.833538,None,0.4812094,0,0,1,0,0,0.2815685,polygon,2929.050439,None,TRUE,5.7710438,5.7719927,0.616666667,0.225925926,1,0,0,5.7710438,two_up_right,2932.366335,None,2938.099209,None,28,1,2022_Jan_04_1211,untitled_1,2020.2.6,59.91963578
אדום,red,z,1,Image_certainty//image195_alemnt10.jpg,10.jpg,one_down_left,two_middle_right,widespread,certainty,,,,,,,,,0,176,176,195,2950.614572,2950.814012,z,1,2950.614572,None,0.367528,0,0,1,0,0,10.5163161,polygon,2938.599128,None,TRUE,6.2024707,6.2046571,0.559259259,-0.077777778,1,0,0,6.2024707,two_middle_right,2952.055174,None,2958.213872,None,28,1,2022_Jan_04_1211,untitled_1,2020.2.6,59.91963578
אדום,green,x,0,Image_certainty//image0_alemnt7.jpg,7.jpg,one_down_left,two_up_right,infrequent,certainty,,,,,,,,,0,177,177,0,2960.496497,2960.696238,x,1,2960.496497,None,0.6008329,0,0,1,0,0,0.2815381,polygon,2958.712963,None,TRUE,5.0724352,5.0730305,0.601851852,0.231481481,1,0,0,5.0724352,two_up_right,2962.156908,None,2967.179725,None,28,1,2022_Jan_04_1211,untitled_1,2020.2.6,59.91963578
ירוק,blue,c,0,Image_certainty//image39_alemnt12.jpg,12.jpg,one_middle_left,one_middle_right,widespread,certainty,,,,,,,,,0,178,178,39,2969.262084,2969.461758,c,1,2969.262084,None,0.5009302,0,0,1,0,0,0.0811667,polygon,2967.678504,None,TRUE,3.2541209,3.2573195,0.386111111,-0.015740741,1,0,0,3.2541209,one_middle_right,2970.836077,None,2974.049605,None,28,1,2022_Jan_04_1211,untitled_1,2020.2.6,59.91963578
כחול,green,x,0,Image_certainty//image23_alemnt9.jpg,9.jpg,one_up_left,two_up_right,widespread,certainty,,,,,,,,,0,179,179,23,2976.361116,2976.560892,x,1,2976.361116,None,0.6022465,0,0,1,0,0,0.29851,polygon,2974.561177,None,TRUE,7.3677316,7.3679671,0.578703704,0.259259259,1,0,0,7.3677316,two_up_right,2978.045425,None,2985.359203,None,28,1,2022_Jan_04_1211,untitled_1,2020.2.6,59.91963578
ירוק,blue,c,0,Image_certainty//image27_alemnt8.jpg,8.jpg,three_middle_left,two_middle_right,widespread,certainty,,,,,,,,,0,180,180,27,2987.443022,2987.64256,c,1,2987.443022,None,0.8258796,0,0,1,0,0,0.081006,polygon,2985.859481,None,TRUE,,5.1544278,,,,,,,,2989.336655,None,2994.441321,None,28,1,2022_Jan_04_1211,untitled_1,2020.2.6,59.91963578
אדום,red,z,1,Image_certainty//image177_alemnt11.jpg,11.jpg,two_down_left,three_middle_right,widespread,certainty,,,,,,,,,0,181,181,177,2996.824783,2997.024907,z,1,2996.824783,None,0.6967452,0,0,1,0,0,0.3959023,polygon,2994.941716,None,TRUE,3.155447,3.1585365,0.728703704,0.061111111,1,0,0,3.155447,three_middle_right,2998.591049,None,3001.695052,None,28,1,2022_Jan_04_1211,untitled_1,2020.2.6,59.91963578
אדום,blue,c,0,Image_certainty//image61_alemnt10.jpg,10.jpg,one_down_left,one_middle_right,widespread,certainty,,,,,,,,,0,182,182,61,3004.024184,3004.223917,c,1,3004.024184,None,0.9199726,0,0,1,0,0,0.3137367,polygon,3002.20755,None,TRUE,6.9216403,6.9244712,0.361111111,0,1,0,0,6.9216403,one_middle_right,3006.011996,None,3012.89333,None,28,1,2022_Jan_04_1211,untitled_1,2020.2.6,59.91963578
אדום,red,z,1,Image_certainty//image141_alemnt11.jpg,11.jpg,two_down_left,three_middle_right,widespread,certainty,,,,,,,,,0,183,183,141,3015.106092,3015.305942,z,1,3015.106092,None,0.5900271,0,0,1,0,0,0.1978314,polygon,3013.406087,None,TRUE,,7.3712034,,,,,,,,3016.773044,None,3024.087425,None,28,1,2022_Jan_04_1211,untitled_1,2020.2.6,59.91963578
כחול,blue,c,1,Image_certainty//image137_alemnt8.jpg,8.jpg,one_up_left,two_middle_right,widespread,certainty,,,,,,,,,0,184,184,137,3026.321058,3026.520766,c,1,3026.321058,None,0.5321357,0,0,1,0,0,0.2312704,polygon,3024.58792,None,TRUE,5.9882261,5.9918467,0.598148148,-0.048148148,1,0,0,5.9882261,two_middle_right,3027.919022,None,3033.859647,None,28,1,2022_Jan_04_1211,untitled_1,2020.2.6,59.91963578
אדום,green,x,0,Image_certainty//image96_alemnt14.jpg,14.jpg,one_up_left,two_down_right,widespread,certainty,,,,,,,,,0,185,185,96,3036.219811,3036.419549,None,0,3036.219811,None,,0,0,1,0,0,0.3473194,polygon,3034.369983,None,,,,,,,,,,,3038.464591,None,3047.434759,None,28,1,2022_Jan_04_1211,untitled_1,2020.2.6,59.91963578
כחול,green,x,0,Image_certainty//image29_alemnt13.jpg,13.jpg,one_middle_left,one_up_right,widespread,certainty,,,,,,,,,0,186,186,29,3050.534851,3050.734622,x,1,3050.534851,None,0.6304584,0,0,1,0,0,1.1002022,polygon,3047.934877,None,TRUE,1.9510104,1.9513583,0.34537037,0.175925926,1,0,0,1.9510104,one_up_right,3052.247714,None,3054.133553,None,28,1,2022_Jan_04_1211,untitled_1,2020.2.6,59.91963578
ירוק,green,x,1,Image_certainty//image184_alemnt14.jpg,14.jpg,one_up_left,two_middle_right,widespread,certainty,,,,,,,,,0,187,187,184,3056.567024,3056.767155,x,1,3056.567024,None,0.5008386,0,0,1,0,0,0.4307659,polygon,3054.634118,None,TRUE,3.0678577,3.0691626,0.558333333,-0.089814815,1,0,0,3.0678577,two_middle_right,3058.119128,None,3061.149207,None,28,1,2022_Jan_04_1211,untitled_1,2020.2.6,59.91963578
כחול,blue,c,1,Image_certainty//image116_alemnt2.jpg,2.jpg,one_middle_left,two_down_right,infrequent,certainty,,,,,,,,,0,188,188,116,3063.483174,3063.682865,c,1,3063.483174,None,0.5609277,0,0,1,0,0,0.3307979,polygon,3061.649768,None,,,,,,,,,,,3065.109651,3074.101445,3074.11461,None,28,1,2022_Jan_04_1211,untitled_1,2020.2.6,59.91963578
כחול,blue,c,1,Image_certainty//image128_alemnt13.jpg,13.jpg,two_up_left,three_middle_right,widespread,certainty,,,,,,,,,0,189,189,128,3077.131322,3077.331037,c,1,3077.131322,None,0.4838739,-0.003703704,0.014814815,1,0,0,1.029274,polygon,3074.614534,None,TRUE,3.956195,3.9601679,0.737037037,0.056481481,1,0,0,3.956195,three_middle_right,3078.677915,None,3082.587067,None,28,1,2022_Jan_04_1211,untitled_1,2020.2.6,59.91963578
אדום,red,z,1,Image_certainty//image111_alemnt3.jpg,3.jpg,one_middle_left,two_up_right,infrequent,certainty,,,,,,,,,0,190,190,111,3084.930173,3085.130088,z,1,3084.930173,None,0.3061917,0,0,1,0,0,0.3317344,polygon,3083.097078,None,TRUE,4.9360679,4.936483,0.619444444,0.237037037,1,0,0,4.9360679,two_up_right,3086.300458,None,3091.195631,None,28,1,2022_Jan_04_1211,untitled_1,2020.2.6,59.91963578
כחול,red,z,0,Image_certainty//image88_alemnt10.jpg,10.jpg,two_middle_left,two_up_right,widespread,certainty,,,,,,,,,0,191,191,88,3093.512233,3093.712325,z,1,3093.512233,None,0.5114861,0,0,1,0,0,0.3142071,polygon,3091.695862,None,TRUE,4.3043609,4.3049903,0.586111111,0.166666667,1,0,0,4.3043609,two_up_right,3095.084601,None,3099.346815,None,28,1,2022_Jan_04_1211,untitled_1,2020.2.6,59.91963578
אדום,blue,c,0,Image_certainty//image49_alemnt11.jpg,11.jpg,three_middle_left,two_middle_right,widespread,certainty,,,,,,,,,0,192,192,49,3101.628208,3101.827958,c,1,3101.628208,None,0.5918455,0,0,1,0,0,0.2647236,polygon,3099.861489,None,TRUE,5.7858595,5.7885775,0.586111111,-0.001851852,1,0,0,5.7858595,two_middle_right,3103.297694,None,3109.028154,None,28,1,2022_Jan_04_1211,untitled_1,2020.2.6,59.91963578
כחול,red,z,0,Image_certainty//image94_alemnt9.jpg,9.jpg,three_middle_left,two_down_right,widespread,certainty,,,,,,,,,0,193,193,94,3111.493524,3111.693338,z,1,3111.493524,None,0.5049933,0,0,1,0,0,0.447848,polygon,3109.543542,None,TRUE,7.6207215,7.622348,0.714814815,-0.241666667,1,0,0,7.6207215,two_down_right,3113.07608,None,3120.642505,None,28,1,2022_Jan_04_1211,untitled_1,2020.2.6,59.91963578
אדום,red,z,1,Image_certainty//image192_alemnt11.jpg,11.jpg,one_up_left,one_down_right,widespread,certainty,,,,,,,,,0,194,194,192,3133.990654,3134.190506,z,1,3133.990654,None,0.3621866,0,0,1,0,0,11.3491888,polygon,3121.142125,None,TRUE,8.8529581,8.854294,0.421296296,-0.180555556,1,0,0,8.8529581,one_down_right,3135.41854,None,3144.221867,None,28,1,2022_Jan_04_1211,untitled_1,2020.2.6,59.91963578
אדום,blue,c,0,Image_certainty//image43_alemnt11.jpg,11.jpg,two_down_left,one_up_right,widespread,certainty,,,,,,,,,0,195,195,43,3146.489046,3146.68873,c,1,3146.489046,None,0.5452261,0,0,1,0,0,0.2795168,polygon,3144.722327,None,TRUE,1.8228035,1.8237835,0.346296296,0.201851852,1,0,0,1.8228035,one_up_right,3148.105967,None,3149.874442,None,28,1,2022_Jan_04_1211,untitled_1,2020.2.6,59.91963578
אדום,red,z,1,Image_certainty//image108_alemnt2.jpg,2.jpg,one_down_left,one_up_right,infrequent,certainty,,,,,,,,,0,196,196,108,3152.221619,3152.421035,z,1,3152.221619,None,0.5010329,0,0,1,0,0,0.3302347,polygon,3150.388391,None,TRUE,3.3866071,3.387236,0.337037037,0.193518519,1,0,0,3.3866071,one_up_right,3153.788004,None,3157.136973,None,28,1,2022_Jan_04_1211,untitled_1,2020.2.6,59.91963578
ירוק,red,z,0,Image_certainty//image86_alemnt13.jpg,13.jpg,two_middle_left,one_up_right,widespread,certainty,,,,,,,,,0,197,197,86,3159.337109,3159.537139,z,1,3159.337109,None,0.3175294,0,0,1,0,0,0.197714,polygon,3157.637393,None,TRUE,2.6534883,2.6541569,0.375925926,0.212037037,1,0,0,2.6534883,one_up_right,3160.715662,None,3163.319676,None,28,1,2022_Jan_04_1211,untitled_1,2020.2.6,59.91963578
כחול,blue,c,1,Image_certainty//image110_alemnt5.jpg,5.jpg,three_middle_left,one_up_right,infrequent,certainty,,,,,,,,,0,198,198,110,3165.619796,3165.819651,c,1,3165.619796,None,0.7299369,0,0,1,0,0,0.3123336,polygon,3163.81993,None,,,,,,,,,,,3167.421377,3176.404796,3176.417882,None,28,1,2022_Jan_04_1211,untitled_1,2020.2.6,59.91963578
אדום,green,x,0,Image_certainty//image24_alemnt13.jpg,13.jpg,three_middle_left,one_middle_right,widespread,certainty,,,,,,,,,0,199,199,24,3178.701554,3178.901262,x,1,3178.701554,None,0.4736635,0,0,1,0,0,0.2806596,polygon,3176.918143,None,TRUE,1.4551287,1.4575521,0.364814815,-0.009259259,1,0,0,1.4551287,one_middle_right,3180.252753,None,3181.652666,None,28,1,2022_Jan_04_1211,untitled_1,2020.2.6,59.91963578
