﻿word,letterColor,corrAns,congruent,imageTrain,true_shaps,corrAnsLeft,corrAnsRight,common,experiment,stroop_loop.thisRepN,stroop_loop.thisTrialN,stroop_loop.thisN,stroop_loop.thisIndex,trail_certaninty.thisRepN,trail_certaninty.thisTrialN,trail_certaninty.thisN,trail_certaninty.thisIndex,test_certaincy.thisRepN,test_certaincy.thisTrialN,test_certaincy.thisN,test_certaincy.thisIndex,stroop_text.started,stroop_text.stopped,stroop_anser.keys,stroop_anser.corr,stroop_anser.rt,stroop_anser.started,stroop_anser.stopped,test_fixability_certity.x,test_fixability_certity.y,test_fixability_certity.leftButton,test_fixability_certity.midButton,test_fixability_certity.rightButton,test_fixability_certity.time,test_fixability_certity.clicked_name,test_fixability_certity.started,test_fixability_certity.stopped,test_certainty_mouse.started,test_certainty_mouse.stopped,text_5.started,text_5.stopped,test_certainty_anser_currect,finalClickTime,test_certainty_anser_time,test_certainty_mouse.x,test_certainty_mouse.y,test_certainty_mouse.leftButton,test_certainty_mouse.midButton,test_certainty_mouse.rightButton,test_certainty_mouse.time,test_certainty_mouse.clicked_name,participant,session,date,expName,psychopyVersion,frameRate
ירוק,blue,c,0,,,,,,,0,0,0,3,,,,,,,,,20.8119121,21.0116922,x,0,0.9463455,20.8119121,None,,,,,,,,,,,,,,,,,,,,,,,,29,1,2022_Jan_04_1308,untitled_1,2020.2.6,59.98976575
כחול,red,z,0,,,,,,,0,1,1,5,,,,,,,,,26.3112498,26.5109764,z,1,0.6942916,26.3112498,None,,,,,,,,,,,,,,,,,,,,,,,,29,1,2022_Jan_04_1308,untitled_1,2020.2.6,59.98976575
אדום,green,x,0,,,,,,,0,2,2,1,,,,,,,,,31.5439148,31.7436406,x,1,0.8935511,31.5439148,None,,,,,,,,,,,,,,,,,,,,,,,,29,1,2022_Jan_04_1308,untitled_1,2020.2.6,59.98976575
ירוק,green,x,1,,,,,,,0,3,3,2,,,,,,,,,36.9598108,37.1596,x,1,0.6750833,36.9598108,None,,,,,,,,,,,,,,,,,,,,,,,,29,1,2022_Jan_04_1308,untitled_1,2020.2.6,59.98976575
אדום,red,z,1,,,,,,,0,4,4,0,,,,,,,,,42.1591828,42.3589184,z,1,0.3923939,42.1591828,None,,,,,,,,,,,,,,,,,,,,,,,,29,1,2022_Jan_04_1308,untitled_1,2020.2.6,59.98976575
כחול,blue,c,1,,,,,,,0,5,5,4,,,,,,,,,47.0752144,47.2749822,c,1,0.6435311,47.0752144,None,,,,,,,,,,,,,,,,,,,,,,,,29,1,2022_Jan_04_1308,untitled_1,2020.2.6,59.98976575
כחול,red,z,0,,,,,,,1,0,6,5,,,,,,,,,52.2412443,52.440962,x,0,0.6278292,52.2412443,None,,,,,,,,,,,,,,,,,,,,,,,,29,1,2022_Jan_04_1308,untitled_1,2020.2.6,59.98976575
כחול,blue,c,1,,,,,,,1,1,7,4,,,,,,,,,57.3905082,57.5903045,c,1,0.6794301,57.3905082,None,,,,,,,,,,,,,,,,,,,,,,,,29,1,2022_Jan_04_1308,untitled_1,2020.2.6,59.98976575
אדום,red,z,1,,,,,,,1,2,8,0,,,,,,,,,62.58998,62.7896191,z,1,0.3981648,62.58998,None,,,,,,,,,,,,,,,,,,,,,,,,29,1,2022_Jan_04_1308,untitled_1,2020.2.6,59.98976575
ירוק,green,x,1,,,,,,,1,3,9,2,,,,,,,,,67.505792,67.7056146,x,1,0.4139594,67.505792,None,,,,,,,,,,,,,,,,,,,,,,,,29,1,2022_Jan_04_1308,untitled_1,2020.2.6,59.98976575
ירוק,blue,c,0,,,,,,,1,4,10,3,,,,,,,,,72.4386054,72.6383125,c,1,0.617263,72.4386054,None,,,,,,,,,,,,,,,,,,,,,,,,29,1,2022_Jan_04_1308,untitled_1,2020.2.6,59.98976575
אדום,green,x,0,,,,,,,1,5,11,1,,,,,,,,,77.5712871,77.7710321,z,0,0.6398708,77.5712871,None,,,,,,,,,,,,,,,,,,,,,,,,29,1,2022_Jan_04_1308,untitled_1,2020.2.6,59.98976575
כחול,red,z,0,,,,,,,2,0,12,5,,,,,,,,,82.7372656,82.9370011,z,1,1.0541654,82.7372656,None,,,,,,,,,,,,,,,,,,,,,,,,29,1,2022_Jan_04_1308,untitled_1,2020.2.6,59.98976575
ירוק,green,x,1,,,,,,,2,1,13,2,,,,,,,,,88.3198716,88.5195794,x,1,0.9421149,88.3198716,None,,,,,,,,,,,,,,,,,,,,,,,,29,1,2022_Jan_04_1308,untitled_1,2020.2.6,59.98976575
ירוק,blue,c,0,,,,,,,2,2,14,3,,,,,,,,,93.7858086,93.9855621,c,1,0.5804287,93.7858086,None,,,,,,,,,,,,,,,4.724296381,,,,,,,,,29,1,2022_Jan_04_1308,untitled_1,2020.2.6,59.98976575
אדום,green,x,0,,,,,,,2,3,15,1,,,,,,,,,98.8851935,99.0849025,z,0,0.5468199,98.8851935,None,,,,,,,,,,,,,,,2.111354797,,,,,,,,,29,1,2022_Jan_04_1308,untitled_1,2020.2.6,59.98976575
כחול,blue,c,1,,,,,,,2,4,16,4,,,,,,,,,103.9511641,104.1508823,c,1,0.6495887,103.9511641,None,,,,,,,,,,,,,,,,,,,,,,,,29,1,2022_Jan_04_1308,untitled_1,2020.2.6,59.98976575
אדום,red,z,1,,,,,,,2,5,17,0,,,,,,,,,109.117286,109.3168841,z,1,0.5571688,109.117286,None,,,,,,,,,,,,,,,,,,,,,,,,29,1,2022_Jan_04_1308,untitled_1,2020.2.6,59.98976575
אדום,green,x,0,train_Image_certainty//image6_alemnt6.jpg,6.jpg,one_middle_left,two_up_right,widespread,train_certainty,,,,,0,0,0,5,,,,,126.2316432,126.4313396,z,0,0.7273055,126.2316432,None,0,0,1,0,0,3.2865823,polygon,121.4500214,None,129.0635764,138.0169674,140.0795736,None,,,,,,,,,,,29,1,2022_Jan_04_1308,untitled_1,2020.2.6,59.98976575
אדום,red,z,1,train_Image_certainty//image15_alemnt1.jpg,1.jpg,one_up_left,one_middle_right,infrequent,train_certainty,,,,,0,1,1,14,,,,,143.9626851,144.1624036,None,0,,143.9626851,None,0.002777778,0.000925926,1,0,0,1.8977908,polygon,140.5794833,None,147.2038107,None,158.1938768,None,,,,,,,,,,,29,1,2022_Jan_04_1308,untitled_1,2020.2.6,59.98976575
ירוק,blue,c,0,train_Image_certainty//image3_alemnt3.jpg,3.jpg,two_down_left,three_middle_right,widespread,train_certainty,,,,,0,2,2,2,,,,,162.6268703,162.8265934,c,1,0.6796669,162.6268703,None,-0.028703704,-0.005555556,1,0,0,1.1497658,polygon,158.6938625,None,165.3692846,None,174.4584393,None,TRUE,7.1019226,7.1030521,0.718518519,0.042592593,1,0,0,7.1019226,three_middle_right,29,1,2022_Jan_04_1308,untitled_1,2020.2.6,59.98976575
כחול,green,x,0,train_Image_certainty//image5_alemnt5.jpg,5.jpg,one_middle_left,three_middle_right,widespread,train_certainty,,,,,0,3,3,4,,,,,177.3583109,177.5580091,x,1,0.7030953,177.3583109,None,0,0,1,0,0,0.9151276,polygon,174.9584103,None,180.1285192,None,185.5570197,None,TRUE,3.4351122,3.4362267,0.736111111,0.065740741,1,0,0,3.4351122,three_middle_right,29,1,2022_Jan_04_1308,untitled_1,2020.2.6,59.98976575
כחול,blue,c,1,train_Image_certainty//image14_alemnt14.jpg,14.jpg,three_middle_left,one_middle_right,widespread,train_certainty,,,,,0,4,4,13,,,,,190.5565391,190.7563394,None,0,,190.5565391,None,0.011111111,-0.00462963,1,0,0,3.0145998,polygon,186.0569303,None,193.7992123,None,198.2886958,None,TRUE,2.5018344,2.5027865,0.413888889,0.00462963,1,0,0,2.5018344,one_middle_right,29,1,2022_Jan_04_1308,untitled_1,2020.2.6,59.98976575
ירוק,green,x,1,train_Image_certainty//image13_alemnt13.jpg,13.jpg,two_up_left,one_up_right,widespread,train_certainty,,,,,0,5,5,12,,,,,202.5050577,202.7048503,x,1,0.7291959,202.5050577,None,0,0,1,0,0,2.231593,polygon,198.7886008,None,205.2898054,None,209.2205534,None,TRUE,1.9364885,1.9368264,0.371296296,0.189814815,1,0,0,1.9364885,one_up_right,29,1,2022_Jan_04_1308,untitled_1,2020.2.6,59.98976575
כחול,blue,c,1,train_Image_certainty//image11_alemnt11.jpg,11.jpg,two_down_left,one_down_right,widespread,train_certainty,,,,,0,6,6,10,,,,,211.9871426,212.18685,x,0,0.6795165,211.9871426,None,0,0,1,0,0,0.7816607,polygon,209.7205508,None,214.7230641,None,221.2356888,None,TRUE,4.5183607,4.5197805,0.412037037,-0.224074074,1,0,0,4.5183607,one_down_right,29,1,2022_Jan_04_1308,untitled_1,2020.2.6,59.98976575
אדום,blue,c,0,train_Image_certainty//image7_alemnt7.jpg,7.jpg,one_middle_left,one_up_right,widespread,train_certainty,,,,,0,7,7,6,,,,,223.9022869,224.102018,z,0,0.540097,223.9022869,None,0,0,1,0,0,0.6815389,polygon,221.7356118,None,226.5077405,None,234.9839557,None,FALSE,6.4846602,6.4862221,0.72037037,-0.25462963,1,0,0,6.4846602,two_down_right,29,1,2022_Jan_04_1308,untitled_1,2020.2.6,59.98976575
ירוק,red,z,0,train_Image_certainty//image8_alemnt8.jpg,8.jpg,two_down_left,two_middle_right,widespread,train_certainty,,,,,0,8,8,7,,,,,237.8170693,238.0168241,z,1,0.6963108,237.8170693,None,0,0,1,0,0,0.848267,polygon,235.4838539,None,240.5731678,None,250.6319145,None,FALSE,8.0688657,8.0697597,0.393518519,0.010185185,1,0,0,8.0688657,one_middle_right,29,1,2022_Jan_04_1308,untitled_1,2020.2.6,59.98976575
ירוק,blue,c,0,train_Image_certainty//image9_alemnt9.jpg,9.jpg,two_up_left,one_middle_right,widespread,train_certainty,,,,,0,9,9,8,,,,,253.4984257,253.698178,x,0,0.8883238,253.4984257,None,-0.000925926,0,1,0,0,0.8810671,polygon,251.1318395,None,256.4568616,None,264.8467142,None,FALSE,6.4029925,6.4032973,0.396296296,0.193518519,1,0,0,6.4029925,one_up_right,29,1,2022_Jan_04_1308,untitled_1,2020.2.6,59.98976575
ירוק,red,z,0,train_Image_certainty//image2_alemnt2.jpg,2.jpg,two_down_left,three_middle_right,widespread,train_certainty,,,,,0,10,10,1,,,,,268.7630683,268.9628595,z,1,0.5940672,268.7630683,None,0.018518519,0.015740741,1,0,0,0.9644476,polygon,265.346667,None,271.4226584,None,282.1611017,None,TRUE,8.7520677,8.7532279,0.716666667,0.078703704,1,0,0,8.7520677,three_middle_right,29,1,2022_Jan_04_1308,untitled_1,2020.2.6,59.98976575
אדום,red,z,1,train_Image_certainty//image12_alemnt12.jpg,12.jpg,one_down_left,one_up_right,widespread,train_certainty,,,,,0,11,11,11,,,,,284.7943874,284.9940794,z,1,0.8711973,284.7943874,None,0,0,1,0,0,0.6485693,polygon,282.6611146,None,287.7379395,296.7294959,298.7422787,None,,,,,,,,,,,29,1,2022_Jan_04_1308,untitled_1,2020.2.6,59.98976575
ירוק,green,x,1,train_Image_certainty//image10_alemnt10.jpg,10.jpg,two_up_left,three_middle_right,widespread,train_certainty,,,,,0,12,12,9,,,,,301.4755026,301.6752311,z,0,0.6449522,301.4755026,None,0,0,1,0,0,0.7480986,polygon,299.2422799,None,304.18538,None,308.1410638,None,TRUE,1.9691393,1.9704657,0.768518519,0.051851852,1,0,0,1.9691393,three_middle_right,29,1,2022_Jan_04_1308,untitled_1,2020.2.6,59.98976575
כחול,red,z,0,train_Image_certainty//image4_alemnt4.jpg,4.jpg,two_middle_left,two_up_right,widespread,train_certainty,,,,,0,13,13,3,,,,,311.1242561,311.3239995,x,0,0.5866401,311.1242561,None,0.002777778,0.000925926,1,0,0,0.9978069,polygon,308.6410561,None,313.7866122,None,318.6730524,None,TRUE,2.9035647,2.9037685,0.558333333,0.203703704,1,0,0,2.9035647,two_up_right,29,1,2022_Jan_04_1308,untitled_1,2020.2.6,59.98976575
אדום,blue,c,0,train_Image_certainty//image1_alemnt1.jpg,1.jpg,two_middle_left,one_down_right,widespread,train_certainty,,,,,0,14,14,0,,,,,321.4728908,321.6725917,x,0,1.1195671,321.4728908,None,0,0,1,0,0,0.8145557,polygon,319.173004,None,324.6704727,None,335.4541742,None,TRUE,8.8008798,8.8023695,0.503703704,-0.225925926,1,0,0,8.8008798,one_down_right,29,1,2022_Jan_04_1308,untitled_1,2020.2.6,59.98976575
כחול,blue,c,1,Image_certainty//image161_alemnt12.jpg,12.jpg,one_down_left,two_middle_right,widespread,certainty,,,,,,,,,0,0,0,161,344.5365942,344.7363669,c,1,1.1455716,344.5365942,None,0,0,1,0,0,1.8627657,polygon,341.1790535,None,346.7273435,None,350.7522186,None,TRUE,4.0526768,4.0537553,0.569444444,-0.055555556,1,0,0,4.0526768,two_middle_right,29,1,2022_Jan_04_1308,untitled_1,2020.2.6,59.98976575
אדום,green,x,0,Image_certainty//image18_alemnt4.jpg,4.jpg,three_middle_left,one_down_right,infrequent,certainty,,,,,,,,,0,1,1,18,353.4187079,353.6184718,z,0,0.6835697,353.4187079,None,0,0,1,0,0,0.6817978,polygon,351.252149,None,355.1431177,None,357.4680241,None,TRUE,2.3530213,2.3543645,0.425,-0.243518519,1,0,0,2.3530213,one_down_right,29,1,2022_Jan_04_1308,untitled_1,2020.2.6,59.98976575
אדום,green,x,0,Image_certainty//image90_alemnt12.jpg,12.jpg,three_middle_left,two_up_right,widespread,certainty,,,,,,,,,0,2,2,90,360.2512144,360.4509504,x,1,1.1439192,360.2512144,None,0,0,1,0,0,0.7983263,polygon,357.9679523,None,362.4350993,371.4197086,371.4328418,None,,,,,,,,,,,29,1,2022_Jan_04_1308,untitled_1,2020.2.6,59.98976575
אדום,blue,c,0,Image_certainty//image79_alemnt13.jpg,13.jpg,one_down_left,one_up_right,widespread,certainty,,,,,,,,,0,3,3,79,374.3827747,374.582461,c,1,1.0451155,374.3827747,None,-0.003703704,-0.015740741,1,0,0,0.9648905,polygon,371.932999,None,376.475687,None,384.847776,None,TRUE,8.4020269,8.402362,0.405555556,0.202777778,1,0,0,8.4020269,one_up_right,29,1,2022_Jan_04_1308,untitled_1,2020.2.6,59.98976575
ירוק,red,z,0,Image_certainty//image68_alemnt14.jpg,14.jpg,one_down_left,two_down_right,widespread,certainty,,,,,,,,,0,4,4,68,387.4643703,387.664104,z,1,1.0931513,387.4643703,None,0,0,1,0,0,0.6321002,polygon,385.3477388,None,389.6076788,None,397.0961841,None,TRUE,7.5181015,7.5198975,0.744444444,-0.200925926,1,0,0,7.5181015,two_down_right,29,1,2022_Jan_04_1308,untitled_1,2020.2.6,59.98976575
כחול,blue,c,1,Image_certainty//image170_alemnt13.jpg,13.jpg,one_down_left,two_middle_right,widespread,certainty,,,,,,,,,0,5,5,170,399.6627985,399.8625316,c,1,0.9754434,399.6627985,None,0,0,1,0,0,0.5808411,polygon,397.5961384,None,401.6898261,410.6643579,410.6944294,None,,,,,,,,,,,29,1,2022_Jan_04_1308,untitled_1,2020.2.6,59.98976575
אדום,red,z,1,Image_certainty//image150_alemnt13.jpg,13.jpg,one_down_left,two_down_right,widespread,certainty,,,,,,,,,0,6,6,150,414.6108237,414.8105476,z,1,0.8002147,414.6108237,None,-0.038888889,-0.02962963,1,0,0,0.9644457,polygon,411.1943884,None,416.4532616,None,420.3597858,None,TRUE,3.936724,3.9381397,0.697222222,-0.209259259,1,0,0,3.936724,two_down_right,29,1,2022_Jan_04_1308,untitled_1,2020.2.6,59.98976575
כחול,blue,c,1,Image_certainty//image152_alemnt14.jpg,14.jpg,one_middle_left,one_middle_right,widespread,certainty,,,,,,,,,0,7,7,152,423.426311,423.6261055,c,1,0.9663715,423.426311,None,-0.002777778,-0.011111111,1,0,0,1.0820922,polygon,420.85977,None,425.4351236,None,427.4589242,None,TRUE,2.0528221,2.053713,0.393518519,0.006481481,1,0,0,2.0528221,one_middle_right,29,1,2022_Jan_04_1308,untitled_1,2020.2.6,59.98976575
ירוק,green,x,1,Image_certainty//image187_alemnt10.jpg,10.jpg,two_up_left,three_middle_right,widespread,certainty,,,,,,,,,0,8,8,187,430.1590945,430.3589347,x,1,1.0051312,430.1590945,None,0,0,1,0,0,0.7002569,polygon,427.9589124,None,432.215075,None,438.1272672,None,TRUE,,5.9423549,,,,,,,,29,1,2022_Jan_04_1308,untitled_1,2020.2.6,59.98976575
כחול,green,x,0,Image_certainty//image89_alemnt13.jpg,13.jpg,two_up_left,three_middle_right,widespread,certainty,,,,,,,,,0,9,9,89,441.7913407,441.9911534,c,0,0.6717712,441.7913407,None,0.000925926,0.001851852,1,0,0,1.6488861,polygon,438.6414616,None,443.5385781,None,450.4121821,None,TRUE,6.9210598,6.9249761,0.742592593,0.049074074,1,0,0,6.9210598,three_middle_right,29,1,2022_Jan_04_1308,untitled_1,2020.2.6,59.98976575
כחול,red,z,0,Image_certainty//image70_alemnt14.jpg,14.jpg,two_down_left,one_middle_right,widespread,certainty,,,,,,,,,0,10,10,70,453.0899019,453.2892987,z,1,0.5199092,453.0899019,None,0,0,1,0,0,0.6787479,polygon,450.9233388,None,454.6800638,None,458.4716323,None,TRUE,3.8365962,3.8384873,0.414814815,0.006481481,1,0,0,3.8365962,one_middle_right,29,1,2022_Jan_04_1308,untitled_1,2020.2.6,59.98976575
ירוק,red,z,0,Image_certainty//image26_alemnt11.jpg,11.jpg,one_middle_left,two_down_right,widespread,certainty,,,,,,,,,0,11,11,26,460.9888484,461.1886496,z,1,1.1641248,460.9888484,None,0,0,1,0,0,0.5155491,polygon,458.9722986,None,463.215624,472.1899586,472.2034171,None,,,,,,,,,,,29,1,2022_Jan_04_1308,untitled_1,2020.2.6,59.98976575
כחול,blue,c,1,Image_certainty//image101_alemnt6.jpg,6.jpg,one_down_left,two_middle_right,infrequent,certainty,,,,,,,,,0,12,12,101,476.3369051,476.5364656,None,0,,476.3369051,None,-0.055555556,0.006481481,1,0,0,1.2327318,polygon,472.7037765,None,478.5752052,None,483.2587201,None,TRUE,4.7230289,4.726373,0.598148148,-0.087962963,1,0,0,4.7230289,two_middle_right,29,1,2022_Jan_04_1308,untitled_1,2020.2.6,59.98976575
כחול,green,x,0,Image_certainty//image5_alemnt2.jpg,2.jpg,two_down_left,two_down_right,infrequent,certainty,,,,,,,,,0,13,13,5,485.7190309,485.9185548,None,0,,485.7190309,None,0,0,1,0,0,0.4475996,polygon,483.7690833,None,487.9658958,None,496.9335671,None,,,,,,,,,,,29,1,2022_Jan_04_1308,untitled_1,2020.2.6,59.98976575
אדום,green,x,0,Image_certainty//image42_alemnt12.jpg,12.jpg,two_up_left,one_up_right,widespread,certainty,,,,,,,,,0,14,14,42,499.8338392,500.03359,x,1,0.9719243,499.8338392,None,-0.003703704,-0.000925926,1,0,0,0.9149818,polygon,497.4338192,None,501.8642325,None,504.1825232,None,TRUE,2.3535369,2.3539335,0.358333333,0.186111111,1,0,0,2.3535369,one_up_right,29,1,2022_Jan_04_1308,untitled_1,2020.2.6,59.98976575
ירוק,green,x,1,Image_certainty//image142_alemnt14.jpg,14.jpg,three_middle_left,two_down_right,widespread,certainty,,,,,,,,,0,15,15,142,506.6496164,506.8493664,x,1,1.1218455,506.6496164,None,0,0,1,0,0,0.4823921,polygon,504.683026,None,508.8369337,None,513.2327574,None,TRUE,4.4364184,4.4397758,0.728703704,-0.22962963,1,0,0,4.4364184,two_down_right,29,1,2022_Jan_04_1308,untitled_1,2020.2.6,59.98976575
כחול,blue,c,1,Image_certainty//image197_alemnt11.jpg,11.jpg,two_down_left,two_middle_right,widespread,certainty,,,,,,,,,0,16,16,197,515.681754,515.8816197,c,1,1.0738045,515.681754,None,0,0,1,0,0,0.4322788,polygon,513.7483913,None,517.8300238,None,522.9133829,None,TRUE,5.1346891,5.1358419,0.587962963,-0.062962963,1,0,0,5.1346891,two_middle_right,29,1,2022_Jan_04_1308,untitled_1,2020.2.6,59.98976575
ירוק,blue,c,0,Image_certainty//image33_alemnt13.jpg,13.jpg,three_middle_left,two_middle_right,widespread,certainty,,,,,,,,,0,17,17,33,525.3470554,525.5468965,c,1,1.0171945,525.3470554,None,0,0,1,0,0,0.4323388,polygon,523.413923,None,527.4211753,None,530.2293725,None,TRUE,2.852515,2.8543852,0.547222222,-0.034259259,1,0,0,2.852515,two_middle_right,29,1,2022_Jan_04_1308,untitled_1,2020.2.6,59.98976575
ירוק,red,z,0,Image_certainty//image56_alemnt11.jpg,11.jpg,three_middle_left,two_up_right,widespread,certainty,,,,,,,,,0,18,18,56,532.6962316,532.8960825,z,1,0.9305476,532.6962316,None,0,0,1,0,0,0.4677657,polygon,530.729632,None,534.6694056,None,541.7442885,None,TRUE,7.1007921,7.1010659,0.635185185,0.230555556,1,0,0,7.1007921,two_up_right,29,1,2022_Jan_04_1308,untitled_1,2020.2.6,59.98976575
אדום,red,z,1,Image_certainty//image189_alemnt8.jpg,8.jpg,one_middle_left,one_middle_right,widespread,certainty,,,,,,,,,0,19,19,189,544.2947493,544.4945976,z,1,0.8088679,544.2947493,None,0,0,1,0,0,0.5474627,polygon,542.2445151,None,546.1733519,None,549.9971531,None,TRUE,3.8713087,3.8742622,0.407407407,-0.018518519,1,0,0,3.8713087,one_middle_right,29,1,2022_Jan_04_1308,untitled_1,2020.2.6,59.98976575
אדום,blue,c,0,Image_certainty//image31_alemnt9.jpg,9.jpg,one_up_left,one_down_right,widespread,certainty,,,,,,,,,0,20,20,31,552.4936987,552.6933847,c,1,0.9710075,552.4936987,None,0,0,1,0,0,0.4796292,polygon,550.5103391,None,554.5344132,563.5285466,563.5418508,None,,,,,,,,,,,29,1,2022_Jan_04_1308,untitled_1,2020.2.6,59.98976575
ירוק,blue,c,0,Image_certainty//image39_alemnt12.jpg,12.jpg,one_middle_left,one_middle_right,widespread,certainty,,,,,,,,,0,21,21,39,567.7584139,567.9579358,c,1,1.0148501,567.7584139,None,-0.009259259,-0.037037037,1,0,0,1.2306215,polygon,564.0419516,None,569.835115,None,571.4602684,None,TRUE,1.6707781,1.6732985,0.374074074,-0.011111111,1,0,0,1.6707781,one_middle_right,29,1,2022_Jan_04_1308,untitled_1,2020.2.6,59.98976575
ירוק,blue,c,0,Image_certainty//image9_alemnt2.jpg,2.jpg,one_up_left,two_down_right,infrequent,certainty,,,,,,,,,0,22,22,9,573.8409117,574.0406906,c,1,0.8175842,573.8409117,None,0,0,1,0,0,0.3819877,polygon,571.9742842,None,575.708506,584.6920058,584.7058655,None,,,,,,,,,,,29,1,2022_Jan_04_1308,untitled_1,2020.2.6,59.98976575
ירוק,green,x,1,Image_certainty//image199_alemnt9.jpg,9.jpg,one_up_left,one_down_right,widespread,certainty,,,,,,,,,0,23,23,199,587.2225002,587.4219522,None,0,,587.2225002,None,0,0,1,0,0,0.5134446,polygon,585.2058987,None,589.4666478,None,593.694528,None,TRUE,4.2709127,4.2760503,0.488888889,-0.212962963,1,0,0,4.2709127,one_down_right,29,1,2022_Jan_04_1308,untitled_1,2020.2.6,59.98976575
כחול,blue,c,1,Image_certainty//image119_alemnt6.jpg,6.jpg,two_middle_left,one_down_right,infrequent,certainty,,,,,,,,,0,24,24,119,596.0547121,596.2539023,None,0,,596.0547121,None,0,0,1,0,0,0.3478801,polygon,594.2047369,None,598.298879,None,602.8921523,None,TRUE,4.6379609,4.6429869,0.451851852,-0.248148148,1,0,0,4.6379609,one_down_right,29,1,2022_Jan_04_1308,untitled_1,2020.2.6,59.98976575
אדום,green,x,0,Image_certainty//image84_alemnt12.jpg,12.jpg,one_up_left,one_up_right,widespread,certainty,,,,,,,,,0,25,25,84,605.1035353,605.3029385,x,1,0.9699318,605.1035353,None,0,0,1,0,0,0.1981673,polygon,603.403151,None,607.1445926,None,608.5725905,None,TRUE,1.4735991,1.4747263,0.324074074,0.225,1,0,0,1.4735991,one_up_right,29,1,2022_Jan_04_1308,untitled_1,2020.2.6,59.98976575
אדום,red,z,1,Image_certainty//image180_alemnt12.jpg,12.jpg,one_up_left,one_middle_right,widespread,certainty,,,,,,,,,0,26,26,180,610.9361431,611.1355447,z,1,0.8742812,610.9361431,None,0,0,1,0,0,0.3483747,polygon,609.0860504,None,612.8748148,None,614.9721955,None,TRUE,2.1380353,2.1412926,0.381481481,-0.037962963,1,0,0,2.1380353,one_middle_right,29,1,2022_Jan_04_1308,untitled_1,2020.2.6,59.98976575
כחול,green,x,0,Image_certainty//image23_alemnt9.jpg,9.jpg,one_up_left,two_up_right,widespread,certainty,,,,,,,,,0,27,27,23,617.4852492,617.6850048,x,1,1.1266182,617.4852492,None,0,0,1,0,0,0.4977912,polygon,615.4852606,None,619.6764293,628.6695166,628.6835811,None,,,,,,,,,,,29,1,2022_Jan_04_1308,untitled_1,2020.2.6,59.98976575
ירוק,green,x,1,Image_certainty//image112_alemnt3.jpg,3.jpg,one_down_left,two_up_right,infrequent,certainty,,,,,,,,,0,28,28,112,640.3656202,640.5654586,x,1,0.9310704,640.3656202,None,-0.025,-0.021296296,1,0,0,0.9822415,polygon,629.1834433,None,642.360254,None,649.9635437,None,TRUE,7.6510965,7.6513768,0.60462963,0.22037037,1,0,0,7.6510965,two_up_right,29,1,2022_Jan_04_1308,untitled_1,2020.2.6,59.98976575
אדום,red,z,1,Image_certainty//image123_alemnt13.jpg,13.jpg,one_up_left,one_down_right,widespread,certainty,,,,,,,,,0,29,29,123,652.364066,652.5633895,z,1,0.5649344,652.364066,None,0,0,1,0,0,0.400827,polygon,650.4639849,None,653.9907993,None,656.7508211,None,TRUE,2.8059627,2.809749,0.435185185,-0.214814815,1,0,0,2.8059627,one_down_right,29,1,2022_Jan_04_1308,untitled_1,2020.2.6,59.98976575
ירוק,green,x,1,Image_certainty//image160_alemnt8.jpg,8.jpg,two_down_left,two_up_right,widespread,certainty,,,,,,,,,0,30,30,160,659.129851,659.3296617,x,1,0.9555405,659.129851,None,0,0,1,0,0,0.3639607,polygon,657.2632347,None,661.1624084,None,665.6320514,None,TRUE,4.5216817,4.5224983,0.608333333,0.215740741,1,0,0,4.5216817,two_up_right,29,1,2022_Jan_04_1308,untitled_1,2020.2.6,59.98976575
כחול,green,x,0,Image_certainty//image35_alemnt8.jpg,8.jpg,two_down_left,one_up_right,widespread,certainty,,,,,,,,,0,31,31,35,667.7454,667.9449382,x,1,1.0672719,667.7454,None,0,0,1,0,0,0.0965355,polygon,666.1453752,None,669.8910517,None,676.409866,None,TRUE,6.5678272,6.5682271,0.4,0.160185185,1,0,0,6.5678272,one_up_right,29,1,2022_Jan_04_1308,untitled_1,2020.2.6,59.98976575
ירוק,red,z,0,Image_certainty//image98_alemnt13.jpg,13.jpg,three_middle_left,two_down_right,widespread,certainty,,,,,,,,,0,32,32,98,678.6439475,678.8436664,None,0,,678.6439475,None,0,0,1,0,0,0.2313415,polygon,676.9106667,None,680.8756821,None,689.8585751,None,,,,,,,,,,,29,1,2022_Jan_04_1308,untitled_1,2020.2.6,59.98976575
ירוק,green,x,1,Image_certainty//image139_alemnt10.jpg,10.jpg,two_up_left,one_middle_right,widespread,certainty,,,,,,,,,0,33,33,139,693.4754609,693.6749136,x,1,0.8161527,693.4754609,None,0.052777778,0.025925926,1,0,0,0.8164668,polygon,690.3588706,None,695.3626391,None,698.4905085,None,TRUE,3.1691993,3.1713147,0.405555556,-0.002777778,1,0,0,3.1691993,one_middle_right,29,1,2022_Jan_04_1308,untitled_1,2020.2.6,59.98976575
כחול,red,z,0,Image_certainty//image10_alemnt6.jpg,6.jpg,two_middle_left,three_middle_right,infrequent,certainty,,,,,,,,,0,34,34,10,700.674387,700.8739288,x,0,0.9987134,700.674387,None,0,0,1,0,0,0.1810173,polygon,698.9911136,None,702.7351602,None,710.2759154,None,TRUE,7.5872997,7.5914738,0.735185185,0.050925926,1,0,0,7.5872997,three_middle_right,29,1,2022_Jan_04_1308,untitled_1,2020.2.6,59.98976575
ירוק,green,x,1,Image_certainty//image106_alemnt5.jpg,5.jpg,one_down_left,three_middle_right,infrequent,certainty,,,,,,,,,0,35,35,106,712.4895845,712.6894197,None,0,,712.4895845,None,0,0,1,0,0,0.1975154,polygon,710.7895885,None,714.7384905,None,723.7043093,None,,,,,,,,,,,29,1,2022_Jan_04_1308,untitled_1,2020.2.6,59.98976575
אדום,red,z,1,Image_certainty//image165_alemnt8.jpg,8.jpg,one_middle_left,one_up_right,widespread,certainty,,,,,,,,,0,36,36,165,726.6208283,726.8208202,x,0,1.0871932,726.6208283,None,0.023148148,-0.00462963,1,0,0,0.9154498,polygon,724.2042984,None,728.7822097,737.7553362,737.7853881,None,,,,,,,,,,,29,1,2022_Jan_04_1308,untitled_1,2020.2.6,59.98976575
אדום,blue,c,0,Image_certainty//image49_alemnt11.jpg,11.jpg,three_middle_left,two_middle_right,widespread,certainty,,,,,,,,,0,37,37,49,740.2859751,740.4854539,c,1,1.0225191,740.2859751,None,0,0,1,0,0,0.4966091,polygon,738.2860091,None,742.3804816,None,745.241121,None,TRUE,2.9052088,2.9089434,0.515740741,-0.035185185,1,0,0,2.9052088,two_middle_right,29,1,2022_Jan_04_1308,untitled_1,2020.2.6,59.98976575
כחול,green,x,0,Image_certainty//image41_alemnt12.jpg,12.jpg,two_up_left,one_up_right,widespread,certainty,,,,,,,,,0,38,38,41,748.1349741,748.3346547,None,0,,748.1349741,None,-0.023148148,0.003703704,1,0,0,0.8952731,polygon,745.751733,None,750.3789938,None,752.3513161,None,TRUE,2.0242486,2.0246242,0.372222222,0.184259259,1,0,0,2.0242486,one_up_right,29,1,2022_Jan_04_1308,untitled_1,2020.2.6,59.98976575
כחול,green,x,0,Image_certainty//image47_alemnt13.jpg,13.jpg,one_middle_left,one_middle_right,widespread,certainty,,,,,,,,,0,39,39,47,754.6006923,754.8006112,x,1,1.054152,754.6006923,None,0,0,1,0,0,0.2490613,polygon,752.8507557,None,756.7209359,None,759.8887626,None,TRUE,3.2057276,3.2090703,0.416666667,-0.014814815,1,0,0,3.2057276,one_middle_right,29,1,2022_Jan_04_1308,untitled_1,2020.2.6,59.98976575
כחול,blue,c,1,Image_certainty//image113_alemnt2.jpg,2.jpg,one_up_left,two_up_right,infrequent,certainty,,,,,,,,,0,40,40,113,761.9662518,762.1662548,c,1,1.091646,761.9662518,None,0,0,1,0,0,0.0656131,polygon,760.3997763,None,764.1226382,None,771.2811293,None,TRUE,7.2010213,7.2012783,0.613888889,0.265740741,1,0,0,7.2010213,two_up_right,29,1,2022_Jan_04_1308,untitled_1,2020.2.6,59.98976575
אדום,blue,c,0,Image_certainty//image73_alemnt10.jpg,10.jpg,two_down_left,one_down_right,widespread,certainty,,,,,,,,,0,41,41,73,777.1811491,777.3810145,c,1,0.6882947,777.1811491,None,-0.018518519,-0.015740741,1,0,0,0.8799315,polygon,771.78136,None,778.9424803,787.9327117,787.9460143,None,,,,,,,,,,,29,1,2022_Jan_04_1308,untitled_1,2020.2.6,59.98976575
ירוק,green,x,1,Image_certainty//image124_alemnt10.jpg,10.jpg,one_up_left,two_middle_right,widespread,certainty,,,,,,,,,0,42,42,124,792.5625906,792.7623458,x,1,0.6513794,792.5625906,None,0.012962963,0.008333333,1,0,0,0.8818091,polygon,788.4461682,None,794.2906622,None,795.969901,None,TRUE,1.7237321,1.7278421,0.537962963,-0.037962963,1,0,0,1.7237321,two_middle_right,29,1,2022_Jan_04_1308,untitled_1,2020.2.6,59.98976575
כחול,red,z,0,Image_certainty//image46_alemnt8.jpg,8.jpg,two_middle_left,two_up_right,widespread,certainty,,,,,,,,,0,43,43,46,798.195058,798.3948732,None,0,,798.195058,None,0,0,1,0,0,0.2143352,polygon,796.4784187,None,800.4258891,None,808.411843,None,TRUE,8.0208124,8.0215812,0.605555556,0.196296296,1,0,0,8.0208124,two_up_right,29,1,2022_Jan_04_1308,untitled_1,2020.2.6,59.98976575
כחול,blue,c,1,Image_certainty//image191_alemnt12.jpg,12.jpg,two_middle_left,one_up_right,widespread,certainty,,,,,,,,,0,44,44,191,810.5435315,810.743245,c,1,1.1053215,810.5435315,None,0,0,1,0,0,0.114134,polygon,808.9268538,None,812.7220471,None,817.6802785,None,TRUE,5.0061912,5.0073015,0.376851852,0.188888889,1,0,0,5.0061912,one_up_right,29,1,2022_Jan_04_1308,untitled_1,2020.2.6,59.98976575
כחול,blue,c,1,Image_certainty//image137_alemnt8.jpg,8.jpg,one_up_left,two_middle_right,widespread,certainty,,,,,,,,,0,45,45,137,819.85889,820.0587413,c,1,1.0509578,819.85889,None,0,0,1,0,0,0.1783595,polygon,818.1924395,None,821.9625055,None,826.9571201,None,TRUE,5.0374841,5.0385982,0.574074074,-0.077777778,1,0,0,5.0374841,two_middle_right,29,1,2022_Jan_04_1308,untitled_1,2020.2.6,59.98976575
אדום,red,z,1,Image_certainty//image132_alemnt9.jpg,9.jpg,one_down_left,two_down_right,widespread,certainty,,,,,,,,,0,46,46,132,829.2077634,829.407482,z,1,1.1491436,829.2077634,None,0,0,1,0,0,0.2475968,polygon,827.4577761,None,831.4079281,None,840.1732639,None,TRUE,8.804635,8.8062693,0.669444444,-0.200925926,1,0,0,8.804635,two_down_right,29,1,2022_Jan_04_1308,untitled_1,2020.2.6,59.98976575
אדום,green,x,0,Image_certainty//image6_alemnt7.jpg,7.jpg,three_middle_left,three_middle_right,infrequent,certainty,,,,,,,,,0,47,47,6,842.4727144,842.6723898,None,0,,842.4727144,None,0,0,1,0,0,0.2982043,polygon,840.6727471,None,844.7232111,None,849.0885066,None,TRUE,4.4201222,4.4223337,0.698148148,0.05462963,1,0,0,4.4201222,three_middle_right,29,1,2022_Jan_04_1308,untitled_1,2020.2.6,59.98976575
כחול,red,z,0,Image_certainty//image58_alemnt8.jpg,8.jpg,two_middle_left,two_up_right,widespread,certainty,,,,,,,,,0,48,48,58,851.4544739,851.6547377,None,0,,851.4544739,None,0,0,1,0,0,0.3640748,polygon,849.5881962,None,853.696323,None,861.9901594,None,TRUE,8.3389964,8.3397722,0.60462963,0.19537037,1,0,0,8.3389964,two_up_right,29,1,2022_Jan_04_1308,untitled_1,2020.2.6,59.98976575
ירוק,green,x,1,Image_certainty//image130_alemnt11.jpg,11.jpg,three_middle_left,two_down_right,widespread,certainty,,,,,,,,,0,49,49,130,864.1529155,864.3528986,None,0,,864.1529155,None,0,0,1,0,0,0.1475984,polygon,862.5031775,None,866.3855214,None,873.2180774,None,FALSE,6.8686678,6.8707583,0.706481481,0.04537037,1,0,0,6.8686678,three_middle_right,29,1,2022_Jan_04_1308,untitled_1,2020.2.6,59.98976575
ירוק,green,x,1,Image_certainty//image154_alemnt9.jpg,9.jpg,one_middle_left,one_down_right,widespread,certainty,,,,,,,,,0,50,50,154,875.7350921,875.9347438,None,0,,875.7350921,None,0,0,1,0,0,0.5144739,polygon,873.7184585,None,877.9755904,None,881.5592654,None,TRUE,3.6230247,3.6281525,0.478703704,-0.200925926,1,0,0,3.6230247,one_down_right,29,1,2022_Jan_04_1308,untitled_1,2020.2.6,59.98976575
אדום,green,x,0,Image_certainty//image48_alemnt9.jpg,9.jpg,one_down_left,one_down_right,widespread,certainty,,,,,,,,,0,51,51,48,883.7006502,883.9003681,None,0,,883.7006502,None,0,0,1,0,0,0.1323921,polygon,882.066935,None,885.9421114,None,888.5849888,None,TRUE,2.6870116,2.6904589,0.458333333,-0.275,1,0,0,2.6870116,one_down_right,29,1,2022_Jan_04_1308,untitled_1,2020.2.6,59.98976575
ירוק,blue,c,0,Image_certainty//image69_alemnt14.jpg,14.jpg,one_middle_left,two_down_right,widespread,certainty,,,,,,,,,0,52,52,69,890.7664043,890.9662736,c,1,0.8335971,890.7664043,None,0,0,1,0,0,0.1642374,polygon,889.0997778,None,892.6519525,None,900.3309713,None,TRUE,7.7206684,7.7223081,0.716666667,-0.22037037,1,0,0,7.7206684,two_down_right,29,1,2022_Jan_04_1308,untitled_1,2020.2.6,59.98976575
כחול,blue,c,1,Image_certainty//image146_alemnt12.jpg,12.jpg,one_up_left,two_middle_right,widespread,certainty,,,,,,,,,0,53,53,146,902.481569,902.6812321,None,0,,902.481569,None,0,0,1,0,0,0.1481748,polygon,900.8315977,None,904.7325064,None,913.6962649,None,,,,,,,,,,,29,1,2022_Jan_04_1308,untitled_1,2020.2.6,59.98976575
כחול,blue,c,1,Image_certainty//image128_alemnt13.jpg,13.jpg,two_up_left,three_middle_right,widespread,certainty,,,,,,,,,0,54,54,128,916.4627516,916.6628513,None,0,,916.4627516,None,0.000925926,-0.001851852,1,0,0,0.7662469,polygon,914.1966374,None,918.7046492,None,926.4322989,None,TRUE,7.7706725,7.7747374,0.690740741,0.085185185,1,0,0,7.7706725,three_middle_right,29,1,2022_Jan_04_1308,untitled_1,2020.2.6,59.98976575
אדום,green,x,0,Image_certainty//image30_alemnt10.jpg,10.jpg,two_down_left,three_middle_right,widespread,certainty,,,,,,,,,0,55,55,30,928.6781853,928.8779361,None,0,,928.6781853,None,0,0,1,0,0,0.2312722,polygon,926.9448346,None,930.9205329,None,932.8979986,None,TRUE,2.0226238,2.0258217,0.778703704,0.048148148,1,0,0,2.0226238,three_middle_right,29,1,2022_Jan_04_1308,untitled_1,2020.2.6,59.98976575
כחול,red,z,0,Image_certainty//image64_alemnt10.jpg,10.jpg,one_up_left,three_middle_right,widespread,certainty,,,,,,,,,0,56,56,64,935.1439874,935.3437403,x,0,0.8636385,935.1439874,None,0,0,1,0,0,0.2298548,polygon,933.410673,None,937.0665288,None,938.7111292,None,TRUE,1.6861404,1.6891465,0.725,0.081481481,1,0,0,1.6861404,three_middle_right,29,1,2022_Jan_04_1308,untitled_1,2020.2.6,59.98976575
אדום,blue,c,0,Image_certainty//image91_alemnt8.jpg,8.jpg,two_up_left,one_up_right,widespread,certainty,,,,,,,,,0,57,57,91,940.926339,941.1263961,None,0,,940.926339,None,0,0,1,0,0,0.199546,polygon,939.2265043,None,943.1648442,None,948.8080664,None,TRUE,5.6839761,5.6843619,0.368518519,0.169444444,1,0,0,5.6839761,one_up_right,29,1,2022_Jan_04_1308,untitled_1,2020.2.6,59.98976575
אדום,blue,c,0,Image_certainty//image61_alemnt10.jpg,10.jpg,one_down_left,one_middle_right,widespread,certainty,,,,,,,,,0,58,58,61,950.8252067,951.025025,None,0,,950.8252067,None,0,0,1,0,0,0.0337813,polygon,949.3083141,None,953.0716387,None,956.4903658,None,TRUE,,3.4707053,,,,,,,,29,1,2022_Jan_04_1308,untitled_1,2020.2.6,59.98976575
ירוק,green,x,1,Image_certainty//image145_alemnt12.jpg,12.jpg,two_down_left,two_down_right,widespread,certainty,,,,,,,,,0,59,59,145,958.490841,958.6904599,x,1,0.9014852,958.490841,None,0,0,1,0,0,0.0163291,polygon,956.990902,None,960.4517799,None,965.694787,None,TRUE,5.2709695,5.2758659,0.708333333,-0.199074074,1,0,0,5.2709695,two_down_right,29,1,2022_Jan_04_1308,untitled_1,2020.2.6,59.98976575
ירוק,red,z,0,Image_certainty//image74_alemnt8.jpg,8.jpg,two_up_left,three_middle_right,widespread,certainty,,,,,,,,,0,60,60,74,968.4896379,968.689303,z,1,0.7627651,968.4896379,None,0,0,1,0,0,0.7805125,polygon,966.2064162,None,970.3173512,None,976.0381785,None,TRUE,5.7714554,5.7728332,0.750925926,0.05462963,1,0,0,5.7714554,three_middle_right,29,1,2022_Jan_04_1308,untitled_1,2020.2.6,59.98976575
כחול,blue,c,1,Image_certainty//image116_alemnt2.jpg,2.jpg,one_middle_left,two_down_right,infrequent,certainty,,,,,,,,,0,61,61,116,978.821658,979.0211669,None,0,,978.821658,None,0,0,1,0,0,0.7818402,polygon,976.5383472,None,981.0620548,None,984.775462,None,TRUE,3.7554707,3.7599185,0.734259259,-0.25,1,0,0,3.7554707,two_down_right,29,1,2022_Jan_04_1308,untitled_1,2020.2.6,59.98976575
ירוק,red,z,0,Image_certainty//image14_alemnt6.jpg,6.jpg,two_up_left,one_up_right,infrequent,certainty,,,,,,,,,0,62,62,14,987.5371819,987.7367783,z,1,0.8636199,987.5371819,None,0,0,1,0,0,0.7465255,polygon,985.2872265,None,989.4700657,998.4558733,998.4685522,None,,,,,,,,,,,29,1,2022_Jan_04_1308,untitled_1,2020.2.6,59.98976575
כחול,blue,c,1,Image_certainty//image167_alemnt8.jpg,8.jpg,two_down_left,one_middle_right,widespread,certainty,,,,,,,,,0,63,63,167,1001.418717,1001.61858,z,0,0.8148004,1001.418717,None,0.007407407,-0.002777778,1,0,0,0.9484733,polygon,998.9686612,None,1003.293698,None,1009.766977,None,TRUE,6.5186385,6.5209368,0.413888889,-0.008333333,1,0,0,6.5186385,one_middle_right,29,1,2022_Jan_04_1308,untitled_1,2020.2.6,59.98976575
ירוק,green,x,1,Image_certainty//image163_alemnt12.jpg,12.jpg,two_middle_left,three_middle_right,widespread,certainty,,,,,,,,,0,64,64,163,1011.884022,1012.08353,x,1,1.1360076,1011.884022,None,0,0,1,0,0,0.1284891,polygon,1010.267345,None,1014.094087,None,1020.517866,None,TRUE,6.4720755,6.473501,0.772222222,0.02037037,1,0,0,6.4720755,three_middle_right,29,1,2022_Jan_04_1308,untitled_1,2020.2.6,59.98976575
אדום,blue,c,0,Image_certainty//image13_alemnt2.jpg,2.jpg,two_up_left,one_down_right,infrequent,certainty,,,,,,,,,0,65,65,13,1022.8326,1023.032447,c,1,1.0160965,1022.8326,None,0,0,1,0,0,0.2999188,polygon,1021.032594,None,1024.91127,None,1029.507069,None,TRUE,4.6414184,4.6467481,0.448148148,-0.20462963,1,0,0,4.6414184,one_down_right,29,1,2022_Jan_04_1308,untitled_1,2020.2.6,59.98976575
כחול,green,x,0,Image_certainty//image11_alemnt7.jpg,7.jpg,two_middle_left,one_middle_right,infrequent,certainty,,,,,,,,,0,66,66,11,1032.148074,1032.347916,x,1,0.7463479,1032.148074,None,0,0,1,0,0,0.6346785,polygon,1030.014812,None,1033.94904,None,1036.571925,None,TRUE,2.6594945,2.6629114,0.372222222,-0.049074074,1,0,0,2.6594945,one_middle_right,29,1,2022_Jan_04_1308,untitled_1,2020.2.6,59.98976575
כחול,green,x,0,Image_certainty//image17_alemnt5.jpg,5.jpg,two_up_left,two_down_right,infrequent,certainty,,,,,,,,,0,67,67,17,1038.796943,1038.99701,None,0,,1038.796943,None,0,0,1,0,0,0.2130293,polygon,1037.080541,None,1041.033677,None,1046.800938,None,TRUE,5.8052262,5.8099084,0.725925926,-0.235185185,1,0,0,5.8052262,two_down_right,29,1,2022_Jan_04_1308,untitled_1,2020.2.6,59.98976575
כחול,blue,c,1,Image_certainty//image104_alemnt3.jpg,3.jpg,three_middle_left,two_down_right,infrequent,certainty,,,,,,,,,0,68,68,104,1048.862559,1049.062105,c,1,1.1624789,1048.862559,None,0,0,1,0,0,0.0474231,polygon,1047.312517,None,1051.081827,None,1059.010435,None,TRUE,7.968566,7.9713549,0.690740741,-0.213888889,1,0,0,7.968566,two_down_right,29,1,2022_Jan_04_1308,untitled_1,2020.2.6,59.98976575
אדום,green,x,0,Image_certainty//image78_alemnt10.jpg,10.jpg,one_middle_left,two_up_right,widespread,certainty,,,,,,,,,0,69,69,78,1061.694183,1061.893962,x,1,1.0159151,1061.694183,None,0,0,1,0,0,0.6809095,polygon,1059.510608,None,1063.766086,None,1066.04568,None,TRUE,2.3218385,2.3225581,0.588888889,0.240740741,1,0,0,2.3218385,two_up_right,29,1,2022_Jan_04_1308,untitled_1,2020.2.6,59.98976575
כחול,red,z,0,Image_certainty//image94_alemnt9.jpg,9.jpg,three_middle_left,two_down_right,widespread,certainty,,,,,,,,,0,70,70,94,1068.676283,1068.876354,c,0,0.8342569,1068.676283,None,0,0,1,0,0,0.6165131,polygon,1066.560064,None,1070.568912,1079.561136,1079.574523,None,,,,,,,,,,,29,1,2022_Jan_04_1308,untitled_1,2020.2.6,59.98976575
ירוק,blue,c,0,Image_certainty//image21_alemnt14.jpg,14.jpg,one_down_left,one_middle_right,widespread,certainty,,,,,,,,,0,71,71,21,1086.107706,1086.307589,None,0,,1086.107706,None,0.009259259,0.023148148,1,0,0,0.8143348,polygon,1080.074904,None,1088.336644,None,1092.712114,None,TRUE,4.4076644,4.4109602,0.40462963,-0.000925926,1,0,0,4.4076644,one_middle_right,29,1,2022_Jan_04_1308,untitled_1,2020.2.6,59.98976575
כחול,red,z,0,Image_certainty//image28_alemnt10.jpg,10.jpg,one_down_left,two_down_right,widespread,certainty,,,,,,,,,0,72,72,28,1095.356323,1095.556174,x,0,0.826606,1095.356323,None,0,0,1,0,0,0.6308368,polygon,1093.223205,None,1097.250296,None,1102.504707,None,FALSE,5.301183,5.3014181,0.587037037,0.17037037,1,0,0,5.301183,two_up_right,29,1,2022_Jan_04_1308,untitled_1,2020.2.6,59.98976575
ירוק,red,z,0,Image_certainty//image38_alemnt8.jpg,8.jpg,two_up_left,two_down_right,widespread,certainty,,,,,,,,,0,73,73,38,1104.838574,1105.038373,x,0,0.8760123,1104.838574,None,0,0,1,0,0,0.3305952,polygon,1103.005332,None,1106.772317,None,1112.70356,None,TRUE,5.9683779,5.970277,0.743518519,-0.205555556,1,0,0,5.9683779,two_down_right,29,1,2022_Jan_04_1308,untitled_1,2020.2.6,59.98976575
ירוק,green,x,1,Image_certainty//image148_alemnt13.jpg,13.jpg,one_middle_left,two_up_right,widespread,certainty,,,,,,,,,0,74,74,148,1115.353887,1115.553614,None,0,,1115.353887,None,0,0,1,0,0,0.6504523,polygon,1113.20399,None,1117.589532,None,1126.568838,None,,,,,,,,,,,29,1,2022_Jan_04_1308,untitled_1,2020.2.6,59.98976575
כחול,red,z,0,Image_certainty//image4_alemnt2.jpg,2.jpg,two_middle_left,two_middle_right,infrequent,certainty,,,,,,,,,0,75,75,4,1130.002153,1130.201872,x,0,0.8771759,1130.002153,None,-0.010185185,0.011111111,1,0,0,0.4157334,polygon,1127.068658,None,1131.940774,None,1136.322294,None,TRUE,4.4217788,4.4254404,0.612037037,-0.032407407,1,0,0,4.4217788,two_middle_right,29,1,2022_Jan_04_1308,untitled_1,2020.2.6,59.98976575
כחול,blue,c,1,Image_certainty//image131_alemnt13.jpg,13.jpg,one_middle_left,one_middle_right,widespread,certainty,,,,,,,,,0,76,76,131,1138.467574,1138.66733,x,0,0.9479831,1138.467574,None,0,0,1,0,0,0.1304515,polygon,1136.833984,None,1140.47692,None,1143.499548,None,TRUE,3.0682231,3.0695562,0.386111111,0.012037037,1,0,0,3.0682231,one_middle_right,29,1,2022_Jan_04_1308,untitled_1,2020.2.6,59.98976575
אדום,green,x,0,Image_certainty//image0_alemnt7.jpg,7.jpg,one_down_left,two_up_right,infrequent,certainty,,,,,,,,,0,77,77,0,1145.916632,1146.116372,None,0,,1145.916632,None,0,0,1,0,0,0.4167156,polygon,1143.999831,None,1148.156104,None,1157.131112,None,,,,,,,,,,,29,1,2022_Jan_04_1308,untitled_1,2020.2.6,59.98976575
כחול,blue,c,1,Image_certainty//image122_alemnt14.jpg,14.jpg,one_down_left,two_up_right,widespread,certainty,,,,,,,,,0,78,78,122,1159.898147,1160.097677,c,1,1.1084144,1159.898147,None,0.001851852,0.014814815,1,0,0,0.7661578,polygon,1157.631254,None,1162.069088,None,1165.499879,None,TRUE,3.4712784,3.472,0.559259259,0.190740741,1,0,0,3.4712784,two_up_right,29,1,2022_Jan_04_1308,untitled_1,2020.2.6,59.98976575
ירוק,green,x,1,Image_certainty//image184_alemnt14.jpg,14.jpg,one_up_left,two_middle_right,widespread,certainty,,,,,,,,,0,79,79,184,1167.530262,1167.729983,x,1,0.7765182,1167.530262,None,0,0,1,0,0,0.0145857,polygon,1166.013404,None,1169.366456,None,1170.983976,None,TRUE,1.6562921,1.6597136,0.527777778,-0.042592593,1,0,0,1.6562921,two_middle_right,29,1,2022_Jan_04_1308,untitled_1,2020.2.6,59.98976575
ירוק,red,z,0,Image_certainty//image2_alemnt4.jpg,4.jpg,one_down_left,two_down_right,infrequent,certainty,,,,,,,,,0,80,80,2,1173.179407,1173.379482,z,1,1.1303016,1173.179407,None,0,0,1,0,0,0.1808896,polygon,1171.496377,None,1175.369981,None,1183.365615,None,TRUE,8.0375665,8.0427202,0.758333333,-0.226851852,1,0,0,8.0375665,two_down_right,29,1,2022_Jan_04_1308,untitled_1,2020.2.6,59.98976575
ירוק,blue,c,0,Image_certainty//image15_alemnt3.jpg,3.jpg,three_middle_left,two_down_right,infrequent,certainty,,,,,,,,,0,81,81,15,1186.028014,1186.227788,c,1,0.9658485,1186.028014,None,0,0,1,0,0,0.6477663,polygon,1183.878111,None,1188.046129,None,1192.119558,None,TRUE,4.1089138,4.1140144,0.717592593,-0.208333333,1,0,0,4.1089138,two_down_right,29,1,2022_Jan_04_1308,untitled_1,2020.2.6,59.98976575
כחול,red,z,0,Image_certainty//image40_alemnt14.jpg,14.jpg,one_up_left,one_middle_right,widespread,certainty,,,,,,,,,0,82,82,40,1194.126992,1194.326719,z,1,0.8348379,1194.126992,None,0,0,1,0,0,0.0121262,polygon,1192.626838,None,1196.037605,None,1198.362095,None,TRUE,2.3711251,2.3733627,0.438888889,0.016666667,1,0,0,2.3711251,one_middle_right,29,1,2022_Jan_04_1308,untitled_1,2020.2.6,59.98976575
אדום,red,z,1,Image_certainty//image141_alemnt11.jpg,11.jpg,two_down_left,three_middle_right,widespread,certainty,,,,,,,,,0,83,83,141,1201.02613,1201.225878,z,1,1.0788169,1201.02613,None,0,0,1,0,0,0.6656157,polygon,1198.875893,None,1203.160514,None,1208.107653,None,TRUE,,4.9896956,,,,,,,,29,1,2022_Jan_04_1308,untitled_1,2020.2.6,59.98976575
כחול,blue,c,1,Image_certainty//image179_alemnt12.jpg,12.jpg,two_middle_left,one_down_right,widespread,certainty,,,,,,,,,0,84,84,179,1210.208253,1210.408015,None,0,,1210.208253,None,0,0,1,0,0,0.1120541,polygon,1208.607983,None,1212.441516,None,1218.341317,None,TRUE,5.9364092,5.9396547,0.485185185,-0.213888889,1,0,0,5.9364092,one_down_right,29,1,2022_Jan_04_1308,untitled_1,2020.2.6,59.98976575
כחול,green,x,0,Image_certainty//image83_alemnt14.jpg,14.jpg,one_down_left,one_middle_right,widespread,certainty,,,,,,,,,0,85,85,83,1220.406869,1220.606347,x,1,0.8686392,1220.406869,None,0,0,1,0,0,0.0487023,polygon,1218.85668,None,1222.346507,None,1225.375912,None,TRUE,3.0715764,3.0744424,0.330555556,0.038888889,1,0,0,3.0715764,one_middle_right,29,1,2022_Jan_04_1308,untitled_1,2020.2.6,59.98976575
אדום,red,z,1,Image_certainty//image168_alemnt10.jpg,10.jpg,two_middle_left,two_down_right,widespread,certainty,,,,,,,,,0,86,86,168,1227.58907,1227.789264,z,1,0.7822511,1227.58907,None,0,0,1,0,0,0.1983623,polygon,1225.889266,None,1229.416948,None,1231.511488,None,TRUE,2.1224493,2.1279402,0.705555556,-0.194444444,1,0,0,2.1224493,two_down_right,29,1,2022_Jan_04_1308,untitled_1,2020.2.6,59.98976575
ירוק,blue,c,0,Image_certainty//image27_alemnt8.jpg,8.jpg,three_middle_left,two_middle_right,widespread,certainty,,,,,,,,,0,87,87,27,1233.571867,1233.771415,c,1,1.112526,1233.571867,None,0,0,1,0,0,0.0467187,polygon,1232.022038,None,1235.750327,None,1239.75526,None,TRUE,4.0536567,4.0560481,0.566666667,-0.049074074,1,0,0,4.0536567,two_middle_right,29,1,2022_Jan_04_1308,untitled_1,2020.2.6,59.98976575
ירוק,red,z,0,Image_certainty//image44_alemnt11.jpg,11.jpg,two_middle_left,one_up_right,widespread,certainty,,,,,,,,,0,88,88,44,1241.804141,1242.003922,z,1,0.9681989,1241.804141,None,0,0,1,0,0,0.0454389,polygon,1240.27087,None,1243.841344,None,1248.752506,None,TRUE,4.9548485,4.9551841,0.378703704,0.169444444,1,0,0,4.9548485,one_up_right,29,1,2022_Jan_04_1308,untitled_1,2020.2.6,59.98976575
כחול,red,z,0,Image_certainty//image34_alemnt8.jpg,8.jpg,one_middle_left,two_up_right,widespread,certainty,,,,,,,,,0,89,89,34,1251.402919,1251.602657,None,0,,1251.402919,None,0,0,1,0,0,0.6474041,polygon,1249.253011,None,1253.64064,None,1255.721675,None,TRUE,2.1215392,2.1221824,0.625,0.243518519,1,0,0,2.1215392,two_up_right,29,1,2022_Jan_04_1308,untitled_1,2020.2.6,59.98976575
ירוק,red,z,0,Image_certainty//image8_alemnt6.jpg,6.jpg,one_down_left,one_up_right,infrequent,certainty,,,,,,,,,0,90,90,8,1257.751828,1257.951781,z,1,0.8754466,1257.751828,None,0,0,1,0,0,0.028869,polygon,1256.235337,None,1259.684541,1268.669714,1268.683498,None,,,,,,,,,,,29,1,2022_Jan_04_1308,untitled_1,2020.2.6,59.98976575
ירוק,green,x,1,Image_certainty//image133_alemnt11.jpg,11.jpg,one_middle_left,two_up_right,widespread,certainty,,,,,,,,,0,91,91,133,1276.883036,1277.082774,x,1,1.1281921,1276.883036,None,-0.016666667,0.015740741,1,0,0,0.9813281,polygon,1269.183443,None,1279.075047,None,1286.751125,None,TRUE,7.7213837,7.7220115,0.525,0.185185185,1,0,0,6.2577587,two_up_right,29,1,2022_Jan_04_1308,untitled_1,2020.2.6,59.98976575
אדום,red,z,1,Image_certainty//image111_alemnt3.jpg,3.jpg,one_middle_left,two_up_right,infrequent,certainty,,,,,,,,,0,92,92,111,1289.264657,1289.464223,z,1,0.7788661,1289.264657,None,0,0,1,0,0,0.4977319,polygon,1287.264721,None,1291.092531,None,1297.76624,None,TRUE,6.7055815,6.7062425,0.6,0.231481481,1,0,0,6.7055815,two_up_right,29,1,2022_Jan_04_1308,untitled_1,2020.2.6,59.98976575
ירוק,green,x,1,Image_certainty//image172_alemnt8.jpg,8.jpg,two_middle_left,two_down_right,widespread,certainty,,,,,,,,,0,93,93,172,1299.929857,1300.129684,x,1,1.1570924,1299.929857,None,0,0,1,0,0,0.1500072,polygon,1298.279632,None,1302.152963,None,1308.928006,None,TRUE,6.8176521,6.8202347,0.70462963,-0.25,1,0,0,6.8176521,two_down_right,29,1,2022_Jan_04_1308,untitled_1,2020.2.6,59.98976575
אדום,red,z,1,Image_certainty//image105_alemnt7.jpg,7.jpg,one_middle_left,one_up_right,infrequent,certainty,,,,,,,,,0,94,94,105,1311.095194,1311.294907,z,1,1.1438069,1311.095194,None,0,0,1,0,0,0.1638635,polygon,1309.42853,None,1313.311299,None,1316.410113,None,TRUE,3.1522475,3.1527121,0.365740741,0.157407407,1,0,0,3.1522475,one_up_right,29,1,2022_Jan_04_1308,untitled_1,2020.2.6,59.98976575
ירוק,blue,c,0,Image_certainty//image63_alemnt13.jpg,13.jpg,three_middle_left,one_down_right,widespread,certainty,,,,,,,,,0,95,95,63,1318.427601,1318.627014,None,0,,1318.427601,None,0,0,1,0,0,0.013903,polygon,1316.910438,None,1320.672832,None,1326.509003,None,TRUE,5.885777,5.8875264,0.47962963,-0.20462963,1,0,0,5.885777,one_down_right,29,1,2022_Jan_04_1308,untitled_1,2020.2.6,59.98976575
ירוק,blue,c,0,Image_certainty//image87_alemnt11.jpg,11.jpg,three_middle_left,two_middle_right,widespread,certainty,,,,,,,,,0,96,96,87,1328.576166,1328.776106,c,1,0.7916395,1328.576166,None,0,0,1,0,0,0.0646527,polygon,1327.009287,None,1330.43686,None,1337.71132,None,TRUE,7.3210126,7.324271,0.571296296,-0.060185185,1,0,0,7.3210126,two_middle_right,29,1,2022_Jan_04_1308,untitled_1,2020.2.6,59.98976575
ירוק,blue,c,0,Image_certainty//image93_alemnt14.jpg,14.jpg,one_down_left,one_middle_right,widespread,certainty,,,,,,,,,0,97,97,93,1339.77477,1339.974501,c,1,0.9493796,1339.77477,None,0,0,1,0,0,0.0473606,polygon,1338.224835,None,1341.786947,1350.775784,1350.789436,None,,,,,,,,,,,29,1,2022_Jan_04_1308,untitled_1,2020.2.6,59.98976575
אדום,red,z,1,Image_certainty//image138_alemnt9.jpg,9.jpg,one_down_left,two_down_right,widespread,certainty,,,,,,,,,0,98,98,138,1353.62274,1353.822478,None,0,,1353.62274,None,0.00462963,0.005555556,1,0,0,0.8316307,polygon,1351.289423,None,1355.868326,None,1364.837752,None,,,,,,,,,,,29,1,2022_Jan_04_1308,untitled_1,2020.2.6,59.98976575
אדום,red,z,1,Image_certainty//image171_alemnt12.jpg,12.jpg,one_up_left,two_down_right,widespread,certainty,,,,,,,,,0,99,99,171,1367.554499,1367.754262,z,1,0.6648052,1367.554499,None,-0.016666667,0.002777778,1,0,0,0.7167026,polygon,1365.337681,None,1369.284227,1378.272414,1378.285665,None,,,,,,,,,,,29,1,2022_Jan_04_1308,untitled_1,2020.2.6,59.98976575
ירוק,green,x,1,Image_certainty//image193_alemnt12.jpg,12.jpg,three_middle_left,three_middle_right,widespread,certainty,,,,,,,,,0,100,100,193,1384.119109,1384.318818,x,1,0.8950162,1384.119109,None,0.009259259,0.012037037,1,0,0,1.5806875,polygon,1378.786108,None,1386.081264,None,1391.817222,None,TRUE,5.7842619,5.7857403,0.750925926,0.056481481,1,0,0,5.7842619,three_middle_right,29,1,2022_Jan_04_1308,untitled_1,2020.2.6,59.98976575
אדום,red,z,1,Image_certainty//image108_alemnt2.jpg,2.jpg,one_down_left,one_up_right,infrequent,certainty,,,,,,,,,0,101,101,108,1393.884448,1394.084196,z,1,0.7641324,1393.884448,None,0,0,1,0,0,0.0685535,polygon,1392.317757,None,1395.717051,1404.701904,1404.715426,None,,,,,,,,,,,29,1,2022_Jan_04_1308,untitled_1,2020.2.6,59.98976575
אדום,green,x,0,Image_certainty//image60_alemnt13.jpg,13.jpg,one_middle_left,two_up_right,widespread,certainty,,,,,,,,,0,102,102,60,1406.849092,1407.0491,x,1,0.8702003,1406.849092,None,0,0,1,0,0,0.1482764,polygon,1405.215227,None,1408.778169,None,1410.831417,None,TRUE,2.0854081,2.0856145,0.585185185,0.24537037,1,0,0,2.0854081,two_up_right,29,1,2022_Jan_04_1308,untitled_1,2020.2.6,59.98976575
אדום,red,z,1,Image_certainty//image126_alemnt9.jpg,9.jpg,two_down_left,one_middle_right,widespread,certainty,,,,,,,,,0,103,103,126,1413.031911,1413.231668,x,0,0.6942286,1413.031911,None,0,0,1,0,0,0.1998329,polygon,1411.331928,None,1414.775551,1423.749707,1423.779822,None,,,,,,,,,,,29,1,2022_Jan_04_1308,untitled_1,2020.2.6,59.98976575
אדום,green,x,0,Image_certainty//image54_alemnt11.jpg,11.jpg,two_down_left,two_middle_right,widespread,certainty,,,,,,,,,0,104,104,54,1426.379946,1426.579921,x,1,0.905786,1426.379946,None,0,0,1,0,0,0.5962066,polygon,1424.28023,None,1428.354563,1437.348768,1437.361339,None,,,,,,,,,,,29,1,2022_Jan_04_1308,untitled_1,2020.2.6,59.98976575
ירוק,green,x,1,Image_certainty//image190_alemnt12.jpg,12.jpg,one_down_left,one_middle_right,widespread,certainty,,,,,,,,,0,105,105,190,1440.045053,1440.244613,x,1,0.8249343,1440.045053,None,-0.000925926,-0.014814815,1,0,0,0.6807813,polygon,1437.861719,None,1441.925804,1450.912939,1450.926314,None,,,,,,,,,,,29,1,2022_Jan_04_1308,untitled_1,2020.2.6,59.98976575
אדום,blue,c,0,Image_certainty//image67_alemnt13.jpg,13.jpg,three_middle_left,one_middle_right,widespread,certainty,,,,,,,,,0,106,106,67,1454.459873,1454.659735,c,1,1.156436,1454.459873,None,0.015740741,-0.04537037,1,0,0,0.6970672,polygon,1451.426394,None,1456.685262,None,1461.878703,None,TRUE,5.2377487,5.2403105,0.443518519,-0.075925926,1,0,0,4.468135,one_middle_right,29,1,2022_Jan_04_1308,untitled_1,2020.2.6,59.98976575
אדום,blue,c,0,Image_certainty//image85_alemnt14.jpg,14.jpg,two_down_left,three_middle_right,widespread,certainty,,,,,,,,,0,107,107,85,1464.041958,1464.241727,c,1,0.9336105,1464.041958,None,0,0,1,0,0,0.1618937,polygon,1462.391922,None,1466.040003,None,1473.224317,None,TRUE,7.2361756,7.2386789,0.75,0.052777778,1,0,0,7.2361756,three_middle_right,29,1,2022_Jan_04_1308,untitled_1,2020.2.6,59.98976575
כחול,red,z,0,Image_certainty//image16_alemnt4.jpg,4.jpg,one_middle_left,two_up_right,infrequent,certainty,,,,,,,,,0,108,108,16,1475.290628,1475.490184,x,0,0.3064998,1475.290628,None,0,0,1,0,0,0.0641212,polygon,1473.723514,None,1476.664095,None,1480.522385,None,TRUE,3.9025167,3.9028713,0.627777778,0.19537037,1,0,0,3.9025167,two_up_right,29,1,2022_Jan_04_1308,untitled_1,2020.2.6,59.98976575
כחול,red,z,0,Image_certainty//image82_alemnt14.jpg,14.jpg,three_middle_left,two_down_right,widespread,certainty,,,,,,,,,0,109,109,82,1483.106139,1483.305874,None,0,,1483.106139,None,0,0,1,0,0,0.5811212,polygon,1481.022799,None,1485.35404,None,1493.13738,None,FALSE,7.8342487,7.8353191,0.410185185,0.003703704,1,0,0,7.8342487,one_middle_right,29,1,2022_Jan_04_1308,untitled_1,2020.2.6,59.98976575
אדום,blue,c,0,Image_certainty//image25_alemnt8.jpg,8.jpg,two_middle_left,one_down_right,widespread,certainty,,,,,,,,,0,110,110,25,1495.404299,1495.604246,c,1,0.9397346,1495.404299,None,0,0,1,0,0,0.263941,polygon,1493.637954,None,1497.416163,None,1504.086456,None,TRUE,,6.7239354,,,,,,,,29,1,2022_Jan_04_1308,untitled_1,2020.2.6,59.98976575
ירוק,blue,c,0,Image_certainty//image51_alemnt14.jpg,14.jpg,three_middle_left,one_down_right,widespread,certainty,,,,,,,,,0,111,111,51,1506.219814,1506.419491,c,1,1.1033222,1506.219814,None,0,0,1,0,0,0.130959,polygon,1504.586442,None,1508.390562,None,1512.136281,None,TRUE,,3.791021,,,,,,,,29,1,2022_Jan_04_1308,untitled_1,2020.2.6,59.98976575
ירוק,green,x,1,Image_certainty//image181_alemnt12.jpg,12.jpg,two_up_left,one_down_right,widespread,certainty,,,,,,,,,0,112,112,181,1514.202096,1514.401865,x,1,0.9023882,1514.202096,None,0,0,1,0,0,0.0636922,polygon,1512.635004,None,1516.182183,None,1518.970755,None,TRUE,2.8365462,2.8400771,0.458333333,-0.210185185,1,0,0,2.8365462,one_down_right,29,1,2022_Jan_04_1308,untitled_1,2020.2.6,59.98976575
כחול,blue,c,1,Image_certainty//image125_alemnt12.jpg,12.jpg,one_down_left,one_down_right,widespread,certainty,,,,,,,,,0,113,113,125,1521.001161,1521.201093,c,1,1.0137714,1521.001161,None,0,0,1,0,0,0.0144836,polygon,1519.484292,None,1523.070181,None,1530.149056,None,TRUE,7.1176107,7.119483,0.472222222,-0.22962963,1,0,0,7.1176107,one_down_right,29,1,2022_Jan_04_1308,untitled_1,2020.2.6,59.98976575
אדום,blue,c,0,Image_certainty//image55_alemnt12.jpg,12.jpg,three_middle_left,one_middle_right,widespread,certainty,,,,,,,,,0,114,114,55,1532.782889,1532.982942,None,0,,1532.782889,None,0,0,1,0,0,0.6320084,polygon,1530.649682,None,1535.033208,None,1541.750567,None,TRUE,6.7703034,6.7726192,0.39537037,-0.022222222,1,0,0,6.7703034,one_middle_right,29,1,2022_Jan_04_1308,untitled_1,2020.2.6,59.98976575
אדום,red,z,1,Image_certainty//image120_alemnt12.jpg,12.jpg,two_up_left,two_up_right,widespread,certainty,,,,,,,,,0,115,115,120,1544.29822,1544.497972,c,0,0.9127883,1544.29822,None,0,0,1,0,0,0.5305335,polygon,1542.264918,None,1546.268163,None,1549.930086,None,TRUE,3.7033794,3.7038926,0.6,0.238888889,1,0,0,3.7033794,two_up_right,29,1,2022_Jan_04_1308,untitled_1,2020.2.6,59.98976575
ירוק,green,x,1,Image_certainty//image196_alemnt13.jpg,13.jpg,three_middle_left,one_down_right,widespread,certainty,,,,,,,,,0,116,116,196,1552.597123,1552.797034,x,1,0.7863219,1552.597123,None,0,0,1,0,0,0.6789209,polygon,1550.43056,None,1554.46107,None,1557.136047,None,TRUE,2.7213852,2.7263378,0.425925926,-0.241666667,1,0,0,2.7213852,one_down_right,29,1,2022_Jan_04_1308,untitled_1,2020.2.6,59.98976575
אדום,red,z,1,Image_certainty//image153_alemnt9.jpg,9.jpg,three_middle_left,two_middle_right,widespread,certainty,,,,,,,,,0,117,117,153,1559.646263,1559.846023,None,0,,1559.646263,None,0,0,1,0,0,0.4977941,polygon,1557.646268,None,1561.886269,None,1566.077908,None,TRUE,4.2387581,4.2398582,0.541666667,-0.046296296,1,0,0,4.2387581,two_middle_right,29,1,2022_Jan_04_1308,untitled_1,2020.2.6,59.98976575
ירוק,green,x,1,Image_certainty//image109_alemnt5.jpg,5.jpg,one_down_left,two_middle_right,infrequent,certainty,,,,,,,,,0,118,118,109,1568.594973,1568.794864,x,1,0.6558732,1568.594973,None,0,0,1,0,0,0.5148726,polygon,1566.578176,None,1570.327044,None,1577.411932,None,TRUE,7.1372808,7.140404,0.539814815,-0.065740741,1,0,0,7.1372808,two_middle_right,29,1,2022_Jan_04_1308,untitled_1,2020.2.6,59.98976575
ירוק,red,z,0,Image_certainty//image20_alemnt10.jpg,10.jpg,two_up_left,two_up_right,widespread,certainty,,,,,,,,,0,119,119,20,1579.843555,1580.043168,z,1,0.855608,1579.843555,None,0,0,1,0,0,0.414348,polygon,1577.926952,None,1581.769256,None,1583.460367,None,TRUE,1.7372418,1.7378313,0.538888889,0.181481481,1,0,0,1.7372418,two_up_right,29,1,2022_Jan_04_1308,untitled_1,2020.2.6,59.98976575
ירוק,green,x,1,Image_certainty//image136_alemnt8.jpg,8.jpg,three_middle_left,two_down_right,widespread,certainty,,,,,,,,,0,120,120,136,1585.709481,1585.909166,x,1,0.7099155,1585.709481,None,0,0,1,0,0,0.2479361,polygon,1583.959522,None,1587.48324,1596.477145,1596.490825,None,,,,,,,,,,,29,1,2022_Jan_04_1308,untitled_1,2020.2.6,59.98976575
אדום,red,z,1,Image_certainty//image147_alemnt9.jpg,9.jpg,three_middle_left,two_up_right,widespread,certainty,,,,,,,,,0,121,121,147,1598.857484,1599.057406,x,0,0.687266,1598.857484,None,0,0,1,0,0,0.3662969,polygon,1596.991069,None,1600.605157,None,1604.726347,None,TRUE,4.1553035,4.1561531,0.578703704,0.191666667,1,0,0,4.1553035,two_up_right,29,1,2022_Jan_04_1308,untitled_1,2020.2.6,59.98976575
ירוק,blue,c,0,Image_certainty//image57_alemnt13.jpg,13.jpg,two_down_left,two_middle_right,widespread,certainty,,,,,,,,,0,122,122,57,1607.239791,1607.439725,None,0,,1607.239791,None,0,0,1,0,0,0.4968774,polygon,1605.240056,None,1609.480522,None,1612.389466,None,TRUE,2.9560655,2.9573178,0.574074074,-0.02962963,1,0,0,2.9560655,two_middle_right,29,1,2022_Jan_04_1308,untitled_1,2020.2.6,59.98976575
כחול,blue,c,1,Image_certainty//image107_alemnt6.jpg,6.jpg,two_middle_left,two_up_right,infrequent,certainty,,,,,,,,,0,123,123,107,1614.805739,1615.005471,c,1,0.7522568,1614.805739,None,0,0,1,0,0,0.4173438,polygon,1612.889096,None,1616.623408,None,1622.673121,None,TRUE,6.0884858,6.0893422,0.606481481,0.19537037,1,0,0,6.0884858,two_up_right,29,1,2022_Jan_04_1308,untitled_1,2020.2.6,59.98976575
ירוק,red,z,0,Image_certainty//image86_alemnt13.jpg,13.jpg,two_middle_left,one_up_right,widespread,certainty,,,,,,,,,0,124,124,86,1625.07102,1625.270789,c,0,0.7266253,1625.07102,None,0,0,1,0,0,0.3841953,polygon,1623.187734,None,1626.86682,None,1628.753141,None,TRUE,1.9363542,1.9372239,0.335185185,0.198148148,1,0,0,1.9363542,one_up_right,29,1,2022_Jan_04_1308,untitled_1,2020.2.6,59.98976575
ירוק,green,x,1,Image_certainty//image157_alemnt8.jpg,8.jpg,one_middle_left,three_middle_right,widespread,certainty,,,,,,,,,0,125,125,157,1631.203572,1631.403324,x,1,0.8319566,1631.203572,None,0,0,1,0,0,0.4487588,polygon,1629.253644,None,1633.089145,1642.071991,1642.084813,None,,,,,,,,,,,29,1,2022_Jan_04_1308,untitled_1,2020.2.6,59.98976575
אדום,red,z,1,Image_certainty//image135_alemnt12.jpg,12.jpg,two_middle_left,one_middle_right,widespread,certainty,,,,,,,,,0,126,126,135,1647.551458,1647.751355,None,0,,1647.551458,None,-0.037962963,0.033333333,1,0,0,0.7311918,polygon,1642.585251,None,1649.794141,None,1658.765985,None,,,,,,,,,,,29,1,2022_Jan_04_1308,untitled_1,2020.2.6,59.98976575
כחול,red,z,0,Image_certainty//image52_alemnt13.jpg,13.jpg,one_middle_left,two_middle_right,widespread,certainty,,,,,,,,,0,127,127,52,1664.116106,1664.315859,x,0,0.9228043,1664.116106,None,-0.021296296,0.025925926,1,0,0,0.9350908,polygon,1659.266096,None,1666.110509,None,1672.634812,None,TRUE,6.5714485,6.5744091,0.559259259,-0.060185185,1,0,0,6.5714485,two_middle_right,29,1,2022_Jan_04_1308,untitled_1,2020.2.6,59.98976575
אדום,red,z,1,Image_certainty//image156_alemnt11.jpg,11.jpg,two_down_left,one_down_right,widespread,certainty,,,,,,,,,0,128,128,156,1674.681263,1674.880988,None,0,,1674.681263,None,0,0,1,0,0,0.0343471,polygon,1673.147977,None,1676.921839,None,1680.863078,None,TRUE,3.9876301,3.9891861,0.432407407,-0.198148148,1,0,0,3.9876301,one_down_right,29,1,2022_Jan_04_1308,untitled_1,2020.2.6,59.98976575
ירוק,green,x,1,Image_certainty//image127_alemnt14.jpg,14.jpg,one_up_left,two_middle_right,widespread,certainty,,,,,,,,,0,129,129,127,1682.896854,1683.096487,x,1,0.5860666,1682.896854,None,0,0,1,0,0,0.0311171,polygon,1681.363244,None,1684.556127,None,1689.945366,None,TRUE,5.4362537,5.4383471,0.562962963,-0.076851852,1,0,0,5.4362537,two_middle_right,29,1,2022_Jan_04_1308,untitled_1,2020.2.6,59.98976575
אדום,red,z,1,Image_certainty//image177_alemnt11.jpg,11.jpg,two_down_left,three_middle_right,widespread,certainty,,,,,,,,,0,130,130,177,1692.495637,1692.695395,None,0,,1692.495637,None,0,0,1,0,0,0.5508695,polygon,1690.445701,None,1694.739214,None,1700.280311,None,TRUE,5.588732,5.5914537,0.748148148,0.038888889,1,0,0,5.588732,three_middle_right,29,1,2022_Jan_04_1308,untitled_1,2020.2.6,59.98976575
ירוק,green,x,1,Image_certainty//image121_alemnt12.jpg,12.jpg,two_down_left,three_middle_right,widespread,certainty,,,,,,,,,0,131,131,121,1702.32768,1702.527398,x,1,0.7714693,1702.32768,None,0,0,1,0,0,0.0461147,polygon,1700.794362,None,1704.155724,None,1711.947113,None,TRUE,7.8213986,7.8251717,0.737037037,0.02962963,1,0,0,7.8213986,three_middle_right,29,1,2022_Jan_04_1308,untitled_1,2020.2.6,59.98976575
ירוק,blue,c,0,Image_certainty//image99_alemnt10.jpg,10.jpg,three_middle_left,one_middle_right,widespread,certainty,,,,,,,,,0,132,132,99,1714.659409,1714.85927,None,0,,1714.659409,None,0,0,1,0,0,0.6976201,polygon,1712.459499,None,1716.904939,None,1718.091481,None,TRUE,1.2383635,1.2394005,0.364814815,0.008333333,1,0,0,1.2383635,one_middle_right,29,1,2022_Jan_04_1308,untitled_1,2020.2.6,59.98976575
כחול,blue,c,1,Image_certainty//image134_alemnt9.jpg,9.jpg,two_down_left,three_middle_right,widespread,certainty,,,,,,,,,0,133,133,134,1720.691985,1720.891677,c,1,0.8061806,1720.691985,None,0,0,1,0,0,0.5975692,polygon,1718.591748,None,1722.561804,None,1726.209754,None,TRUE,3.6875484,3.6907329,0.762962963,0.05462963,1,0,0,3.6875484,three_middle_right,29,1,2022_Jan_04_1308,untitled_1,2020.2.6,59.98976575
כחול,green,x,0,Image_certainty//image77_alemnt10.jpg,10.jpg,one_middle_left,two_up_right,widespread,certainty,,,,,,,,,0,134,134,77,1728.67426,1728.873858,c,0,0.7519984,1728.67426,None,0,0,1,0,0,0.4514025,polygon,1726.724261,None,1730.499174,None,1733.792327,None,TRUE,3.3390703,3.3396997,0.60462963,0.214814815,1,0,0,3.3390703,two_up_right,29,1,2022_Jan_04_1308,untitled_1,2020.2.6,59.98976575
כחול,blue,c,1,Image_certainty//image176_alemnt9.jpg,9.jpg,two_middle_left,one_down_right,widespread,certainty,,,,,,,,,0,135,135,176,1736.539845,1736.739595,c,1,0.5785275,1736.539845,None,0,0,1,0,0,0.7335718,polygon,1734.306733,None,1738.181596,None,1745.574331,None,TRUE,7.4370145,7.4403717,0.419444444,-0.211111111,1,0,0,7.4370145,one_down_right,29,1,2022_Jan_04_1308,untitled_1,2020.2.6,59.98976575
ירוק,red,z,0,Image_certainty//image62_alemnt11.jpg,11.jpg,two_down_left,two_middle_right,widespread,certainty,,,,,,,,,0,136,136,62,1748.004785,1748.204524,None,0,,1748.004785,None,0,0,1,0,0,0.4321408,polygon,1746.088466,None,1750.233128,None,1754.073745,None,TRUE,3.8721117,3.8747116,0.555555556,-0.062962963,1,0,0,3.8721117,two_middle_right,29,1,2022_Jan_04_1308,untitled_1,2020.2.6,59.98976575
אדום,blue,c,0,Image_certainty//image19_alemnt4.jpg,4.jpg,one_middle_left,two_middle_right,infrequent,certainty,,,,,,,,,0,137,137,19,1756.520663,1756.720334,c,1,1.1090042,1756.520663,None,0,0,1,0,0,0.4311324,polygon,1754.587246,None,1758.697206,None,1764.76934,None,TRUE,6.1195413,6.1220825,0.566666667,-0.003703704,1,0,0,6.1195413,two_middle_right,29,1,2022_Jan_04_1308,untitled_1,2020.2.6,59.98976575
כחול,green,x,0,Image_certainty//image59_alemnt14.jpg,14.jpg,two_down_left,one_down_right,widespread,certainty,,,,,,,,,0,138,138,59,1767.269263,1767.469001,x,1,1.0317859,1767.269263,None,0,0,1,0,0,0.4977544,polygon,1765.269228,None,1769.362643,None,1770.852596,None,FALSE,1.5384672,1.5393241,0.344444444,0.166666667,1,0,0,1.5384672,one_up_right,29,1,2022_Jan_04_1308,untitled_1,2020.2.6,59.98976575
אדום,red,z,1,Image_certainty//image114_alemnt2.jpg,2.jpg,one_middle_left,one_middle_right,infrequent,certainty,,,,,,,,,0,139,139,114,1772.935158,1773.134883,z,1,0.9185142,1772.935158,None,0,0,1,0,0,0.064188,polygon,1771.36851,None,1774.920047,None,1779.083582,None,TRUE,4.2032848,4.2043689,0.424074074,0.011111111,1,0,0,4.2032848,one_middle_right,29,1,2022_Jan_04_1308,untitled_1,2020.2.6,59.98976575
אדום,blue,c,0,Image_certainty//image1_alemnt6.jpg,6.jpg,two_down_left,one_up_right,infrequent,certainty,,,,,,,,,0,140,140,1,1781.417489,1781.617175,c,1,0.8979089,1781.417489,None,0,0,1,0,0,0.3485444,polygon,1779.584102,None,1783.374261,1792.369536,1792.382049,None,,,,,,,,,,,29,1,2022_Jan_04_1308,untitled_1,2020.2.6,59.98976575
ירוק,blue,c,0,Image_certainty//image3_alemnt4.jpg,4.jpg,one_middle_left,one_up_right,infrequent,certainty,,,,,,,,,0,141,141,3,1794.649033,1794.848717,c,1,0.6552978,1794.649033,None,0,0,1,0,0,0.2639751,polygon,1792.882402,None,1796.373727,None,1798.868389,None,TRUE,2.5387844,2.5399045,0.399074074,0.162037037,1,0,0,2.5387844,one_up_right,29,1,2022_Jan_04_1308,untitled_1,2020.2.6,59.98976575
כחול,blue,c,1,Image_certainty//image173_alemnt12.jpg,12.jpg,two_up_left,three_middle_right,widespread,certainty,,,,,,,,,0,142,142,173,1801.348178,1801.547914,c,1,0.6820252,1801.348178,None,0,0,1,0,0,0.4645906,polygon,1799.381282,None,1803.083,None,1805.58504,None,TRUE,2.5379741,2.5422037,0.759259259,0.087962963,1,0,0,2.5379741,three_middle_right,29,1,2022_Jan_04_1308,untitled_1,2020.2.6,59.98976575
אדום,blue,c,0,Image_certainty//image37_alemnt13.jpg,13.jpg,two_down_left,one_up_right,widespread,certainty,,,,,,,,,0,143,143,37,1808.047257,1808.246702,c,1,1.0076323,1808.047257,None,0,0,1,0,0,0.4476221,polygon,1806.097281,None,1810.121447,1819.115129,1819.128537,None,,,,,,,,,,,29,1,2022_Jan_04_1308,untitled_1,2020.2.6,59.98976575
כחול,blue,c,1,Image_certainty//image194_alemnt11.jpg,11.jpg,three_middle_left,two_down_right,widespread,certainty,,,,,,,,,0,144,144,194,1822.912059,1823.111909,c,1,0.7091511,1822.912059,None,-0.017592593,-0.022222222,1,0,0,0.914353,polygon,1819.628621,None,1824.687332,1833.679698,1833.693183,None,,,,,,,,,,,29,1,2022_Jan_04_1308,untitled_1,2020.2.6,59.98976575
אדום,red,z,1,Image_certainty//image117_alemnt1.jpg,1.jpg,one_up_left,two_up_right,infrequent,certainty,,,,,,,,,0,145,145,117,1836.443577,1836.64335,None,0,,1836.443577,None,0,0,1,0,0,0.7463394,polygon,1834.193705,None,1838.686963,None,1844.40836,None,TRUE,5.7676891,5.7679376,0.57962963,0.164814815,1,0,0,5.7676891,two_up_right,29,1,2022_Jan_04_1308,untitled_1,2020.2.6,59.98976575
ירוק,green,x,1,Image_certainty//image169_alemnt11.jpg,11.jpg,one_middle_left,one_up_right,widespread,certainty,,,,,,,,,0,146,146,169,1846.808915,1847.008634,x,1,0.8428181,1846.808915,None,0,0,1,0,0,0.3973676,polygon,1844.908972,None,1848.716939,None,1855.907079,None,TRUE,7.2364374,7.237158,0.371296296,0.157407407,1,0,0,7.2364374,one_up_right,29,1,2022_Jan_04_1308,untitled_1,2020.2.6,59.98976575
אדום,red,z,1,Image_certainty//image198_alemnt9.jpg,9.jpg,one_up_left,one_middle_right,widespread,certainty,,,,,,,,,0,147,147,198,1858.057458,1858.25694,x,0,0.7126345,1858.057458,None,0,0,1,0,0,0.1630064,polygon,1856.40747,None,1859.83245,None,1864.805824,None,TRUE,5.0174924,5.0184885,0.412962963,0.02037037,1,0,0,5.0174924,one_middle_right,29,1,2022_Jan_04_1308,untitled_1,2020.2.6,59.98976575
אדום,green,x,0,Image_certainty//image36_alemnt10.jpg,10.jpg,three_middle_left,three_middle_right,widespread,certainty,,,,,,,,,0,148,148,36,1867.289595,1867.489069,x,1,1.0552459,1867.289595,None,0,0,1,0,0,0.4818032,polygon,1865.306293,None,1869.418107,None,1871.404948,None,TRUE,2.034967,2.0363019,0.712037037,0.109259259,1,0,0,2.034967,three_middle_right,29,1,2022_Jan_04_1308,untitled_1,2020.2.6,59.98976575
אדום,red,z,1,Image_certainty//image144_alemnt8.jpg,8.jpg,two_middle_left,two_down_right,widespread,certainty,,,,,,,,,0,149,149,144,1873.422119,1873.621868,z,1,0.837031,1873.422119,None,0,0,1,0,0,0.0323275,polygon,1871.905083,None,1875.321236,None,1882.410424,None,TRUE,7.1229527,7.1276074,0.697222222,-0.185185185,1,0,0,7.1229527,two_down_right,29,1,2022_Jan_04_1308,untitled_1,2020.2.6,59.98976575
ירוק,red,z,0,Image_certainty//image32_alemnt9.jpg,9.jpg,two_up_left,one_down_right,widespread,certainty,,,,,,,,,0,150,150,32,1884.937207,1885.136996,None,0,,1884.937207,None,0,0,1,0,0,0.5289762,polygon,1882.920624,None,1887.169912,None,1893.30543,None,TRUE,6.1709979,6.1744024,0.465740741,-0.180555556,1,0,0,6.1709979,one_down_right,29,1,2022_Jan_04_1308,untitled_1,2020.2.6,59.98976575
אדום,blue,c,0,Image_certainty//image43_alemnt11.jpg,11.jpg,two_down_left,one_up_right,widespread,certainty,,,,,,,,,0,151,151,43,1895.752578,1895.952299,c,1,0.8749492,1895.752578,None,0,0,1,0,0,0.4303651,polygon,1893.819226,None,1897.690896,None,1905.18387,None,TRUE,7.5340994,7.5344941,0.35462963,0.168518519,1,0,0,7.5340994,one_up_right,29,1,2022_Jan_04_1308,untitled_1,2020.2.6,59.98976575
כחול,green,x,0,Image_certainty//image65_alemnt9.jpg,9.jpg,two_middle_left,two_up_right,widespread,certainty,,,,,,,,,0,152,152,65,1907.734349,1907.933781,x,1,0.8880859,1907.734349,None,0,0,1,0,0,0.54837,polygon,1905.684318,None,1909.692269,None,1916.087511,None,TRUE,6.4396076,6.4402043,0.577777778,0.210185185,1,0,0,6.4396076,two_up_right,29,1,2022_Jan_04_1308,untitled_1,2020.2.6,59.98976575
ירוק,green,x,1,Image_certainty//image178_alemnt8.jpg,8.jpg,two_up_left,one_up_right,widespread,certainty,,,,,,,,,0,153,153,178,1918.166261,1918.365877,x,1,0.5757504,1918.166261,None,0,0,1,0,0,0.0639998,polygon,1916.599597,None,1919.810247,None,1921.781692,None,TRUE,2.0193923,2.0200528,0.417592593,0.181481481,1,0,0,2.0193923,one_up_right,29,1,2022_Jan_04_1308,untitled_1,2020.2.6,59.98976575
כחול,red,z,0,Image_certainty//image22_alemnt11.jpg,11.jpg,two_up_left,one_down_right,widespread,certainty,,,,,,,,,0,154,154,22,1923.915256,1924.115118,z,1,1.0819035,1923.915256,None,0,0,1,0,0,0.1307754,polygon,1922.282258,None,1926.050791,None,1931.43502,None,TRUE,5.4200423,5.4244796,0.452777778,-0.203703704,1,0,0,5.4200423,one_down_right,29,1,2022_Jan_04_1308,untitled_1,2020.2.6,59.98976575
כחול,blue,c,1,Image_certainty//image188_alemnt9.jpg,9.jpg,two_up_left,two_down_right,widespread,certainty,,,,,,,,,0,155,155,188,1933.964264,1934.163969,c,1,0.8111272,1933.964264,None,0,0,1,0,0,0.5142529,polygon,1931.947646,None,1935.841482,1944.81609,1944.845683,None,,,,,,,,,,,29,1,2022_Jan_04_1308,untitled_1,2020.2.6,59.98976575
אדום,green,x,0,Image_certainty//image12_alemnt1.jpg,1.jpg,one_up_left,two_up_right,infrequent,certainty,,,,,,,,,0,156,156,12,1947.229128,1947.428918,x,1,1.012664,1947.229128,None,0,0,1,0,0,0.3804324,polygon,1945.345834,None,1949.292384,None,1955.993913,None,TRUE,6.73802,6.7382352,0.598148148,0.207407407,1,0,0,6.73802,two_up_right,29,1,2022_Jan_04_1308,untitled_1,2020.2.6,59.98976575
אדום,red,z,1,Image_certainty//image186_alemnt11.jpg,11.jpg,one_down_left,two_up_right,widespread,certainty,,,,,,,,,0,157,157,186,1958.777721,1958.977582,z,1,0.8066562,1958.777721,None,0,0,1,0,0,0.7851511,polygon,1956.493949,None,1960.660414,None,1969.642327,None,TRUE,,9.0333426,,,,,,,,29,1,2022_Jan_04_1308,untitled_1,2020.2.6,59.98976575
ירוק,green,x,1,Image_certainty//image175_alemnt11.jpg,11.jpg,one_middle_left,two_down_right,widespread,certainty,,,,,,,,,0,158,158,175,1971.709325,1971.909084,x,1,0.6282958,1971.709325,None,0,0,1,0,0,0.0643811,polygon,1970.142802,None,1973.401718,None,1979.62417,None,TRUE,6.2674667,6.2690963,0.708333333,-0.187962963,1,0,0,6.2674667,two_down_right,29,1,2022_Jan_04_1308,untitled_1,2020.2.6,59.98976575
כחול,green,x,0,Image_certainty//image29_alemnt13.jpg,13.jpg,one_middle_left,one_up_right,widespread,certainty,,,,,,,,,0,159,159,29,1982.174339,1982.37441,x,1,0.8617167,1982.174339,None,0,0,1,0,0,0.5467479,polygon,1980.124749,None,1984.09925,None,1985.523443,None,TRUE,1.4704661,1.4707908,0.360185185,0.194444444,1,0,0,1.4704661,one_up_right,29,1,2022_Jan_04_1308,untitled_1,2020.2.6,59.98976575
אדום,red,z,1,Image_certainty//image162_alemnt10.jpg,10.jpg,two_down_left,two_middle_right,widespread,certainty,,,,,,,,,0,160,160,162,1988.173678,1988.373753,c,0,0.7072996,1988.173678,None,0,0,1,0,0,0.6475309,polygon,1986.023768,None,1989.947312,None,1994.042156,None,TRUE,4.1366922,4.1396359,0.59537037,-0.062962963,1,0,0,4.1366922,two_middle_right,29,1,2022_Jan_04_1308,untitled_1,2020.2.6,59.98976575
כחול,green,x,0,Image_certainty//image53_alemnt12.jpg,12.jpg,two_down_left,two_middle_right,widespread,certainty,,,,,,,,,0,161,161,53,1996.072835,1996.272569,None,0,,1996.072835,None,0,0,1,0,0,0.0176157,polygon,1994.556147,None,1998.315553,None,2000.371496,None,TRUE,2.1036681,2.1055959,0.560185185,-0.093518519,1,0,0,2.1036681,two_middle_right,29,1,2022_Jan_04_1308,untitled_1,2020.2.6,59.98976575
ירוק,blue,c,0,Image_certainty//image75_alemnt11.jpg,11.jpg,two_up_left,one_middle_right,widespread,certainty,,,,,,,,,0,162,162,75,2003.071955,2003.27172,None,0,,2003.071955,None,0,0,1,0,0,0.6970959,polygon,2000.872025,None,2005.298305,None,2014.286803,None,,,,,,,,,,,29,1,2022_Jan_04_1308,untitled_1,2020.2.6,59.98976575
אדום,red,z,1,Image_certainty//image183_alemnt9.jpg,9.jpg,three_middle_left,two_down_right,widespread,certainty,,,,,,,,,0,163,163,183,2016.48692,2016.6866,x,0,0.5275722,2016.48692,None,0,0,1,0,0,0.1999127,polygon,2014.787183,None,2018.07634,None,2021.373389,None,FALSE,3.3392751,3.3429384,0.442592593,-0.209259259,1,0,0,3.3392751,one_down_right,29,1,2022_Jan_04_1308,untitled_1,2020.2.6,59.98976575
כחול,green,x,0,Image_certainty//image95_alemnt9.jpg,9.jpg,two_up_left,two_down_right,widespread,certainty,,,,,,,,,0,164,164,95,2023.552615,2023.752339,x,1,1.1235891,2023.552615,None,0,0,1,0,0,0.1631767,polygon,2021.885997,None,2025.737414,2034.720798,2034.733997,None,,,,,,,,,,,29,1,2022_Jan_04_1308,untitled_1,2020.2.6,59.98976575
ירוק,red,z,0,Image_certainty//image50_alemnt11.jpg,11.jpg,three_middle_left,one_down_right,widespread,certainty,,,,,,,,,0,165,165,50,2037.050609,2037.249745,x,0,0.6244877,2037.050609,None,0,0,1,0,0,0.3143106,polygon,2035.234233,None,2038.744309,None,2046.965807,None,TRUE,8.2693322,8.2724385,0.432407407,-0.206481481,1,0,0,8.2693322,one_down_right,29,1,2022_Jan_04_1308,untitled_1,2020.2.6,59.98976575
כחול,blue,c,1,Image_certainty//image158_alemnt11.jpg,11.jpg,one_up_left,two_down_right,widespread,certainty,,,,,,,,,0,166,166,158,2049.099321,2049.299001,x,0,0.8970076,2049.099321,None,0,0,1,0,0,0.1313971,polygon,2047.466012,None,2051.063273,2060.05029,2060.063906,None,,,,,,,,,,,29,1,2022_Jan_04_1308,untitled_1,2020.2.6,59.98976575
כחול,red,z,0,Image_certainty//image76_alemnt14.jpg,14.jpg,three_middle_left,two_middle_right,widespread,certainty,,,,,,,,,0,167,167,76,2065.430493,2065.630359,x,0,0.8280712,2065.430493,None,-0.011111111,0.013888889,1,0,0,1.5319211,polygon,2060.56404,None,2067.325894,None,2071.501879,None,TRUE,4.2216496,4.2252249,0.549074074,-0.07037037,1,0,0,4.2216496,two_middle_right,29,1,2022_Jan_04_1308,untitled_1,2020.2.6,59.98976575
אדום,red,z,1,Image_certainty//image102_alemnt1.jpg,1.jpg,three_middle_left,two_middle_right,infrequent,certainty,,,,,,,,,0,168,168,102,2074.212463,2074.412436,z,1,0.6786142,2074.212463,None,0,0,1,0,0,0.6978791,polygon,2072.012745,None,2075.952646,2084.948085,2084.960975,None,,,,,,,,,,,29,1,2022_Jan_04_1308,untitled_1,2020.2.6,59.98976575
ירוק,red,z,0,Image_certainty//image92_alemnt10.jpg,10.jpg,one_down_left,two_middle_right,widespread,certainty,,,,,,,,,0,169,169,92,2088.543839,2088.744069,x,0,0.8754092,2088.543839,None,-0.001851852,0.011111111,1,0,0,1.5955345,polygon,2085.461099,None,2090.485091,None,2096.359026,None,TRUE,5.9195749,5.9206917,0.602777778,-0.058333333,1,0,0,5.9195749,two_middle_right,29,1,2022_Jan_04_1308,untitled_1,2020.2.6,59.98976575
אדום,blue,c,0,Image_certainty//image97_alemnt8.jpg,8.jpg,one_middle_left,three_middle_right,widespread,certainty,,,,,,,,,0,170,170,97,2098.892797,2099.092593,c,1,0.7915441,2098.892797,None,0,0,1,0,0,0.5313112,polygon,2096.859488,None,2100.751114,2109.744741,2109.757515,None,,,,,,,,,,,29,1,2022_Jan_04_1308,untitled_1,2020.2.6,59.98976575
אדום,green,x,0,Image_certainty//image72_alemnt9.jpg,9.jpg,one_middle_left,two_down_right,widespread,certainty,,,,,,,,,0,171,171,72,2112.541045,2112.740729,None,0,,2112.541045,None,0.001851852,-0.007407407,1,0,0,0.7805583,polygon,2110.257394,None,2114.784627,None,2123.022314,None,TRUE,8.2849442,8.2868419,0.700925926,-0.22037037,1,0,0,8.2849442,two_down_right,29,1,2022_Jan_04_1308,untitled_1,2020.2.6,59.98976575
כחול,blue,c,1,Image_certainty//image143_alemnt9.jpg,9.jpg,two_down_left,one_middle_right,widespread,certainty,,,,,,,,,0,172,172,143,2125.056112,2125.25567,c,1,0.6417233,2125.056112,None,0,0,1,0,0,0.0331879,polygon,2123.522333,None,2126.769607,None,2135.358854,None,TRUE,8.6376148,8.6410708,0.403703704,-0.051851852,1,0,0,8.6376148,one_middle_right,29,1,2022_Jan_04_1308,untitled_1,2020.2.6,59.98976575
ירוק,green,x,1,Image_certainty//image115_alemnt2.jpg,2.jpg,three_middle_left,one_down_right,infrequent,certainty,,,,,,,,,0,173,173,115,2137.737797,2137.937633,x,1,0.7604002,2137.737797,None,0,0,1,0,0,0.36476,polygon,2135.871064,None,2139.562796,None,2144.605432,None,TRUE,5.0869948,5.0902144,0.469444444,-0.198148148,1,0,0,5.0869948,one_down_right,29,1,2022_Jan_04_1308,untitled_1,2020.2.6,59.98976575
ירוק,red,z,0,Image_certainty//image80_alemnt9.jpg,9.jpg,one_middle_left,one_middle_right,widespread,certainty,,,,,,,,,0,174,174,80,2147.436528,2147.635853,c,0,0.6027645,2147.436528,None,0,0,1,0,0,0.8163222,polygon,2145.119964,None,2149.112692,2158.105005,2158.117846,None,,,,,,,,,,,29,1,2022_Jan_04_1308,untitled_1,2020.2.6,59.98976575
אדום,red,z,1,Image_certainty//image192_alemnt11.jpg,11.jpg,one_up_left,one_down_right,widespread,certainty,,,,,,,,,0,175,175,192,2160.401523,2160.601287,x,0,0.6477249,2160.401523,None,0,0,1,0,0,0.2803165,polygon,2158.617869,None,2162.10058,None,2164.616646,None,TRUE,2.5517323,2.5532758,0.464814815,-0.239814815,1,0,0,2.5517323,one_down_right,29,1,2022_Jan_04_1308,untitled_1,2020.2.6,59.98976575
כחול,blue,c,1,Image_certainty//image185_alemnt14.jpg,14.jpg,three_middle_left,three_middle_right,widespread,certainty,,,,,,,,,0,176,176,185,2167.283935,2167.483766,c,1,0.5786797,2167.283935,None,0,0,1,0,0,0.6641131,polygon,2165.117291,None,2168.918119,None,2172.582308,None,TRUE,3.7022796,3.7047037,0.683333333,0.078703704,1,0,0,3.7022796,three_middle_right,29,1,2022_Jan_04_1308,untitled_1,2020.2.6,59.98976575
אדום,red,z,1,Image_certainty//image195_alemnt10.jpg,10.jpg,one_down_left,two_middle_right,widespread,certainty,,,,,,,,,0,177,177,195,2175.099597,2175.299357,None,0,,2175.099597,None,0,0,1,0,0,0.5291041,polygon,2173.082998,None,2177.345399,None,2181.221035,None,TRUE,3.9231607,3.9269908,0.573148148,-0.042592593,1,0,0,3.9231607,two_middle_right,29,1,2022_Jan_04_1308,untitled_1,2020.2.6,59.98976575
אדום,red,z,1,Image_certainty//image129_alemnt8.jpg,8.jpg,one_middle_left,three_middle_right,widespread,certainty,,,,,,,,,0,178,178,129,2183.731828,2183.93152,z,1,1.1118652,2183.731828,None,0,0,1,0,0,0.4963516,polygon,2181.731875,None,2185.901352,None,2193.196792,None,TRUE,7.3384823,7.3397977,0.706481481,0.049074074,1,0,0,7.3384823,three_middle_right,29,1,2022_Jan_04_1308,untitled_1,2020.2.6,59.98976575
אדום,blue,c,0,Image_certainty//image7_alemnt7.jpg,7.jpg,one_down_left,one_down_right,infrequent,certainty,,,,,,,,,0,179,179,7,2195.613551,2195.812914,c,1,0.8438833,2195.613551,None,0,0,1,0,0,0.4135951,polygon,2193.696664,None,2197.51539,None,2201.582449,None,TRUE,4.1040144,4.1086491,0.461111111,-0.191666667,1,0,0,4.1040144,one_down_right,29,1,2022_Jan_04_1308,untitled_1,2020.2.6,59.98976575
אדום,green,x,0,Image_certainty//image24_alemnt13.jpg,13.jpg,three_middle_left,one_middle_right,widespread,certainty,,,,,,,,,0,180,180,24,2203.929218,2204.128974,x,1,0.9120834,2203.929218,None,0,0,1,0,0,0.3337173,polygon,2202.095363,None,2205.910774,None,2208.582968,None,TRUE,2.7212267,2.7247463,0.375925926,-0.022222222,1,0,0,2.7212267,one_middle_right,29,1,2022_Jan_04_1308,untitled_1,2020.2.6,59.98976575
ירוק,green,x,1,Image_certainty//image103_alemnt1.jpg,1.jpg,two_down_left,one_middle_right,infrequent,certainty,,,,,,,,,0,181,181,103,2211.128222,2211.328134,x,1,0.8792877,2211.128222,None,0,0,1,0,0,0.5306354,polygon,2209.095012,None,2213.056114,2222.029863,2222.059634,None,,,,,,,,,,,29,1,2022_Jan_04_1308,untitled_1,2020.2.6,59.98976575
ירוק,green,x,1,Image_certainty//image166_alemnt14.jpg,14.jpg,two_middle_left,one_middle_right,widespread,certainty,,,,,,,,,0,182,182,166,2224.892813,2225.092591,x,1,0.6863062,2224.892813,None,-0.018518519,0,1,0,0,0.8304341,polygon,2222.559969,None,2226.655609,None,2228.328676,None,TRUE,1.7209465,1.7240592,0.407407407,-0.002777778,1,0,0,1.7209465,one_middle_right,29,1,2022_Jan_04_1308,untitled_1,2020.2.6,59.98976575
כחול,blue,c,1,Image_certainty//image110_alemnt5.jpg,5.jpg,three_middle_left,one_up_right,infrequent,certainty,,,,,,,,,0,183,183,110,2230.425727,2230.625462,c,1,0.4918584,2230.425727,None,0,0,1,0,0,0.0808773,polygon,2228.842106,None,2231.985649,None,2237.440682,None,TRUE,5.5033197,5.5036517,0.396296296,0.164814815,1,0,0,5.5033197,one_up_right,29,1,2022_Jan_04_1308,untitled_1,2020.2.6,59.98976575
ירוק,blue,c,0,Image_certainty//image81_alemnt14.jpg,14.jpg,three_middle_left,one_down_right,widespread,certainty,,,,,,,,,0,184,184,81,2239.957761,2240.157252,c,1,0.8493061,2239.957761,None,0,0,1,0,0,0.5146842,polygon,2237.941157,None,2241.861863,None,2243.729904,None,TRUE,1.9058093,1.9111079,0.432407407,-0.216666667,1,0,0,1.9058093,one_down_right,29,1,2022_Jan_04_1308,untitled_1,2020.2.6,59.98976575
כחול,blue,c,1,Image_certainty//image182_alemnt9.jpg,9.jpg,one_up_left,two_middle_right,widespread,certainty,,,,,,,,,0,185,185,182,2246.140419,2246.340151,c,1,0.6839994,2246.140419,None,0,0,1,0,0,0.3981904,polygon,2244.240348,None,2247.879045,None,2252.990333,None,TRUE,5.1534992,5.1557152,0.578703704,-0.056481481,1,0,0,5.1534992,two_middle_right,29,1,2022_Jan_04_1308,untitled_1,2020.2.6,59.98976575
ירוק,green,x,1,Image_certainty//image118_alemnt6.jpg,6.jpg,one_up_left,one_up_right,infrequent,certainty,,,,,,,,,0,186,186,118,2255.522476,2255.722211,x,1,0.8989169,2255.522476,None,0,0,1,0,0,0.514534,polygon,2253.505827,None,2257.474346,2266.456839,2266.470405,None,,,,,,,,,,,29,1,2022_Jan_04_1308,untitled_1,2020.2.6,59.98976575
ירוק,blue,c,0,Image_certainty//image45_alemnt9.jpg,9.jpg,one_down_left,three_middle_right,widespread,certainty,,,,,,,,,0,187,187,45,2268.687362,2268.887229,c,1,0.8839239,2268.687362,None,0,0,1,0,0,0.2146051,polygon,2266.970683,None,2270.62989,None,2273.902636,None,TRUE,3.319139,3.3218855,0.722222222,0.07037037,1,0,0,3.319139,three_middle_right,29,1,2022_Jan_04_1308,untitled_1,2020.2.6,59.98976575
כחול,blue,c,1,Image_certainty//image164_alemnt9.jpg,9.jpg,one_middle_left,three_middle_right,widespread,certainty,,,,,,,,,0,188,188,164,2275.903262,2276.102798,c,1,0.8264237,2275.903262,None,0,0,1,0,0,0.0169713,polygon,2274.402832,None,2277.789822,None,2280.019707,None,TRUE,2.2702912,2.2730939,0.74537037,0.076851852,1,0,0,2.2702912,three_middle_right,29,1,2022_Jan_04_1308,untitled_1,2020.2.6,59.98976575
כחול,blue,c,1,Image_certainty//image149_alemnt11.jpg,11.jpg,one_middle_left,three_middle_right,widespread,certainty,,,,,,,,,0,189,189,149,2282.551933,2282.75204,c,1,0.5622781,2282.551933,None,0,0,1,0,0,0.5145825,polygon,2280.535274,None,2284.181041,None,2291.572698,None,TRUE,7.4372665,7.441194,0.712962963,0.07037037,1,0,0,7.4372665,three_middle_right,29,1,2022_Jan_04_1308,untitled_1,2020.2.6,59.98976575
כחול,blue,c,1,Image_certainty//image155_alemnt11.jpg,11.jpg,one_up_left,two_middle_right,widespread,certainty,,,,,,,,,0,190,190,155,2294.184066,2294.384009,c,1,0.7732383,2294.184066,None,0,0,1,0,0,0.5969058,polygon,2292.084212,None,2296.031081,2305.018368,2305.032011,None,,,,,,,,,,,29,1,2022_Jan_04_1308,untitled_1,2020.2.6,59.98976575
ירוק,green,x,1,Image_certainty//image151_alemnt13.jpg,13.jpg,two_middle_left,one_down_right,widespread,certainty,,,,,,,,,0,191,191,151,2308.932103,2309.132072,c,0,0.7982271,2308.932103,None,0.006481481,0.012962963,1,0,0,0.9293031,polygon,2305.532425,None,2310.799138,None,2315.786341,None,TRUE,5.0370885,5.0421154,0.444444444,-0.207407407,1,0,0,5.0370885,one_down_right,29,1,2022_Jan_04_1308,untitled_1,2020.2.6,59.98976575
כחול,green,x,0,Image_certainty//image71_alemnt12.jpg,12.jpg,three_middle_left,two_down_right,widespread,certainty,,,,,,,,,0,192,192,71,2318.297608,2318.497451,x,1,1.0589818,2318.297608,None,0,0,1,0,0,0.5149243,polygon,2316.297656,None,2320.428478,None,2322.76563,None,TRUE,2.3908928,2.3925005,0.744444444,-0.259259259,1,0,0,2.3908928,two_down_right,29,1,2022_Jan_04_1308,untitled_1,2020.2.6,59.98976575
כחול,red,z,0,Image_certainty//image88_alemnt10.jpg,10.jpg,two_middle_left,two_up_right,widespread,certainty,,,,,,,,,0,193,193,88,2325.213443,2325.41318,c,0,0.7887057,2325.213443,None,0,0,1,0,0,0.4337167,polygon,2323.280123,None,2327.054489,None,2329.478861,None,TRUE,2.4537011,2.4541527,0.586111111,0.246296296,1,0,0,2.4537011,two_up_right,29,1,2022_Jan_04_1308,untitled_1,2020.2.6,59.98976575
אדום,red,z,1,Image_certainty//image159_alemnt13.jpg,13.jpg,one_middle_left,two_middle_right,widespread,certainty,,,,,,,,,0,194,194,159,2331.479246,2331.678998,z,1,0.5540447,2331.479246,None,0,0,1,0,0,0.0118304,polygon,2329.978729,None,2333.099719,2342.097176,2342.110575,None,,,,,,,,,,,29,1,2022_Jan_04_1308,untitled_1,2020.2.6,59.98976575
כחול,blue,c,1,Image_certainty//image140_alemnt11.jpg,11.jpg,one_up_left,two_up_right,widespread,certainty,,,,,,,,,0,195,195,140,2344.277692,2344.477468,c,1,0.9275781,2344.277692,None,0,0,1,0,0,0.1649715,polygon,2342.610993,None,2346.275384,None,2351.695206,None,TRUE,5.4713968,5.4719932,0.569444444,0.22962963,1,0,0,5.4713968,two_up_right,29,1,2022_Jan_04_1308,untitled_1,2020.2.6,59.98976575
ירוק,green,x,1,Image_certainty//image100_alemnt4.jpg,4.jpg,two_down_left,one_middle_right,infrequent,certainty,,,,,,,,,0,196,196,100,2354.292998,2354.492423,x,1,0.7312747,2354.292998,None,0,0,1,0,0,0.5829686,polygon,2352.209748,None,2356.085092,None,2358.662038,None,TRUE,2.6209704,2.624173,0.387037037,0.025,1,0,0,2.6209704,one_middle_right,29,1,2022_Jan_04_1308,untitled_1,2020.2.6,59.98976575
אדום,red,z,1,Image_certainty//image174_alemnt10.jpg,10.jpg,one_down_left,three_middle_right,widespread,certainty,,,,,,,,,0,197,197,174,2361.041843,2361.241886,c,0,0.9498546,2361.041843,None,0,0,1,0,0,0.3639649,polygon,2359.175483,None,2363.041261,None,2367.27547,None,FALSE,4.2708047,4.271439,0.565740741,0.190740741,1,0,0,4.2708047,two_up_right,29,1,2022_Jan_04_1308,untitled_1,2020.2.6,59.98976575
אדום,green,x,0,Image_certainty//image96_alemnt14.jpg,14.jpg,one_up_left,two_down_right,widespread,certainty,,,,,,,,,0,198,198,96,2369.624342,2369.824089,c,0,0.6117939,2369.624342,None,0,0,1,0,0,0.3310478,polygon,2367.791045,None,2371.30061,None,2374.872742,None,TRUE,,3.6235325,,,,,,,,29,1,2022_Jan_04_1308,untitled_1,2020.2.6,59.98976575
אדום,green,x,0,Image_certainty//image66_alemnt11.jpg,11.jpg,one_up_left,two_up_right,widespread,certainty,,,,,,,,,0,199,199,66,2377.489991,2377.689732,None,0,,2377.489991,None,0,0,1,0,0,0.6134505,polygon,2375.373392,None,2379.736815,None,2388.704651,None,,,,,,,,,,,29,1,2022_Jan_04_1308,untitled_1,2020.2.6,59.98976575
