﻿word,letterColor,corrAns,congruent,imageTrain,true_shaps,corrAnsLeft,corrAnsRight,common,experiment,stroop_loop.thisRepN,stroop_loop.thisTrialN,stroop_loop.thisN,stroop_loop.thisIndex,trail_certaninty.thisRepN,trail_certaninty.thisTrialN,trail_certaninty.thisN,trail_certaninty.thisIndex,test_certaincy.thisRepN,test_certaincy.thisTrialN,test_certaincy.thisN,test_certaincy.thisIndex,stroop_text.started,stroop_text.stopped,stroop_anser.keys,stroop_anser.corr,stroop_anser.rt,stroop_anser.started,stroop_anser.stopped,test_fixability_certity.x,test_fixability_certity.y,test_fixability_certity.leftButton,test_fixability_certity.midButton,test_fixability_certity.rightButton,test_fixability_certity.time,test_fixability_certity.clicked_name,test_fixability_certity.started,test_fixability_certity.stopped,test_certainty_anser_currect,finalClickTime,test_certainty_anser_time,test_certainty_mouse.x,test_certainty_mouse.y,test_certainty_mouse.leftButton,test_certainty_mouse.midButton,test_certainty_mouse.rightButton,test_certainty_mouse.time,test_certainty_mouse.clicked_name,test_certainty_mouse.started,test_certainty_mouse.stopped,text_5.started,text_5.stopped,participant,session,date,expName,psychopyVersion,frameRate
ירוק,blue,c,0,,,,,,,0,0,0,3,,,,,,,,,29.7836629,29.9825647,z,0,0.9817771,29.7836629,None,,,,,,,,,,,,,,,,,,,,,,,,31,1,2022_Jan_04_1419,untitled_1,2020.2.6,59.85479227
ירוק,green,x,1,,,,,,,0,1,1,2,,,,,,,,,35.332949,35.5326386,x,1,0.7577462,35.332949,None,,,,,,,,,,,,,,,,,,,,,,,,31,1,2022_Jan_04_1419,untitled_1,2020.2.6,59.85479227
אדום,red,z,1,,,,,,,0,2,2,0,,,,,,,,,40.6822699,40.8820041,z,1,0.3716876,40.6822699,None,,,,,,,,,,,,,,,,,,,,,,,,31,1,2022_Jan_04_1419,untitled_1,2020.2.6,59.85479227
כחול,red,z,0,,,,,,,0,3,3,5,,,,,,,,,45.6480598,45.847899,z,1,0.9149629,45.6480598,None,,,,,,,,,,,,,,,,,,,,,,,,31,1,2022_Jan_04_1419,untitled_1,2020.2.6,59.85479227
כחול,blue,c,1,,,,,,,0,4,4,4,,,,,,,,,51.1305495,51.3306293,x,0,0.5627348,51.1305495,None,,,,,,,,,,,,,,,,,,,,,,,,31,1,2022_Jan_04_1419,untitled_1,2020.2.6,59.85479227
אדום,green,x,0,,,,,,,0,5,5,1,,,,,,,,,56.2469115,56.4466476,x,1,0.3680184,56.2469115,None,,,,,,,,,,,,,,,,,,,,,,,,31,1,2022_Jan_04_1419,untitled_1,2020.2.6,59.85479227
כחול,red,z,0,,,,,,,1,0,6,5,,,,,,,,,61.1794542,61.3793495,z,1,0.3395732,61.1794542,None,,,,,,,,,,,,,,,,,,,,,,,,31,1,2022_Jan_04_1419,untitled_1,2020.2.6,59.85479227
כחול,blue,c,1,,,,,,,1,1,7,4,,,,,,,,,66.0954757,66.2952364,c,1,0.4173223,66.0954757,None,,,,,,,,,,,,,,,,,,,,,,,,31,1,2022_Jan_04_1419,untitled_1,2020.2.6,59.85479227
אדום,green,x,0,,,,,,,1,2,8,1,,,,,,,,,71.0783084,71.2780519,x,1,0.4157865,71.0783084,None,,,,,,,,,,,,,,,,,,,,,,,,31,1,2022_Jan_04_1419,untitled_1,2020.2.6,59.85479227
ירוק,blue,c,0,,,,,,,1,3,9,3,,,,,,,,,76.0606315,76.2602246,c,1,0.7057053,76.0606315,None,,,,,,,,,,,,,,,,,,,,,,,,31,1,2022_Jan_04_1419,untitled_1,2020.2.6,59.85479227
ירוק,green,x,1,,,,,,,1,4,10,2,,,,,,,,,81.326882,81.5261754,x,1,0.5793488,81.326882,None,,,,,,,,,,,,,,,,,,,,,,,,31,1,2022_Jan_04_1419,untitled_1,2020.2.6,59.85479227
אדום,red,z,1,,,,,,,1,5,11,0,,,,,,,,,86.4759731,86.6758511,z,1,0.3262521,86.4759731,None,,,,,,,,,,,,,,,,,,,,,,,,31,1,2022_Jan_04_1419,untitled_1,2020.2.6,59.85479227
אדום,red,z,1,,,,,,,2,0,12,0,,,,,,,,,91.3756873,91.5753848,x,0,0.4553742,91.3756873,None,,,,,,,,,,,,,,,,,,,,,,,,31,1,2022_Jan_04_1419,untitled_1,2020.2.6,59.85479227
אדום,green,x,0,,,,,,,2,1,13,1,,,,,,,,,96.4082069,96.6080357,x,1,0.8693963,96.4082069,None,,,,,,,,,,,,,,,,,,,,,,,,31,1,2022_Jan_04_1419,untitled_1,2020.2.6,59.85479227
כחול,red,z,0,,,,,,,2,2,14,5,,,,,,,,,101.857286,102.0572614,z,1,0.5485438,101.857286,None,,,,,,,,,,,4.780492257,,,,,,,,,,,,,31,1,2022_Jan_04_1419,untitled_1,2020.2.6,59.85479227
ירוק,green,x,1,,,,,,,2,3,15,2,,,,,,,,,106.9735602,107.1733241,x,1,0.5812646,106.9735602,None,,,,,,,,,,,1.941156158,,,,,,,,,,,,,31,1,2022_Jan_04_1419,untitled_1,2020.2.6,59.85479227
ירוק,blue,c,0,,,,,,,2,4,16,3,,,,,,,,,112.1224314,112.3221142,c,1,0.5512308,112.1224314,None,,,,,,,,,,,,,,,,,,,,,,,,31,1,2022_Jan_04_1419,untitled_1,2020.2.6,59.85479227
כחול,blue,c,1,,,,,,,2,5,17,4,,,,,,,,,117.2220936,117.4217053,x,0,0.4759928,117.2220936,None,,,,,,,,,,,,,,,,,,,,,,,,31,1,2022_Jan_04_1419,untitled_1,2020.2.6,59.85479227
אדום,blue,c,0,train_Image_certainty//image7_alemnt7.jpg,7.jpg,one_middle_left,one_up_right,widespread,train_certainty,,,,,0,0,0,6,,,,,150.3008646,150.5010728,c,1,0.8625618,150.3008646,None,0,0,1,0,0,0.9690353,polygon,147.8288061,None,TRUE,3.8562551,3.8574836,0.351851852,0.176851852,1,0,0,3.8562551,one_up_right,153.3336984,None,159.116479,None,31,1,2022_Jan_04_1419,untitled_1,2020.2.6,59.85479227
ירוק,blue,c,0,train_Image_certainty//image3_alemnt3.jpg,3.jpg,two_down_left,three_middle_right,widespread,train_certainty,,,,,0,1,1,2,,,,,162.0659073,162.2661319,c,1,0.7796362,162.0659073,None,0,0,1,0,0,0.9475863,polygon,159.6165487,None,TRUE,2.9209098,2.923014,0.699074074,0.049074074,1,0,0,2.9209098,three_middle_right,164.9384391,None,169.8318373,None,31,1,2022_Jan_04_1419,untitled_1,2020.2.6,59.85479227
ירוק,red,z,0,train_Image_certainty//image8_alemnt8.jpg,8.jpg,two_down_left,two_middle_right,widespread,train_certainty,,,,,0,2,2,7,,,,,172.5145667,172.7147948,z,1,0.499957,172.5145667,None,0,0,1,0,0,0.6837692,polygon,170.3314622,None,,,,,,,,,,,175.1312572,184.1163151,186.1462646,None,31,1,2022_Jan_04_1419,untitled_1,2020.2.6,59.85479227
כחול,blue,c,1,train_Image_certainty//image11_alemnt11.jpg,11.jpg,two_down_left,one_down_right,widespread,train_certainty,,,,,0,3,3,10,,,,,188.7460258,188.9461136,c,1,0.5319348,188.7460258,None,0,0,1,0,0,0.597979,polygon,186.6462883,None,TRUE,4.0714934,4.0734973,0.447222222,-0.212037037,1,0,0,4.0714934,one_down_right,191.3720225,None,197.4282491,None,31,1,2022_Jan_04_1419,untitled_1,2020.2.6,59.85479227
כחול,green,x,0,train_Image_certainty//image5_alemnt5.jpg,5.jpg,one_middle_left,three_middle_right,widespread,train_certainty,,,,,0,4,4,4,,,,,199.8948957,200.0945733,x,1,0.7572162,199.8948957,None,0,0,1,0,0,0.4775354,polygon,197.9282036,None,TRUE,4.0219376,4.023048,0.728703704,0.023148148,1,0,0,4.0219376,three_middle_right,202.7718397,None,208.7601158,None,31,1,2022_Jan_04_1419,untitled_1,2020.2.6,59.85479227
ירוק,blue,c,0,train_Image_certainty//image9_alemnt9.jpg,9.jpg,two_up_left,one_middle_right,widespread,train_certainty,,,,,0,5,5,8,,,,,211.4594751,211.6597439,c,1,0.8474583,211.4594751,None,0,0,1,0,0,0.7121815,polygon,209.2600671,None,,,,,,,,,,,214.4231954,223.4113196,225.4411125,None,31,1,2022_Jan_04_1419,untitled_1,2020.2.6,59.85479227
אדום,red,z,1,train_Image_certainty//image15_alemnt1.jpg,1.jpg,one_up_left,one_middle_right,infrequent,train_certainty,,,,,0,6,6,14,,,,,227.9077388,228.1075726,None,0,,227.9077388,None,0,0,1,0,0,0.4783828,polygon,225.9411751,None,,,,,,,,,,,231.1821362,None,242.1389697,None,31,1,2022_Jan_04_1419,untitled_1,2020.2.6,59.85479227
אדום,red,z,1,train_Image_certainty//image12_alemnt12.jpg,12.jpg,one_down_left,one_up_right,widespread,train_certainty,,,,,0,7,7,11,,,,,244.4890652,244.688274,z,1,0.7220938,244.4890652,None,0,0,1,0,0,0.3499018,polygon,242.6388919,None,TRUE,8.302637,8.3033936,0.37962963,0.14537037,1,0,0,8.302637,one_up_right,247.325235,None,257.587318,None,31,1,2022_Jan_04_1419,untitled_1,2020.2.6,59.85479227
אדום,green,x,0,train_Image_certainty//image6_alemnt6.jpg,6.jpg,one_middle_left,two_up_right,widespread,train_certainty,,,,,0,8,8,5,,,,,260.1036796,260.3033793,x,1,0.4595458,260.1036796,None,0,0,1,0,0,0.5143567,polygon,258.0870243,None,TRUE,3.4003737,3.4005858,0.574074074,0.228703704,1,0,0,3.4003737,two_up_right,262.6863251,None,268.0518436,None,31,1,2022_Jan_04_1419,untitled_1,2020.2.6,59.85479227
אדום,blue,c,0,train_Image_certainty//image1_alemnt1.jpg,1.jpg,two_middle_left,one_down_right,widespread,train_certainty,,,,,0,9,9,0,,,,,270.3022741,270.5018393,c,1,0.3910751,270.3022741,None,0,0,1,0,0,0.2470955,polygon,268.5522796,None,TRUE,,5.3413489,,,,,,,,272.8206231,None,280.1173978,None,31,1,2022_Jan_04_1419,untitled_1,2020.2.6,59.85479227
כחול,blue,c,1,train_Image_certainty//image14_alemnt14.jpg,14.jpg,three_middle_left,one_middle_right,widespread,train_certainty,,,,,0,10,10,13,,,,,283.3673371,283.5671033,c,1,0.5663535,283.3673371,None,0,0,1,0,0,1.2487498,polygon,280.6169191,None,,,,,,,,,,,286.0621325,295.0361376,297.0985789,None,31,1,2022_Jan_04_1419,untitled_1,2020.2.6,59.85479227
ירוק,green,x,1,train_Image_certainty//image13_alemnt13.jpg,13.jpg,two_up_left,one_up_right,widespread,train_certainty,,,,,0,11,11,12,,,,,299.6984665,299.8983236,x,1,0.3902048,299.6984665,None,0,0,1,0,0,0.5972681,polygon,297.5985488,None,TRUE,3.8558956,3.8570456,0.292592593,0.187962963,1,0,0,3.8558956,one_up_right,302.2174723,None,308.0470292,None,31,1,2022_Jan_04_1419,untitled_1,2020.2.6,59.85479227
כחול,red,z,0,train_Image_certainty//image4_alemnt4.jpg,4.jpg,two_middle_left,two_up_right,widespread,train_certainty,,,,,0,12,12,3,,,,,310.2635546,310.4635086,z,1,0.3588648,310.2635546,None,0,0,1,0,0,0.2139571,polygon,308.5471294,None,,,,,,,,,,,312.7704342,321.7660963,323.7951053,None,31,1,2022_Jan_04_1419,untitled_1,2020.2.6,59.85479227
ירוק,red,z,0,train_Image_certainty//image2_alemnt2.jpg,2.jpg,two_down_left,three_middle_right,widespread,train_certainty,,,,,0,13,13,1,,,,,326.7450015,326.9446035,z,1,0.8490876,326.7450015,None,0,0,1,0,0,0.9627161,polygon,324.2948292,None,,,,,,,,,,,329.7134927,338.6967808,340.7260788,None,31,1,2022_Jan_04_1419,untitled_1,2020.2.6,59.85479227
ירוק,green,x,1,train_Image_certainty//image10_alemnt10.jpg,10.jpg,two_up_left,three_middle_right,widespread,train_certainty,,,,,0,14,14,9,,,,,343.7260881,343.9258771,c,0,0.707939,343.7260881,None,0,0,1,0,0,0.9969004,polygon,341.2255942,None,TRUE,3.7375417,3.740432,0.72962963,0.082407407,1,0,0,3.7375417,three_middle_right,346.5504415,None,352.2746289,None,31,1,2022_Jan_04_1419,untitled_1,2020.2.6,59.85479227
ירוק,green,x,1,Image_certainty//image199_alemnt9.jpg,9.jpg,one_up_left,one_down_right,widespread,certainty,,,,,,,,,0,0,0,199,358.0738884,358.2739157,x,1,0.5138605,358.0738884,None,0,0,1,0,0,1.0058592,polygon,355.5586696,None,TRUE,2.9680227,2.9686044,-0.710185185,0.186111111,1,0,0,2.9680227,one_up_left,359.6568538,None,362.5724464,None,31,1,2022_Jan_04_1419,untitled_1,2020.2.6,59.85479227
ירוק,green,x,1,Image_certainty//image181_alemnt12.jpg,12.jpg,two_up_left,one_down_right,widespread,certainty,,,,,,,,,0,1,1,181,368.2062766,368.4060405,x,1,0.5111353,368.2062766,None,0.010185185,-0.011111111,1,0,0,1.7474206,polygon,363.0732414,None,TRUE,,3.1565665,,,,,,,,369.7801644,None,372.8878421,None,31,1,2022_Jan_04_1419,untitled_1,2020.2.6,59.85479227
ירוק,red,z,0,Image_certainty//image38_alemnt8.jpg,8.jpg,two_up_left,two_down_right,widespread,certainty,,,,,,,,,0,2,2,38,377.0550706,377.2545078,z,1,0.7982681,377.0550706,None,0,-0.001851852,1,0,0,2.1784864,polygon,373.3883177,None,,,,,,,,,,,378.9099844,387.9066278,387.9191306,None,31,1,2022_Jan_04_1419,untitled_1,2020.2.6,59.85479227
כחול,blue,c,1,Image_certainty//image101_alemnt6.jpg,6.jpg,one_down_left,two_middle_right,infrequent,certainty,,,,,,,,,0,3,3,101,392.3364254,392.53618,z,0,1.0660234,392.3364254,None,0.008333333,-0.002777778,1,0,0,2.4163555,polygon,388.4199087,None,TRUE,5.0374399,5.0406043,0.548148148,-0.048148148,1,0,0,5.0374399,two_middle_right,394.477054,None,399.4555396,None,31,1,2022_Jan_04_1419,untitled_1,2020.2.6,59.85479227
אדום,red,z,1,Image_certainty//image132_alemnt9.jpg,9.jpg,one_down_left,two_down_right,widespread,certainty,,,,,,,,,0,4,4,132,404.3678949,404.5677393,z,1,0.8223248,404.3678949,None,-0.007407407,0.005555556,1,0,0,1.3294439,polygon,399.9680684,None,TRUE,3.7200782,3.7219562,-0.662962963,-0.225,1,0,0,3.7200782,one_down_left,406.2681724,None,409.9336938,None,31,1,2022_Jan_04_1419,untitled_1,2020.2.6,59.85479227
אדום,green,x,0,Image_certainty//image6_alemnt7.jpg,7.jpg,three_middle_left,three_middle_right,infrequent,certainty,,,,,,,,,0,5,5,6,412.4834978,412.6831689,x,1,0.3910414,412.4834978,None,0,0,1,0,0,0.5621133,polygon,410.4337264,None,TRUE,2.9211514,2.922701,-0.400925926,0.033333333,1,0,0,2.9211514,three_middle_left,413.956655,None,416.8158555,None,31,1,2022_Jan_04_1419,untitled_1,2020.2.6,59.85479227
אדום,red,z,1,Image_certainty//image198_alemnt9.jpg,9.jpg,one_up_left,one_middle_right,widespread,certainty,,,,,,,,,0,6,6,198,420.5327623,420.732476,z,1,0.7575502,420.5327623,None,0.00462963,-0.002777778,1,0,0,1.7166627,polygon,417.3158607,None,TRUE,7.5183215,7.5193529,0.4,-0.008333333,1,0,0,7.5183215,one_middle_right,422.3693766,None,429.8303011,None,31,1,2022_Jan_04_1419,untitled_1,2020.2.6,59.85479227
כחול,blue,c,1,Image_certainty//image116_alemnt2.jpg,2.jpg,one_middle_left,two_down_right,infrequent,certainty,,,,,,,,,0,7,7,116,433.2468442,433.4466237,c,1,0.9298651,433.2468442,None,0,0.000925926,1,0,0,1.4302818,polygon,430.3303425,None,TRUE,8.6852899,8.6877223,0.732407407,-0.238888889,1,0,0,8.6852899,two_down_right,435.2448717,None,443.8785499,None,31,1,2022_Jan_04_1419,untitled_1,2020.2.6,59.85479227
אדום,red,z,1,Image_certainty//image141_alemnt11.jpg,11.jpg,two_down_left,three_middle_right,widespread,certainty,,,,,,,,,0,8,8,141,446.8788054,447.0789089,z,1,0.4807456,446.8788054,None,-0.002777778,-0.00462963,1,0,0,1.0159058,polygon,444.3784999,None,TRUE,3.1731684,3.1755797,0.716666667,0.064814815,1,0,0,3.1731684,three_middle_right,448.4116847,None,451.5470408,None,31,1,2022_Jan_04_1419,untitled_1,2020.2.6,59.85479227
ירוק,blue,c,0,Image_certainty//image57_alemnt13.jpg,13.jpg,two_down_left,two_middle_right,widespread,certainty,,,,,,,,,0,9,9,57,455.3614572,455.5610915,c,1,0.8546623,455.3614572,None,-0.000925926,0,1,0,0,1.8114176,polygon,452.0617343,None,TRUE,2.6041934,2.6054603,0.575,-0.061111111,1,0,0,2.6041934,two_middle_right,457.2831802,None,459.8437264,None,31,1,2022_Jan_04_1419,untitled_1,2020.2.6,59.85479227
כחול,red,z,0,Image_certainty//image52_alemnt13.jpg,13.jpg,one_middle_left,two_middle_right,widespread,certainty,,,,,,,,,0,10,10,52,463.8103918,464.0101725,z,1,0.6603646,463.8103918,None,0.000925926,0,1,0,0,1.9646639,polygon,460.3437768,None,TRUE,2.3736676,2.3747891,0.580555556,-0.055555556,1,0,0,2.3736676,two_middle_right,465.5330635,None,467.8613194,None,31,1,2022_Jan_04_1419,untitled_1,2020.2.6,59.85479227
ירוק,blue,c,0,Image_certainty//image27_alemnt8.jpg,8.jpg,three_middle_left,two_middle_right,widespread,certainty,,,,,,,,,0,11,11,27,471.5593577,471.7586081,x,0,0.8316621,471.5593577,None,0,0,1,0,0,1.6815763,polygon,468.3761737,None,,,,,,,,,,,473.4733819,482.4607546,482.4739488,None,31,1,2022_Jan_04_1419,untitled_1,2020.2.6,59.85479227
אדום,blue,c,0,Image_certainty//image43_alemnt11.jpg,11.jpg,two_down_left,one_up_right,widespread,certainty,,,,,,,,,0,12,12,43,484.9910252,485.1907745,c,1,1.0064473,484.9910252,None,0,0,1,0,0,0.5147127,polygon,482.9742855,None,TRUE,2.8702473,2.8708946,0.343518519,0.17037037,1,0,0,2.8702473,one_up_right,487.0615802,None,489.8898604,None,31,1,2022_Jan_04_1419,untitled_1,2020.2.6,59.85479227
ירוק,blue,c,0,Image_certainty//image87_alemnt11.jpg,11.jpg,three_middle_left,two_middle_right,widespread,certainty,,,,,,,,,0,13,13,87,492.9066529,493.1064276,c,1,0.5990078,492.9066529,None,-0.001851852,0,1,0,0,1.0142277,polygon,490.3894992,None,,,,,,,,,,,494.5731154,503.5580189,503.5713243,None,31,1,2022_Jan_04_1419,untitled_1,2020.2.6,59.85479227
ירוק,blue,c,0,Image_certainty//image15_alemnt3.jpg,3.jpg,three_middle_left,two_down_right,infrequent,certainty,,,,,,,,,0,14,14,15,506.1547194,506.35465,None,0,,506.1547194,None,0,0,1,0,0,0.59568,polygon,504.0715221,None,TRUE,4.6078665,4.6132288,0.741666667,-0.234259259,1,0,0,4.6078665,two_down_right,508.4254465,None,512.9633973,None,31,1,2022_Jan_04_1419,untitled_1,2020.2.6,59.85479227
אדום,green,x,0,Image_certainty//image96_alemnt14.jpg,14.jpg,one_up_left,two_down_right,widespread,certainty,,,,,,,,,0,15,15,96,515.6537068,515.8532282,x,1,1.0083731,515.6537068,None,0,0,1,0,0,0.6825656,polygon,513.4702117,None,FALSE,8.8042018,8.8068127,0.563888889,-0.034259259,1,0,0,8.8042018,two_middle_right,517.7217159,None,526.4880715,None,31,1,2022_Jan_04_1419,untitled_1,2020.2.6,59.85479227
ירוק,green,x,1,Image_certainty//image154_alemnt9.jpg,9.jpg,one_middle_left,one_down_right,widespread,certainty,,,,,,,,,0,16,16,154,529.9681953,530.1679129,x,1,0.7583091,529.9681953,None,-0.001851852,0.00462963,1,0,0,1.469652,polygon,527.0009798,None,,,,,,,,,,,531.8032426,540.7870887,540.8000227,None,31,1,2022_Jan_04_1419,untitled_1,2020.2.6,59.85479227
ירוק,green,x,1,Image_certainty//image109_alemnt5.jpg,5.jpg,one_down_left,two_middle_right,infrequent,certainty,,,,,,,,,0,17,17,109,543.3166622,543.5158891,x,1,0.7682034,543.3166622,None,0,0,1,0,0,0.5127958,polygon,541.2999371,None,TRUE,7.9902877,7.9912612,0.564814815,-0.056481481,1,0,0,7.9902877,two_middle_right,545.1644648,None,553.09948,None,31,1,2022_Jan_04_1419,untitled_1,2020.2.6,59.85479227
אדום,green,x,0,Image_certainty//image12_alemnt1.jpg,1.jpg,one_up_left,two_up_right,infrequent,certainty,,,,,,,,,0,18,18,12,555.5651659,555.7481968,x,1,0.8150256,555.5651659,None,0,0,1,0,0,0.4498793,polygon,553.6150476,None,TRUE,5.7067574,5.7075083,0.587037037,0.198148148,1,0,0,5.7067574,two_up_right,557.4388536,None,563.1025092,None,31,1,2022_Jan_04_1419,untitled_1,2020.2.6,59.85479227
אדום,green,x,0,Image_certainty//image72_alemnt9.jpg,9.jpg,one_middle_left,two_down_right,widespread,certainty,,,,,,,,,0,19,19,72,565.4636642,565.6636043,x,1,0.5606227,565.4636642,None,0,0,1,0,0,0.3472562,polygon,563.6137747,None,TRUE,7.9860076,7.9865873,-0.656481481,-0.019444444,1,0,0,7.9860076,one_middle_left,567.0858463,None,575.0281766,None,31,1,2022_Jan_04_1419,untitled_1,2020.2.6,59.85479227
ירוק,green,x,1,Image_certainty//image130_alemnt11.jpg,11.jpg,three_middle_left,two_down_right,widespread,certainty,,,,,,,,,0,20,20,130,578.7287246,578.9285209,x,1,0.5703101,578.7287246,None,0,-0.001851852,1,0,0,1.6995006,polygon,575.5288586,None,,,,,,,,,,,580.3783525,589.3636814,589.3767885,None,31,1,2022_Jan_04_1419,untitled_1,2020.2.6,59.85479227
אדום,blue,c,0,Image_certainty//image61_alemnt10.jpg,10.jpg,one_down_left,one_middle_right,widespread,certainty,,,,,,,,,0,21,21,61,591.9436823,592.1433874,None,0,,591.9436823,None,0,0,1,0,0,0.5631268,polygon,589.8769427,None,,,,,,,,,,,594.1850729,None,603.1579628,None,31,1,2022_Jan_04_1419,untitled_1,2020.2.6,59.85479227
כחול,green,x,0,Image_certainty//image89_alemnt13.jpg,13.jpg,two_up_left,three_middle_right,widespread,certainty,,,,,,,,,0,22,22,89,605.5419758,605.7412825,x,1,0.8942871,605.5419758,None,0,0,1,0,0,0.4011333,polygon,603.6585373,None,,,,,,,,,,,607.5047207,616.4942189,616.5065743,None,31,1,2022_Jan_04_1419,untitled_1,2020.2.6,59.85479227
כחול,blue,c,1,Image_certainty//image158_alemnt11.jpg,11.jpg,one_up_left,two_down_right,widespread,certainty,,,,,,,,,0,23,23,158,620.8899497,621.0896614,c,1,1.0195947,620.8899497,None,0.001851852,0.001851852,1,0,0,2.3794567,polygon,617.006813,None,FALSE,8.9529314,8.9541218,-0.515740741,0.198148148,1,0,0,8.9529314,two_up_left,622.9832805,None,631.8888404,None,31,1,2022_Jan_04_1419,untitled_1,2020.2.6,59.85479227
כחול,blue,c,1,Image_certainty//image188_alemnt9.jpg,9.jpg,two_up_left,two_down_right,widespread,certainty,,,,,,,,,0,24,24,188,635.3546329,635.5541493,c,1,0.7816851,635.3546329,None,-0.000925926,-0.002777778,1,0,0,1.4497507,polygon,632.4042273,None,,,,,,,,,,,637.2053159,646.1897344,646.2026464,None,31,1,2022_Jan_04_1419,untitled_1,2020.2.6,59.85479227
אדום,green,x,0,Image_certainty//image18_alemnt4.jpg,4.jpg,three_middle_left,one_down_right,infrequent,certainty,,,,,,,,,0,25,25,18,650.2361441,650.4358663,x,1,0.5739638,650.2361441,None,0.000925926,0.001851852,1,0,0,2.0320032,polygon,646.7029517,None,,,,,,,,,,,651.8777889,660.8708239,660.8838434,None,31,1,2022_Jan_04_1419,untitled_1,2020.2.6,59.85479227
כחול,green,x,0,Image_certainty//image77_alemnt10.jpg,10.jpg,one_middle_left,two_up_right,widespread,certainty,,,,,,,,,0,26,26,77,663.3008969,663.5006067,x,1,0.7005055,663.3008969,None,0,0,1,0,0,0.4151813,polygon,661.3843493,None,TRUE,4.1022176,4.103056,-0.718518519,0,1,0,0,4.1022176,one_middle_left,665.059339,None,669.1161182,None,31,1,2022_Jan_04_1419,untitled_1,2020.2.6,59.85479227
ירוק,blue,c,0,Image_certainty//image51_alemnt14.jpg,14.jpg,three_middle_left,one_down_right,widespread,certainty,,,,,,,,,0,27,27,51,671.4327502,671.6331374,c,1,1.0202218,671.4327502,None,0,0,1,0,0,0.314347,polygon,669.6166023,None,TRUE,4.8712107,4.8748413,0.449074074,-0.227777778,1,0,0,4.8712107,one_down_right,673.529988,None,678.3519014,None,31,1,2022_Jan_04_1419,untitled_1,2020.2.6,59.85479227
ירוק,red,z,0,Image_certainty//image2_alemnt4.jpg,4.jpg,one_down_left,two_down_right,infrequent,certainty,,,,,,,,,0,28,28,2,680.6487107,680.8485806,z,1,0.3958811,680.6487107,None,0,0,1,0,0,0.2807248,polygon,678.8654135,None,TRUE,4.1221148,4.1252326,-0.661111111,-0.212037037,1,0,0,4.1221148,one_down_left,682.1174723,None,686.1846167,None,31,1,2022_Jan_04_1419,untitled_1,2020.2.6,59.85479227
ירוק,green,x,1,Image_certainty//image169_alemnt11.jpg,11.jpg,one_middle_left,one_up_right,widespread,certainty,,,,,,,,,0,29,29,169,688.4645092,688.6641458,None,0,,688.4645092,None,0,0,1,0,0,0.2644437,polygon,686.6977396,None,TRUE,4.5388569,4.5394524,0.385185185,0.20462963,1,0,0,4.5388569,one_up_right,690.7170893,None,695.196769,None,31,1,2022_Jan_04_1419,untitled_1,2020.2.6,59.85479227
אדום,red,z,1,Image_certainty//image144_alemnt8.jpg,8.jpg,two_middle_left,two_down_right,widespread,certainty,,,,,,,,,0,30,30,144,699.0627337,699.2629279,None,0,,699.0627337,None,0.005555556,-0.002777778,1,0,0,1.8684351,polygon,695.6962452,None,TRUE,5.5711057,5.5728514,0.737962963,-0.196296296,1,0,0,5.5711057,two_down_right,701.300947,None,706.8284838,None,31,1,2022_Jan_04_1419,untitled_1,2020.2.6,59.85479227
ירוק,green,x,1,Image_certainty//image136_alemnt8.jpg,8.jpg,three_middle_left,two_down_right,widespread,certainty,,,,,,,,,0,31,31,136,709.8780962,710.0780484,x,1,0.9210685,709.8780962,None,0,0,1,0,0,1.0483326,polygon,707.3281704,None,,,,,,,,,,,711.8666138,720.8630091,720.8761585,None,31,1,2022_Jan_04_1419,untitled_1,2020.2.6,59.85479227
כחול,blue,c,1,Image_certainty//image176_alemnt9.jpg,9.jpg,two_middle_left,one_down_right,widespread,certainty,,,,,,,,,0,32,32,176,723.2099902,723.4096733,None,0,,723.2099902,None,0,0,1,0,0,0.3323269,polygon,721.3759999,None,TRUE,4.1735207,4.1748859,0.481481481,-0.246296296,1,0,0,4.1735207,one_down_right,725.4629775,None,729.576493,None,31,1,2022_Jan_04_1419,untitled_1,2020.2.6,59.85479227
כחול,blue,c,1,Image_certainty//image170_alemnt13.jpg,13.jpg,one_down_left,two_middle_right,widespread,certainty,,,,,,,,,0,33,33,170,732.1253411,732.325095,c,1,0.7277505,732.1253411,None,0,0,1,0,0,0.5297643,polygon,730.0920611,None,TRUE,2.7042642,2.70689,0.568518519,-0.05462963,1,0,0,2.7042642,two_middle_right,733.9289352,None,736.576827,None,31,1,2022_Jan_04_1419,untitled_1,2020.2.6,59.85479227
ירוק,blue,c,0,Image_certainty//image99_alemnt10.jpg,10.jpg,three_middle_left,one_middle_right,widespread,certainty,,,,,,,,,0,34,34,99,739.0571713,739.2575128,c,1,0.7893747,739.0571713,None,0,0,1,0,0,0.4645347,polygon,737.0908872,None,TRUE,1.8564576,1.8599719,0.366666667,0.006481481,1,0,0,1.8564576,one_middle_right,740.9174265,None,742.7284493,None,31,1,2022_Jan_04_1419,untitled_1,2020.2.6,59.85479227
אדום,blue,c,0,Image_certainty//image19_alemnt4.jpg,4.jpg,one_middle_left,two_middle_right,infrequent,certainty,,,,,,,,,0,35,35,19,745.057153,745.2567818,c,1,0.7576353,745.057153,None,0,0,1,0,0,0.3140159,polygon,743.2403141,None,,,,,,,,,,,746.8697908,755.8587751,755.8712622,None,31,1,2022_Jan_04_1419,untitled_1,2020.2.6,59.85479227
ירוק,green,x,1,Image_certainty//image118_alemnt6.jpg,6.jpg,one_up_left,one_up_right,infrequent,certainty,,,,,,,,,0,36,36,118,758.2218625,758.4215443,None,0,,758.2218625,None,0,0,1,0,0,0.3473845,polygon,756.3719742,None,TRUE,6.3069231,6.3072463,0.398148148,0.171296296,1,0,0,6.3069231,one_up_right,760.4745528,None,766.7209639,None,31,1,2022_Jan_04_1419,untitled_1,2020.2.6,59.85479227
ירוק,green,x,1,Image_certainty//image196_alemnt13.jpg,13.jpg,three_middle_left,one_down_right,widespread,certainty,,,,,,,,,0,37,37,196,769.0538451,769.2536259,x,1,0.8934219,769.0538451,None,0,0,1,0,0,0.3312148,polygon,767.2205571,None,TRUE,2.5394228,2.5426212,-0.37037037,0.055555556,1,0,0,2.5394228,three_middle_left,771.0247147,None,773.5094326,None,31,1,2022_Jan_04_1419,untitled_1,2020.2.6,59.85479227
ירוק,green,x,1,Image_certainty//image142_alemnt14.jpg,14.jpg,three_middle_left,two_down_right,widespread,certainty,,,,,,,,,0,38,38,142,775.7362869,775.9361536,x,1,0.7177567,775.7362869,None,0,0,1,0,0,0.2156583,polygon,774.0196778,None,TRUE,5.0860177,5.0872178,-0.371296296,0.069444444,1,0,0,5.0860177,three_middle_left,777.5168824,None,782.5513171,None,31,1,2022_Jan_04_1419,untitled_1,2020.2.6,59.85479227
כחול,blue,c,1,Image_certainty//image185_alemnt14.jpg,14.jpg,three_middle_left,three_middle_right,widespread,certainty,,,,,,,,,0,39,39,185,784.718615,784.9180866,None,0,,784.718615,None,0,0,1,0,0,0.1818515,polygon,783.0517741,None,TRUE,3.4217046,3.4231336,0.769444444,0.058333333,1,0,0,3.4217046,three_middle_right,786.9723245,None,790.3342032,None,31,1,2022_Jan_04_1419,untitled_1,2020.2.6,59.85479227
ירוק,green,x,1,Image_certainty//image100_alemnt4.jpg,4.jpg,two_down_left,one_middle_right,infrequent,certainty,,,,,,,,,0,40,40,100,792.6174111,792.8172243,None,0,,792.6174111,None,0,0,1,0,0,0.2804235,polygon,790.834057,None,TRUE,1.7714145,1.7738615,0.368518519,-0.00462963,1,0,0,1.7714145,one_middle_right,794.8677818,None,796.5857233,None,31,1,2022_Jan_04_1419,untitled_1,2020.2.6,59.85479227
אדום,red,z,1,Image_certainty//image102_alemnt1.jpg,1.jpg,three_middle_left,two_middle_right,infrequent,certainty,,,,,,,,,0,41,41,102,798.7664359,798.9662092,z,1,0.4513284,798.7664359,None,0,0,1,0,0,0.1652187,polygon,797.0995306,None,TRUE,4.4220036,4.4244171,0.565740741,-0.07037037,1,0,0,4.4220036,two_middle_right,800.2758956,None,804.6675542,None,31,1,2022_Jan_04_1419,untitled_1,2020.2.6,59.85479227
ירוק,green,x,1,Image_certainty//image157_alemnt8.jpg,8.jpg,one_middle_left,three_middle_right,widespread,certainty,,,,,,,,,0,42,42,157,806.8323775,807.0319661,x,1,0.516072,806.8323775,None,0,0,1,0,0,0.1480148,polygon,805.1822554,None,TRUE,4.2403289,4.2427953,-0.733333333,-0.016666667,1,0,0,4.2403289,one_middle_left,808.4163208,None,812.6050873,None,31,1,2022_Jan_04_1419,untitled_1,2020.2.6,59.85479227
אדום,red,z,1,Image_certainty//image150_alemnt13.jpg,13.jpg,one_down_left,two_down_right,widespread,certainty,,,,,,,,,0,43,43,150,814.7976697,814.9976547,None,0,,814.7976697,None,0,0,1,0,0,0.1822246,polygon,813.1140698,None,TRUE,3.9241887,3.9291734,0.723148148,-0.225925926,1,0,0,3.9241887,two_down_right,817.027277,None,820.919487,None,31,1,2022_Jan_04_1419,untitled_1,2020.2.6,59.85479227
כחול,red,z,0,Image_certainty//image28_alemnt10.jpg,10.jpg,one_down_left,two_down_right,widespread,certainty,,,,,,,,,0,44,44,28,822.946639,823.1461393,z,1,1.0091359,822.946639,None,0,0,1,0,0,0.0281587,polygon,821.4294101,None,TRUE,7.8875843,7.892889,0.714814815,-0.266666667,1,0,0,7.8875843,two_down_right,825.0341334,None,832.8674783,None,31,1,2022_Jan_04_1419,untitled_1,2020.2.6,59.85479227
ירוק,green,x,1,Image_certainty//image160_alemnt8.jpg,8.jpg,two_down_left,two_up_right,widespread,certainty,,,,,,,,,0,45,45,160,835.1119352,835.3117971,x,1,0.9290934,835.1119352,None,0,0,1,0,0,0.2350905,polygon,833.3785708,None,,,,,,,,,,,837.1134131,846.0964281,846.1096939,None,31,1,2022_Jan_04_1419,untitled_1,2020.2.6,59.85479227
ירוק,red,z,0,Image_certainty//image8_alemnt6.jpg,6.jpg,one_down_left,one_up_right,infrequent,certainty,,,,,,,,,0,46,46,8,848.6265592,848.8100304,z,1,0.9160428,848.6265592,None,0,0,1,0,0,0.5150595,polygon,846.6098589,None,TRUE,6.93716,6.9374655,0.397222222,0.197222222,1,0,0,6.93716,one_up_right,850.6139537,None,857.4913787,None,31,1,2022_Jan_04_1419,untitled_1,2020.2.6,59.85479227
ירוק,red,z,0,Image_certainty//image14_alemnt6.jpg,6.jpg,two_up_left,one_up_right,infrequent,certainty,,,,,,,,,0,47,47,14,859.9086934,860.1085518,z,1,0.8344102,859.9086934,None,0,0,1,0,0,0.428992,polygon,857.9920786,None,TRUE,7.7859481,7.786289,0.350925926,0.201851852,1,0,0,7.7859481,one_up_right,861.8194056,None,869.5732997,None,31,1,2022_Jan_04_1419,untitled_1,2020.2.6,59.85479227
כחול,green,x,0,Image_certainty//image71_alemnt12.jpg,12.jpg,three_middle_left,two_down_right,widespread,certainty,,,,,,,,,0,48,48,71,873.0567255,873.2568025,x,1,1.0400781,873.0567255,None,-0.001851852,0.008333333,1,0,0,1.4813727,polygon,870.0738342,None,TRUE,8.6705557,8.674444,0.751851852,-0.191666667,1,0,0,8.6705557,two_down_right,875.1633248,None,883.7917887,None,31,1,2022_Jan_04_1419,untitled_1,2020.2.6,59.85479227
אדום,blue,c,0,Image_certainty//image79_alemnt13.jpg,13.jpg,one_down_left,one_up_right,widespread,certainty,,,,,,,,,0,49,49,79,886.088361,886.2883403,x,0,0.873764,886.088361,None,0,0,1,0,0,0.2808476,polygon,884.3053145,None,TRUE,5.8710128,5.8717778,0.373148148,0.186111111,1,0,0,5.8710128,one_up_right,888.0258804,None,893.8553289,None,31,1,2022_Jan_04_1419,untitled_1,2020.2.6,59.85479227
כחול,red,z,0,Image_certainty//image46_alemnt8.jpg,8.jpg,two_middle_left,two_up_right,widespread,certainty,,,,,,,,,0,50,50,46,896.2873519,896.4871494,None,0,,896.2873519,None,0,0,1,0,0,0.4144558,polygon,894.3705974,None,,,,0.001851852,0.00462963,1,0,0,2.3223218,,898.5387438,None,907.5016326,None,31,1,2022_Jan_04_1419,untitled_1,2020.2.6,59.85479227
כחול,red,z,0,Image_certainty//image22_alemnt11.jpg,11.jpg,two_up_left,one_down_right,widespread,certainty,,,,,,,,,0,51,51,22,909.8855169,910.0850709,z,1,0.8946367,909.8855169,None,0,0,1,0,0,0.3856158,polygon,908.001843,None,,,,,,,,,,,911.8563844,920.8537867,920.8671018,None,31,1,2022_Jan_04_1419,untitled_1,2020.2.6,59.85479227
כחול,green,x,0,Image_certainty//image53_alemnt12.jpg,12.jpg,two_down_left,two_middle_right,widespread,certainty,,,,,,,,,0,52,52,53,923.1667226,923.3665598,x,1,1.0869209,923.1667226,None,0,0,1,0,0,0.2994655,polygon,921.3671554,None,,,,,,,,,,,925.3318681,934.3188225,934.3317858,None,31,1,2022_Jan_04_1419,untitled_1,2020.2.6,59.85479227
אדום,red,z,1,Image_certainty//image105_alemnt7.jpg,7.jpg,one_middle_left,one_up_right,infrequent,certainty,,,,,,,,,0,53,53,105,936.7654794,936.9650001,z,1,0.9161663,936.7654794,None,0.00462963,0.003703704,1,0,0,0.4308513,polygon,934.831845,None,TRUE,8.0067442,8.0070758,0.310185185,0.175,1,0,0,8.0067442,one_up_right,938.7543161,None,946.6986366,None,31,1,2022_Jan_04_1419,untitled_1,2020.2.6,59.85479227
ירוק,green,x,1,Image_certainty//image106_alemnt5.jpg,5.jpg,one_down_left,three_middle_right,infrequent,certainty,,,,,,,,,0,54,54,106,949.2638726,949.4635733,x,1,0.8732589,949.2638726,None,0,0,1,0,0,0.547602,polygon,947.2137546,None,TRUE,5.4394644,5.4439637,0.756481481,0.021296296,1,0,0,5.4394644,three_middle_right,951.2150421,None,956.6037136,None,31,1,2022_Jan_04_1419,untitled_1,2020.2.6,59.85479227
אדום,green,x,0,Image_certainty//image48_alemnt9.jpg,9.jpg,one_down_left,one_down_right,widespread,certainty,,,,,,,,,0,55,55,48,958.9292696,959.1288973,x,1,0.7129943,958.9292696,None,0,0,1,0,0,0.3145737,polygon,957.1124174,None,TRUE,6.6228704,6.628124,0.47037037,-0.221296296,1,0,0,6.6228704,one_down_right,960.7123076,None,967.2855009,None,31,1,2022_Jan_04_1419,untitled_1,2020.2.6,59.85479227
אדום,red,z,1,Image_certainty//image147_alemnt9.jpg,9.jpg,three_middle_left,two_up_right,widespread,certainty,,,,,,,,,0,56,56,147,969.8608069,970.0608542,None,0,,969.8608069,None,0,0,1,0,0,0.5642707,polygon,967.7944343,None,,,,,,,,,,,972.1127542,None,981.0758165,None,31,1,2022_Jan_04_1419,untitled_1,2020.2.6,59.85479227
אדום,blue,c,0,Image_certainty//image91_alemnt8.jpg,8.jpg,two_up_left,one_up_right,widespread,certainty,,,,,,,,,0,57,57,91,984.9424653,985.1423062,c,1,1.1255552,984.9424653,None,0.003703704,-0.005555556,1,0,0,1.8653361,polygon,981.5759964,None,TRUE,4.5679723,4.5684039,0.400925926,0.175925926,1,0,0,4.5679723,one_up_right,987.1450501,None,991.6572613,None,31,1,2022_Jan_04_1419,untitled_1,2020.2.6,59.85479227
אדום,red,z,1,Image_certainty//image189_alemnt8.jpg,8.jpg,one_middle_left,one_middle_right,widespread,certainty,,,,,,,,,0,58,58,189,993.9245054,994.1240452,z,1,0.999766,993.9245054,None,0,0,1,0,0,0.2637697,polygon,992.1579147,None,TRUE,4.7045996,4.7063076,0.416666667,0.001851852,1,0,0,4.7045996,one_middle_right,995.9888707,None,1000.640645,None,31,1,2022_Jan_04_1419,untitled_1,2020.2.6,59.85479227
ירוק,green,x,1,Image_certainty//image187_alemnt10.jpg,10.jpg,two_up_left,three_middle_right,widespread,certainty,,,,,,,,,0,59,59,187,1003.140062,1003.339813,x,1,0.9652337,1003.140062,None,0,0,1,0,0,0.5124929,polygon,1001.139861,None,TRUE,7.2889104,7.293525,0.719444444,0.053703704,1,0,0,7.2889104,three_middle_right,1005.17857,None,1012.41502,None,31,1,2022_Jan_04_1419,untitled_1,2020.2.6,59.85479227
אדום,green,x,0,Image_certainty//image36_alemnt10.jpg,10.jpg,three_middle_left,three_middle_right,widespread,certainty,,,,,,,,,0,60,60,36,1014.621624,1014.82174,x,1,0.792263,1014.621624,None,0,0,1,0,0,0.200185,polygon,1012.921278,None,TRUE,2.1044941,2.1053325,-0.400925926,0.081481481,1,0,0,2.1044941,three_middle_left,1016.490776,None,1018.537359,None,31,1,2022_Jan_04_1419,untitled_1,2020.2.6,59.85479227
אדום,red,z,1,Image_certainty//image117_alemnt1.jpg,1.jpg,one_up_left,two_up_right,infrequent,certainty,,,,,,,,,0,61,61,117,1021.154297,1021.354218,None,0,,1021.154297,None,0,0,1,0,0,0.6137578,polygon,1019.037747,None,TRUE,4.4908697,4.4913387,0.574074074,0.243518519,1,0,0,4.4908697,two_up_right,1023.399874,None,1027.839689,None,31,1,2022_Jan_04_1419,untitled_1,2020.2.6,59.85479227
ירוק,red,z,0,Image_certainty//image92_alemnt10.jpg,10.jpg,one_down_left,two_middle_right,widespread,certainty,,,,,,,,,0,62,62,92,1030.119971,1030.319583,z,1,0.4464031,1030.119971,None,0,0,1,0,0,0.2644481,polygon,1028.353001,None,TRUE,4.1704979,4.1731322,0.583333333,-0.037037037,1,0,0,4.1704979,two_middle_right,1031.63912,None,1035.754534,None,31,1,2022_Jan_04_1419,untitled_1,2020.2.6,59.85479227
אדום,red,z,1,Image_certainty//image195_alemnt10.jpg,10.jpg,one_down_left,two_middle_right,widespread,certainty,,,,,,,,,0,63,63,195,1037.868874,1038.068156,None,0,,1037.868874,None,0,0,1,0,0,0.0975203,polygon,1036.268621,None,TRUE,2.6208984,2.6239753,-0.658333333,-0.227777778,1,0,0,2.6208984,one_down_left,1040.122088,None,1042.686803,None,31,1,2022_Jan_04_1419,untitled_1,2020.2.6,59.85479227
ירוק,green,x,1,Image_certainty//image151_alemnt13.jpg,13.jpg,two_middle_left,one_down_right,widespread,certainty,,,,,,,,,0,64,64,151,1045.584579,1045.784359,x,1,0.5808215,1045.584579,None,0,0,1,0,0,0.8864959,polygon,1043.20074,None,TRUE,5.9884834,5.9929792,0.508333333,-0.251851852,1,0,0,5.0571627,one_down_right,1047.219602,None,1053.173314,None,31,1,2022_Jan_04_1419,untitled_1,2020.2.6,59.85479227
ירוק,green,x,1,Image_certainty//image121_alemnt12.jpg,12.jpg,two_down_left,three_middle_right,widespread,certainty,,,,,,,,,0,65,65,121,1055.666645,1055.866401,x,1,0.7716258,1055.666645,None,0,0,1,0,0,0.4820031,polygon,1053.682754,None,TRUE,5.0714162,5.0734145,0.712037037,0.061111111,1,0,0,5.0714162,three_middle_right,1057.523184,None,1062.533632,None,31,1,2022_Jan_04_1419,untitled_1,2020.2.6,59.85479227
אדום,red,z,1,Image_certainty//image123_alemnt13.jpg,13.jpg,one_up_left,one_down_right,widespread,certainty,,,,,,,,,0,66,66,123,1065.198718,1065.398418,None,0,,1065.198718,None,0,0,1,0,0,0.6621458,polygon,1063.04866,None,TRUE,3.054201,3.0578431,0.437037037,-0.208333333,1,0,0,3.054201,one_down_right,1067.456084,None,1070.450625,None,31,1,2022_Jan_04_1419,untitled_1,2020.2.6,59.85479227
כחול,green,x,0,Image_certainty//image29_alemnt13.jpg,13.jpg,one_middle_left,one_up_right,widespread,certainty,,,,,,,,,0,67,67,29,1072.713928,1072.91407,None,0,,1072.713928,None,0,0,1,0,0,0.2484165,polygon,1070.964249,None,TRUE,6.6514338,6.6517396,0.337962963,0.192592593,1,0,0,6.6514338,one_up_right,1074.965533,None,1081.56231,None,31,1,2022_Jan_04_1419,untitled_1,2020.2.6,59.85479227
אדום,blue,c,0,Image_certainty//image13_alemnt2.jpg,2.jpg,two_up_left,one_down_right,infrequent,certainty,,,,,,,,,0,68,68,13,1083.812865,1084.012726,None,0,,1083.812865,None,0,0,1,0,0,0.2480361,polygon,1082.062814,None,,,,,,,,,,,1086.051157,None,1095.027655,None,31,1,2022_Jan_04_1419,untitled_1,2020.2.6,59.85479227
כחול,blue,c,1,Image_certainty//image149_alemnt11.jpg,11.jpg,one_middle_left,three_middle_right,widespread,certainty,,,,,,,,,0,69,69,149,1097.327841,1097.527511,None,0,,1097.327841,None,0,0,1,0,0,0.2994712,polygon,1095.52731,None,TRUE,5.1346676,5.1358032,0.747222222,0.044444444,1,0,0,5.1346676,three_middle_right,1099.586191,None,1104.659336,None,31,1,2022_Jan_04_1419,untitled_1,2020.2.6,59.85479227
כחול,blue,c,1,Image_certainty//image128_alemnt13.jpg,13.jpg,two_up_left,three_middle_right,widespread,certainty,,,,,,,,,0,70,70,128,1106.826519,1107.026379,c,1,0.9226911,1106.826519,None,0,0,1,0,0,0.1631568,polygon,1105.159842,None,TRUE,4.9353678,4.9364493,0.755555556,0.022222222,1,0,0,4.9353678,three_middle_right,1108.810879,None,1113.708009,None,31,1,2022_Jan_04_1419,untitled_1,2020.2.6,59.85479227
ירוק,red,z,0,Image_certainty//image26_alemnt11.jpg,11.jpg,one_middle_left,two_down_right,widespread,certainty,,,,,,,,,0,71,71,26,1115.875307,1116.075161,z,1,1.0091595,1115.875307,None,0,0,1,0,0,0.1632494,polygon,1114.208326,None,TRUE,,5.0582742,,,,,,,,1117.966406,None,1122.958749,None,31,1,2022_Jan_04_1419,untitled_1,2020.2.6,59.85479227
ירוק,green,x,1,Image_certainty//image166_alemnt14.jpg,14.jpg,two_middle_left,one_middle_right,widespread,certainty,,,,,,,,,0,72,72,166,1125.490505,1125.690498,None,0,,1125.490505,None,0,0,1,0,0,0.5146854,polygon,1123.474139,None,TRUE,2.1887025,2.1907287,0.371296296,-0.018518519,1,0,0,2.1887025,one_middle_right,1127.7281,None,1129.876148,None,31,1,2022_Jan_04_1419,untitled_1,2020.2.6,59.85479227
כחול,blue,c,1,Image_certainty//image119_alemnt6.jpg,6.jpg,two_middle_left,one_down_right,infrequent,certainty,,,,,,,,,0,73,73,119,1132.439811,1132.639663,None,0,,1132.439811,None,0,0,1,0,0,0.5476809,polygon,1130.389898,None,TRUE,3.5545465,3.5577893,0.433333333,-0.226851852,1,0,0,3.5545465,one_down_right,1134.683619,None,1138.191796,None,31,1,2022_Jan_04_1419,untitled_1,2020.2.6,59.85479227
כחול,red,z,0,Image_certainty//image40_alemnt14.jpg,14.jpg,one_up_left,one_middle_right,widespread,certainty,,,,,,,,,0,74,74,40,1140.589021,1140.788488,None,0,,1140.589021,None,0,0,1,0,0,0.3828102,polygon,1138.705417,None,TRUE,1.8882776,1.8892802,0.386111111,0.000925926,1,0,0,1.8882776,one_middle_right,1142.842193,None,1144.670641,None,31,1,2022_Jan_04_1419,untitled_1,2020.2.6,59.85479227
אדום,red,z,1,Image_certainty//image138_alemnt9.jpg,9.jpg,one_down_left,two_down_right,widespread,certainty,,,,,,,,,0,75,75,138,1146.954742,1147.154463,z,1,0.7256964,1146.954742,None,0,0,1,0,0,0.2807263,polygon,1145.17131,None,TRUE,5.5719618,5.5774225,0,0,1,0,0,3.7532031,two_down_right,1148.740075,None,1154.276641,None,31,1,2022_Jan_04_1419,untitled_1,2020.2.6,59.85479227
ירוק,green,x,1,Image_certainty//image175_alemnt11.jpg,11.jpg,one_middle_left,two_down_right,widespread,certainty,,,,,,,,,0,76,76,175,1157.303055,1157.503096,x,1,0.7146193,1157.303055,None,0,0,1,0,0,1.0139938,polygon,1154.786694,None,TRUE,4.3205436,4.3241338,0.765740741,-0.24537037,1,0,0,4.3205436,two_down_right,1159.082958,None,1163.354845,None,31,1,2022_Jan_04_1419,untitled_1,2020.2.6,59.85479227
אדום,blue,c,0,Image_certainty//image73_alemnt10.jpg,10.jpg,two_down_left,one_down_right,widespread,certainty,,,,,,,,,0,77,77,73,1165.601934,1165.802036,None,0,,1165.601934,None,0,0,1,0,0,0.2460829,polygon,1163.868733,None,TRUE,4.5231004,4.5288164,0.47037037,-0.2,1,0,0,4.5231004,one_down_right,1167.85426,None,1172.327121,None,31,1,2022_Jan_04_1419,untitled_1,2020.2.6,59.85479227
אדום,red,z,1,Image_certainty//image159_alemnt13.jpg,13.jpg,one_middle_left,two_middle_right,widespread,certainty,,,,,,,,,0,78,78,159,1174.750731,1174.950619,z,1,0.8721343,1174.750731,None,0,0,1,0,0,0.4284669,polygon,1172.83408,None,TRUE,2.6038608,2.6047434,0.560185185,-0.081481481,1,0,0,2.6038608,two_middle_right,1176.703766,None,1179.24937,None,31,1,2022_Jan_04_1419,untitled_1,2020.2.6,59.85479227
כחול,blue,c,1,Image_certainty//image161_alemnt12.jpg,12.jpg,one_down_left,two_middle_right,widespread,certainty,,,,,,,,,0,79,79,161,1181.450129,1181.649616,None,0,,1181.450129,None,0,0,1,0,0,0.1983421,polygon,1179.75002,None,TRUE,2.5881146,2.5891519,0.614814815,-0.048148148,1,0,0,2.5881146,two_middle_right,1183.683033,None,1186.232511,None,31,1,2022_Jan_04_1419,untitled_1,2020.2.6,59.85479227
כחול,blue,c,1,Image_certainty//image173_alemnt12.jpg,12.jpg,two_up_left,three_middle_right,widespread,certainty,,,,,,,,,0,80,80,173,1188.515999,1188.715655,c,1,0.906295,1188.515999,None,0,0,1,0,0,0.2810116,polygon,1186.732443,None,TRUE,3.4537586,3.4564303,0.75462963,0.064814815,1,0,0,3.4537586,three_middle_right,1190.500857,None,1193.900519,None,31,1,2022_Jan_04_1419,untitled_1,2020.2.6,59.85479227
אדום,green,x,0,Image_certainty//image66_alemnt11.jpg,11.jpg,one_up_left,two_up_right,widespread,certainty,,,,,,,,,0,81,81,66,1196.581386,1196.781355,x,1,0.7308436,1196.581386,None,0,0,1,0,0,0.6669668,polygon,1194.414353,None,,,,,,,,,,,1198.372075,1207.366137,1207.379387,None,31,1,2022_Jan_04_1419,untitled_1,2020.2.6,59.85479227
אדום,blue,c,0,Image_certainty//image25_alemnt8.jpg,8.jpg,two_middle_left,one_down_right,widespread,certainty,,,,,,,,,0,82,82,25,1209.595988,1209.795618,x,0,1.0053749,1209.595988,None,0,0,1,0,0,0.2139642,polygon,1207.879453,None,TRUE,5.9905003,5.9966344,0.460185185,-0.248148148,1,0,0,5.9905003,one_down_right,1211.670531,None,1217.622366,None,31,1,2022_Jan_04_1419,untitled_1,2020.2.6,59.85479227
ירוק,green,x,1,Image_certainty//image139_alemnt10.jpg,10.jpg,two_up_left,one_middle_right,widespread,certainty,,,,,,,,,0,83,83,139,1219.711765,1219.911443,None,0,,1219.711765,None,0,0,1,0,0,0.0825705,polygon,1218.127953,None,TRUE,2.3866462,2.3886731,0.371296296,-0.02962963,1,0,0,2.3866462,one_middle_right,1221.963989,None,1224.293762,None,31,1,2022_Jan_04_1419,untitled_1,2020.2.6,59.85479227
ירוק,green,x,1,Image_certainty//image172_alemnt8.jpg,8.jpg,two_middle_left,two_down_right,widespread,certainty,,,,,,,,,0,84,84,172,1226.360527,1226.560878,None,0,,1226.360527,None,0,0,1,0,0,0.0644636,polygon,1224.794161,None,,,,,,,,,,,1228.600402,None,1237.575384,None,31,1,2022_Jan_04_1419,untitled_1,2020.2.6,59.85479227
כחול,blue,c,1,Image_certainty//image197_alemnt11.jpg,11.jpg,two_down_left,two_middle_right,widespread,certainty,,,,,,,,,0,85,85,197,1239.942443,1240.142312,None,0,,1239.942443,None,0,0.003703704,1,0,0,0.3664235,polygon,1238.075731,None,,,,,,,,,,,1242.191359,None,1251.157,None,31,1,2022_Jan_04_1419,untitled_1,2020.2.6,59.85479227
ירוק,green,x,1,Image_certainty//image133_alemnt11.jpg,11.jpg,one_middle_left,two_up_right,widespread,certainty,,,,,,,,,0,86,86,133,1253.390614,1253.590622,x,1,1.0689827,1253.390614,None,0,0,1,0,0,0.2373915,polygon,1251.657342,None,,,,,,,,,,,1255.537466,1264.525967,1264.5386,None,31,1,2022_Jan_04_1419,untitled_1,2020.2.6,59.85479227
אדום,green,x,0,Image_certainty//image42_alemnt12.jpg,12.jpg,two_up_left,one_up_right,widespread,certainty,,,,,,,,,0,87,87,42,1266.705674,1266.905296,x,1,0.7345003,1266.705674,None,0,0,1,0,0,0.1670261,polygon,1265.038645,None,TRUE,7.6195707,7.6200961,0.34537037,0.219444444,1,0,0,7.6195707,one_up_right,1268.508918,None,1276.087049,None,31,1,2022_Jan_04_1419,untitled_1,2020.2.6,59.85479227
כחול,blue,c,1,Image_certainty//image113_alemnt2.jpg,2.jpg,one_up_left,two_up_right,infrequent,certainty,,,,,,,,,0,88,88,113,1278.387449,1278.587294,None,0,,1278.387449,None,0,0,1,0,0,0.2978226,polygon,1276.58745,None,TRUE,4.3350576,4.3353027,0.640740741,0.240740741,1,0,0,4.3350576,two_up_right,1280.641409,None,1284.919354,None,31,1,2022_Jan_04_1419,untitled_1,2020.2.6,59.85479227
אדום,blue,c,0,Image_certainty//image85_alemnt14.jpg,14.jpg,two_down_left,three_middle_right,widespread,certainty,,,,,,,,,0,89,89,85,1287.11964,1287.319413,None,0,,1287.11964,None,0,0,1,0,0,0.1977039,polygon,1285.419435,None,TRUE,3.6195031,3.6217991,0.79537037,0.087037037,1,0,0,2.9058492,three_middle_right,1289.356112,None,1292.935551,None,31,1,2022_Jan_04_1419,untitled_1,2020.2.6,59.85479227
כחול,blue,c,1,Image_certainty//image122_alemnt14.jpg,14.jpg,one_down_left,two_up_right,widespread,certainty,,,,,,,,,0,90,90,122,1295.418767,1295.618404,c,1,1.1383065,1295.418767,None,0,0,1,0,0,0.4798731,polygon,1293.435228,None,TRUE,8.6875074,8.6879774,0.62037037,0.231481481,1,0,0,8.6875074,two_up_right,1297.635486,None,1306.267647,None,31,1,2022_Jan_04_1419,untitled_1,2020.2.6,59.85479227
ירוק,red,z,0,Image_certainty//image80_alemnt9.jpg,9.jpg,one_middle_left,one_middle_right,widespread,certainty,,,,,,,,,0,91,91,80,1308.78355,1308.983331,None,0,,1308.78355,None,0,0,1,0,0,0.5138014,polygon,1306.766895,None,,,,,,,,,,,1311.035851,None,1319.998268,None,31,1,2022_Jan_04_1419,untitled_1,2020.2.6,59.85479227
ירוק,red,z,0,Image_certainty//image98_alemnt13.jpg,13.jpg,three_middle_left,two_down_right,widespread,certainty,,,,,,,,,0,92,92,98,1322.331714,1322.53165,z,1,0.8221663,1322.331714,None,0,0,1,0,0,0.3353896,polygon,1320.498084,None,TRUE,4.9070736,4.9111529,0.667592593,-0.208333333,1,0,0,4.9070736,two_down_right,1324.220706,None,1329.087231,None,31,1,2022_Jan_04_1419,untitled_1,2020.2.6,59.85479227
אדום,blue,c,0,Image_certainty//image7_alemnt7.jpg,7.jpg,one_down_left,one_down_right,infrequent,certainty,,,,,,,,,0,93,93,7,1331.813777,1332.013669,None,0,,1331.813777,None,0,0,1,0,0,0.7134053,polygon,1329.59728,None,TRUE,2.7409178,2.7446858,0.45,-0.225925926,1,0,0,2.7409178,one_down_right,1334.066813,None,1336.751823,None,31,1,2022_Jan_04_1419,untitled_1,2020.2.6,59.85479227
אדום,red,z,1,Image_certainty//image162_alemnt10.jpg,10.jpg,two_down_left,two_middle_right,widespread,certainty,,,,,,,,,0,94,94,162,1338.996376,1339.196081,z,1,0.7662399,1338.996376,None,0,0,1,0,0,0.2321804,polygon,1337.262893,None,,,,,,,,,,,1340.828095,1349.814494,1349.827528,None,31,1,2022_Jan_04_1419,untitled_1,2020.2.6,59.85479227
כחול,green,x,0,Image_certainty//image17_alemnt5.jpg,5.jpg,two_up_left,two_down_right,infrequent,certainty,,,,,,,,,0,95,95,17,1352.561047,1352.761003,x,1,0.6445224,1352.561047,None,0,0,1,0,0,0.730271,polygon,1350.327709,None,,,,,,,,,,,1354.283648,1363.279553,1363.292593,None,31,1,2022_Jan_04_1419,untitled_1,2020.2.6,59.85479227
אדום,red,z,1,Image_certainty//image192_alemnt11.jpg,11.jpg,one_up_left,one_down_right,widespread,certainty,,,,,,,,,0,96,96,192,1365.509592,1365.708945,z,1,0.919145,1365.509592,None,0,0,1,0,0,0.215381,polygon,1363.792795,None,TRUE,3.9689342,3.971841,0.456481481,-0.211111111,1,0,0,3.9689342,one_down_right,1367.511723,None,1371.425333,None,31,1,2022_Jan_04_1419,untitled_1,2020.2.6,59.85479227
כחול,blue,c,1,Image_certainty//image137_alemnt8.jpg,8.jpg,one_up_left,two_middle_right,widespread,certainty,,,,,,,,,0,97,97,137,1374.891666,1375.091372,c,1,0.5709215,1374.891666,None,0,0,1,0,0,1.4787926,polygon,1371.925066,None,,,,,,,,,,,1376.540527,1385.526367,1385.539412,None,31,1,2022_Jan_04_1419,untitled_1,2020.2.6,59.85479227
אדום,green,x,0,Image_certainty//image24_alemnt13.jpg,13.jpg,three_middle_left,one_middle_right,widespread,certainty,,,,,,,,,0,98,98,24,1387.806528,1388.006432,x,1,0.5510579,1387.806528,None,0,0,1,0,0,0.2673489,polygon,1386.039149,None,,,,,,,,,,,1389.438125,1398.425274,1398.438087,None,31,1,2022_Jan_04_1419,untitled_1,2020.2.6,59.85479227
ירוק,blue,c,0,Image_certainty//image93_alemnt14.jpg,14.jpg,one_down_left,one_middle_right,widespread,certainty,,,,,,,,,0,99,99,93,1400.73819,1400.937597,None,0,,1400.73819,None,0,0,1,0,0,0.2985901,polygon,1398.93815,None,TRUE,1.8880545,1.8889915,0.366666667,-0.037037037,1,0,0,1.8880545,one_middle_right,1402.984323,None,1404.820258,None,31,1,2022_Jan_04_1419,untitled_1,2020.2.6,59.85479227
כחול,blue,c,1,Image_certainty//image131_alemnt13.jpg,13.jpg,one_middle_left,one_middle_right,widespread,certainty,,,,,,,,,0,100,100,131,1407.337386,1407.537163,c,1,0.6511618,1407.337386,None,0,0,1,0,0,0.5288647,polygon,1405.320723,None,TRUE,6.04064,6.043893,0.398148148,-0.027777778,1,0,0,6.04064,one_middle_right,1409.063536,None,1415.059655,None,31,1,2022_Jan_04_1419,untitled_1,2020.2.6,59.85479227
אדום,red,z,1,Image_certainty//image165_alemnt8.jpg,8.jpg,one_middle_left,one_up_right,widespread,certainty,,,,,,,,,0,101,101,165,1417.152871,1417.352562,z,1,0.6008753,1417.152871,None,0,0,1,0,0,0.0795163,polygon,1415.569387,None,,,,,,,,,,,1418.838431,1427.821099,1427.833968,None,31,1,2022_Jan_04_1419,untitled_1,2020.2.6,59.85479227
כחול,blue,c,1,Image_certainty//image152_alemnt14.jpg,14.jpg,one_middle_left,one_middle_right,widespread,certainty,,,,,,,,,0,102,102,152,1430.30108,1430.500806,None,0,,1430.30108,None,0,0,1,0,0,0.4629181,polygon,1428.334366,None,TRUE,1.5924801,1.5963385,0.350925926,-0.02962963,1,0,0,1.5924801,one_middle_right,1432.54191,None,1434.093856,None,31,1,2022_Jan_04_1419,untitled_1,2020.2.6,59.85479227
אדום,blue,c,0,Image_certainty//image97_alemnt8.jpg,8.jpg,one_middle_left,three_middle_right,widespread,certainty,,,,,,,,,0,103,103,97,1436.366123,1436.56612,c,1,0.6717904,1436.366123,None,0,0,1,0,0,0.2644007,polygon,1434.600208,None,TRUE,6.9693651,6.9714822,0.730555556,0.033333333,1,0,0,6.9693651,three_middle_right,1438.118113,None,1445.031589,None,31,1,2022_Jan_04_1419,untitled_1,2020.2.6,59.85479227
אדום,red,z,1,Image_certainty//image171_alemnt12.jpg,12.jpg,one_up_left,two_down_right,widespread,certainty,,,,,,,,,0,104,104,171,1447.132198,1447.331962,z,1,0.8484351,1447.132198,None,0,0,1,0,0,0.0977255,polygon,1445.532115,None,TRUE,5.9072112,5.9120746,0.747222222,-0.231481481,1,0,0,5.9072112,two_down_right,1449.050105,None,1454.905533,None,31,1,2022_Jan_04_1419,untitled_1,2020.2.6,59.85479227
ירוק,blue,c,0,Image_certainty//image81_alemnt14.jpg,14.jpg,three_middle_left,one_down_right,widespread,certainty,,,,,,,,,0,105,105,81,1457.380893,1457.580529,None,0,,1457.380893,None,0,0,1,0,0,0.4627201,polygon,1455.414147,None,TRUE,5.1013931,5.103167,0.475,-0.208333333,1,0,0,5.1013931,one_down_right,1459.617863,None,1464.678985,None,31,1,2022_Jan_04_1419,untitled_1,2020.2.6,59.85479227
אדום,green,x,0,Image_certainty//image54_alemnt11.jpg,11.jpg,two_down_left,two_middle_right,widespread,certainty,,,,,,,,,0,106,106,54,1466.979526,1467.179327,None,0,,1466.979526,None,0,0,1,0,0,0.2978043,polygon,1465.17953,None,,,,,,,,,,,1469.214371,None,1478.194426,None,31,1,2022_Jan_04_1419,untitled_1,2020.2.6,59.85479227
ירוק,blue,c,0,Image_certainty//image69_alemnt14.jpg,14.jpg,one_middle_left,two_down_right,widespread,certainty,,,,,,,,,0,107,107,69,1483.410846,1483.610447,None,0,,1483.410846,None,-0.025,-0.02037037,1,0,0,0.3160435,polygon,1478.694248,None,TRUE,5.610728,5.6180368,0.790740741,-0.281481481,1,0,0,5.610728,two_down_right,1485.661246,None,1491.224353,None,31,1,2022_Jan_04_1419,untitled_1,2020.2.6,59.85479227
ירוק,red,z,0,Image_certainty//image56_alemnt11.jpg,11.jpg,three_middle_left,two_up_right,widespread,certainty,,,,,,,,,0,108,108,56,1495.142681,1495.342427,z,1,1.0053967,1495.142681,None,0,0.005555556,1,0,0,1.9280322,polygon,1491.725785,None,TRUE,6.3024997,6.3041426,-0.374074074,0.097222222,1,0,0,6.3024997,three_middle_left,1497.227045,None,1503.474108,None,31,1,2022_Jan_04_1419,untitled_1,2020.2.6,59.85479227
אדום,green,x,0,Image_certainty//image78_alemnt10.jpg,10.jpg,one_middle_left,two_up_right,widespread,certainty,,,,,,,,,0,109,109,78,1505.757603,1505.957217,x,1,0.7831469,1505.757603,None,0,0,1,0,0,0.2801126,polygon,1503.974523,None,,,,,,,,,,,1507.592313,1516.576284,1516.5895,None,31,1,2022_Jan_04_1419,untitled_1,2020.2.6,59.85479227
כחול,red,z,0,Image_certainty//image82_alemnt14.jpg,14.jpg,three_middle_left,two_down_right,widespread,certainty,,,,,,,,,0,110,110,82,1518.989499,1519.189302,z,1,0.9194075,1518.989499,None,0,0,1,0,0,0.3977323,polygon,1517.089409,None,,,,,,,,,,,1520.987335,1529.974502,1529.987639,None,31,1,2022_Jan_04_1419,untitled_1,2020.2.6,59.85479227
אדום,blue,c,0,Image_certainty//image55_alemnt12.jpg,12.jpg,three_middle_left,one_middle_right,widespread,certainty,,,,,,,,,0,111,111,55,1532.271015,1532.470802,c,1,0.938755,1532.271015,None,0,0,1,0,0,0.2799277,polygon,1530.487752,None,,,,,,,,,,,1534.284674,1543.272494,1543.285698,None,31,1,2022_Jan_04_1419,untitled_1,2020.2.6,59.85479227
אדום,red,z,1,Image_certainty//image168_alemnt10.jpg,10.jpg,two_middle_left,two_down_right,widespread,certainty,,,,,,,,,0,112,112,168,1545.436005,1545.635868,z,1,0.8535765,1545.436005,None,0,0,1,0,0,0.1628291,polygon,1543.786069,None,TRUE,4.6045283,4.6084001,0.686111111,-0.222222222,1,0,0,4.6045283,two_down_right,1547.351657,None,1551.922339,None,31,1,2022_Jan_04_1419,untitled_1,2020.2.6,59.85479227
ירוק,red,z,0,Image_certainty//image50_alemnt11.jpg,11.jpg,three_middle_left,one_down_right,widespread,certainty,,,,,,,,,0,113,113,50,1554.701036,1554.901146,None,0,,1554.701036,None,0,0,1,0,0,0.7674304,polygon,1552.434866,None,TRUE,4.9892229,4.9950347,0.417592593,-0.202777778,1,0,0,4.9892229,one_down_right,1556.945368,None,1561.892474,None,31,1,2022_Jan_04_1419,untitled_1,2020.2.6,59.85479227
כחול,red,z,0,Image_certainty//image16_alemnt4.jpg,4.jpg,one_middle_left,two_up_right,infrequent,certainty,,,,,,,,,0,114,114,16,1564.600236,1564.800044,z,1,1.0468062,1564.600236,None,0,0,1,0,0,0.7148979,polygon,1562.399724,None,TRUE,6.0853304,6.0855782,0.558333333,0.208333333,1,0,0,6.0853304,two_up_right,1566.718239,None,1572.748126,None,31,1,2022_Jan_04_1419,untitled_1,2020.2.6,59.85479227
ירוק,red,z,0,Image_certainty//image86_alemnt13.jpg,13.jpg,two_middle_left,one_up_right,widespread,certainty,,,,,,,,,0,115,115,86,1575.015437,1575.215336,z,1,1.0792043,1575.015437,None,0,0,1,0,0,0.2644263,polygon,1573.248824,None,TRUE,4.8740436,4.8748461,0.384259259,0.22037037,1,0,0,4.8740436,one_up_right,1577.152345,None,1581.985544,None,31,1,2022_Jan_04_1419,untitled_1,2020.2.6,59.85479227
כחול,blue,c,1,Image_certainty//image182_alemnt9.jpg,9.jpg,one_up_left,two_middle_right,widespread,certainty,,,,,,,,,0,116,116,182,1584.147719,1584.34723,c,1,0.8264698,1584.147719,None,0,0,1,0,0,0.1501104,polygon,1582.49692,None,TRUE,3.8214536,3.8224074,0.538888889,-0.027777778,1,0,0,3.8214536,two_middle_right,1586.04586,None,1589.812523,None,31,1,2022_Jan_04_1419,untitled_1,2020.2.6,59.85479227
כחול,green,x,0,Image_certainty//image59_alemnt14.jpg,14.jpg,two_down_left,one_down_right,widespread,certainty,,,,,,,,,0,117,117,59,1592.062826,1592.262554,x,1,0.6660327,1592.062826,None,0,0,1,0,0,0.247872,polygon,1590.313249,None,TRUE,3.1873644,3.1906848,0.466666667,-0.236111111,1,0,0,3.1873644,one_down_right,1593.791221,None,1596.931021,None,31,1,2022_Jan_04_1419,untitled_1,2020.2.6,59.85479227
כחול,red,z,0,Image_certainty//image76_alemnt14.jpg,14.jpg,three_middle_left,two_middle_right,widespread,certainty,,,,,,,,,0,118,118,76,1599.3123,1599.511846,z,1,0.665245,1599.3123,None,0,0,1,0,0,0.3664114,polygon,1597.445629,None,TRUE,4.5387546,4.5419745,0.625,-0.040740741,1,0,0,3.5219501,two_middle_right,1601.037532,None,1605.531859,None,31,1,2022_Jan_04_1419,untitled_1,2020.2.6,59.85479227
כחול,blue,c,1,Image_certainty//image143_alemnt9.jpg,9.jpg,two_down_left,one_middle_right,widespread,certainty,,,,,,,,,0,119,119,143,1607.827618,1608.027684,c,1,0.8918537,1607.827618,None,0,0,1,0,0,0.2806129,polygon,1606.044574,None,,,,,,,,,,,1609.794595,1618.779901,1618.792585,None,31,1,2022_Jan_04_1419,untitled_1,2020.2.6,59.85479227
אדום,red,z,1,Image_certainty//image114_alemnt2.jpg,2.jpg,one_middle_left,one_middle_right,infrequent,certainty,,,,,,,,,0,120,120,114,1621.126247,1621.325824,z,1,0.684353,1621.126247,None,0,0,1,0,0,0.3306424,polygon,1619.292774,None,TRUE,7.6412926,7.6422357,0.35,0.007407407,1,0,0,7.6412926,one_middle_right,1622.868373,None,1630.476853,None,31,1,2022_Jan_04_1419,untitled_1,2020.2.6,59.85479227
אדום,red,z,1,Image_certainty//image126_alemnt9.jpg,9.jpg,two_down_left,one_middle_right,widespread,certainty,,,,,,,,,0,121,121,126,1632.857489,1633.057822,z,1,0.6235088,1632.857489,None,0,0,1,0,0,0.3642529,polygon,1630.991074,None,TRUE,3.8577271,3.8607898,-0.362962963,-0.198148148,1,0,0,3.8577271,two_down_left,1634.544901,None,1638.362662,None,31,1,2022_Jan_04_1419,untitled_1,2020.2.6,59.85479227
אדום,red,z,1,Image_certainty//image180_alemnt12.jpg,12.jpg,one_up_left,one_middle_right,widespread,certainty,,,,,,,,,0,122,122,180,1640.657086,1640.856717,z,1,0.7370179,1640.657086,None,0,0,1,0,0,0.2808041,polygon,1638.873594,None,TRUE,1.8883202,1.8908899,0.37962963,-0.030555556,1,0,0,1.8883202,one_middle_right,1642.459079,None,1644.308298,None,31,1,2022_Jan_04_1419,untitled_1,2020.2.6,59.85479227
אדום,green,x,0,Image_certainty//image0_alemnt7.jpg,7.jpg,one_down_left,two_up_right,infrequent,certainty,,,,,,,,,0,123,123,0,1646.48955,1646.689161,x,1,0.5727759,1646.48955,None,0,0,1,0,0,0.1691348,polygon,1644.822817,None,,,,,,,,,,,1648.117903,1657.090764,1657.120771,None,31,1,2022_Jan_04_1419,untitled_1,2020.2.6,59.85479227
ירוק,blue,c,0,Image_certainty//image21_alemnt14.jpg,14.jpg,one_down_left,one_middle_right,widespread,certainty,,,,,,,,,0,124,124,21,1659.437747,1659.637654,None,0,,1659.437747,None,0,0,1,0,0,0.3148272,polygon,1657.621104,None,TRUE,5.0562585,5.0570797,0.363888889,0.034259259,1,0,0,5.0562585,one_middle_right,1661.6746,None,1666.686736,None,31,1,2022_Jan_04_1419,untitled_1,2020.2.6,59.85479227
אדום,blue,c,0,Image_certainty//image1_alemnt6.jpg,6.jpg,two_down_left,one_up_right,infrequent,certainty,,,,,,,,,0,125,125,1,1668.71994,1668.919343,c,1,0.8054505,1668.71994,None,0,0,1,0,0,0.0311063,polygon,1667.186605,None,,,,,,,,,,,1670.609369,1679.604974,1679.618163,None,31,1,2022_Jan_04_1419,untitled_1,2020.2.6,59.85479227
ירוק,red,z,0,Image_certainty//image74_alemnt8.jpg,8.jpg,two_up_left,three_middle_right,widespread,certainty,,,,,,,,,0,126,126,74,1681.868359,1682.068027,c,0,0.7811625,1681.868359,None,0,0,1,0,0,0.2478333,polygon,1680.118205,None,,,,,,,,,,,1683.701208,1692.686315,1692.699504,None,31,1,2022_Jan_04_1419,untitled_1,2020.2.6,59.85479227
אדום,red,z,1,Image_certainty//image177_alemnt11.jpg,11.jpg,two_down_left,three_middle_right,widespread,certainty,,,,,,,,,0,127,127,177,1694.983322,1695.182652,z,1,0.805777,1694.983322,None,0,0,1,0,0,0.280411,polygon,1693.199847,None,TRUE,3.0045054,3.0067144,0.760185185,0.037037037,1,0,0,3.0045054,three_middle_right,1696.857063,None,1699.817174,None,31,1,2022_Jan_04_1419,untitled_1,2020.2.6,59.85479227
ירוק,blue,c,0,Image_certainty//image33_alemnt13.jpg,13.jpg,three_middle_left,two_middle_right,widespread,certainty,,,,,,,,,0,128,128,33,1702.265656,1702.465317,c,1,0.8887927,1702.265656,None,0,0,1,0,0,0.4308882,polygon,1700.331746,None,TRUE,7.8842697,7.8855006,0.547222222,-0.031481481,1,0,0,7.8842697,two_middle_right,1704.229815,None,1712.063679,None,31,1,2022_Jan_04_1419,untitled_1,2020.2.6,59.85479227
כחול,green,x,0,Image_certainty//image41_alemnt12.jpg,12.jpg,two_up_left,one_up_right,widespread,certainty,,,,,,,,,0,129,129,41,1714.564019,1714.763351,x,1,1.1308241,1714.564019,None,0,0,1,0,0,0.4972202,polygon,1712.564015,None,TRUE,7.9550192,7.955749,0.364814815,0.135185185,1,0,0,7.9550192,one_up_right,1716.75938,None,1724.662762,None,31,1,2022_Jan_04_1419,untitled_1,2020.2.6,59.85479227
ירוק,green,x,1,Image_certainty//image190_alemnt12.jpg,12.jpg,one_down_left,one_middle_right,widespread,certainty,,,,,,,,,0,130,130,190,1727.012247,1727.211646,x,1,0.6803714,1727.012247,None,0,0,1,0,0,0.3335811,polygon,1725.178174,None,TRUE,2.9712307,2.9735605,0.393518519,-0.008333333,1,0,0,2.9712307,one_middle_right,1728.754711,None,1731.680801,None,31,1,2022_Jan_04_1419,untitled_1,2020.2.6,59.85479227
ירוק,green,x,1,Image_certainty//image103_alemnt1.jpg,1.jpg,two_down_left,one_middle_right,infrequent,certainty,,,,,,,,,0,131,131,103,1733.828115,1734.027874,x,1,0.6752338,1733.828115,None,0,0,1,0,0,0.1317248,polygon,1732.194788,None,TRUE,5.9718576,5.9760575,0.306481481,0.038888889,1,0,0,5.472198,one_middle_right,1735.570035,None,1741.500202,None,31,1,2022_Jan_04_1419,untitled_1,2020.2.6,59.85479227
ירוק,green,x,1,Image_certainty//image193_alemnt12.jpg,12.jpg,three_middle_left,three_middle_right,widespread,certainty,,,,,,,,,0,132,132,193,1743.759512,1743.959436,x,1,0.6284269,1743.759512,None,0,0,1,0,0,0.2472813,polygon,1742.010182,None,TRUE,2.9046148,2.9074466,0.775925926,0.02037037,1,0,0,2.9046148,three_middle_right,1745.446645,None,1748.311724,None,31,1,2022_Jan_04_1419,untitled_1,2020.2.6,59.85479227
כחול,green,x,0,Image_certainty//image35_alemnt8.jpg,8.jpg,two_down_left,one_up_right,widespread,certainty,,,,,,,,,0,133,133,35,1750.809014,1751.00898,x,1,0.7693412,1750.809014,None,0,0,1,0,0,0.4798107,polygon,1748.82595,None,TRUE,7.5533191,7.5546641,0.39537037,0.19537037,1,0,0,7.5533191,one_up_right,1752.66012,None,1760.157817,None,31,1,2022_Jan_04_1419,untitled_1,2020.2.6,59.85479227
ירוק,blue,c,0,Image_certainty//image39_alemnt12.jpg,12.jpg,one_middle_left,one_middle_right,widespread,certainty,,,,,,,,,0,134,134,39,1762.441189,1762.640902,None,0,,1762.441189,None,0,0,1,0,0,0.2830745,polygon,1760.657259,None,TRUE,,1.4046455,,,,,,,,1764.697935,None,1766.039739,None,31,1,2022_Jan_04_1419,untitled_1,2020.2.6,59.85479227
ירוק,blue,c,0,Image_certainty//image45_alemnt9.jpg,9.jpg,one_down_left,three_middle_right,widespread,certainty,,,,,,,,,0,135,135,45,1768.390012,1768.590135,None,0,,1768.390012,None,0,0,1,0,0,0.3481195,polygon,1766.540335,None,,,,0.75,0.135185185,1,0,0,8.8197376,,1770.634977,None,1779.605063,None,31,1,2022_Jan_04_1419,untitled_1,2020.2.6,59.85479227
ירוק,red,z,0,Image_certainty//image32_alemnt9.jpg,9.jpg,two_up_left,one_down_right,widespread,certainty,,,,,,,,,0,136,136,32,1781.821995,1782.021741,z,1,0.7583775,1781.821995,None,0,0,1,0,0,0.2162626,polygon,1780.105237,None,,,,,,,,,,,1783.645308,1792.640375,1792.653001,None,31,1,2022_Jan_04_1419,untitled_1,2020.2.6,59.85479227
כחול,blue,c,1,Image_certainty//image125_alemnt12.jpg,12.jpg,one_down_left,one_down_right,widespread,certainty,,,,,,,,,0,137,137,125,1794.853549,1795.053042,x,0,0.912425,1794.853549,None,0,0,1,0,0,0.1974091,polygon,1793.153508,None,TRUE,3.487416,3.4907858,0.437037037,-0.266666667,1,0,0,3.487416,one_down_right,1796.832012,None,1800.272047,None,31,1,2022_Jan_04_1419,untitled_1,2020.2.6,59.85479227
אדום,red,z,1,Image_certainty//image153_alemnt9.jpg,9.jpg,three_middle_left,two_middle_right,widespread,certainty,,,,,,,,,0,138,138,153,1802.735631,1802.935659,z,1,0.5729996,1802.735631,None,0,0,1,0,0,0.447543,polygon,1800.785645,None,,,,,,,,,,,1804.37765,1813.371153,1813.384115,None,31,1,2022_Jan_04_1419,untitled_1,2020.2.6,59.85479227
כחול,blue,c,1,Image_certainty//image164_alemnt9.jpg,9.jpg,one_middle_left,three_middle_right,widespread,certainty,,,,,,,,,0,139,139,164,1815.667325,1815.850481,c,1,1.1224805,1815.667325,None,0,0,1,0,0,0.2812623,polygon,1813.884102,None,TRUE,6.0235614,6.0246346,0.723148148,0.013888889,1,0,0,6.0235614,three_middle_right,1817.870385,None,1823.834045,None,31,1,2022_Jan_04_1419,untitled_1,2020.2.6,59.85479227
אדום,red,z,1,Image_certainty//image108_alemnt2.jpg,2.jpg,one_down_left,one_up_right,infrequent,certainty,,,,,,,,,0,140,140,108,1825.966278,1826.165855,z,1,0.8896651,1825.966278,None,0,0,1,0,0,0.1169079,polygon,1824.348816,None,,,,,,,,,,,1827.934239,1836.917559,1836.930659,None,31,1,2022_Jan_04_1419,untitled_1,2020.2.6,59.85479227
אדום,red,z,1,Image_certainty//image120_alemnt12.jpg,12.jpg,two_up_left,two_up_right,widespread,certainty,,,,,,,,,0,141,141,120,1839.331043,1839.530222,z,1,0.994862,1839.331043,None,0,0,1,0,0,0.3978306,polygon,1837.431238,None,TRUE,3.4533667,3.4537417,0.563888889,0.260185185,1,0,0,3.4533667,two_up_right,1841.398448,None,1844.796311,None,31,1,2022_Jan_04_1419,untitled_1,2020.2.6,59.85479227
ירוק,blue,c,0,Image_certainty//image75_alemnt11.jpg,11.jpg,two_up_left,one_middle_right,widespread,certainty,,,,,,,,,0,142,142,75,1847.046796,1847.246515,c,1,0.9078401,1847.046796,None,0,0,1,0,0,0.2478234,polygon,1845.296708,None,,,,,,,,,,,1849.03135,1858.015481,1858.028211,None,31,1,2022_Jan_04_1419,untitled_1,2020.2.6,59.85479227
כחול,blue,c,1,Image_certainty//image110_alemnt5.jpg,5.jpg,three_middle_left,one_up_right,infrequent,certainty,,,,,,,,,0,143,143,110,1860.194962,1860.394384,c,1,0.8525318,1860.194962,None,0,0,1,0,0,0.1642614,polygon,1858.528243,None,,,,,,,,,,,1862.125453,1871.113089,1871.12629,None,31,1,2022_Jan_04_1419,untitled_1,2020.2.6,59.85479227
ירוק,red,z,0,Image_certainty//image20_alemnt10.jpg,10.jpg,two_up_left,two_up_right,widespread,certainty,,,,,,,,,0,144,144,20,1873.326613,1873.526341,None,0,,1873.326613,None,0,0,1,0,0,0.2147643,polygon,1871.626566,None,TRUE,4.3183791,4.3186463,0.553703704,0.198148148,1,0,0,4.3183791,two_up_right,1875.574785,None,1879.841477,None,31,1,2022_Jan_04_1419,untitled_1,2020.2.6,59.85479227
ירוק,green,x,1,Image_certainty//image184_alemnt14.jpg,14.jpg,one_up_left,two_middle_right,widespread,certainty,,,,,,,,,0,145,145,184,1882.242228,1882.441941,x,1,1.0244093,1882.242228,None,0,0,1,0,0,0.3971259,polygon,1880.342156,None,TRUE,8.5195612,8.5219687,0.591666667,-0.026851852,1,0,0,8.5195612,two_middle_right,1884.340469,None,1892.808171,None,31,1,2022_Jan_04_1419,untitled_1,2020.2.6,59.85479227
כחול,red,z,0,Image_certainty//image4_alemnt2.jpg,2.jpg,two_middle_left,two_middle_right,infrequent,certainty,,,,,,,,,0,146,146,4,1895.140516,1895.340266,z,1,0.7373207,1895.140516,None,0,0,1,0,0,0.3171309,polygon,1893.323792,None,,,,,,,,,,,1896.941687,1905.925331,1905.938719,None,31,1,2022_Jan_04_1419,untitled_1,2020.2.6,59.85479227
כחול,green,x,0,Image_certainty//image65_alemnt9.jpg,9.jpg,two_middle_left,two_up_right,widespread,certainty,,,,,,,,,0,147,147,65,1908.822049,1909.021851,x,1,0.5324167,1908.822049,None,-0.000925926,0.002777778,1,0,0,0.8804026,polygon,1906.438402,None,TRUE,8.270683,8.2711124,0.609259259,0.17962963,1,0,0,8.270683,two_up_right,1910.421479,None,1918.63757,None,31,1,2022_Jan_04_1419,untitled_1,2020.2.6,59.85479227
אדום,red,z,1,Image_certainty//image183_alemnt9.jpg,9.jpg,three_middle_left,two_down_right,widespread,certainty,,,,,,,,,0,148,148,183,1920.736479,1920.936913,z,1,0.6992351,1920.736479,None,0,0,1,0,0,0.0966592,polygon,1919.136821,None,TRUE,3.6531313,3.656015,0.731481481,-0.235185185,1,0,0,3.6531313,two_down_right,1922.503193,None,1926.103143,None,31,1,2022_Jan_04_1419,untitled_1,2020.2.6,59.85479227
אדום,blue,c,0,Image_certainty//image49_alemnt11.jpg,11.jpg,three_middle_left,two_middle_right,widespread,certainty,,,,,,,,,0,149,149,49,1928.386181,1928.585915,x,0,0.2925296,1928.386181,None,0,0,1,0,0,0.2968486,polygon,1926.602738,None,TRUE,7.8206349,7.8232345,0.610185185,-0.022222222,1,0,0,7.8206349,two_middle_right,1929.751516,None,1937.521352,None,31,1,2022_Jan_04_1419,untitled_1,2020.2.6,59.85479227
אדום,blue,c,0,Image_certainty//image67_alemnt13.jpg,13.jpg,three_middle_left,one_middle_right,widespread,certainty,,,,,,,,,0,150,150,67,1939.867889,1940.067726,c,1,0.7517155,1939.867889,None,0,0,1,0,0,0.330408,polygon,1938.034589,None,TRUE,1.6560739,1.6582044,0.347222222,0.012037037,1,0,0,1.6560739,one_middle_right,1941.702495,None,1943.302844,None,31,1,2022_Jan_04_1419,untitled_1,2020.2.6,59.85479227
כחול,red,z,0,Image_certainty//image70_alemnt14.jpg,14.jpg,two_down_left,one_middle_right,widespread,certainty,,,,,,,,,0,151,151,70,1945.583909,1945.7836,z,1,0.6583968,1945.583909,None,0,0,1,0,0,0.2647543,polygon,1943.817156,None,TRUE,4.570528,4.5714373,0.394444444,0.069444444,1,0,0,4.570528,one_middle_right,1947.294167,None,1951.83223,None,31,1,2022_Jan_04_1419,untitled_1,2020.2.6,59.85479227
ירוק,green,x,1,Image_certainty//image127_alemnt14.jpg,14.jpg,one_up_left,two_middle_right,widespread,certainty,,,,,,,,,0,152,152,127,1954.299381,1954.499039,x,1,0.7010598,1954.299381,None,0,0,1,0,0,0.4639083,polygon,1952.332497,None,TRUE,3.9902926,3.994554,0.522222222,-0.041666667,1,0,0,3.9902926,two_middle_right,1956.067793,None,1960.022836,None,31,1,2022_Jan_04_1419,untitled_1,2020.2.6,59.85479227
אדום,green,x,0,Image_certainty//image90_alemnt12.jpg,12.jpg,three_middle_left,two_up_right,widespread,certainty,,,,,,,,,0,153,153,90,1962.28113,1962.481449,x,1,0.9481801,1962.28113,None,0,0,1,0,0,0.2479904,polygon,1960.531667,None,TRUE,3.2230382,3.2232808,0.596296296,0.242592593,1,0,0,3.2230382,two_up_right,1964.294325,None,1967.46409,None,31,1,2022_Jan_04_1419,untitled_1,2020.2.6,59.85479227
כחול,red,z,0,Image_certainty//image94_alemnt9.jpg,9.jpg,three_middle_left,two_down_right,widespread,certainty,,,,,,,,,0,154,154,94,1969.613981,1969.813919,z,1,0.5870315,1969.613981,None,0,0,1,0,0,0.14749,polygon,1967.96403,None,,,,,,,,,,,1971.258666,1980.233031,1980.262042,None,31,1,2022_Jan_04_1419,untitled_1,2020.2.6,59.85479227
אדום,green,x,0,Image_certainty//image84_alemnt12.jpg,12.jpg,one_up_left,one_up_right,widespread,certainty,,,,,,,,,0,155,155,84,1982.495736,1982.695262,x,1,0.7816854,1982.495736,None,0,0,1,0,0,0.2313617,polygon,1980.7624,None,TRUE,3.1867288,3.1873441,0.397222222,0.185185185,1,0,0,3.1867288,one_up_right,1984.345208,None,1987.477709,None,31,1,2022_Jan_04_1419,untitled_1,2020.2.6,59.85479227
כחול,blue,c,1,Image_certainty//image167_alemnt8.jpg,8.jpg,two_down_left,one_middle_right,widespread,certainty,,,,,,,,,0,156,156,167,1989.56158,1989.761172,None,0,,1989.56158,None,0,0,1,0,0,0.0807521,polygon,1987.978074,None,TRUE,5.1890301,5.1900561,0.425925926,-0.028703704,1,0,0,5.1890301,one_middle_right,1991.809902,None,1996.942952,None,31,1,2022_Jan_04_1419,untitled_1,2020.2.6,59.85479227
כחול,green,x,0,Image_certainty//image23_alemnt9.jpg,9.jpg,one_up_left,two_up_right,widespread,certainty,,,,,,,,,0,157,157,23,1999.060367,1999.260078,x,1,0.782581,1999.060367,None,0,0,1,0,0,0.1319998,polygon,1997.4435,None,TRUE,5.5553855,5.5555783,0.614814815,0.20462963,1,0,0,5.5553855,two_up_right,2000.908071,None,2006.408734,None,31,1,2022_Jan_04_1419,untitled_1,2020.2.6,59.85479227
אדום,red,z,1,Image_certainty//image111_alemnt3.jpg,3.jpg,one_middle_left,two_up_right,infrequent,certainty,,,,,,,,,0,158,158,111,2008.475663,2008.6755,None,0,,2008.475663,None,0,0,1,0,0,0.0627288,polygon,2006.908985,None,TRUE,4.8215764,4.8222544,0.583333333,0.225,1,0,0,4.8215764,two_up_right,2010.71097,None,2015.493915,None,31,1,2022_Jan_04_1419,untitled_1,2020.2.6,59.85479227
כחול,green,x,0,Image_certainty//image11_alemnt7.jpg,7.jpg,two_middle_left,one_middle_right,infrequent,certainty,,,,,,,,,0,159,159,11,2017.541184,2017.740571,x,1,0.8175297,2017.541184,None,0,0,1,0,0,0.032976,polygon,2016.007737,None,TRUE,4.9891806,4.9914905,0.387962963,-0.002777778,1,0,0,4.9891806,one_middle_right,2019.410557,None,2024.360284,None,31,1,2022_Jan_04_1419,untitled_1,2020.2.6,59.85479227
כחול,blue,c,1,Image_certainty//image104_alemnt3.jpg,3.jpg,three_middle_left,two_down_right,infrequent,certainty,,,,,,,,,0,160,160,104,2026.689576,2026.889799,c,1,0.7567528,2026.689576,None,0,0,1,0,0,0.3170772,polygon,2024.872854,None,TRUE,7.3206198,7.3245073,0.734259259,-0.257407407,1,0,0,7.3206198,two_down_right,2028.522666,None,2035.792944,None,31,1,2022_Jan_04_1419,untitled_1,2020.2.6,59.85479227
כחול,blue,c,1,Image_certainty//image191_alemnt12.jpg,12.jpg,two_middle_left,one_up_right,widespread,certainty,,,,,,,,,0,161,161,191,2037.855071,2038.054698,c,1,0.9410809,2037.855071,None,0,0,1,0,0,0.0501053,polygon,2036.305185,None,TRUE,3.1031181,3.1034807,0.313888889,0.167592593,1,0,0,3.1031181,one_up_right,2039.873553,None,2042.920237,None,31,1,2022_Jan_04_1419,untitled_1,2020.2.6,59.85479227
אדום,red,z,1,Image_certainty//image174_alemnt10.jpg,10.jpg,one_down_left,three_middle_right,widespread,certainty,,,,,,,,,0,162,162,174,2045.020888,2045.220323,z,1,0.7468213,2045.020888,None,0,0,1,0,0,0.0973322,polygon,2043.420948,None,TRUE,6.1050873,6.1072396,0.712037037,0.073148148,1,0,0,6.1050873,three_middle_right,2046.8387,None,2052.888659,None,31,1,2022_Jan_04_1419,untitled_1,2020.2.6,59.85479227
כחול,blue,c,1,Image_certainty//image155_alemnt11.jpg,11.jpg,one_up_left,two_middle_right,widespread,certainty,,,,,,,,,0,163,163,155,2055.319501,2055.519435,c,1,0.8257876,2055.319501,None,0,0,1,0,0,0.4134435,polygon,2053.402898,None,TRUE,2.7214243,2.7232809,0.587037037,-0.058333333,1,0,0,2.7214243,two_middle_right,2057.197991,None,2059.884601,None,31,1,2022_Jan_04_1419,untitled_1,2020.2.6,59.85479227
ירוק,green,x,1,Image_certainty//image145_alemnt12.jpg,12.jpg,two_down_left,two_down_right,widespread,certainty,,,,,,,,,0,164,164,145,2061.968323,2062.168551,x,1,0.7951854,2061.968323,None,0,0,1,0,0,0.081363,polygon,2060.385351,None,TRUE,5.4386639,5.4425787,-0.428703704,-0.243518519,1,0,0,5.4386639,two_down_left,2063.832158,None,2069.221775,None,31,1,2022_Jan_04_1419,untitled_1,2020.2.6,59.85479227
כחול,red,z,0,Image_certainty//image10_alemnt6.jpg,6.jpg,two_middle_left,three_middle_right,infrequent,certainty,,,,,,,,,0,165,165,10,2071.317236,2071.517217,z,1,0.7917789,2071.317236,None,0,0,1,0,0,0.0814969,polygon,2069.73412,None,,,,,,,,,,,2073.185233,2082.169027,2082.182431,None,31,1,2022_Jan_04_1419,untitled_1,2020.2.6,59.85479227
כחול,blue,c,1,Image_certainty//image140_alemnt11.jpg,11.jpg,one_up_left,two_up_right,widespread,certainty,,,,,,,,,0,166,166,140,2084.398901,2084.598774,None,0,,2084.398901,None,0,0,1,0,0,0.214507,polygon,2082.682432,None,,,,,,,,,,,2086.646739,None,2095.61388,None,31,1,2022_Jan_04_1419,untitled_1,2020.2.6,59.85479227
ירוק,green,x,1,Image_certainty//image112_alemnt3.jpg,3.jpg,one_down_left,two_up_right,infrequent,certainty,,,,,,,,,0,167,167,112,2098.563962,2098.763785,x,1,0.613101,2098.563962,None,0,0,1,0,0,0.9504148,polygon,2096.114027,None,TRUE,1.8184811,1.818691,0.588888889,0.224074074,1,0,0,1.8184811,two_up_right,2100.243117,None,2102.012738,None,31,1,2022_Jan_04_1419,untitled_1,2020.2.6,59.85479227
כחול,blue,c,1,Image_certainty//image194_alemnt11.jpg,11.jpg,three_middle_left,two_down_right,widespread,certainty,,,,,,,,,0,168,168,194,2104.113309,2104.313018,c,1,1.0765444,2104.113309,None,0,0,1,0,0,0.0975425,polygon,2102.513141,None,,,,,,,,,,,2106.264243,2115.247927,2115.261442,None,31,1,2022_Jan_04_1419,untitled_1,2020.2.6,59.85479227
כחול,green,x,0,Image_certainty//image47_alemnt13.jpg,13.jpg,one_middle_left,one_middle_right,widespread,certainty,,,,,,,,,0,169,169,47,2117.478108,2117.67769,x,1,0.5819796,2117.478108,None,0,0,1,0,0,0.213125,polygon,2115.761398,None,TRUE,2.0862617,2.0878883,0.40462963,0.010185185,1,0,0,2.0862617,one_middle_right,2119.113765,None,2121.160729,None,31,1,2022_Jan_04_1419,untitled_1,2020.2.6,59.85479227
אדום,green,x,0,Image_certainty//image60_alemnt13.jpg,13.jpg,one_middle_left,two_up_right,widespread,certainty,,,,,,,,,0,170,170,60,2123.227418,2123.427093,x,1,0.6360632,2123.227418,None,0,0,1,0,0,0.0659359,polygon,2121.660202,None,TRUE,4.1915022,4.1921823,0.560185185,0.184259259,1,0,0,4.1915022,two_up_right,2124.946012,None,2129.08223,None,31,1,2022_Jan_04_1419,untitled_1,2020.2.6,59.85479227
כחול,blue,c,1,Image_certainty//image134_alemnt9.jpg,9.jpg,two_down_left,three_middle_right,widespread,certainty,,,,,,,,,0,171,171,134,2131.476419,2131.676151,c,1,0.7195571,2131.476419,None,0,0,1,0,0,0.3863851,polygon,2129.592658,None,TRUE,,5.1728136,,,,,,,,2133.265035,None,2138.391167,None,31,1,2022_Jan_04_1419,untitled_1,2020.2.6,59.85479227
כחול,blue,c,1,Image_certainty//image146_alemnt12.jpg,12.jpg,one_up_left,two_middle_right,widespread,certainty,,,,,,,,,0,172,172,146,2140.508267,2140.708268,c,1,0.8222168,2140.508267,None,0,0,1,0,0,0.1151345,polygon,2138.891691,None,TRUE,4.1703902,4.1723192,0.576851852,-0.057407407,1,0,0,4.1703902,two_middle_right,2142.403559,None,2146.523509,None,31,1,2022_Jan_04_1419,untitled_1,2020.2.6,59.85479227
אדום,red,z,1,Image_certainty//image135_alemnt12.jpg,12.jpg,two_middle_left,one_middle_right,widespread,certainty,,,,,,,,,0,173,173,135,2148.674217,2148.873885,None,0,,2148.674217,None,0,0,1,0,0,0.1483537,polygon,2147.024023,None,TRUE,2.4209043,2.4230375,0.378703704,-0.013888889,1,0,0,2.4209043,one_middle_right,2150.923374,None,2153.291222,None,31,1,2022_Jan_04_1419,untitled_1,2020.2.6,59.85479227
אדום,blue,c,0,Image_certainty//image37_alemnt13.jpg,13.jpg,two_down_left,one_up_right,widespread,certainty,,,,,,,,,0,174,174,37,2155.489997,2155.689694,c,1,0.5829709,2155.489997,None,0,0,1,0,0,0.1978799,polygon,2153.806219,None,TRUE,3.0194083,3.019972,0.372222222,0.163888889,1,0,0,3.0194083,one_up_right,2157.133305,None,2160.105204,None,31,1,2022_Jan_04_1419,untitled_1,2020.2.6,59.85479227
כחול,red,z,0,Image_certainty//image88_alemnt10.jpg,10.jpg,two_middle_left,two_up_right,widespread,certainty,,,,,,,,,0,175,175,88,2162.472274,2162.672072,z,1,0.8624534,2162.472274,None,0,0,1,0,0,0.378705,polygon,2160.605617,None,TRUE,7.4116073,7.4121091,0.6,0.190740741,1,0,0,7.4116073,two_up_right,2164.394613,None,2171.760545,None,31,1,2022_Jan_04_1419,untitled_1,2020.2.6,59.85479227
אדום,red,z,1,Image_certainty//image186_alemnt11.jpg,11.jpg,one_down_left,two_up_right,widespread,certainty,,,,,,,,,0,176,176,186,2173.804205,2174.003993,z,1,0.5892325,2173.804205,None,0,0,1,0,0,0.0339307,polygon,2172.270608,None,TRUE,6.9545252,6.9551983,0.599074074,0.221296296,1,0,0,6.9545252,two_up_right,2175.469866,None,2182.373561,None,31,1,2022_Jan_04_1419,untitled_1,2020.2.6,59.85479227
אדום,red,z,1,Image_certainty//image129_alemnt8.jpg,8.jpg,one_middle_left,three_middle_right,widespread,certainty,,,,,,,,,0,177,177,129,2184.436195,2184.635924,z,1,0.626113,2184.436195,None,0,0,1,0,0,0.0497143,polygon,2182.885743,None,,,,,,,,,,,2186.126644,2195.121556,2195.134023,None,31,1,2022_Jan_04_1419,untitled_1,2020.2.6,59.85479227
כחול,blue,c,1,Image_certainty//image107_alemnt6.jpg,6.jpg,two_middle_left,two_up_right,infrequent,certainty,,,,,,,,,0,178,178,107,2197.26701,2197.467501,c,1,0.8347024,2197.26701,None,0,0,1,0,0,0.1298943,polygon,2195.634359,None,,,,,,,,,,,2199.1698,2208.152619,2208.16592,None,31,1,2022_Jan_04_1419,untitled_1,2020.2.6,59.85479227
כחול,red,z,0,Image_certainty//image34_alemnt8.jpg,8.jpg,one_middle_left,two_up_right,widespread,certainty,,,,,,,,,0,179,179,34,2210.365946,2210.565801,z,1,0.6838553,2210.365946,None,0,0,1,0,0,0.1975684,polygon,2208.666027,None,,,,,,,,,,,2212.106916,2221.100574,2221.113926,None,31,1,2022_Jan_04_1419,untitled_1,2020.2.6,59.85479227
ירוק,red,z,0,Image_certainty//image62_alemnt11.jpg,11.jpg,two_down_left,two_middle_right,widespread,certainty,,,,,,,,,0,180,180,62,2223.397639,2223.597498,z,1,0.8246894,2223.397639,None,0,0,1,0,0,0.2806303,polygon,2221.6143,None,TRUE,8.03598,8.0378125,0.52962963,-0.059259259,1,0,0,8.03598,two_middle_right,2225.282225,None,2233.278874,None,31,1,2022_Jan_04_1419,untitled_1,2020.2.6,59.85479227
כחול,green,x,0,Image_certainty//image5_alemnt2.jpg,2.jpg,two_down_left,two_down_right,infrequent,certainty,,,,,,,,,0,181,181,5,2235.712751,2235.912553,x,1,0.6237772,2235.712751,None,0,0,1,0,0,0.4299848,polygon,2233.779367,None,TRUE,5.0198074,5.0237538,0.693518519,-0.223148148,1,0,0,5.0198074,two_down_right,2237.411553,None,2242.380473,None,31,1,2022_Jan_04_1419,untitled_1,2020.2.6,59.85479227
ירוק,red,z,0,Image_certainty//image68_alemnt14.jpg,14.jpg,one_down_left,two_down_right,widespread,certainty,,,,,,,,,0,182,182,68,2244.478109,2244.678057,z,1,0.3629452,2244.478109,None,0,0,1,0,0,0.0813007,polygon,2242.89434,None,,,,,,,,,,,2245.912547,2254.896875,2254.909613,None,31,1,2022_Jan_04_1419,untitled_1,2020.2.6,59.85479227
כחול,green,x,0,Image_certainty//image95_alemnt9.jpg,9.jpg,two_up_left,two_down_right,widespread,certainty,,,,,,,,,0,183,183,95,2257.109915,2257.309743,x,1,0.6143644,2257.109915,None,0,0,1,0,0,0.1994491,polygon,2255.409407,None,,,,,,,,,,,2258.787883,2267.76165,2267.790785,None,31,1,2022_Jan_04_1419,untitled_1,2020.2.6,59.85479227
ירוק,green,x,1,Image_certainty//image115_alemnt2.jpg,2.jpg,three_middle_left,one_down_right,infrequent,certainty,,,,,,,,,0,184,184,115,2269.924594,2270.124714,None,0,,2269.924594,None,0,0,1,0,0,0.1309082,polygon,2268.291602,None,,,,,,,,,,,2272.164047,None,2281.139651,None,31,1,2022_Jan_04_1419,untitled_1,2020.2.6,59.85479227
כחול,red,z,0,Image_certainty//image58_alemnt8.jpg,8.jpg,two_middle_left,two_up_right,widespread,certainty,,,,,,,,,0,185,185,58,2283.372756,2283.573342,z,1,0.781387,2283.372756,None,0,0,1,0,0,0.2322472,polygon,2281.63957,None,,,,,,,,,,,2285.210784,2294.20844,2294.221471,None,31,1,2022_Jan_04_1419,untitled_1,2020.2.6,59.85479227
ירוק,red,z,0,Image_certainty//image44_alemnt11.jpg,11.jpg,two_middle_left,one_up_right,widespread,certainty,,,,,,,,,0,186,186,44,2296.40472,2296.604505,z,1,0.7051215,2296.40472,None,0,0,1,0,0,0.1814932,polygon,2294.721454,None,TRUE,2.5882789,2.5890275,0.374074074,0.157407407,1,0,0,2.5882789,one_up_right,2298.165651,None,2300.720458,None,31,1,2022_Jan_04_1419,untitled_1,2020.2.6,59.85479227
ירוק,blue,c,0,Image_certainty//image63_alemnt13.jpg,13.jpg,three_middle_left,one_down_right,widespread,certainty,,,,,,,,,0,187,187,63,2303.170467,2303.370437,c,1,0.8236526,2303.170467,None,0,0,1,0,0,0.4507591,polygon,2301.220353,None,TRUE,2.5028244,2.5054962,0.438888889,-0.19537037,1,0,0,2.5028244,one_down_right,2305.066828,None,2307.519005,None,31,1,2022_Jan_04_1419,untitled_1,2020.2.6,59.85479227
ירוק,green,x,1,Image_certainty//image124_alemnt10.jpg,10.jpg,one_up_left,two_middle_right,widespread,certainty,,,,,,,,,0,188,188,124,2309.769767,2309.969513,x,1,0.5427879,2309.769767,None,0,0,1,0,0,0.247614,polygon,2308.019532,None,,,,,,,,,,,2311.361299,2320.354539,2320.367989,None,31,1,2022_Jan_04_1419,untitled_1,2020.2.6,59.85479227
אדום,blue,c,0,Image_certainty//image31_alemnt9.jpg,9.jpg,one_up_left,one_down_right,widespread,certainty,,,,,,,,,0,189,189,31,2322.601005,2322.801235,x,0,0.6546419,2322.601005,None,0,0,1,0,0,0.2315268,polygon,2320.86796,None,TRUE,4.4182621,4.4195917,0.462962963,-0.198148148,1,0,0,4.4182621,one_down_right,2324.32079,None,2328.699554,None,31,1,2022_Jan_04_1419,untitled_1,2020.2.6,59.85479227
כחול,green,x,0,Image_certainty//image83_alemnt14.jpg,14.jpg,one_down_left,one_middle_right,widespread,certainty,,,,,,,,,0,190,190,83,2331.033686,2331.23351,x,1,0.5713247,2331.033686,None,0,0,1,0,0,0.3495762,polygon,2329.199556,None,,,,,,,,,,,2332.677527,2341.669179,2341.681558,None,31,1,2022_Jan_04_1419,untitled_1,2020.2.6,59.85479227
ירוק,green,x,1,Image_certainty//image178_alemnt8.jpg,8.jpg,two_up_left,one_up_right,widespread,certainty,,,,,,,,,0,191,191,178,2343.998314,2344.198421,x,1,0.6527941,2343.998314,None,0,0,1,0,0,0.3138714,polygon,2342.181897,None,TRUE,2.3085019,2.3088522,0.340740741,0.173148148,1,0,0,2.3085019,one_up_right,2345.719165,None,2347.984248,None,31,1,2022_Jan_04_1419,untitled_1,2020.2.6,59.85479227
אדום,green,x,0,Image_certainty//image30_alemnt10.jpg,10.jpg,two_down_left,three_middle_right,widespread,certainty,,,,,,,,,0,192,192,30,2350.264343,2350.464308,x,1,0.6894806,2350.264343,None,0,0,1,0,0,0.2807681,polygon,2348.497754,None,TRUE,6.0534956,6.0556367,0.789814815,0.041666667,1,0,0,6.0534956,three_middle_right,2352.021542,None,2358.030824,None,31,1,2022_Jan_04_1419,untitled_1,2020.2.6,59.85479227
ירוק,blue,c,0,Image_certainty//image9_alemnt2.jpg,2.jpg,one_up_left,two_down_right,infrequent,certainty,,,,,,,,,0,193,193,9,2360.179699,2360.379658,c,1,1.0811839,2360.179699,None,0,0,1,0,0,0.1473307,polygon,2358.545893,None,,,,,,,,,,,2362.326608,2371.314491,2371.327637,None,31,1,2022_Jan_04_1419,untitled_1,2020.2.6,59.85479227
ירוק,green,x,1,Image_certainty//image163_alemnt12.jpg,12.jpg,two_middle_left,three_middle_right,widespread,certainty,,,,,,,,,0,194,194,163,2373.711089,2373.910864,None,0,,2373.711089,None,0,0,1,0,0,0.3816931,polygon,2371.828096,None,TRUE,5.737895,5.7390146,0.686111111,0.030555556,1,0,0,5.737895,three_middle_right,2375.958217,None,2381.642775,None,31,1,2022_Jan_04_1419,untitled_1,2020.2.6,59.85479227
כחול,blue,c,1,Image_certainty//image179_alemnt12.jpg,12.jpg,two_middle_left,one_down_right,widespread,certainty,,,,,,,,,0,195,195,179,2383.976775,2384.176021,c,1,1.060652,2383.976775,None,0,0,1,0,0,0.3321187,polygon,2382.143399,None,TRUE,3.0867688,3.089466,0.448148148,-0.186111111,1,0,0,3.0867688,one_down_right,2386.10685,None,2389.143062,None,31,1,2022_Jan_04_1419,untitled_1,2020.2.6,59.85479227
כחול,red,z,0,Image_certainty//image64_alemnt10.jpg,10.jpg,one_up_left,three_middle_right,widespread,certainty,,,,,,,,,0,196,196,64,2391.15927,2391.358997,None,0,,2391.15927,None,0,0,1,0,0,0.0139454,polygon,2389.642059,None,TRUE,5.387245,5.9401271,-0.665740741,0.218518519,1,0,0,5.387245,,2393.399761,None,2399.291491,None,31,1,2022_Jan_04_1419,untitled_1,2020.2.6,59.85479227
ירוק,green,x,1,Image_certainty//image148_alemnt13.jpg,13.jpg,one_middle_left,two_up_right,widespread,certainty,,,,,,,,,0,197,197,148,2402.141124,2402.340877,x,1,1.015237,2402.141124,None,0,0,1,0,0,0.8479278,polygon,2399.791057,None,TRUE,8.0710239,8.0713664,0.625925926,0.2,1,0,0,8.0710239,two_up_right,2404.227092,None,2412.238862,None,31,1,2022_Jan_04_1419,untitled_1,2020.2.6,59.85479227
ירוק,blue,c,0,Image_certainty//image3_alemnt4.jpg,4.jpg,one_middle_left,one_up_right,infrequent,certainty,,,,,,,,,0,198,198,3,2414.339473,2414.539201,x,0,0.5276977,2414.339473,None,0,0,1,0,0,0.096776,polygon,2412.739093,None,TRUE,5.1380749,5.1392195,0.35462963,0.2,1,0,0,5.1380749,one_up_right,2415.935303,None,2421.024701,None,31,1,2022_Jan_04_1419,untitled_1,2020.2.6,59.85479227
אדום,red,z,1,Image_certainty//image156_alemnt11.jpg,11.jpg,two_down_left,one_down_right,widespread,certainty,,,,,,,,,0,199,199,156,2423.221585,2423.421457,z,1,0.5143266,2423.221585,None,0,0,1,0,0,0.1804973,polygon,2421.53826,None,,,,,,,,,,,2424.799172,2433.773107,2433.803245,None,31,1,2022_Jan_04_1419,untitled_1,2020.2.6,59.85479227
